ingredient,observed_on,cost_per_unit,unit,venue,source_invoice,pack,description
aquarius:APDW31,2025-10-30,175.00,box,marilynas,184463,per box (invoice),White Prawn Meat 31/40
b-e:10089,2026-06-20,0.010400,g,stowaway,6845979,2.5kg,VEGE - COLESLAW 2.5kg BAG
b-e:10228,2026-06-10,0.011600,g,stowaway,6784392,per kg (invoice),CHICKEN 1/2 BREAST (F)
b-e:10228,2026-06-24,0.011600,g,stowaway,6847091,per kg (invoice),CHICKEN 1/2 BREAST (F)
b-e:10228,2026-07-11,0.011600,g,stowaway,6944875,per kg (invoice),CHICKEN 1/2 BREAST (F)
b-e:10228,2026-07-17,0.011600,g,stowaway,6975411,per kg (invoice),CHICKEN 1/2 BREAST (F)
b-e:10228,2026-07-24,0.011600,g,stowaway,7007301,per kg (invoice),CHICKEN 1/2 BREAST (F)
b-e:10258,2026-06-09,0.014800,g,stowaway,6785844,per kg (invoice),CHICKEN THIGH (F) S/OFF
b-e:10258,2026-06-15,0.014800,g,stowaway,6818516,per kg (invoice),CHICKEN THIGH (F) S/OFF
b-e:10258,2026-07-01,0.014800,g,stowaway,6884307,per kg (invoice),CHICKEN THIGH (F) S/OFF
b-e:10258,2026-07-01,0.014800,g,stowaway,6889760,per kg (invoice),CHICKEN THIGH (F) S/OFF
b-e:10258,2026-07-13,0.014800,g,stowaway,6949092,per kg (invoice),CHICKEN THIGH (F) S/OFF
b-e:10258,2026-07-27,0.014800,g,stowaway,7021990,per kg (invoice),CHICKEN THIGH (F) S/OFF
b-e:10258,2026-07-29,0.014800,g,stowaway,7028998,per kg (invoice),CHICKEN THIGH (F) S/OFF
b-e:10300,2026-06-10,0.018480,g,stowaway,6784392,chef-confirmed,FZ COOKED MINI KOREAN
b-e:10300,2026-06-24,0.018480,g,stowaway,6847091,chef-confirmed,FZ COOKED MINI KOREAN
b-e:10300,2026-06-26,0.018480,g,stowaway,6873507,chef-confirmed,FZ COOKED MINI KOREAN
b-e:10300,2026-07-11,0.018480,g,stowaway,6944875,chef-confirmed,FZ COOKED MINI KOREAN
b-e:10300,2026-07-17,0.018480,g,stowaway,6975411,chef-confirmed,FZ COOKED MINI KOREAN
b-e:10300,2026-07-23,0.018480,g,stowaway,7004324,chef-confirmed,FZ COOKED MINI KOREAN
b-e:10300,2026-07-24,0.018480,g,stowaway,7007301,chef-confirmed,FZ COOKED MINI KOREAN
b-e:10453,2026-07-03,0.014800,g,stowaway,6907307,per kg (invoice),CHICKEN THIGH (F) DICE 1 X
b-e:10536,2026-06-10,0.002200,g,stowaway,6784392,per kg (invoice),CHICKEN BONE 12KG
b-e:10536,2026-06-24,0.002200,g,stowaway,6847091,per kg (invoice),CHICKEN BONE 12KG
b-e:10536,2026-07-02,0.002200,g,stowaway,6900914,per kg (invoice),CHICKEN BONE 12KG
b-e:10536,2026-07-17,0.002200,g,stowaway,6975411,per kg (invoice),CHICKEN BONE 12KG
b-e:10536,2026-07-24,0.002200,g,stowaway,7007301,per kg (invoice),CHICKEN BONE 12KG
b-e:10536,2026-07-29,0.002200,g,stowaway,7028991,per kg (invoice),CHICKEN BONE 12KG
b-e:10556,2026-07-02,0.008200,g,stowaway,6900914,per kg (invoice),CHICKEN WHOLE THIGH 5KG
b-e:10579X,2026-08-01,0.008500,g,stowaway,7049804,per kg (invoice),CHICKEN THIGH (F) S/OFF
b-e:10595,2026-06-22,0.014800,g,stowaway,6849182,per kg (invoice),CHICKEN THIGH (F) STRIP
b-e:10595,2026-07-01,0.014800,g,stowaway,6884307,per kg (invoice),CHICKEN THIGH (F) STRIP
b-e:10595,2026-07-10,0.014800,g,stowaway,6939301,per kg (invoice),CHICKEN THIGH (F) STRIP
b-e:10595,2026-07-13,0.014800,g,stowaway,6949092,per kg (invoice),CHICKEN THIGH (F) STRIP
b-e:10595,2026-07-27,0.014800,g,stowaway,7021990,per kg (invoice),CHICKEN THIGH (F) STRIP
b-e:10714X,2026-07-24,0.001500,g,stowaway,7009421,per kg (invoice),CHICKEN WING 15KG MEGA
b-e:10714X,2026-08-01,0.001500,g,stowaway,7049804,per kg (invoice),CHICKEN WING 15KG MEGA
b-e:10737,2026-05-11,0.006000,g,stowaway,6659215,per kg (invoice),CHICKEN WING NIBBLE 15KG
b-e:10737,2026-06-09,0.006000,g,stowaway,6785844,per kg (invoice),CHICKEN WING NIBBLE 15KG
b-e:10737,2026-06-15,0.006000,g,stowaway,6818516,per kg (invoice),CHICKEN WING NIBBLE 15KG
b-e:10737,2026-06-19,0.006000,g,stowaway,6841761,per kg (invoice),CHICKEN WING NIBBLE 15KG
b-e:10737,2026-06-22,0.006000,g,stowaway,6849182,per kg (invoice),CHICKEN WING NIBBLE 15KG
b-e:10737,2026-07-01,0.006000,g,stowaway,6884307,per kg (invoice),CHICKEN WING NIBBLE 15KG
b-e:10737,2026-07-04,0.006000,g,stowaway,6910467,per kg (invoice),CHICKEN WING NIBBLE 15KG
b-e:10737,2026-07-11,0.006000,g,stowaway,6945607,per kg (invoice),CHICKEN WING NIBBLE 15KG
b-e:10737,2026-07-18,0.006000,g,stowaway,6979124,per kg (invoice),CHICKEN WING NIBBLE 15KG
b-e:10737,2026-07-23,0.006000,g,stowaway,7004481,per kg (invoice),CHICKEN WING NIBBLE 15KG
b-e:10756,2026-06-13,0.002643,g,stowaway,6813595,chef-confirmed,SAUCE - HOI SIN SAUCE
b-e:10756,2026-06-19,0.002643,g,stowaway,6838756,chef-confirmed,SAUCE - HOI SIN SAUCE
b-e:10756,2026-07-09,0.002643,g,stowaway,6933480,chef-confirmed,SAUCE - HOI SIN SAUCE
b-e:10756,2026-07-24,0.002643,g,stowaway,7007301,chef-confirmed,SAUCE - HOI SIN SAUCE
b-e:10796,2026-06-06,0.029500,g,stowaway,6780912,per kg (invoice),PROSCIUTTO SLICED 500G #
b-e:10796,2026-06-11,0.029500,g,stowaway,6803162,per kg (invoice),PROSCIUTTO SLICED 500G #
b-e:10796,2026-06-19,0.029500,g,stowaway,6841761,per kg (invoice),PROSCIUTTO SLICED 500G #
b-e:10796,2026-06-25,0.029500,g,stowaway,6865733,per kg (invoice),PROSCIUTTO SLICED 500G #
b-e:10796,2026-07-01,0.029500,g,stowaway,6893989,per kg (invoice),PROSCIUTTO SLICED 500G #
b-e:10796,2026-07-04,0.029500,g,stowaway,6910496,per kg (invoice),PROSCIUTTO SLICED 500G #
b-e:10796,2026-07-10,0.029500,g,stowaway,6935023,per kg (invoice),PROSCIUTTO SLICED 500G #
b-e:10796,2026-07-14,0.029500,g,stowaway,6947364,per kg (invoice),PROSCIUTTO SLICED 500G #
b-e:10796,2026-07-16,0.024000,g,stowaway,6969915,per kg (invoice),PROSCIUTTO SLICED 500G #
b-e:10796,2026-07-23,0.028000,g,stowaway,7003742,per kg (invoice),PROSCIUTTO SLICED 500G #
b-e:10796,2026-07-27,0.028000,g,stowaway,7022280,per kg (invoice),PROSCIUTTO SLICED 500G
b-e:10796,2026-07-30,0.028000,g,stowaway,7040229,per kg (invoice),PROSCIUTTO SLICED 500G
b-e:10796,2026-08-01,0.028000,g,stowaway,7051734,per kg (invoice),PROSCIUTTO SLICED 500G
b-e:10876,2026-06-15,0.014000,g,stowaway,6818516,per kg (invoice),BEEF - BRISKET YG POINT
b-e:10876,2026-06-19,0.014000,g,stowaway,6841761,per kg (invoice),BEEF - BRISKET YG POINT
b-e:10876,2026-07-01,0.013991,g,stowaway,6884307,per kg (invoice),BEEF - BRISKET YG POINT
b-e:10876,2026-07-04,0.013992,g,stowaway,6910467,per kg (invoice),BEEF - BRISKET YG POINT
b-e:10876,2026-07-08,0.014000,g,stowaway,6918282,per kg (invoice),BEEF - BRISKET YG POINT
b-e:10876,2026-07-10,0.014000,g,stowaway,6939301,per kg (invoice),BEEF - BRISKET YG POINT
b-e:10876,2026-07-13,0.014000,g,stowaway,6949092,per kg (invoice),BEEF - BRISKET YG POINT
b-e:10876,2026-07-27,0.014000,g,stowaway,7021990,per kg (invoice),BEEF - BRISKET YG POINT
b-e:10876,2026-08-01,0.014000,g,stowaway,7049766,per kg (invoice),BEEF - BRISKET YG POINT
b-e:10906,2026-06-10,0.014900,g,stowaway,6784392,per kg (invoice),FZ PORK - BELLY R/ON
b-e:10906,2026-06-19,0.014900,g,stowaway,6838756,per kg (invoice),FZ PORK - BELLY R/ON
b-e:10906,2026-06-26,0.014900,g,stowaway,6873507,per kg (invoice),FZ PORK - BELLY R/ON
b-e:10906,2026-07-04,0.014900,g,stowaway,6910801,per kg (invoice),FZ PORK - BELLY R/ON
b-e:10906,2026-07-17,0.014900,g,stowaway,6975411,per kg (invoice),FZ PORK - BELLY R/ON
b-e:10906,2026-07-24,0.014901,g,stowaway,7007301,per kg (invoice),FZ PORK - BELLY R/ON
b-e:10906,2026-07-31,0.014900,g,stowaway,7047207,per kg (invoice),FZ PORK - BELLY R/ON
b-e:10906,2026-08-01,0.014900,g,stowaway,7051408,per kg (invoice),FZ PORK - BELLY R/ON
b-e:10912,2026-07-08,0.015800,g,stowaway,6923631,per kg (invoice),FZ PORK - RIBS HALF ( USA )
b-e:11356,2026-06-11,0.014500,g,stowaway,6802473,per kg (invoice),CHICKEN THIGH (F) STRIP
b-e:11602,2026-06-11,0.012800,g,stowaway,6803162,chef-confirmed,ANTIPASTO - SUNDRIED
b-e:11602,2026-06-19,0.012800,g,stowaway,6841761,chef-confirmed,ANTIPASTO - SUNDRIED
b-e:11602,2026-06-25,0.012800,g,stowaway,6865733,chef-confirmed,ANTIPASTO - SUNDRIED
b-e:11602,2026-07-04,0.012800,g,stowaway,6910496,chef-confirmed,ANTIPASTO - SUNDRIED
b-e:11602,2026-07-14,0.012800,g,stowaway,6947364,chef-confirmed,ANTIPASTO - SUNDRIED
b-e:11602,2026-07-16,0.012800,g,stowaway,6969915,chef-confirmed,ANTIPASTO - SUNDRIED
b-e:11602,2026-07-23,0.012800,g,stowaway,7003742,chef-confirmed,ANTIPASTO - SUNDRIED
b-e:11605,2026-07-16,0.010950,g,stowaway,6969915,2kg,ANTIPASTO - CHARGRILLED EGGPLANT 2KG TUB (4) MEZZAT
b-e:11934,2026-07-01,0.014800,g,stowaway,6884307,per kg (invoice),CHICKEN THIGH (F) DICE 4 X
b-e:12161,2026-07-01,8.8000,bag,stowaway,6889760,per bag (invoice),FRIED CRISPY RED ONION
b-e:12161,2026-08-01,8.8000,bag,stowaway,7051408,per bag (invoice),FRIED CRISPY RED ONION
b-e:12429,2026-07-24,0.004050,g,stowaway,7007301,2kg,BI - CARB SODA 2KG (6)
b-e:12588,2026-06-11,62.5900,bag,stowaway,6802473,per bag (invoice),GARBAGE BAG - EXTRA
b-e:12776,2026-06-06,0.012200,g,stowaway,6780912,per kg (invoice),CHICKEN BREAST (F) SLICE
b-e:12776,2026-06-11,0.012200,g,stowaway,6803162,per kg (invoice),CHICKEN BREAST (F) SLICE
b-e:12776,2026-06-19,0.012200,g,stowaway,6841761,per kg (invoice),CHICKEN BREAST (F) SLICE
b-e:12776,2026-06-25,0.012200,g,stowaway,6865733,per kg (invoice),CHICKEN BREAST (F) SLICE
b-e:12776,2026-07-01,0.012200,g,stowaway,6893989,per kg (invoice),CHICKEN BREAST (F) SLICE
b-e:12776,2026-07-10,0.012200,g,stowaway,6935023,per kg (invoice),CHICKEN BREAST (F) SLICE
b-e:12776,2026-07-16,0.012200,g,stowaway,6969915,5kg,CHICKEN BREAST (F) SLICE 5MM PREMIUM 5KG BAG
b-e:12776,2026-07-23,0.012200,g,stowaway,7003742,per kg (invoice),CHICKEN BREAST (F) SLICE
b-e:12776,2026-08-01,0.012200,g,stowaway,7051734,per kg (invoice),CHICKEN BREAST (F) SLICE
b-e:12830,2026-06-13,0.017123,g,stowaway,6813324,chef-confirmed,FZ BEEF - ANGUS BURGER
b-e:12830,2026-06-22,0.017123,g,stowaway,6849182,chef-confirmed,FZ BEEF - ANGUS BURGER
b-e:12830,2026-06-26,0.017123,g,stowaway,6874666,chef-confirmed,FZ BEEF - ANGUS BURGER
b-e:12830,2026-07-03,0.017123,g,stowaway,6904312,chef-confirmed,FZ BEEF - ANGUS BURGER
b-e:12830,2026-07-11,0.017123,g,stowaway,6945673,chef-confirmed,FZ BEEF - ANGUS BURGER
b-e:12830,2026-07-24,0.016049,g,stowaway,7011420,chef-confirmed,FZ BEEF - ANGUS BURGER
b-e:12830,2026-08-01,0.016049,g,stowaway,7049766,chef-confirmed,FZ BEEF - ANGUS BURGER
b-e:12874,2026-06-10,0.006900,g,stowaway,6784392,1kg,MSG 1KG (20)
b-e:12874,2026-06-19,0.006900,g,stowaway,6838756,1kg,MSG 1KG (20)
b-e:12874,2026-07-01,0.006900,g,stowaway,6889760,1kg,MSG 1KG (20)
b-e:12874,2026-07-17,0.006900,g,stowaway,6975411,1kg,MSG 1KG (20)
b-e:12874,2026-07-24,0.006900,g,stowaway,7007301,1kg,MSG 1KG (20)
b-e:13466,2026-06-19,0.010000,g,stowaway,6841761,per kg (invoice),BACON - CAFE BACON HALF
b-e:13466,2026-06-25,0.010000,g,stowaway,6865733,per kg (invoice),BACON - CAFE BACON HALF
b-e:13466,2026-07-01,0.010000,g,stowaway,6893989,per kg (invoice),BACON - CAFE BACON HALF
b-e:13466,2026-07-14,0.010000,g,stowaway,6947364,per kg (invoice),BACON - CAFE BACON HALF
b-e:13466,2026-07-23,0.010000,g,stowaway,7003742,per kg (invoice),BACON - CAFE BACON HALF
b-e:13466,2026-08-01,0.010000,g,stowaway,7051734,per kg (invoice),BACON - CAFE BACON HALF
b-e:13582,2026-06-19,0.022714,g,stowaway,6841761,chef-confirmed,FZ PRAWN - RAW MEAT (I)
b-e:13582,2026-06-25,0.022714,g,stowaway,6865733,chef-confirmed,FZ PRAWN - RAW MEAT (I)
b-e:13582,2026-07-10,0.022714,g,stowaway,6935023,chef-confirmed,FZ PRAWN - RAW MEAT (I)
b-e:13582,2026-07-16,0.022714,g,stowaway,6969915,chef-confirmed,FZ PRAWN - RAW MEAT (I)
b-e:13582,2026-07-27,0.022714,g,stowaway,7022280,chef-confirmed,FZ PRAWN - RAW MEAT (I)
b-e:13582,2026-08-01,0.022714,g,stowaway,7051734,chef-confirmed,FZ PRAWN - RAW MEAT (I)
b-e:13998,2026-06-10,0.002625,ml,stowaway,6784392,4l,SAUCE - TOMATO SAUCE 4L
b-e:14239,2026-07-20,0.002850,ml,stowaway,6984470,20l,OIL - COTTON SEED 20L BIB
b-e:14239,2026-07-29,0.002850,ml,stowaway,7028991,20l,OIL - COTTON SEED 20L BIB
b-e:14277,2026-07-23,0.017000,g,stowaway,7002396,per kg (invoice),TURKEY HALF BREAST SKIN
b-e:14277,2026-07-24,0.016984,g,stowaway,7008455,per kg (invoice),TURKEY HALF BREAST SKIN
b-e:14580,2026-06-06,0.002333,g,stowaway,6780912,chef-confirmed,TOMATO - PIZZA SAUCE
b-e:14580,2026-06-11,0.002333,g,stowaway,6803162,chef-confirmed,TOMATO - PIZZA SAUCE
b-e:14580,2026-06-19,0.002333,g,stowaway,6841761,chef-confirmed,TOMATO - PIZZA SAUCE
b-e:14580,2026-06-25,0.002333,g,stowaway,6865733,chef-confirmed,TOMATO - PIZZA SAUCE
b-e:14580,2026-07-01,0.002333,g,stowaway,6893989,chef-confirmed,TOMATO - PIZZA SAUCE
b-e:14580,2026-07-10,0.002333,g,stowaway,6935023,chef-confirmed,TOMATO - PIZZA SAUCE
b-e:14580,2026-07-14,0.002333,g,stowaway,6947364,chef-confirmed,TOMATO - PIZZA SAUCE
b-e:14580,2026-07-16,0.002333,g,stowaway,6969915,chef-confirmed,TOMATO - PIZZA SAUCE
b-e:14580,2026-07-23,0.002333,g,stowaway,7003742,chef-confirmed,TOMATO - PIZZA SAUCE
b-e:14580,2026-08-01,0.002333,g,stowaway,7051734,chef-confirmed,TOMATO - PIZZA SAUCE
b-e:14591,2026-06-06,4.150000,ea,stowaway,6780912,chef-confirmed,FZ PIZZA - GLUTEN FREE
b-e:14591,2026-06-11,4.150000,ea,stowaway,6803162,chef-confirmed,FZ PIZZA - GLUTEN FREE
b-e:14591,2026-07-01,4.150000,ea,stowaway,6893989,chef-confirmed,FZ PIZZA - GLUTEN FREE
b-e:14591,2026-07-04,4.437500,ea,stowaway,6910496,chef-confirmed,FZ PIZZA - GLUTEN FREE
b-e:14591,2026-07-10,4.437500,ea,stowaway,6935023,chef-confirmed,FZ PIZZA - GLUTEN FREE
b-e:14591,2026-07-16,4.437500,ea,stowaway,6969915,chef-confirmed,FZ PIZZA - GLUTEN FREE
b-e:14591,2026-07-23,4.437500,ea,stowaway,7003742,chef-confirmed,FZ PIZZA - GLUTEN FREE
b-e:14867,2026-07-01,0.010300,g,stowaway,6889760,1kg,DRY - FRIED GARLIC 1KG (10)
b-e:14867,2026-08-01,0.010300,g,stowaway,7051408,1kg,DRY - FRIED GARLIC 1KG (10)
b-e:15555,2026-05-11,0.004000,g,stowaway,6659215,chef-confirmed,FZ CHIPS - CRISPY COATED
b-e:15555,2026-06-09,0.004000,g,stowaway,6785844,chef-confirmed,FZ CHIPS - CRISPY COATED
b-e:15555,2026-06-13,0.004000,g,stowaway,6813324,chef-confirmed,FZ CHIPS - CRISPY COATED
b-e:15555,2026-06-15,0.004000,g,stowaway,6818516,chef-confirmed,FZ CHIPS - CRISPY COATED
b-e:15555,2026-06-19,0.004000,g,stowaway,6841761,chef-confirmed,FZ CHIPS - CRISPY COATED
b-e:15555,2026-06-26,0.004000,g,stowaway,6873740,chef-confirmed,FZ CHIPS - CRISPY COATED
b-e:15555,2026-07-01,0.004000,g,stowaway,6884307,chef-confirmed,FZ CHIPS - CRISPY COATED
b-e:15555,2026-07-03,0.004000,g,stowaway,6904312,chef-confirmed,FZ CHIPS - CRISPY COATED
b-e:15555,2026-07-04,0.004000,g,stowaway,6910467,chef-confirmed,FZ CHIPS - CRISPY COATED
b-e:15555,2026-07-08,0.004000,g,stowaway,6918282,chef-confirmed,FZ CHIPS - CRISPY COATED
b-e:15555,2026-07-10,0.004000,g,stowaway,6939301,chef-confirmed,FZ CHIPS - CRISPY COATED
b-e:15555,2026-07-13,0.004000,g,stowaway,6949092,chef-confirmed,FZ CHIPS - CRISPY COATED
b-e:15555,2026-07-16,0.004000,g,stowaway,6968259,chef-confirmed,FZ CHIPS - CRISPY COATED
b-e:15555,2026-07-18,0.004000,g,stowaway,6979124,chef-confirmed,FZ CHIPS - CRISPY COATED
b-e:15555,2026-07-20,0.004000,g,stowaway,6984470,chef-confirmed,FZ CHIPS - CRISPY COATED
b-e:15555,2026-07-23,0.004000,g,stowaway,7004481,chef-confirmed,FZ CHIPS - CRISPY COATED
b-e:15555,2026-07-27,0.004000,g,stowaway,7021990,chef-confirmed,FZ CHIPS - CRISPY COATED
b-e:15555,2026-07-30,0.004000,g,stowaway,7040229,chef-confirmed,FZ CHIPS - CRISPY COATED
b-e:15555,2026-08-01,0.004000,g,stowaway,7049766,chef-confirmed,FZ CHIPS - CRISPY COATED
b-e:16193,2026-06-20,0.021000,g,stowaway,6845979,per kg (invoice),FZ F/COOKED BEEF CHEEK
b-e:16223,2026-06-13,0.002100,g,stowaway,6813324,10kg,RICE - JASMINE RICE 10KG
b-e:16223,2026-07-01,0.002100,g,stowaway,6884307,10kg,RICE - JASMINE RICE 10KG
b-e:16223,2026-07-08,0.002100,g,stowaway,6918282,10kg,RICE - JASMINE RICE 10KG
b-e:16223,2026-08-01,0.002100,g,stowaway,7051408,10kg,RICE - JASMINE RICE 10KG
b-e:16357,2026-06-19,0.010000,ml,stowaway,6841761,2l,FRESH - SOUR CREAM 2L
b-e:16357,2026-07-01,0.010000,ml,stowaway,6893989,2l,FRESH - SOUR CREAM 2L
b-e:16357,2026-07-14,0.010000,ml,stowaway,6947364,2l,FRESH - SOUR CREAM 2L
b-e:16357,2026-07-23,0.010000,ml,stowaway,7003742,2l,FRESH - SOUR CREAM 2L
b-e:16357,2026-07-30,0.010000,ml,stowaway,7040229,2l,FRESH - SOUR CREAM 2L
b-e:16357,2026-08-01,0.010000,ml,stowaway,7051734,2l,FRESH - SOUR CREAM 2L
b-e:16787,2026-05-12,0.019500,g,stowaway,6664520,per kg (invoice),LAMB - LEG ROLLED &
b-e:16787,2026-06-22,0.019500,g,stowaway,6849182,per kg (invoice),LAMB - LEG ROLLED &
b-e:16787,2026-07-14,0.019500,g,stowaway,6954342,per kg (invoice),LAMB - LEG ROLLED &
b-e:16952,2026-05-11,0.014500,g,stowaway,6659215,chef-confirmed,FZ CHICKEN BREAST
b-e:16952,2026-06-09,0.014500,g,stowaway,6785844,chef-confirmed,FZ CHICKEN BREAST
b-e:16952,2026-06-15,0.014500,g,stowaway,6818516,chef-confirmed,FZ CHICKEN BREAST
b-e:16952,2026-06-22,0.014500,g,stowaway,6849182,chef-confirmed,FZ CHICKEN BREAST
b-e:16952,2026-07-01,0.014500,g,stowaway,6884307,chef-confirmed,FZ CHICKEN BREAST
b-e:16952,2026-07-08,0.014500,g,stowaway,6918282,chef-confirmed,FZ CHICKEN BREAST
b-e:16952,2026-07-13,0.014500,g,stowaway,6949092,chef-confirmed,FZ CHICKEN BREAST
b-e:16952,2026-07-20,0.014500,g,stowaway,6984470,chef-confirmed,FZ CHICKEN BREAST
b-e:16952,2026-07-27,0.014500,g,stowaway,7021990,chef-confirmed,FZ CHICKEN BREAST
b-e:16952,2026-08-01,0.014500,g,stowaway,7049766,chef-confirmed,FZ CHICKEN BREAST
b-e:17027,2026-05-11,0.016500,g,stowaway,6659215,per kg (invoice),BEEF DICED - BRISKET NAVEL
b-e:17277,2026-07-01,0.003000,g,stowaway,6889760,5kg,CABBAGE KIMCHI 5KG X 2
b-e:17530,2026-06-10,0.011500,g,stowaway,6784392,1kg,MAYONNAISE 1KG(12)
b-e:17530,2026-06-26,0.011500,g,stowaway,6873507,1kg,MAYONNAISE 1KG(12)
b-e:17530,2026-07-24,0.011500,g,stowaway,7007301,1kg,MAYONNAISE 1KG(12)
b-e:17530,2026-07-29,0.011500,g,stowaway,7028991,1kg,MAYONNAISE 1KG(12)
b-e:17662,2026-06-06,40.4800,bag,stowaway,6780912,per bag (invoice),CARRY BAG - PAPER *
b-e:17670,2026-06-09,0.009998,g,stowaway,6785844,per kg (invoice),FRESH PORK - LEG ROAST
b-e:17670,2026-07-01,0.009997,g,stowaway,6884307,per kg (invoice),FRESH PORK - LEG ROAST
b-e:17670,2026-07-03,0.010000,g,stowaway,6907307,per kg (invoice),FRESH PORK - LEG ROAST
b-e:17670,2026-07-20,0.010000,g,stowaway,6968266,per kg (invoice),FRESH PORK - LEG ROAST
b-e:17670,2026-07-23,0.010000,g,stowaway,7004481,per kg (invoice),FRESH PORK - LEG ROAST
b-e:17723,2026-06-19,0.007250,g,stowaway,6841761,2kg,YOGHURT - GREEK 2KG
b-e:17723,2026-07-01,0.007250,g,stowaway,6893989,2kg,YOGHURT - GREEK 2KG
b-e:17723,2026-07-03,0.007250,g,stowaway,6904312,2kg,YOGHURT - GREEK 2KG
b-e:17723,2026-07-16,0.007250,g,stowaway,6969915,2kg,YOGHURT - GREEK 2KG PROCAL
b-e:17723,2026-07-23,0.007250,g,stowaway,7003742,2kg,YOGHURT - GREEK 2KG
b-e:18120,2026-07-24,0.004242,g,stowaway,7009185,chef-confirmed,NOODLES - PLAIN INSTANT
b-e:18240,2026-06-19,33.1100,box,stowaway,6841761,per box (invoice),SNACK BOX - HARD
b-e:18241,2026-06-19,37.5100,box,stowaway,6841761,per box (invoice),SNACK BOX - HARD
b-e:18264,2026-06-06,0.011778,g,stowaway,6780912,chef-confirmed,OIL - CANOLA OIL SPRAY
b-e:18264,2026-06-19,0.011778,g,stowaway,6841761,chef-confirmed,OIL - CANOLA OIL SPRAY
b-e:18264,2026-07-30,0.011778,g,stowaway,7040229,chef-confirmed,OIL - CANOLA OIL SPRAY
b-e:18310,2026-06-06,0.002800,g,stowaway,6780912,chef-confirmed,CANNED - PINEAPPLE PIZZA
b-e:18310,2026-06-11,0.002800,g,stowaway,6803162,chef-confirmed,CANNED - PINEAPPLE PIZZA
b-e:18310,2026-06-25,0.002800,g,stowaway,6865733,chef-confirmed,CANNED - PINEAPPLE PIZZA
b-e:18310,2026-07-01,0.002800,g,stowaway,6893989,chef-confirmed,CANNED - PINEAPPLE PIZZA
b-e:18310,2026-07-16,0.002800,g,stowaway,6969915,chef-confirmed,CANNED - PINEAPPLE PIZZA
b-e:18310,2026-07-23,0.002800,g,stowaway,7003742,chef-confirmed,CANNED - PINEAPPLE PIZZA
b-e:18310,2026-08-01,0.002800,g,stowaway,7051734,chef-confirmed,CANNED - PINEAPPLE PIZZA
b-e:18484,2026-07-16,0.026087,g,stowaway,6969915,690g,CANNED - ANCHOVY FILLETS IN OIL 690G(12) SELESTA
b-e:18630,2026-07-08,0.008000,g,stowaway,6923631,per kg (invoice),FZ PORK - JOWL R/L VAC
b-e:18692,2026-06-10,0.180000,g,stowaway,6784392,220g,BUTANE GAS - KOREAN 220G
b-e:19101,2026-06-13,14.4000,bag,stowaway,6813324,per bag (invoice),MAIZE CORN FLOUR GLUTEN
b-e:19101,2026-06-22,14.4000,bag,stowaway,6849182,per bag (invoice),MAIZE CORN FLOUR GLUTEN
b-e:19101,2026-06-26,14.4000,bag,stowaway,6873740,per bag (invoice),MAIZE CORN FLOUR GLUTEN
b-e:19101,2026-07-04,14.4000,bag,stowaway,6910467,per bag (invoice),MAIZE CORN FLOUR GLUTEN
b-e:19101,2026-07-08,14.4000,bag,stowaway,6918282,per bag (invoice),MAIZE CORN FLOUR GLUTEN
b-e:19101,2026-07-11,14.4000,bag,stowaway,6945607,per bag (invoice),MAIZE CORN FLOUR GLUTEN
b-e:19199,2026-06-22,0.015500,g,stowaway,6849182,per kg (invoice),FZ BEEF OFFAL - CHEEK
b-e:19199,2026-07-11,0.015500,g,stowaway,6946096,per kg (invoice),FZ BEEF OFFAL - CHEEK
b-e:19199,2026-07-28,0.015500,g,stowaway,7025378,per kg (invoice),FZ BEEF OFFAL - CHEEK
b-e:19626,2026-06-06,0.013700,g,stowaway,6780912,per kg (invoice),SAUSAGE - MILD SPANISH
b-e:19626,2026-06-19,0.013700,g,stowaway,6841761,per kg (invoice),SAUSAGE - MILD SPANISH
b-e:19626,2026-06-25,0.013700,g,stowaway,6865733,per kg (invoice),SAUSAGE - MILD SPANISH
b-e:19626,2026-07-01,0.013700,g,stowaway,6893989,per kg (invoice),SAUSAGE - MILD SPANISH
b-e:19626,2026-07-16,0.013700,g,stowaway,6969915,per kg (invoice),SAUSAGE - MILD SPANISH CHORIZO 1KG (15) PENDLE
b-e:19626,2026-07-23,0.013700,g,stowaway,7003742,per kg (invoice),SAUSAGE - MILD SPANISH
b-e:19626,2026-08-01,0.013700,g,stowaway,7051734,per kg (invoice),SAUSAGE - MILD SPANISH
b-e:19632,2026-07-24,0.002233,g,stowaway,7007301,chef-confirmed,BAMBOO SHOOT SLICE A10
b-e:19941,2026-06-06,0.005400,g,stowaway,6780912,chef-confirmed,FZ VEGETABLES - IQF CORN
b-e:19941,2026-06-11,0.005400,g,stowaway,6803162,chef-confirmed,FZ VEGETABLES - IQF CORN
b-e:19941,2026-07-01,0.005400,g,stowaway,6893989,chef-confirmed,FZ VEGETABLES - IQF CORN
b-e:19941,2026-07-23,0.005400,g,stowaway,7003742,chef-confirmed,FZ VEGETABLES - IQF CORN
b-e:19941,2026-08-01,0.005400,g,stowaway,7051734,chef-confirmed,FZ VEGETABLES - IQF CORN
b-e:19957,2026-06-13,0.008568,g,stowaway,6813324,chef-confirmed,FZ CHIPS - ULTRA SWEET
b-e:19957,2026-06-19,0.008568,g,stowaway,6841761,chef-confirmed,FZ CHIPS - ULTRA SWEET
b-e:19957,2026-06-26,0.008568,g,stowaway,6873740,chef-confirmed,FZ CHIPS - ULTRA SWEET
b-e:19957,2026-07-01,0.008568,g,stowaway,6884307,chef-confirmed,FZ CHIPS - ULTRA SWEET
b-e:19957,2026-07-03,0.008568,g,stowaway,6904312,chef-confirmed,FZ CHIPS - ULTRA SWEET
b-e:19957,2026-07-10,0.008568,g,stowaway,6939301,chef-confirmed,FZ CHIPS - ULTRA SWEET
b-e:19957,2026-07-13,0.008568,g,stowaway,6949092,chef-confirmed,FZ CHIPS - ULTRA SWEET
b-e:19957,2026-07-16,0.008568,g,stowaway,6968259,chef-confirmed,FZ CHIPS - ULTRA SWEET
b-e:19957,2026-07-20,0.008568,g,stowaway,6984470,chef-confirmed,FZ CHIPS - ULTRA SWEET
b-e:19957,2026-07-24,0.008111,g,stowaway,7008455,chef-confirmed,FZ CHIPS - ULTRA SWEET
b-e:19957,2026-07-27,0.008111,g,stowaway,7021990,chef-confirmed,FZ CHIPS - ULTRA SWEET
b-e:19957,2026-07-30,0.008111,g,stowaway,7040229,chef-confirmed,FZ CHIPS - ULTRA SWEET
b-e:19957,2026-08-01,0.008111,g,stowaway,7049766,chef-confirmed,FZ CHIPS - ULTRA SWEET
b-e:20152,2026-07-04,0.012600,g,stowaway,6910801,per kg (invoice),CHICKEN MARYLAND (F) DICE
b-e:20152,2026-07-11,0.012600,g,stowaway,6944875,per kg (invoice),CHICKEN MARYLAND (F) DICE
b-e:20152,2026-07-17,0.012600,g,stowaway,6975411,per kg (invoice),CHICKEN MARYLAND (F) DICE
b-e:20152,2026-07-24,0.012600,g,stowaway,7007301,per kg (invoice),CHICKEN MARYLAND (F) DICE
b-e:26321,2026-06-19,59.1800,box,stowaway,6841761,per box (invoice),BURGER BOX - SOFT
b-e:27544,2026-06-06,0.012700,g,stowaway,6780912,chef-confirmed,HAM - SOCCERBALL SLICED
b-e:27544,2026-06-09,0.012700,g,stowaway,6785844,chef-confirmed,HAM - SOCCERBALL SLICED
b-e:27544,2026-06-11,0.012700,g,stowaway,6803162,chef-confirmed,HAM - SOCCERBALL SLICED
b-e:27544,2026-06-15,0.012700,g,stowaway,6818516,chef-confirmed,HAM - SOCCERBALL SLICED
b-e:27544,2026-06-19,0.012700,g,stowaway,6841761,chef-confirmed,HAM - SOCCERBALL SLICED
b-e:27544,2026-06-25,0.012700,g,stowaway,6865733,chef-confirmed,HAM - SOCCERBALL SLICED
b-e:27544,2026-07-01,0.012700,g,stowaway,6884307,chef-confirmed,HAM - SOCCERBALL SLICED
b-e:27544,2026-07-01,0.012700,g,stowaway,6893989,chef-confirmed,HAM - SOCCERBALL SLICED
b-e:27544,2026-07-04,0.012700,g,stowaway,6910496,chef-confirmed,HAM - SOCCERBALL SLICED
b-e:27544,2026-07-10,0.012700,g,stowaway,6935023,chef-confirmed,HAM - SOCCERBALL SLICED
b-e:27544,2026-07-14,0.012700,g,stowaway,6947364,chef-confirmed,HAM - SOCCERBALL SLICED
b-e:27544,2026-07-16,0.012700,g,stowaway,6969915,chef-confirmed,HAM - SOCCERBALL SLICED
b-e:27544,2026-07-23,0.012700,g,stowaway,7003742,chef-confirmed,HAM - SOCCERBALL SLICED
b-e:27544,2026-07-27,0.012700,g,stowaway,7021990,chef-confirmed,HAM - SOCCERBALL SLICED
b-e:27544,2026-07-30,0.012700,g,stowaway,7040229,chef-confirmed,HAM - SOCCERBALL SLICED
b-e:27544,2026-08-01,0.012700,g,stowaway,7051734,chef-confirmed,HAM - SOCCERBALL SLICED
b-e:28010,2026-06-11,11.5000,bag,stowaway,6803162,per bag (invoice),PURE COOKING SEA SALT
b-e:28057,2026-06-10,0.009000,g,stowaway,6784392,10kg,FZ WHOLE EGG PULP 10KG
b-e:28057,2026-06-26,0.009000,g,stowaway,6873507,10kg,FZ WHOLE EGG PULP 10KG
b-e:28057,2026-07-11,0.009000,g,stowaway,6944875,10kg,FZ WHOLE EGG PULP 10KG
b-e:28057,2026-07-29,0.009000,g,stowaway,7028991,10kg,FZ WHOLE EGG PULP 10KG
b-e:28087,2026-06-13,13.7000,bag,stowaway,6813595,per bag (invoice),CHILLI - FLAKE / CRUSHED
b-e:28087,2026-07-16,0.013700,g,stowaway,6969915,1kg,CHILLI - FLAKE / CRUSHED 1KG CSI
b-e:28294,2026-06-11,0.016500,g,stowaway,6802473,per kg (invoice),BEEF DICED - BRISKET NAVEL
b-e:28294,2026-06-22,0.016500,g,stowaway,6849182,per kg (invoice),BEEF DICED - BRISKET NAVEL
b-e:28411,2026-06-20,0.005000,g,stowaway,6845979,chef-confirmed,FZ MASH POTATO - PLAIN
b-e:28411,2026-07-03,0.005000,g,stowaway,6904312,chef-confirmed,FZ MASH POTATO - PLAIN
b-e:28411,2026-07-16,0.005000,g,stowaway,6968259,chef-confirmed,FZ MASH POTATO - PLAIN
b-e:28411,2026-07-24,0.004800,g,stowaway,7008455,chef-confirmed,FZ MASH POTATO - PLAIN
b-e:28470,2026-06-13,0.001750,g,stowaway,6813595,20kg,RICE - THAI JASMINE 20KG
b-e:28470,2026-07-01,0.001750,g,stowaway,6889760,20kg,RICE - THAI JASMINE 20KG
b-e:28734,2026-06-10,0.014583,g,stowaway,6784392,chef-confirmed,FZ BEEF SLICE CHINESE
b-e:28734,2026-07-09,0.014583,g,stowaway,6933480,chef-confirmed,FZ BEEF SLICE CHINESE
b-e:28734,2026-07-24,0.014583,g,stowaway,7007301,chef-confirmed,FZ BEEF SLICE CHINESE
b-e:28783,2026-06-10,0.005778,g,stowaway,6784392,chef-confirmed,TOFU - FRESH PRESS SILKEN
b-e:28783,2026-06-26,0.005778,g,stowaway,6873507,chef-confirmed,TOFU - FRESH PRESS SILKEN
b-e:28783,2026-07-04,0.005778,g,stowaway,6910801,chef-confirmed,TOFU - FRESH PRESS SILKEN
b-e:28783,2026-07-09,0.006444,g,stowaway,6933480,chef-confirmed,TOFU - FRESH PRESS SILKEN
b-e:28783,2026-07-17,0.006444,g,stowaway,6975411,chef-confirmed,TOFU - FRESH PRESS SILKEN
b-e:28783,2026-07-24,0.006444,g,stowaway,7007301,chef-confirmed,TOFU - FRESH PRESS SILKEN
b-e:28783,2026-07-29,0.006444,g,stowaway,7028991,chef-confirmed,TOFU - FRESH PRESS SILKEN
b-e:28783,2026-08-01,0.006444,g,stowaway,7051408,chef-confirmed,TOFU - FRESH PRESS SILKEN
b-e:30562,2026-07-04,0.014708,g,stowaway,6910801,2.4kg,CHICKEN BOOSTER GF 2.4KG
b-e:30741,2026-07-27,0.225694,ea,stowaway,7021990,chef-confirmed,"FZ FLOUR TORTILLAS - 6"""
b-e:31254,2026-06-13,32.4000,bag,stowaway,6813595,per bag (invoice),PEPPER WHITE GROUND SS
bacchus:FD2MOTHER 23,2026-07-13,16.0817,bottle,stowaway,INV494857,bottle,First Drop Mothers Milk Shiraz 2023
bacchus:FD2MOTHER23,2026-07-27,16.0817,bottle,stowaway,INV495641,bottle,First Drop Mothers Milk Shiraz 2023
bacchus:PETDETROSE,2026-07-22,15.9642,bottle,stowaway,INV495481,bottle,Petit Detour Rose 2024
bacchus:PETDETROSE 24,2026-07-13,15.9642,bottle,stowaway,INV494857,bottle,Petit Detour Rose 2024
bacchus:PETDETROSE24,2026-07-27,15.9642,bottle,stowaway,INV495641,bottle,Petit Detour Rose 2024
cellarhand-consulting-pty-ltd:GZASHZC22,2026-07-27,34.8250,bottle,stowaway,2056851,bottle,22 GLAETZER ANAPERENNA SHIRAZ CABERNET
combined-wines:CCCPN750ML,2026-07-13,62.1517,bottle,stowaway,SINV203712,bottle,CRITTENDEN CRI DE COEUR PINOT NOIR 750ML
combined-wines:CGPN750ML,2026-07-13,17.5608,bottle,stowaway,SINV203712,bottle,CRITTENDEN GEPPETTO PINOT NOIR 750ML
combined-wines:CGPN750ML,2026-07-27,17.56,bottle,stowaway,SINV204085,bottle,CRITTENDEN GEPPETTO PINOT NOIR 750ML
foodlink:100164,2026-07-23,0.003475,ml,stowaway,SI4480679,4lt,BBQ SAUCE 4LT Heinz
foodlink:100164,2026-07-28,0.003475,ml,stowaway,SI4489643,4lt,BBQ SAUCE 4LT Heinz
foodlink:100175,2026-07-24,0.002900,g,stowaway,SI4483241,chef-confirmed,BEANS BLACK WHOLE TIN A10 Trading
foodlink:100179,2026-06-13,0.008571,g,harry_gatos,SI4408342,350gm,BEANS EDAMAME SOY 350GM
foodlink:100180,2026-06-05,0.007143,g,harry_gatos,SI4393146,350gm,BEANS EDAMAME SOY 350GM
foodlink:100180,2026-07-23,0.010857,g,harry_gatos,SI4480685,350gm,BEANS EDAMAME SOY 350GM FROZEN (WITH SHELL)
foodlink:100272,2026-06-13,0.018000,g,harry_gatos,SI4408342,1kg,BOCCONCINI TRADITIONAL 1KG
foodlink:100293,2026-06-05,0.004500,g,stowaway,SI4393133,1kg,BREADCRUMBS FINE 1KG Natures
foodlink:100442,2026-07-24,0.010213,g,stowaway,SI4483241,2.35kg,PEPPERS ROASTED RED (CAPSICUM) 2.35KG Marco Polo
foodlink:100464,2026-07-24,0.003500,g,stowaway,SI4483241,1kg,SUGAR CASTER 1KG CSR
foodlink:100484,2026-06-05,0.017333,g,stowaway,SI4393133,1.35kg,CHEESE BURGER SLICE 1.35KG
foodlink:100487,2026-06-06,0.030400,g,stowaway,SI4396136,125gm,CHEESE CAMEMBERT 125GM
foodlink:100487,2026-06-09,0.030400,g,stowaway,SI4398567,125gm,CHEESE CAMEMBERT 125GM
foodlink:100487,2026-07-16,0.030400,g,stowaway,SI4467596,125gm x CTN-12 (invoice),CHEESE CAMEMBERT 125GM Rosenberg
foodlink:100487,2026-07-23,0.002533,g,stowaway,SI4480678,125gm x CTN-12 (invoice),CHEESE CAMEMBERT 125GM Rosenberg
foodlink:100544,2026-07-25,0.020000,g,stowaway,SI4485333,1kg,CHEESE PARMESAN SHAVED 1KG Dairy Farmers
foodlink:100755,2026-06-11,0.007200,ml,stowaway,SI4403580,1lt,COCONUT CREAM 1LT
foodlink:100831,2026-07-16,0.015767,g,stowaway,SI4467596,6x500gm,CORN CHIPS ROSITA TRI 6X500GM
foodlink:100848,2026-07-23,0.004600,g,harry_gatos,SI4480685,5kg,CORN FLOUR MAIZE GLUTEN FREE 5KG Edlyn
foodlink:100996,2026-07-25,0.001375,ml,stowaway,SI4485333,20lt,DISHWASHING LIQUID 20LT Reliance Chemicals
foodlink:101034,2026-06-05,0.021176,g,stowaway,SI4393113,1.7kg,EGGPLANT CHAR GRILL 1.7KG
foodlink:101084,2026-06-13,0.001925,ml,harry_gatos,SI4408342,20ltr,FLOOR CLEANER 20LTR
foodlink:101093,2026-07-28,0.004800,g,stowaway,SI4489643,5kg,CORN FLOUR WHEATEN 5KG Edlyn
foodlink:101112,2026-07-16,2.750000,ea,stowaway,SI4467596,12 x 63gm (per piece),FLOUR TORTILLAS 12X63GM 10INCH
foodlink:101113,2026-06-12,2.800000,ea,stowaway,SI4405841,12 x 91gm (per piece),FLOUR TORTILLAS 12X91GM
foodlink:101113,2026-07-24,2.800000,ea,stowaway,SI4483241,12 x 91gm (per piece),FLOUR TORTILLAS 12X91GM 12INCH
foodlink:101239,2026-07-24,0.008230,g,stowaway,SI4483241,7kg,GRAVY MIX RICH BROWN G/FREE 7KG Executive Chef
foodlink:101313,2026-06-05,0.007000,g,harry_gatos,SI4393146,3kg,HONEY PURE 3KG Wild Flower
foodlink:101636,2026-06-09,0.001750,ml,stowaway,SI4398567,2lt,MILK FRESH FULL CREAM 2LT
foodlink:101636,2026-07-24,0.001750,ml,stowaway,SI4483241,2lt,MILK FRESH FULL CREAM 2LT Norco
foodlink:101732,2026-07-23,0.010400,g,stowaway,SI4480678,2.5kg,MUSTARD DIJON 2.5KG Masterfoods
foodlink:101792,2026-06-13,0.009333,g,harry_gatos,SI4408342,375gm,NOODLES PAD THAI 375GM 10MM
foodlink:101839,2026-06-09,0.009625,ml,stowaway,SI4398566,4l,OIL OLIVE POMACE 4L
foodlink:101841,2026-06-13,0.009500,ml,harry_gatos,SI4408342,2lt,OIL SESAME 2LT
foodlink:101869,2026-07-23,0.008350,g,stowaway,SI4480678,10kg,OLIVES WHOLE LEMON & GARLIC MARINATED 10KG (8KG. DW) Sandhurst
foodlink:101871,2026-06-05,0.012000,g,stowaway,SI4393113,2kg,OLIVES PITTED GREEN 2KG Riviana
foodlink:101873,2026-06-05,0.009750,g,stowaway,SI4393113,2kg,OLIVES PITTED KALAMATA 2KG
foodlink:102376,2026-06-05,0.005000,g,harry_gatos,SI4393146,500gm,RICE VERMICILI NOODLES 500GM
foodlink:102376,2026-06-13,0.005000,g,harry_gatos,SI4408342,500gm,RICE VERMICILI NOODLES 500GM
foodlink:102473,2026-05-12,0.008553,ml,stowaway,SI4348146,3.8l,FRANK'S HOT SAUCE 1GALLN 3.8L
foodlink:102473,2026-07-23,0.008553,ml,stowaway,SI4480679,3.8l,FRANK'S HOT SAUCE 1GALLN 3.8L Franks
foodlink:102473,2026-07-28,0.008553,ml,stowaway,SI4489643,3.8l,FRANK'S HOT SAUCE 1GALLN 3.8L Franks
foodlink:102517,2026-06-13,0.039583,g,harry_gatos,SI4408342,240gm,SEA SALT FLAKES 240GM
foodlink:102601,2026-06-05,0.004167,ml,stowaway,SI4393113,3lt,SMOKEY BBQ SAUCE 3LT Sunshine
foodlink:102601,2026-07-23,0.004167,ml,stowaway,SI4480679,3lt,SMOKEY BBQ SAUCE 3LT Sunshine
foodlink:102638,2026-06-05,0.009500,ml,stowaway,SI4393113,2lt,SOUR CREAM FULL 2LT Brancourts
foodlink:102689,2026-05-12,0.011400,g,stowaway,SI4348146,5kg,SQUID PINEAPPLE CUT IMP U5 5KG
foodlink:102689,2026-06-06,0.011400,g,stowaway,SI4396136,5kg,SQUID PINEAPPLE CUT IMP U5 5KG
foodlink:102689,2026-07-16,0.011400,g,stowaway,SI4467596,5kg,SQUID PINEAPPLE CUT IMP U5 5KG
foodlink:102942,2026-07-28,0.002900,ml,stowaway,SI4489643,4lt,TOMATO SAUCE 4LT Heinz
foodlink:103045,2026-07-18,0.004800,ml,stowaway,chef-add-2026-08-01,5lt,VINEGAR APPLE CIDER 5LT
foodlink:103090,2026-06-05,0.016500,g,stowaway,SI4393117,1kg,WALNUTS 1KG Natures Secret
foodlink:103141,2026-06-05,0.013500,g,harry_gatos,SI4393146,300gm,WONTON EGG WRAPPER 300GM Mc
foodlink:103153,2026-06-05,0.005500,g,stowaway,SI4393113,1kg,YEAST FRESH 1KG
foodlink:103169,2026-06-05,0.071290,ml,stowaway,SI4393113,1lt,JUICE LIME YUZU 1LT Tonami
foodlink:103272,2026-07-16,0.016600,g,stowaway,SI4467596,5kg,BARRAMUNDI FILLETS IMP 200/300 S/OFF 5KG
foodlink:103272,2026-07-28,0.016600,g,stowaway,SI4489643,5kg,BARRAMUNDI FILLETS IMP 200/300 S/OFF 5KG (I) Trading
foodlink:103899,2026-07-25,0.017111,g,stowaway,SI4485333,2.25kg,CHEESE BURGER SLICED HI MELT THICK 2.25 KG 96'S Pure Dairy
foodlink:104595,2026-06-05,0.014000,ml,harry_gatos,SI4393146,10lt,SOY SAUCE TAMARI GENUINE 10LT
foodlink:105844,2026-05-12,0.017900,g,stowaway,SI4348146,1kg,BUTTER UNSALTED 1KG Devondale
foodlink:105844,2026-06-05,0.017900,g,stowaway,SI4393113,1kg,BUTTER UNSALTED 1KG Jeffs
foodlink:105844,2026-06-05,0.017900,g,harry_gatos,SI4393146,1kg,BUTTER UNSALTED 1KG Jeffs
foodlink:106022,2026-05-12,0.015000,ml,stowaway,SI4348146,1lt,BURGER SAUCE PREMIUM 1LT Birch
foodlink:106022,2026-06-12,0.015000,ml,stowaway,SI4405841,1lt,BURGER SAUCE PREMIUM 1LT
foodlink:106167,2026-07-28,0.009950,ml,stowaway,SI4489643,2lt,CREAM THICK FRESH 2LT Dairy Farmers
foodlink:106504,2026-06-05,0.010971,ml,harry_gatos,SI4393146,793ml,SRIRACHA CHILLI SAUCE 793ML
foodlink:106937,2026-07-23,0.002200,g,stowaway,SI4480678,20kg,RICE JASMINE 20KG Trading
foodlink:108784,2026-06-09,1.272727,ea,stowaway,SI4398566,55 x 200gm (per piece),PIZZA DOUGH BALLS 55X200GM
foodlink:108784,2026-07-23,1.272727,ea,stowaway,SI4480678,55 x 200gm (per piece),PIZZA DOUGH BALLS 55X200GM Buvetti
foodlink:108970,2026-07-23,0.015000,g,stowaway,SI4480678,2kg,CHEESE MEXICAN BLEND SHREDDED 2KG Universal
foodlink:109778,2026-06-05,0.015000,g,stowaway,SI4393117,500gm,ZAATAR 500GM
foodlink:109778,2026-06-09,0.015000,g,stowaway,SI4398566,500gm,ZAATAR 500GM
foodlink:110034,2026-05-12,0.013350,g,stowaway,SI4348146,1kg,DIP HOMMUS (16% TAHINI) 1KG
foodlink:110099,2026-06-09,0.027600,g,stowaway,SI4398566,250gm,MEAT CURRY POWDER 250GM
foodlink:110277,2026-07-23,3.500000,ea,stowaway,SI4470004,16 x 150gm (per piece),SCHNITZEL PLANT PROTEIN 16X150GM V2 Food
foodlink:110315,2026-06-12,0.007350,g,stowaway,SI4405841,2kg,YOGHURT GREEK STYLE 2KG
fresh-fruit-team:AH20T,2026-07-18,30.8000,tray,stowaway,INB00111714,per tray (invoice),Avocado Hass
fresh-fruit-team:AH20T,2026-07-25,30.80,tray,stowaway,INB00112636,per tray (invoice),Avocado Hass
fresh-fruit-team:AH20T TRAY,2026-05-12,26.400000,tray,stowaway,INB00103594,code:tray,Hass
fresh-fruit-team:AH20T TRAY,2026-05-12,26.400000,tray,stowaway,INB00103693,code:tray,Hass
fresh-fruit-team:AH20T TRAY,2026-06-05,28.600000,tray,stowaway,INB00106684,code:tray,Hass
fresh-fruit-team:AH20T TRAY,2026-06-15,28.600000,tray,stowaway,INB00107677,code:tray,Hass
fresh-fruit-team:AH20T TRAY,2026-06-19,28.600000,tray,stowaway,INB00108260,code:tray,Hass
fresh-fruit-team:AH20T TRAY,2026-07-01,33.000000,tray,stowaway,INB00109311,code:tray,Hass
fresh-fruit-team:AH20T TRAY,2026-07-08,33.000000,tray,stowaway,INB00110200,code:tray,Hass
fresh-fruit-team:AH20T TRAY,2026-07-13,33.000000,tray,stowaway,INB00110987,code:tray,Hass
fresh-fruit-team:AH20T TRAY,2026-07-28,30.800000,tray,stowaway,INB00112854,code:tray,Hass
fresh-fruit-team:APLKG KILOGRAM,2026-06-05,0.003850,g,stowaway,INB00106684,code:kilogram,Pink Lady
fresh-fruit-team:ARGKG KILOGRAM,2026-05-12,0.004400,g,stowaway,INB00103594,code:kilogram,Royal Gala
fresh-fruit-team:BBRYP PUNNET,2026-07-30,6.250000,punnet,stowaway,INB00113199,punnet,BBRYP Punnet
fresh-fruit-team:BGHPKG,2026-06-04,0.003300,g,harry_gatos,INB00106543,per kg (invoice),Bean Green
fresh-fruit-team:BLKG,2026-07-06,0.028800,g,harry_gatos,INB00110080,per kg (invoice),Banana Leaf
fresh-fruit-team:BNSKKG,2026-07-06,0.014400,g,harry_gatos,INB00110080,per kg (invoice),Bean Snake (Kg)
fresh-fruit-team:BNSKKG,2026-07-17,0.011520,g,harry_gatos,INB00111593,per kg (invoice),Bean Snake (Kg)
fresh-fruit-team:BRL,2026-07-16,33.6000,box,stowaway,INB00111435,per box (invoice),Broccolini
fresh-fruit-team:BRL,2026-07-25,36.00,box,stowaway,INB00112636,per box (invoice),Broccolini
fresh-fruit-team:BRL BOX,2026-05-12,31.200000,box,stowaway,INB00103594,code:box,BRL Box
fresh-fruit-team:BRL BOX,2026-05-12,31.200000,box,stowaway,INB00103693,code:box,BRL Box
fresh-fruit-team:BRL BOX,2026-06-19,28.800000,box,stowaway,INB00108260,code:box,BRL Box
fresh-fruit-team:BRL BOX,2026-06-26,28.800000,box,stowaway,INB00109041,code:box,BRL Box
fresh-fruit-team:BRL BOX,2026-07-03,28.800000,box,stowaway,INB00109847,code:box,Radiccio
fresh-fruit-team:BRL BOX,2026-07-10,28.800000,box,stowaway,INB00110655,code:box,BRL Box
fresh-fruit-team:BRL BOX,2026-07-16,33.600000,box,stowaway,INB00111435,code:box,BRL Box
fresh-fruit-team:BRL BOX,2026-07-23,36.000000,box,stowaway,INB00112328,code:box,BRL Box
fresh-fruit-team:BRL BOX,2026-07-28,36.000000,box,stowaway,INB00112854,code:box,BRL Box
fresh-fruit-team:BRL BOX,2026-07-30,36.000000,box,stowaway,INB00113199,code:box,BRL Box
fresh-fruit-team:BROCE,2026-06-19,3.17,bunch,harry_gatos,INB00108269,per bunch (invoice),Broccolini
fresh-fruit-team:BROCE,2026-07-06,3.17,bunch,harry_gatos,INB00110080,per bunch (invoice),Broccolini
fresh-fruit-team:BROCE,2026-07-17,3.17,bunch,harry_gatos,INB00111593,per bunch (invoice),Broccolini
fresh-fruit-team:BROCE,2026-07-30,3.60,bunch,harry_gatos,INB00113232,per bunch (invoice),Broccolini
fresh-fruit-team:BROCE BUNCH,2026-07-08,3.170000,bunch,stowaway,INB00110200,code:bunch,Cocktail (Box)
fresh-fruit-team:CAULI-EA,2026-07-20,4.4000,ea,stowaway,INB00111833,per ea (invoice),Cauliflower
fresh-fruit-team:CAULI-EA EACH,2026-07-10,3.300000,ea,stowaway,INB00110655,each,cauli-ea Each
fresh-fruit-team:CAULI-EA EACH,2026-07-20,4.400000,ea,stowaway,INB00111833,code:each,Cocktail (Box)
fresh-fruit-team:CELE,2026-07-16,10.8000,ea,stowaway,INB00111435,per ea (invoice),Celeriac
fresh-fruit-team:CELE EACH,2026-06-05,3.820000,ea,stowaway,INB00106684,each,CELE Each
fresh-fruit-team:CELE EACH,2026-06-15,3.820000,ea,stowaway,INB00107677,each,CELE Each
fresh-fruit-team:CELE EACH,2026-06-22,3.820000,ea,stowaway,INB00108481,each,CELE Each
fresh-fruit-team:CELE EACH,2026-07-08,10.080000,ea,stowaway,INB00110200,each,CELE Each
fresh-fruit-team:CELE EACH,2026-07-10,10.080000,ea,stowaway,INB00110655,each,CELE Each
fresh-fruit-team:CELE EACH,2026-07-13,10.080000,ea,stowaway,INB00110987,each,CELE Each
fresh-fruit-team:CELE EACH,2026-07-16,10.800000,ea,stowaway,INB00111435,each,CELE Each
fresh-fruit-team:CELE EACH,2026-07-23,10.800000,ea,stowaway,INB00112328,each,CELE Each
fresh-fruit-team:CELE EACH,2026-07-25,10.800000,ea,stowaway,INB00112644,each,CELE Each
fresh-fruit-team:CJGKG KILOGRAM,2026-07-01,0.008640,g,stowaway,INB00109311,code:kilogram,Jalapino Green
fresh-fruit-team:CL20KGBX,2026-07-20,0.001320,g,stowaway,INB00111833,per kg (invoice),Carrot Large
fresh-fruit-team:CL20KGBX 20KG,2026-07-13,26.40,box,stowaway,INB00110987,per box (invoice),Large
fresh-fruit-team:CL20KGBX 20KG,2026-07-20,26.40,box,stowaway,INB00111833,per box (invoice),Large
fresh-fruit-team:CLKG,2026-06-04,0.001430,g,harry_gatos,INB00106543,per kg (invoice),Carrot Large
fresh-fruit-team:CLKG,2026-06-19,0.001320,g,harry_gatos,INB00108269,per kg (invoice),Carrot Large
fresh-fruit-team:CLKG,2026-07-02,0.001320,g,harry_gatos,INB00109734,per kg (invoice),Carrot Large
fresh-fruit-team:CLKG,2026-07-06,0.001320,g,harry_gatos,INB00110080,per kg (invoice),Carrot Large
fresh-fruit-team:CLKG,2026-07-17,0.001320,g,harry_gatos,INB00111593,per kg (invoice),Carrot Large
fresh-fruit-team:CLKG,2026-07-30,0.001320,g,harry_gatos,INB00113232,per kg (invoice),Carrot Large
fresh-fruit-team:CLKG KILOGRAM,2026-05-12,0.001430,g,stowaway,INB00103594,code:kilogram,Large
fresh-fruit-team:CLKG KILOGRAM,2026-05-12,0.001430,g,stowaway,INB00103693,code:kilogram,Large
fresh-fruit-team:CLKG KILOGRAM,2026-06-10,0.001430,g,stowaway,INB00107054,code:kilogram,Large
fresh-fruit-team:CLKG KILOGRAM,2026-06-15,0.001320,g,stowaway,INB00107677,code:kilogram,Large
fresh-fruit-team:CLKG KILOGRAM,2026-06-22,0.001320,g,stowaway,INB00108481,code:kilogram,Large
fresh-fruit-team:CLKG KILOGRAM,2026-07-01,0.001320,g,stowaway,INB00109311,code:kilogram,Large
fresh-fruit-team:CLKG KILOGRAM,2026-07-08,0.001320,g,stowaway,INB00110200,code:kilogram,Large
fresh-fruit-team:CLRKG,2026-06-04,0.009900,g,harry_gatos,INB00106543,per kg (invoice),Chillies Red Long
fresh-fruit-team:CLRKG,2026-06-19,0.007700,g,harry_gatos,INB00108269,per kg (invoice),Chillies Red Long
fresh-fruit-team:CLRKG,2026-07-06,0.008250,g,harry_gatos,INB00110080,per kg (invoice),Chillies Red Long
fresh-fruit-team:CLRKG,2026-07-30,0.012100,g,harry_gatos,INB00113232,per kg (invoice),Chillies Red Long
fresh-fruit-team:CLRKG KILOGRAM,2026-06-26,0.007700,g,harry_gatos,INB00109089,code:kilogram,Red Long please
fresh-fruit-team:CSB,2026-06-04,2.200000,bunch,harry_gatos,INB00106543,bunch,Choy Sum (Bunch)
fresh-fruit-team:CSB,2026-06-19,2.200000,bunch,harry_gatos,INB00108269,bunch,Choy Sum (Bunch)
fresh-fruit-team:CSB,2026-07-02,1.930000,bunch,harry_gatos,INB00109734,bunch,Choy Sum (Bunch)
fresh-fruit-team:CSB,2026-07-06,1.930000,bunch,harry_gatos,INB00110080,bunch,Choy Sum (Bunch)
fresh-fruit-team:CSB,2026-07-17,2.750000,bunch,harry_gatos,INB00111593,bunch,Choy Sum (Bunch)
fresh-fruit-team:CSB,2026-07-30,2.750000,bunch,harry_gatos,INB00113232,bunch,Choy Sum (Bunch)
fresh-fruit-team:CSB BUNCH,2026-06-26,1.930000,bunch,harry_gatos,INB00109089,bunch,Sum (Bunch)
fresh-fruit-team:CSCB,2026-06-04,1.10,ea,harry_gatos,INB00106543,per ea (invoice),Corn Sweet
fresh-fruit-team:CSCB,2026-06-19,1.32,ea,harry_gatos,INB00108269,per ea (invoice),Corn Sweet
fresh-fruit-team:CSCB,2026-07-06,1.32,ea,harry_gatos,INB00110080,per ea (invoice),Corn Sweet
fresh-fruit-team:CSCB,2026-07-30,1.32,ea,harry_gatos,INB00113232,per ea (invoice),Corn Sweet
fresh-fruit-team:CSCB EACH,2026-05-12,1.320000,ea,stowaway,INB00103594,code:each,Sweet
fresh-fruit-team:CTGKG,2026-07-02,0.023040,g,harry_gatos,INB00109734,per kg (invoice),Chillies Green Thai
fresh-fruit-team:EFKG,2026-07-06,0.012960,g,harry_gatos,INB00110080,per kg (invoice),Eschallots French
fresh-fruit-team:EGL7BX,2026-07-20,0.266667,ea,stowaway,INB00111833,chef-confirmed,Eggs 700 Grams
fresh-fruit-team:EGL7BX BOX,2026-06-10,48.000000,box,stowaway,INB00107054,code:box,700 Grams
fresh-fruit-team:EGL7BX BOX,2026-06-22,48.000000,box,stowaway,INB00108481,code:box,700 Grams
fresh-fruit-team:EGL7BX BOX,2026-07-08,48.000000,box,stowaway,INB00110200,code:box,700 Grams
fresh-fruit-team:EGL7BX BOX,2026-07-13,48.000000,box,stowaway,INB00110987,code:box,700 Grams
fresh-fruit-team:EGL7BX BOX,2026-07-20,48.000000,box,stowaway,INB00111833,code:box,700 Grams
fresh-fruit-team:EGPKG KILOGRAM,2026-06-19,0.003850,g,stowaway,INB00108260,code:kilogram,EGPKG Kilogram
fresh-fruit-team:EGPKG KILOGRAM,2026-06-26,0.003520,g,stowaway,INB00109041,code:kilogram,EGPKG Kilogram
fresh-fruit-team:EGPKG KILOGRAM,2026-07-03,0.003520,g,stowaway,INB00109847,code:kilogram,EGPKG Kilogram
fresh-fruit-team:EGPLBX BOX,2026-07-08,28.600000,box,stowaway,INB00110200,code:box,EGPLBX Box
fresh-fruit-team:GINKG,2026-06-19,0.013200,g,harry_gatos,INB00108269,per kg (invoice),Ginger
fresh-fruit-team:GINKG,2026-07-02,0.013200,g,harry_gatos,INB00109734,per kg (invoice),Ginger
fresh-fruit-team:GINKG,2026-07-17,0.013200,g,harry_gatos,INB00111593,per kg (invoice),Ginger
fresh-fruit-team:GINKG,2026-07-30,0.013200,g,harry_gatos,INB00113232,per kg (invoice),Ginger
fresh-fruit-team:GPKG,2026-06-04,0.003850,g,harry_gatos,INB00106543,per kg (invoice),Garlic Peeled
fresh-fruit-team:GPKG,2026-06-19,0.003850,g,harry_gatos,INB00108269,per kg (invoice),Garlic Peeled
fresh-fruit-team:GPKG,2026-07-02,0.003850,g,harry_gatos,INB00109734,per kg (invoice),Garlic Peeled
fresh-fruit-team:GPKG,2026-07-06,0.003850,g,harry_gatos,INB00110080,per kg (invoice),Garlic Peeled
fresh-fruit-team:GPKG,2026-07-17,0.003850,g,harry_gatos,INB00111593,per kg (invoice),Garlic Peeled
fresh-fruit-team:GPKG,2026-07-25,0.003850,g,marilynas,INB00112652,per kg (invoice),Garlic Peeled
fresh-fruit-team:GPKG,2026-07-30,0.003850,g,harry_gatos,INB00113232,per kg (invoice),Garlic Peeled
fresh-fruit-team:GRR12BX BOX,2026-06-22,38.500000,box,stowaway,INB00108481,code:box,Ruby Red
fresh-fruit-team:GRREA,2026-07-20,1.3200,ea,stowaway,INB00111833,per ea (invoice),Grapefruit Ruby Red
fresh-fruit-team:GRREA EACH,2026-06-10,0.990000,ea,stowaway,INB00107054,code:each,Ruby Red
fresh-fruit-team:GRREA EACH,2026-06-15,0.990000,ea,stowaway,INB00107677,code:each,Ruby Red
fresh-fruit-team:GRREA EACH,2026-06-26,0.990000,ea,stowaway,INB00109041,code:each,Ruby Red
fresh-fruit-team:GRREA EACH,2026-07-01,0.990000,ea,stowaway,INB00109311,code:each,Ruby Red
fresh-fruit-team:GRREA EACH,2026-07-08,1.320000,ea,stowaway,INB00110200,code:each,Ruby Red
fresh-fruit-team:GRREA EACH,2026-07-10,1.100000,ea,stowaway,INB00110685,code:each,Ruby Red
fresh-fruit-team:GRREA EACH,2026-07-13,1.100000,ea,stowaway,INB00110987,code:each,Ruby Red
fresh-fruit-team:GRREA EACH,2026-07-20,1.320000,ea,stowaway,INB00111833,code:each,Ruby Red
fresh-fruit-team:HBGQBCH BUNCH,2026-05-12,3.850000,bunch,marilynas,INB00103574,code:bunch,Basil
fresh-fruit-team:HCB,2026-07-02,2.64,bunch,harry_gatos,INB00109734,per bunch (invoice),Herb Coriander
fresh-fruit-team:HCBCH,2026-06-04,1.65,bunch,harry_gatos,INB00106543,per bunch (invoice),Herb Chives
fresh-fruit-team:HCBCH,2026-07-02,1.49,bunch,harry_gatos,INB00109734,per bunch (invoice),Herb Chives
fresh-fruit-team:HCBCH,2026-07-06,1.49,bunch,harry_gatos,INB00110080,per bunch (invoice),Herb Chives
fresh-fruit-team:HCBCH,2026-07-17,2.42,bunch,harry_gatos,INB00111593,per bunch (invoice),Herb Chives
fresh-fruit-team:HCBCH,2026-07-30,2.75,bunch,harry_gatos,INB00113232,per bunch (invoice),Herb Chives
fresh-fruit-team:HCDRMB,2026-07-20,7.7000,bunch,stowaway,INB00111833,per bunch (invoice),Herb Coriander
fresh-fruit-team:HCDRMB MARKET,2026-06-05,7.700000,bunch,stowaway,INB00106684,chef-confirmed,Coriander
fresh-fruit-team:HCDRMB MARKET,2026-06-15,7.700000,bunch,stowaway,INB00107677,chef-confirmed,Coriander
fresh-fruit-team:HCDRMB MARKET,2026-06-22,7.700000,bunch,stowaway,INB00108481,chef-confirmed,Coriander
fresh-fruit-team:HCDRMB MARKET,2026-07-01,7.700000,bunch,stowaway,INB00109311,chef-confirmed,Coriander
fresh-fruit-team:HCDRMB MARKET,2026-07-08,7.700000,bunch,stowaway,INB00110200,chef-confirmed,Coriander
fresh-fruit-team:HCDRMB MARKET,2026-07-13,7.700000,bunch,stowaway,INB00110987,chef-confirmed,Coriander
fresh-fruit-team:HCDRMB MARKET,2026-07-20,7.700000,bunch,stowaway,INB00111833,chef-confirmed,Coriander
fresh-fruit-team:HCDRMB MARKET,2026-07-23,7.700000,bunch,stowaway,INB00112328,chef-confirmed,Coriander
fresh-fruit-team:HCDRMB MARKET,2026-07-30,7.700000,bunch,stowaway,INB00113199,chef-confirmed,Coriander
fresh-fruit-team:HCMB,2026-07-20,13.2000,bunch,stowaway,INB00111833,per bunch (invoice),Herb Chives
fresh-fruit-team:HCMB MARKET,2026-06-05,9.900000,bunch,stowaway,INB00106684,chef-confirmed,Chives
fresh-fruit-team:HCMB MARKET,2026-06-10,9.900000,bunch,stowaway,INB00107054,chef-confirmed,Chives
fresh-fruit-team:HCMB MARKET,2026-06-15,9.900000,bunch,stowaway,INB00107677,chef-confirmed,Chives
fresh-fruit-team:HCMB MARKET,2026-06-19,9.900000,bunch,stowaway,INB00108260,chef-confirmed,Chives
fresh-fruit-team:HCMB MARKET,2026-06-22,8.910000,bunch,stowaway,INB00108481,chef-confirmed,Chives
fresh-fruit-team:HCMB MARKET,2026-07-01,13.200000,bunch,stowaway,INB00109311,chef-confirmed,Chives
fresh-fruit-team:HCMB MARKET,2026-07-03,13.200000,bunch,stowaway,INB00109847,chef-confirmed,Chives
fresh-fruit-team:HCMB MARKET,2026-07-08,13.200000,bunch,stowaway,INB00110200,chef-confirmed,Chives
fresh-fruit-team:HCMB MARKET,2026-07-13,13.200000,bunch,stowaway,INB00110987,chef-confirmed,Chives
fresh-fruit-team:HCMB MARKET,2026-07-20,13.200000,bunch,stowaway,INB00111833,chef-confirmed,Chives
fresh-fruit-team:HCMB MARKET,2026-07-23,15.400000,bunch,stowaway,INB00112328,chef-confirmed,Chives
fresh-fruit-team:HCMB MARKET,2026-07-28,15.400000,bunch,stowaway,INB00112854,chef-confirmed,Chives
fresh-fruit-team:HCMB MARKET,2026-07-30,15.400000,bunch,stowaway,INB00113199,chef-confirmed,Chives
fresh-fruit-team:HDB BUNCH,2026-06-26,2.200000,bunch,stowaway,INB00109041,code:bunch,Dill
fresh-fruit-team:HMRBCH,2026-07-02,1.10,bunch,harry_gatos,INB00109734,per bunch (invoice),Herb Mint Round
fresh-fruit-team:HMRBCH BUNCH,2026-05-12,1.100000,bunch,marilynas,INB00103574,code:bunch,Mint Round
fresh-fruit-team:HPACSB BUNCH,2026-06-05,3.600000,bunch,stowaway,INB00106684,code:bunch,Parsley Australian Curly
fresh-fruit-team:HPCONB BUNCH,2026-06-10,1.650000,bunch,stowaway,INB00107054,code:bunch,Parsley Continental
fresh-fruit-team:HPCONB BUNCH,2026-07-08,1.650000,bunch,stowaway,INB00110200,code:bunch,Parsley Continental
fresh-fruit-team:HPCONB BUNCH,2026-07-23,1.650000,bunch,stowaway,INB00112328,code:bunch,Parsley Continental
fresh-fruit-team:HRBCH BUNCH,2026-06-10,1.650000,bunch,stowaway,INB00107054,code:bunch,Rosemary
fresh-fruit-team:HRBCH BUNCH,2026-07-01,1.650000,bunch,stowaway,INB00109311,code:bunch,Rosemary
fresh-fruit-team:HRBCH BUNCH,2026-07-03,1.850000,bunch,stowaway,INB00109847,code:bunch,Rosemary
fresh-fruit-team:HRBCH BUNCH,2026-07-13,1.650000,bunch,stowaway,INB00110987,code:bunch,Rosemary
fresh-fruit-team:HRBCH BUNCH,2026-07-30,1.980000,bunch,stowaway,INB00113199,code:bunch,Rosemary
fresh-fruit-team:HTBCH BUNCH,2026-06-10,1.650000,bunch,stowaway,INB00107054,code:bunch,Thyme
fresh-fruit-team:HTBCH BUNCH,2026-07-03,1.850000,bunch,stowaway,INB00109847,code:bunch,Thyme
fresh-fruit-team:HTBCH BUNCH,2026-07-23,2.200000,bunch,stowaway,INB00112328,code:bunch,Thyme
fresh-fruit-team:HTBCH BUNCH,2026-07-30,1.980000,bunch,stowaway,INB00113199,code:bunch,Thyme
fresh-fruit-team:KITAPDKG KILOGRAM,2026-07-30,0.015120,g,stowaway,INB00113208,code:kilogram,Diced
fresh-fruit-team:KITCARSHKG,2026-06-19,0.003900,g,harry_gatos,INB00108269,per kg (invoice),Carrot Shredded
fresh-fruit-team:KITCARSHKG,2026-07-02,0.003900,g,harry_gatos,INB00109734,per kg (invoice),Carrot Shredded
fresh-fruit-team:KITCARSHKG,2026-07-06,0.003900,g,harry_gatos,INB00110080,per kg (invoice),Carrot Shredded
fresh-fruit-team:KITCARSHKG,2026-07-17,0.003900,g,harry_gatos,INB00111593,per kg (invoice),Carrot Shredded
fresh-fruit-team:KITCARSHKG,2026-07-30,0.003900,g,harry_gatos,INB00113232,per kg (invoice),Carrot Shredded
fresh-fruit-team:KITCD5MM,2026-07-06,0.003900,g,harry_gatos,INB00110080,per kg (invoice),Carrot Diced 5mm
fresh-fruit-team:KITCD5MM,2026-07-18,0.003900,g,stowaway,INB00111714,per kg (invoice),Carrot Diced 5mm
fresh-fruit-team:KITCELD5MM,2026-07-18,0.005900,g,stowaway,INB00111714,per kg (invoice),Celery Diced 5mm
fresh-fruit-team:KITCFKG,2026-06-04,0.007900,g,harry_gatos,INB00106543,per kg (invoice),Cauliflower Florets
fresh-fruit-team:KITCFKG,2026-06-19,0.007900,g,harry_gatos,INB00108269,per kg (invoice),Cauliflower Florets
fresh-fruit-team:KITCFKG,2026-07-02,0.007900,g,harry_gatos,INB00109734,per kg (invoice),Cauliflower Florets
fresh-fruit-team:KITCFKG,2026-07-06,0.007900,g,harry_gatos,INB00110080,per kg (invoice),Cauliflower Florets
fresh-fruit-team:KITCFKG,2026-07-16,0.007900,g,stowaway,INB00111435,per kg (invoice),Cauliflower Florets
fresh-fruit-team:KITCFKG,2026-07-17,0.007900,g,harry_gatos,INB00111593,per kg (invoice),Cauliflower Florets
fresh-fruit-team:KITCFKG,2026-07-18,0.007900,g,stowaway,INB00111714,per kg (invoice),Cauliflower Florets
fresh-fruit-team:KITCFKG KILOGRAM,2026-06-05,0.007900,g,stowaway,INB00106684,code:kilogram,Florets
fresh-fruit-team:KITCFKG KILOGRAM,2026-06-10,0.007900,g,stowaway,INB00107054,code:kilogram,Florets
fresh-fruit-team:KITCFKG KILOGRAM,2026-06-19,0.007900,g,stowaway,INB00108260,code:kilogram,Florets
fresh-fruit-team:KITCFKG KILOGRAM,2026-06-26,0.007900,g,stowaway,INB00109041,code:kilogram,Florets
fresh-fruit-team:KITCFKG KILOGRAM,2026-07-01,0.007900,g,stowaway,INB00109344,code:kilogram,Florets
fresh-fruit-team:KITCFKG KILOGRAM,2026-07-08,0.007900,g,stowaway,INB00110200,code:kilogram,Florets
fresh-fruit-team:KITCFKG KILOGRAM,2026-07-16,0.007900,g,stowaway,INB00111435,code:kilogram,Florets
fresh-fruit-team:KITCGWASKG,2026-07-25,0.009800,g,marilynas,INB00112652,per kg (invoice),Capsicum Green Washed And Sanitised
fresh-fruit-team:KITCRAGKG,2026-07-18,0.007900,g,stowaway,INB00111714,per kg (invoice),Coleslaw Red And Green
fresh-fruit-team:KITCRAGKG KILOGRAM,2026-06-10,0.007900,g,stowaway,INB00107054,code:kilogram,Red And Green
fresh-fruit-team:KITCRAGKG KILOGRAM,2026-06-15,0.007900,g,stowaway,INB00107677,code:kilogram,Red And Green
fresh-fruit-team:KITCRSKG,2026-07-17,0.007900,g,harry_gatos,INB00111593,per kg (invoice),Cabbage Red Shredded
fresh-fruit-team:KITCRSKG KILOGRAM,2026-06-26,0.007900,g,harry_gatos,INB00109089,code:kilogram,Red Shredded please
fresh-fruit-team:KITCSHKG,2026-06-04,0.006900,g,harry_gatos,INB00106543,per kg (invoice),Cabbage Shredded
fresh-fruit-team:KITCSHKG,2026-07-02,0.006900,g,harry_gatos,INB00109734,per kg (invoice),Cabbage Shredded
fresh-fruit-team:KITCSHKG,2026-07-06,0.006900,g,harry_gatos,INB00110080,per kg (invoice),Cabbage Shredded
fresh-fruit-team:KITCSHKG,2026-07-17,0.006900,g,harry_gatos,INB00111593,per kg (invoice),Cabbage Shredded
fresh-fruit-team:KITCSHKG,2026-07-30,0.006900,g,harry_gatos,INB00113232,per kg (invoice),Cabbage Shredded
fresh-fruit-team:KITCSHKG KILOGRAM,2026-06-26,0.006900,g,harry_gatos,INB00109089,code:kilogram,Shredded
fresh-fruit-team:KITCSKG,2026-07-16,0.007900,g,stowaway,INB00111435,per kg (invoice),Coleslaw
fresh-fruit-team:KITCSKG KILOGRAM,2026-07-16,0.007900,g,stowaway,INB00111435,code:kilogram,KITCSKG Kilogram
fresh-fruit-team:KITDMRAGKG,2026-07-25,0.007900,g,stowaway,INB00112636,per kg (invoice),Dryslaw Mix Red And Green
fresh-fruit-team:KITGPINPEA,2026-07-25,1.50,ea,stowaway,INB00112636,per ea (invoice),Grapefruit Pink Peeled
fresh-fruit-team:KITGPINPEA EACH,2026-07-28,1.500000,ea,stowaway,INB00112854,code:each,Pink Peeled
fresh-fruit-team:KITLEPKG KILOGRAM,2026-06-26,0.007500,g,stowaway,INB00109041,code:kilogram,Peeled
fresh-fruit-team:KITMUDKG,2026-07-18,0.011900,g,stowaway,INB00111714,per kg (invoice),Mushroom Diced
fresh-fruit-team:KITMUSHSKG,2026-07-25,0.011900,g,marilynas,INB00112652,per kg (invoice),Mushroom Sliced
fresh-fruit-team:KITMUSHSKG,2026-07-28,0.011900,g,stowaway,INB00112855,per kg (invoice),Mushroom Sliced
fresh-fruit-team:KITOHP,2026-07-25,0.003000,g,marilynas,INB00112652,per kg (invoice),Onion Hand Peeled
fresh-fruit-team:KITOSPKG,2026-07-25,0.005900,g,marilynas,INB00112652,per kg (invoice),Onion Spanish Peeled
fresh-fruit-team:KITOSPKG KILOGRAM,2026-07-23,0.005900,g,stowaway,INB00112328,code:kilogram,Spanish Peeled
fresh-fruit-team:KITOWDKG,2026-07-18,0.009500,g,stowaway,INB00111714,per kg (invoice),Onion White Diced
fresh-fruit-team:KITPPKG,2026-06-19,0.003600,g,harry_gatos,INB00108269,per kg (invoice),Potato Peeled
fresh-fruit-team:KITPPKG,2026-07-17,0.003600,g,harry_gatos,INB00111593,per kg (invoice),Potato Peeled
fresh-fruit-team:KITPPSKG KILOGRAM,2026-05-12,0.009900,g,stowaway,INB00103594,code:kilogram,Paw Shredded
fresh-fruit-team:KITPPSKG KILOGRAM,2026-05-12,0.009900,g,stowaway,INB00103693,code:kilogram,Paw Shredded
fresh-fruit-team:KKBCH,2026-07-06,3.60,bunch,harry_gatos,INB00110080,per bunch (invoice),Kangkong
fresh-fruit-team:LCBTPBX,2026-07-20,27.5000,box,stowaway,INB00111833,per box (invoice),Lettuce Cos Baby Twin Pack
fresh-fruit-team:LCBTPBX BOX,2026-07-01,27.500000,box,stowaway,INB00109311,code:box,Cos Baby Twin Pack
fresh-fruit-team:LCBTPBX BOX,2026-07-20,27.500000,box,stowaway,INB00111833,code:box,Cos Baby Twin Pack
fresh-fruit-team:LCBTPEA,2026-06-19,2.75,ea,harry_gatos,INB00108269,per ea (invoice),Lettuce Cos Baby Twin Pack
fresh-fruit-team:LCBTPEA,2026-07-02,2.75,ea,harry_gatos,INB00109734,per ea (invoice),Lettuce Cos Baby Twin Pack
fresh-fruit-team:LCBTPEA,2026-07-06,2.75,ea,harry_gatos,INB00110080,per ea (invoice),Lettuce Cos Baby Twin Pack
fresh-fruit-team:LCBTPEA,2026-07-18,2.7500,ea,stowaway,INB00111714,per ea (invoice),Lettuce Cos Baby Twin Pack
fresh-fruit-team:LCBTPEA,2026-07-25,2.75,ea,stowaway,INB00112636,per ea (invoice),Lettuce Cos Baby Twin Pack
fresh-fruit-team:LCBTPEA EACH,2026-06-05,2.750000,ea,stowaway,INB00106684,code:each,Cos Baby Twin Pack
fresh-fruit-team:LCBTPEA EACH,2026-06-10,2.750000,ea,stowaway,INB00107054,code:each,Cos Baby Twin Pack
fresh-fruit-team:LCBTPEA EACH,2026-06-15,2.750000,ea,stowaway,INB00107677,code:each,Cos Baby Twin Pack
fresh-fruit-team:LCBTPEA EACH,2026-06-22,2.750000,ea,stowaway,INB00108481,code:each,Cos Baby Twin Pack
fresh-fruit-team:LCBTPEA EACH,2026-06-26,2.750000,ea,stowaway,INB00109041,code:each,Cos Baby Twin Pack
fresh-fruit-team:LCBTPEA EACH,2026-07-03,2.750000,ea,stowaway,INB00109847,code:each,Cos Baby Twin Pack
fresh-fruit-team:LCBTPEA EACH,2026-07-08,2.750000,ea,stowaway,INB00110200,code:each,Cos Baby Twin Pack
fresh-fruit-team:LCBTPEA EACH,2026-07-10,2.750000,ea,stowaway,INB00110655,code:each,Cos Baby Twin Pack
fresh-fruit-team:LCBTPEA EACH,2026-07-13,2.750000,ea,stowaway,INB00110987,code:each,Cos Baby Twin Pack
fresh-fruit-team:LCBTPEA EACH,2026-07-28,2.750000,ea,stowaway,INB00112854,code:each,Cos Baby Twin Pack
fresh-fruit-team:LKG,2026-07-06,0.003080,g,harry_gatos,INB00110080,per kg (invoice),Lemon
fresh-fruit-team:LKG,2026-07-30,0.003300,g,harry_gatos,INB00113232,per kg (invoice),Lemon
fresh-fruit-team:LKG KILOGRAM,2026-06-05,0.003080,g,stowaway,INB00106684,code:kilogram,LKG Kilogram
fresh-fruit-team:LKG KILOGRAM,2026-06-26,0.003080,g,harry_gatos,INB00109089,code:kilogram,LKG Kilogram
fresh-fruit-team:LKG KILOGRAM,2026-07-01,0.003080,g,stowaway,INB00109311,code:kilogram,LKG Kilogram
fresh-fruit-team:LMKG,2026-07-30,0.012100,g,harry_gatos,INB00113232,per kg (invoice),Lime
fresh-fruit-team:LMKG KILOGRAM,2026-07-01,0.008800,g,stowaway,INB00109311,code:kilogram,LMKG Kilogram
fresh-fruit-team:LPBCH BUNCH,2026-06-19,14.400000,bunch,stowaway,INB00108260,code:bunch,Pencil
fresh-fruit-team:LREA,2026-07-18,6.0500,ea,stowaway,INB00111714,per ea (invoice),Lettuce Radicchio
fresh-fruit-team:LREA,2026-07-20,6.0500,ea,stowaway,INB00111833,per ea (invoice),Lettuce Radicchio
fresh-fruit-team:LREA EACH,2026-06-15,6.050000,ea,stowaway,INB00107677,code:each,Radiccio
fresh-fruit-team:LREA EACH,2026-06-22,6.050000,ea,stowaway,INB00108481,code:each,Radiccio
fresh-fruit-team:LREA EACH,2026-06-26,6.050000,ea,stowaway,INB00109041,code:each,Radiccio
fresh-fruit-team:LREA EACH,2026-07-03,6.250000,ea,stowaway,INB00109847,code:each,Radiccio
fresh-fruit-team:LREA EACH,2026-07-08,6.050000,ea,stowaway,INB00110200,code:each,Radiccio
fresh-fruit-team:LREA EACH,2026-07-13,6.050000,ea,stowaway,INB00110987,code:each,Radiccio
fresh-fruit-team:LREA EACH,2026-07-20,6.050000,ea,stowaway,INB00111833,code:each,Radiccio
fresh-fruit-team:LRW15BG BOX,2026-06-19,0.011733,g,stowaway,INB00108260,chef-confirmed,Rocket Wild
fresh-fruit-team:LRW15BG BOX,2026-07-03,0.011733,g,stowaway,INB00109847,chef-confirmed,Rocket Wild
fresh-fruit-team:LRW15BG BOX,2026-07-30,0.011733,g,stowaway,INB00113206,chef-confirmed,Rocket Wild
fresh-fruit-team:LRWEA,2026-07-25,6.81,ea,stowaway,INB00112636,per ea (invoice),Lettuce Radiccio White
fresh-fruit-team:LSKG KILOGRAM,2026-07-08,0.003300,g,stowaway,INB00110200,code:kilogram,Seedless
fresh-fruit-team:LSKG KILOGRAM,2026-07-13,0.003300,g,stowaway,INB00110987,code:kilogram,Seedless
fresh-fruit-team:MCME EACH,2026-05-12,7.200000,ea,stowaway,INB00103693,code:each,Candy Melon
fresh-fruit-team:MHCP,2026-07-02,3.24,punnet,harry_gatos,INB00109734,per punnet (invoice),Micro Herb Coriander
fresh-fruit-team:MKB500PUN,2026-06-19,0.043200,g,harry_gatos,INB00108269,500g,Mushroom King Brown (500g Punnet)
fresh-fruit-team:MKB500PUN,2026-07-02,0.043200,g,harry_gatos,INB00109734,500g,Mushroom King Brown (500g Punnet)
fresh-fruit-team:MKB500PUN,2026-07-06,0.043200,g,harry_gatos,INB00110080,500g,Mushroom King Brown (500g Punnet)
fresh-fruit-team:MKB500PUN,2026-07-17,0.043200,g,harry_gatos,INB00111593,500g,Mushroom King Brown (500g Punnet)
fresh-fruit-team:MKB500PUN,2026-07-30,0.043200,g,harry_gatos,INB00113232,500g,Mushroom King Brown (500g Punnet)
fresh-fruit-team:MKB500PUNN,2026-06-04,0.030250,g,harry_gatos,INB00106543,200g,Mushroom King Brown (200G Punnet)
fresh-fruit-team:MREA EACH,2026-07-30,3.850000,ea,stowaway,INB00113199,code:each,Rockmelon
fresh-fruit-team:MSHB2,2026-07-28,0.008250,g,stowaway,INB00112855,chef-confirmed,Mushroom Button B Grade
fresh-fruit-team:MSHB2 BOX,2026-06-05,33.000000,box,marilynas,INB00106699,code:box,Button B Grade
fresh-fruit-team:MSHK KILOGRAM,2026-07-30,0.011000,g,stowaway,INB00113199,code:kilogram,Button
fresh-fruit-team:ONBRKG,2026-06-19,0.001540,g,harry_gatos,INB00108269,per kg (invoice),Onion Brown
fresh-fruit-team:ONBRKG,2026-07-02,0.001540,g,harry_gatos,INB00109734,per kg (invoice),Onion Brown
fresh-fruit-team:ONBRKG,2026-07-06,0.001320,g,harry_gatos,INB00110080,per kg (invoice),Onion Brown
fresh-fruit-team:ONBRKG KILOGRAM,2026-06-26,0.001540,g,harry_gatos,INB00109089,code:kilogram,Brown
fresh-fruit-team:ONBRKG KILOGRAM,2026-07-08,0.001320,g,stowaway,INB00110200,code:kilogram,Brown
fresh-fruit-team:ONBRKG KILOGRAM,2026-07-10,0.001320,g,stowaway,INB00110655,code:kilogram,Brown
fresh-fruit-team:ONBRKG KILOGRAM,2026-07-13,0.001320,g,stowaway,INB00110987,code:kilogram,Brown
fresh-fruit-team:ONBRKG KILOGRAM,2026-07-28,0.001320,g,stowaway,INB00112854,code:kilogram,Brown
fresh-fruit-team:OSKG,2026-07-18,0.002420,g,stowaway,INB00111714,per kg (invoice),Onion Spanish
fresh-fruit-team:OSKG,2026-07-20,0.002420,g,stowaway,INB00111833,per kg (invoice),Onion Spanish
fresh-fruit-team:OSKG KILOGRAM,2026-07-03,0.002420,g,stowaway,INB00109847,code:kilogram,Spanish
fresh-fruit-team:OSKG KILOGRAM,2026-07-08,0.002420,g,stowaway,INB00110200,code:kilogram,Spanish
fresh-fruit-team:OSKG KILOGRAM,2026-07-20,0.002420,g,stowaway,INB00111833,code:kilogram,Spanish
fresh-fruit-team:OSKG KILOGRAM,2026-07-28,0.002420,g,stowaway,INB00112854,code:kilogram,Spanish
fresh-fruit-team:PCW20BG 20KG,2026-05-12,0.002200,g,stowaway,INB00103594,chef-confirmed,Chat Washed
fresh-fruit-team:PCW20BG 20KG,2026-07-23,0.002200,g,stowaway,INB00112328,chef-confirmed,Chat Washed
fresh-fruit-team:PCWKG KILOGRAM,2026-05-12,0.002200,g,stowaway,INB00103693,code:kilogram,Chat Washed
fresh-fruit-team:PCWKG KILOGRAM,2026-07-28,0.002200,g,stowaway,INB00112854,code:kilogram,Chat Washed
fresh-fruit-team:PGKG,2026-07-25,0.003960,g,stowaway,INB00112636,per kg (invoice),Pears Green
fresh-fruit-team:PGKG KILOGRAM,2026-06-05,0.003850,g,stowaway,INB00106684,code:kilogram,Green
fresh-fruit-team:PGKG KILOGRAM,2026-06-22,0.003850,g,stowaway,INB00108481,code:kilogram,Green
fresh-fruit-team:PGKG KILOGRAM,2026-07-08,0.003960,g,stowaway,INB00110200,code:kilogram,Green
fresh-fruit-team:PJEA,2026-07-16,2.3000,ea,stowaway,INB00111435,per ea (invoice),Pumpkin Jap
fresh-fruit-team:PJEA EACH,2026-07-01,2.300000,ea,stowaway,INB00109311,code:each,Jap
fresh-fruit-team:PJEA EACH,2026-07-10,2.300000,ea,stowaway,INB00110655,code:each,Jap
fresh-fruit-team:PJEA EACH,2026-07-16,2.300000,ea,stowaway,INB00111435,code:each,Jap
fresh-fruit-team:PJEA EACH,2026-07-28,2.300000,ea,stowaway,INB00112854,code:each,Jap
fresh-fruit-team:PKG KILOGRAM,2026-05-12,0.006480,g,stowaway,INB00103594,code:kilogram,PKG Kilogram
fresh-fruit-team:POTCO20KG 20KG,2026-07-01,38.50,bag,stowaway,INB00109311,per bag (invoice),Cocktail
fresh-fruit-team:POTCO20KG 20KG,2026-07-13,38.50,bag,stowaway,INB00110987,per bag (invoice),Cocktail
fresh-fruit-team:POTCOBX,2026-07-20,0.002475,g,stowaway,INB00111833,chef-confirmed,Potato Cocktail (Box)
fresh-fruit-team:POTCOBX BOX,2026-07-08,72.000000,box,stowaway,INB00110200,code:box,Cocktail (Box)
fresh-fruit-team:POTCOBX BOX,2026-07-20,49.500000,box,stowaway,INB00111833,code:box,Cocktail (Box)
fresh-fruit-team:POTCOKG KILOGRAM,2026-06-10,0.002970,g,stowaway,INB00107054,code:kilogram,Cocktail
fresh-fruit-team:POTCOKG KILOGRAM,2026-06-15,0.002970,g,stowaway,INB00107677,code:kilogram,Cocktail
fresh-fruit-team:POTCOKG KILOGRAM,2026-06-22,0.002970,g,stowaway,INB00108481,code:kilogram,Cocktail
fresh-fruit-team:PQEA,2026-07-25,4.95,ea,stowaway,INB00112636,per ea (invoice),Pineapple
fresh-fruit-team:PQEA EACH,2026-07-01,4.950000,ea,stowaway,INB00109311,each,PQEA Each
fresh-fruit-team:PTEA EACH,2026-06-22,4.400000,ea,stowaway,INB00108481,code:each,Topless (Bethonga)
fresh-fruit-team:PTEA EACH,2026-07-13,4.400000,ea,stowaway,INB00110987,code:each,Topless (Bethonga)
fresh-fruit-team:RHBCH BUNCH,2026-07-30,5.280000,bunch,stowaway,INB00113208,bunch,RHBCH Bunch
fresh-fruit-team:SBCH,2026-06-04,1.82,bunch,harry_gatos,INB00106543,per bunch (invoice),Shallot
fresh-fruit-team:SBCH,2026-06-19,1.98,bunch,harry_gatos,INB00108269,per bunch (invoice),Shallot
fresh-fruit-team:SBCH,2026-07-02,1.93,bunch,harry_gatos,INB00109734,per bunch (invoice),Shallot
fresh-fruit-team:SBCH,2026-07-06,1.93,bunch,harry_gatos,INB00110080,per bunch (invoice),Shallot
fresh-fruit-team:SBCH,2026-07-17,2.42,bunch,harry_gatos,INB00111593,per bunch (invoice),Shallot
fresh-fruit-team:SBCH,2026-07-25,3.41,bunch,marilynas,INB00112652,per bunch (invoice),Shallot
fresh-fruit-team:SBCH,2026-07-30,3.14,bunch,harry_gatos,INB00113232,per bunch (invoice),Shallot
fresh-fruit-team:SBCH BUNCH,2026-06-05,1.770000,bunch,marilynas,INB00106699,bunch,SBCH Bunch
fresh-fruit-team:SBCH BUNCH,2026-06-26,2.130000,bunch,harry_gatos,INB00109089,code:bunch,Red Long
fresh-fruit-team:SPUN PUNNET,2026-07-30,3.000000,punnet,stowaway,INB00113199,punnet,SPUN Punnet
fresh-fruit-team:TCPUN,2026-07-16,1.7600,punnet,stowaway,INB00111435,per punnet (invoice),Tomatoes Cherry
fresh-fruit-team:TCPUN,2026-07-25,1.98,punnet,marilynas,INB00112652,per punnet (invoice),Tomatoes Cherry
fresh-fruit-team:TCPUN PUNNET,2026-05-12,1.980000,punnet,marilynas,INB00103574,code:punnet,Cherry
fresh-fruit-team:TCPUN PUNNET,2026-06-05,1.870000,punnet,marilynas,INB00106699,code:punnet,Cherry
fresh-fruit-team:TCPUN PUNNET,2026-07-16,1.760000,punnet,stowaway,INB00111435,code:punnet,Cherry
fresh-fruit-team:TCPUN PUNNET,2026-07-23,1.980000,punnet,stowaway,INB00112328,code:punnet,Cherry
fresh-fruit-team:TG10BX BOX,2026-05-12,37.500000,box,stowaway,INB00103594,code:box,Gourmet
fresh-fruit-team:TGKG KILOGRAM,2026-06-05,0.002750,g,stowaway,INB00106684,code:kilogram,Gourmet
fresh-fruit-team:TGKG KILOGRAM,2026-07-08,0.002750,g,stowaway,INB00110200,code:kilogram,Gourmet
fresh-fruit-team:TGKG KILOGRAM,2026-07-30,0.003400,g,stowaway,INB00113206,code:kilogram,Gourmet
fresh-fruit-team:TGL10BX BOX,2026-05-12,0.003050,g,stowaway,INB00103693,chef-confirmed,Gourmet Large
fresh-fruit-team:TGL10BX BOX,2026-07-23,0.004256,g,stowaway,INB00112328,chef-confirmed,Gourmet Large
fresh-fruit-team:TR10BX BOX,2026-06-05,35.200000,box,marilynas,INB00106699,code:box,Roma
fresh-fruit-team:TRKG KILOGRAM,2026-06-05,0.003850,g,stowaway,INB00106684,code:kilogram,Roma
fresh-fruit-team:ZGKG,2026-07-25,0.003080,g,marilynas,INB00112652,per kg (invoice),Zucchini Green 0.5Kg please
grifter:GRIFTER-PALE-50L,2026-07-28,292.05,keg,stowaway,83246,keg,GRIFTER PALE ALE 50L KEG (KONVOY KEG)
gulli:AGBGARBRE-B,2026-06-05,1.495250,ea,stowaway,CI-405265,x40 (count),"Australian Garlic Bread- 9"" x 40"
gulli:AGBGARBRE-B,2026-06-12,1.495250,ea,stowaway,CI-408081,x40 (count),"Australian Garlic Bread- 9"" x 40"
gulli:AGBGARBRE-B,2026-06-18,1.495250,ea,stowaway,CI-411223,x40 (count),"Australian Garlic Bread- 9"" x 40"
gulli:AGBGARBRE-B,2026-06-25,1.495250,ea,stowaway,CI-414820,x40 (count),"Australian Garlic Bread- 9"" x 40"
gulli:AGBGARBRE-B,2026-07-08,1.495250,ea,stowaway,CI-422469,x40 (count),"Australian Garlic Bread- 9"" x 40"
gulli:AGBGARBRE-B,2026-07-17,1.495250,ea,stowaway,CI-426842,x40 (count),"Australian Garlic Bread- 9"" x 40"
gulli:AGBGARBRE-B,2026-07-22,1.495250,ea,stowaway,CI-429895,x40 (count),"Australian Garlic Bread- 9"" x 40"
gulli:AGBGARBRE-B,2026-07-30,1.495250,ea,stowaway,CI-433663,x40 (count),"Australian Garlic Bread- 9"" x 40"
gulli:CALABRESE/CASTLE-UC4,2026-06-05,0.026060,g,stowaway,CI-405265,1kg,KRC- Sliced Calabrese Mild Salami 1kg
gulli:CALABRESE/CASTLE-UC4,2026-06-12,0.026060,g,stowaway,CI-408081,1kg,KRC- Sliced Calabrese Mild Salami 1kg
gulli:CALABRESE/CASTLE-UC4,2026-06-18,0.026060,g,stowaway,CI-411223,1kg,KRC- Sliced Calabrese Mild Salami 1kg
gulli:CALABRESE/CASTLE-UC4,2026-06-25,0.026060,g,stowaway,CI-414820,1kg,KRC- Sliced Calabrese Mild Salami 1kg
gulli:CALABRESE/CASTLE-UC4,2026-07-01,0.026060,g,stowaway,CI-418003,1kg,KRC- Sliced Calabrese Mild Salami 1kg
gulli:CALABRESE/CASTLE-UC4,2026-07-08,0.026060,g,stowaway,CI-422469,1kg,KRC- Sliced Calabrese Mild Salami 1kg
gulli:CALABRESE/CASTLE-UC4,2026-07-17,0.026060,g,stowaway,CI-426842,1kg,KRC- Sliced Calabrese Mild Salami 1kg
gulli:CALABRESE/CASTLE-UC4,2026-07-22,0.026060,g,stowaway,CI-429895,1kg,KRC- Sliced Calabrese Mild Salami 1kg
gulli:CALABRESE/CASTLE-UC4,2026-07-30,0.026060,g,stowaway,CI-433663,1kg,KRC- Sliced Calabrese Mild Salami 1kg
gulli:GUZBAS2-UC4,2026-06-12,0.009600,g,stowaway,CI-408081,2kg,Guzzardi- Basil Pesto Caterers 2kg
gulli:GUZBAS2-UC4,2026-07-01,0.009600,g,stowaway,CI-418003,2kg,Guzzardi- Basil Pesto Caterers 2kg
gulli:GUZBAS2-UC4,2026-07-22,0.009600,g,stowaway,CI-429895,2kg,Guzzardi- Basil Pesto Caterers 2kg
gulli:HASFET2-UC4,2026-06-05,0.013710,g,stowaway,CI-405265,2kg,Hastings Valley- Fetta In Brine 2kg
gulli:HASFET2-UC4,2026-07-01,0.013710,g,stowaway,CI-418003,2kg,Hastings Valley- Fetta In Brine 2kg
gulli:INSERTSMALL-U,2026-07-08,0.110550,ea,stowaway,CI-422469,x100 (count),Pizza Box Inserts 22.5cm x 100
gulli:INSERTSMALL-U,2026-07-17,0.110550,ea,stowaway,CI-426842,x100 (count),Pizza Box Inserts 22.5cm x 100
gulli:INSERTSMALL-U,2026-07-22,0.110550,ea,stowaway,CI-429895,x100 (count),Pizza Box Inserts 22.5cm x 100
gulli:INSERTSMALL-U,2026-07-30,0.110550,ea,stowaway,CI-433663,x100 (count),Pizza Box Inserts 22.5cm x 100
gulli:MANFLOPIZ-U,2026-06-05,0.001104,g,stowaway,CI-405265,12.5kg,Manildra- Gem West Pizza Flour 12.5kg
gulli:MANFLOPIZ-U,2026-06-12,0.001104,g,stowaway,CI-408081,12.5kg,Manildra- Gem West Pizza Flour 12.5kg
gulli:MANFLOPIZ-U,2026-06-18,0.001104,g,stowaway,CI-411223,12.5kg,Manildra- Gem West Pizza Flour 12.5kg
gulli:MANFLOPIZ-U,2026-06-25,0.001104,g,stowaway,CI-414820,12.5kg,Manildra- Gem West Pizza Flour 12.5kg
gulli:MANFLOPIZ-U,2026-07-01,0.001104,g,stowaway,CI-418003,12.5kg,Manildra- Gem West Pizza Flour 12.5kg
gulli:MANFLOPIZ-U,2026-07-08,0.001104,g,stowaway,CI-422469,12.5kg,Manildra- Gem West Pizza Flour 12.5kg
gulli:MANFLOPIZ-U,2026-07-13,0.001104,g,stowaway,CI-424608,12.5kg,Manildra- Gem West Pizza Flour 12.5kg
gulli:MANFLOPIZ-U,2026-07-17,0.001104,g,stowaway,CI-426842,12.5kg,Manildra- Gem West Pizza Flour 12.5kg
gulli:MANFLOPIZ-U,2026-07-22,0.001104,g,stowaway,CI-429895,12.5kg,Manildra- Gem West Pizza Flour 12.5kg
gulli:MANFLOPIZ-U,2026-07-30,0.001104,g,stowaway,CI-433663,12.5kg,Manildra- Gem West Pizza Flour 12.5kg
gulli:MOZZARELLA2KG-UC4,2026-06-05,0.010500,g,stowaway,CI-405265,2kg,Big Cheese- Shredded Mozzarella 2kg
gulli:MOZZARELLA2KG-UC4,2026-06-12,0.010500,g,stowaway,CI-408081,2kg,Big Cheese- Shredded Mozzarella 2kg
gulli:MOZZARELLA2KG-UC4,2026-06-18,0.010500,g,stowaway,CI-411223,2kg,Big Cheese- Shredded Mozzarella 2kg
gulli:MOZZARELLA2KG-UC4,2026-06-25,0.010500,g,stowaway,CI-414820,2kg,Big Cheese- Shredded Mozzarella 2kg
gulli:MOZZARELLA2KG-UC4,2026-07-01,0.010500,g,stowaway,CI-418003,2kg,Big Cheese- Shredded Mozzarella 2kg
gulli:MOZZARELLA2KG-UC4,2026-07-08,0.010500,g,stowaway,CI-422469,2kg,Big Cheese- Shredded Mozzarella 2kg
gulli:MOZZARELLA2KG-UC4,2026-07-13,0.010500,g,stowaway,CI-424608,2kg,Big Cheese- Shredded Mozzarella 2kg
gulli:MOZZARELLA2KG-UC4,2026-07-17,0.010500,g,stowaway,CI-426842,2kg,Big Cheese- Shredded Mozzarella 2kg
gulli:MOZZARELLA2KG-UC4,2026-07-22,0.010500,g,stowaway,CI-429895,2kg,Big Cheese- Shredded Mozzarella 2kg
gulli:MOZZARELLA2KG-UC4,2026-07-30,0.010500,g,stowaway,CI-433663,2kg,Big Cheese- Shredded Mozzarella 2kg
gulli:PAEBOC1-UC6,2026-06-05,0.017400,g,stowaway,CI-405265,1kg,Paesanella- Bocconcini 1kg
gulli:PAEBOC1-UC6,2026-06-12,0.017400,g,stowaway,CI-408081,1kg,Paesanella- Bocconcini 1kg
gulli:PAEBOC1-UC6,2026-06-25,0.017400,g,stowaway,CI-414820,1kg,Paesanella- Bocconcini 1kg
gulli:PAEBOC1-UC6,2026-07-01,0.017400,g,stowaway,CI-418003,1kg,Paesanella- Bocconcini 1kg
gulli:PAEBOC1-UC6,2026-07-08,0.017400,g,stowaway,CI-422469,1kg,Paesanella- Bocconcini 1kg
gulli:PAEBOC1-UC6,2026-07-17,0.017400,g,stowaway,CI-426842,1kg,Paesanella- Bocconcini 1kg
gulli:PAEBOC1-UC6,2026-07-22,0.017400,g,stowaway,CI-429895,1kg,Paesanella- Bocconcini 1kg
gulli:PAEBOC1-UC6,2026-07-30,0.017400,g,stowaway,CI-433663,1kg,Paesanella- Bocconcini 1kg
gulli:PBFOPL11-U,2026-06-05,0.336820,ea,stowaway,CI-405265,x100 (count),"Plain White Pizza Box F/O 11"" x 100"
gulli:PBLTB11-U,2026-06-12,0.482020,ea,stowaway,CI-408081,x50 (count),"B Flute Lock Top 11"" Pizza Boxes x 50"
gulli:PBLTB11-U,2026-06-18,0.482020,ea,stowaway,CI-411223,x50 (count),"B Flute Lock Top 11"" Pizza Boxes x 50"
gulli:PBLTB11-U,2026-06-25,0.482020,ea,stowaway,CI-414820,x50 (count),"B Flute Lock Top 11"" Pizza Boxes x 50"
gulli:PBLTB11-U,2026-07-01,0.482020,ea,stowaway,CI-418003,x50 (count),"B Flute Lock Top 11"" Pizza Boxes x 50"
gulli:PBLTB11-U,2026-07-08,0.482020,ea,stowaway,CI-422469,x50 (count),"B Flute Lock Top 11"" Pizza Boxes x 50"
gulli:PBLTB11-U,2026-07-17,0.482020,ea,stowaway,CI-426842,x50 (count),"B Flute Lock Top 11"" Pizza Boxes x 50"
gulli:PBLTB11-U,2026-07-22,0.482020,ea,stowaway,CI-429895,x50 (count),"B Flute Lock Top 11"" Pizza Boxes x 50"
gulli:PBLTB11-U,2026-07-30,0.482020,ea,stowaway,CI-433663,x50 (count),"B Flute Lock Top 11"" Pizza Boxes x 50"
gulli:PBLTB13-U,2026-06-05,0.642620,ea,stowaway,CI-405265,x50 (count),"B Flute Lock Top 13"" Pizza Boxes x 50"
gulli:PBLTB13-U,2026-06-12,0.642620,ea,stowaway,CI-408081,x50 (count),"B Flute Lock Top 13"" Pizza Boxes x 50"
gulli:PBLTB13-U,2026-06-18,0.642620,ea,stowaway,CI-411223,x50 (count),"B Flute Lock Top 13"" Pizza Boxes x 50"
gulli:PBLTB13-U,2026-06-25,0.642620,ea,stowaway,CI-414820,x50 (count),"B Flute Lock Top 13"" Pizza Boxes x 50"
gulli:PBLTB13-U,2026-07-01,0.642620,ea,stowaway,CI-418003,x50 (count),"B Flute Lock Top 13"" Pizza Boxes x 50"
gulli:PBLTB13-U,2026-07-08,0.642620,ea,stowaway,CI-422469,x50 (count),"B Flute Lock Top 13"" Pizza Boxes x 50"
gulli:PBLTB13-U,2026-07-13,0.642600,ea,stowaway,CI-424608,x50 (count),"B Flute Lock Top 13"" Pizza Boxes x 50"
gulli:PBLTB13-U,2026-07-17,0.642620,ea,stowaway,CI-426842,x50 (count),"B Flute Lock Top 13"" Pizza Boxes x 50"
gulli:PBLTB13-U,2026-07-22,0.642620,ea,stowaway,CI-429895,x50 (count),"B Flute Lock Top 13"" Pizza Boxes x 50"
gulli:PBLTB13-U,2026-07-30,0.642620,ea,stowaway,CI-433663,x50 (count),"B Flute Lock Top 13"" Pizza Boxes x 50"
gulli:RIVFET2-UC3,2026-07-17,0.015830,g,stowaway,CI-426842,2kg,Riverina- Fetta 2kg
gulli:TANDOORI-UC4,2026-07-08,0.020960,g,stowaway,CI-422469,1.25kg,Sharwood- Tandoori Paste 1.25kg
gulli:VEGD004-UC10,2026-06-18,0.018000,g,stowaway,CI-411223,500g,Dairy-Free (Vegan) Shredded Mozzarella 500g
gulli:VEGD004-UC10,2026-06-25,0.018000,g,stowaway,CI-414820,500g,Dairy-Free (Vegan) Shredded Mozzarella 500g
gulli:VEGD004-UC10,2026-07-01,0.018000,g,stowaway,CI-418003,500g,Dairy-Free (Vegan) Shredded Mozzarella 500g
gulli:VEGD004-UC10,2026-07-13,0.018000,g,stowaway,CI-424608,500g,Dairy-Free (Vegan) Shredded Mozzarella 500g
gulli:VEGD004-UC10,2026-07-17,0.018000,g,stowaway,CI-426842,500g,Dairy-Free (Vegan) Shredded Mozzarella 500g
gulli:VEGD004-UC10,2026-07-22,0.018000,g,stowaway,CI-429895,500g,Dairy-Free (Vegan) Shredded Mozzarella 500g
gulli:VEGD004-UC10,2026-07-30,0.018000,g,stowaway,CI-433663,500g,Dairy-Free (Vegan) Shredded Mozzarella 500g
gulli:WINORE-UC10,2026-06-18,0.020000,g,stowaway,CI-411223,500g,Oregano Leaves Rubbed 500g
gulli:WINORE-UC10,2026-06-25,0.020000,g,stowaway,CI-414820,500g,Oregano Leaves Rubbed 500g
gulli:WINORE-UC10,2026-07-22,0.020000,g,stowaway,CI-429895,500g,Oregano Leaves Rubbed 500g
gulli:ZAMSALPEPSLI-UC5,2026-06-05,0.016333,g,stowaway,CI-405265,3kg,Zammit- Sliced Pepperoni Salami 3kg
gulli:ZAMSALPEPSLI-UC5,2026-06-18,0.016333,g,stowaway,CI-411223,3kg,Zammit- Sliced Pepperoni Salami 3kg
gulli:ZAMSALPEPSLI-UC5,2026-06-25,0.016333,g,stowaway,CI-414820,3kg,Zammit- Sliced Pepperoni Salami 3kg
gulli:ZAMSALPEPSLI-UC5,2026-07-01,0.016333,g,stowaway,CI-418003,3kg,Zammit- Sliced Pepperoni Salami 3kg
gulli:ZAMSALPEPSLI-UC5,2026-07-08,0.016333,g,stowaway,CI-422469,3kg,Zammit- Sliced Pepperoni Salami 3kg
gulli:ZAMSALPEPSLI-UC5,2026-07-17,0.016333,g,stowaway,CI-426842,3kg,Zammit- Sliced Pepperoni Salami 3kg
gulli:ZAMSALPEPSLI-UC5,2026-07-22,0.016333,g,stowaway,CI-429895,3kg,Zammit- Sliced Pepperoni Salami 3kg
gulli:ZAMSALPEPSLI-UC5,2026-07-30,0.016333,g,stowaway,CI-433663,3kg,Zammit- Sliced Pepperoni Salami 3kg
ilg:115-3762,2026-07-14,2.5712,can,stowaway,03729959,can,CORONA MEXICAN 6PK BRW BX R
ilg:117-4213,2026-07-14,2.6700,can,stowaway,03729959,can,HEAPS NORMAL QUIET XPA NON ALC
ilg:122-1109,2026-06-11,0.006404,ml,stowaway,03712631,49.5lt,COOPERS PALE ALE KEG 49.5LT
ilg:122-2858,2026-07-14,212.4400,keg,stowaway,03729959,keg,ALEHOUSE PREMIUM KEG
ilg:122-2867,2026-07-14,184.9400,keg,stowaway,03729959,keg,ALEHOUSE CRISP KEG
ilg:122-4561,2026-06-23,0.007598,ml,stowaway,03717769,50lt,SAPPORO KEG 50LT
ilg:122-4561,2026-07-14,0.007599,ml,stowaway,03729961,50lt,SAPPORO KEG 50LT
ilg:122-4561,2026-07-31,0.007420,ml,stowaway,03739295,50lt,SAPPORO KEG 50LT
ilg:175-0420,2026-07-14,64.2700,bottle,stowaway,03729959,bottle,ANTICA FORMULA
ilg:300-6222P,2026-07-21,0.063900,ml,stowaway,03733161,700ml,FIREBALL CINNAMON WHISKY 700ML
ilg:305-1949P,2026-07-14,53.6100,bottle,stowaway,03729959,bottle,BUFFALO TRACE BOURBON 40%
ilg:345-5638P,2026-07-14,44.7200,bottle,stowaway,03729959,bottle,SAILOR JERRY SPICED RUM
ilg:360-1310,2026-07-14,51.6611,bottle,stowaway,03729959,bottle,ROOSTER ROJO TEQUILA BLANCO
ilg:390-0210,2026-06-11,0.086650,ml,stowaway,03712634,200ml,ANGOSTURA BITTERS 200ML 12PK R
ilg:390-0210,2026-06-30,0.086525,ml,stowaway,03721574,200ml,ANGOSTURA BITTERS 200ML 12PK R
ilg:395-6785P,2026-07-14,29.0817,bottle,stowaway,03729959,bottle,APEROL
ilg:410-3945,2026-06-11,0.048185,ml,stowaway,03712630,1ltr,KAHLUA 1 LTR 6PK
ilg:410-3945,2026-06-11,0.047975,ml,stowaway,03712634,1ltr,KAHLUA 1 LTR 6PK
ilg:410-3945,2026-06-16,0.048105,ml,stowaway,03714643,1ltr,KAHLUA 1 LTR 6PK
ilg:410-3945,2026-06-23,0.048320,ml,stowaway,03717768,1ltr,KAHLUA 1 LTR 6PK
ilg:410-3945,2026-06-30,0.047955,ml,stowaway,03721574,1ltr,KAHLUA 1 LTR 6PK
ilg:410-3945,2026-07-07,0.047870,ml,stowaway,03726400,1ltr,KAHLUA 1 LTR 6PK
ilg:410-4472,2026-06-16,0.097720,ml,stowaway,03714643,500ml,GRAND MARNIER 500ML
ilg:460-1639,2026-07-14,0.002955,ml,stowaway,03729959,1.25litre,COKE NO SUGAR 1.25 LITRE
ilg:460-1639,2026-07-31,0.033968,ml,stowaway,03739297,1.25litre,COKE NO SUGAR 1.25 LITRE
ilg:460-2567,2026-07-14,1.8900,can,stowaway,03729959,can,COCA COLA CAN CUBES
ilg:460-3254,2026-07-07,0.122000,ml,stowaway,03726400,375ml,SPRITE 375ML 24 CUBE
ilg:460-3254,2026-07-14,1.8896,can,stowaway,03729959,can,SPRITE 375ML 24 CUBE
ilg:460-3254,2026-07-21,0.120960,ml,stowaway,03733160,375ml,SPRITE 375ML 24 CUBE
ilg:460-4128,2026-06-11,0.062013,ml,stowaway,03712634,750ml,BUNDABERG GINGER BEER 750ML
ilg:460-4128,2026-06-16,0.062013,ml,stowaway,03714643,750ml,BUNDABERG GINGER BEER 750ML
ilg:460-4128,2026-07-31,0.059533,ml,stowaway,03739297,750ml,BUNDABERG GINGER BEER 750ML
ilg:460-6046,2026-07-07,0.034424,ml,stowaway,03726400,1.25lt,SOLO 1.25LT
jfc-australia-co-pty-ltd:30562,2026-07-03,0.011000,g,harry_gatos,001846788,10/1kg (per piece),SOMI Shoyu G 10/1kg Ramen Noodle Soup Base 10x
jfc-australia-co-pty-ltd:31256,2026-07-03,0.016000,g,harry_gatos,001846788,10/1kg (per piece),SOMI Tonkotsu Gara Soup 10/1kg GF No MSG Noodle Soup Base x10
jfc-australia-co-pty-ltd:39806,2026-07-03,0.015500,g,harry_gatos,001846788,10/1kg (per piece),SOMI Kitano Miso G 10/1kg Ramen Noodle Soup Base 7x
jfc-australia-co-pty-ltd:52608,2026-07-03,11.00,ea,harry_gatos,001846788,per ea (invoice),"Dim Sim Paper 5.0"" 20/500sheet Cooking Paper"
jfc-australia-co-pty-ltd:56296,2026-07-03,0.840000,ea,harry_gatos,001846788,x5 (count),WPM Yellow Ramen #22 12/5pc Frozen Straight Noodle 125gx5
jun-pacific-corporation-pty-ltd:HA8204612,2026-07-02,0.012100,g,stowaway,NB10516662,1kg,"""S&B"" EX Golden Curry Mid Hot (1kg)"
jun-pacific-corporation-pty-ltd:HA8204612,2026-07-09,0.012100,g,stowaway,NB10519131,1kg,"""S&B"" EX Golden Curry Mid Hot (1kg)"
jun-pacific:HA8204606,2026-07-16,0.009450,g,stowaway,NB10521714,per kg (invoice),"""S&B"" EX (Mild) Torokeru Curry Flake 20/1kg"
jun-pacific:HA8204612,2026-07-16,0.012100,g,stowaway,NB10521714,per kg (invoice),"""S&B"" EX Golden Curry Mid Hot 10/1kg"
jun-pacific:KF8524001,2026-07-16,0.005507,g,stowaway,NB10521714,20/454gm (per piece),"""Jun"" Frozen Soybean (Edamame) 20/454gm"
jun-pacific:QB8514617,2026-07-16,0.011688,g,stowaway,NB10521714,10/800gm (per piece),"""Jun"" Marumatsu Vegetable Dumpling 10/800gm"
lightspeed:20445539,2026-01-02,0.005500,g,stowaway,ls-recipe-seed,per kg (invoice),Corn Chips
lightspeed:20445566,2026-01-02,0.009032,g,stowaway,ls-recipe-seed,per kg (invoice),Mushrooms
lightspeed:20445569,2026-01-02,0.018596,g,stowaway,ls-recipe-seed,per kg (invoice),Bocconcini
lightspeed:20445571,2026-01-02,0.013250,g,stowaway,ls-recipe-seed,per kg (invoice),Fetta
lightspeed:20445572,2026-01-02,0.009836,g,stowaway,ls-recipe-seed,per kg (invoice),BBQ Sauce
lightspeed:20445579,2026-01-02,0.011667,g,stowaway,ls-recipe-seed,per kg (invoice),Basil
lightspeed:20445584,2026-01-02,0.008658,g,stowaway,ls-recipe-seed,per kg (invoice),Capsicum
lightspeed:20445586,2026-01-02,0.005333,g,stowaway,ls-recipe-seed,per kg (invoice),Corn
lightspeed:20445593,2026-01-02,0.004283,g,stowaway,ls-recipe-seed,per kg (invoice),Pumpkin
lightspeed:20445595,2026-01-02,0.005333,g,stowaway,ls-recipe-seed,per kg (invoice),Shallots
lightspeed:20445597,2026-01-02,0.002500,g,stowaway,ls-recipe-seed,per kg (invoice),Spanish Onion
lightspeed:20445598,2026-01-02,0.015625,g,stowaway,ls-recipe-seed,per kg (invoice),Sundried Tomato
lightspeed:20445599,2026-01-02,0.028000,g,stowaway,ls-recipe-seed,per kg (invoice),Anchovies
lightspeed:20445601,2026-01-02,0.022731,g,stowaway,ls-recipe-seed,per kg (invoice),Prawns
lightspeed:20445603,2026-01-02,0.012184,g,stowaway,ls-recipe-seed,per kg (invoice),Chicken
lightspeed:20445612,2026-01-02,0.025000,g,stowaway,ls-recipe-seed,per kg (invoice),Calabrese
lightspeed:20445700,2026-01-01,2.5217,can,stowaway,bo-seed-stowaway,can,Peroni
lightspeed:20445701,2026-01-01,2.5713,can,stowaway,bo-seed-stowaway,can,Corona
lightspeed:20445701,2026-07-14,2.5712,can,stowaway,03729959,can (via ilg:115-3762),CORONA MEXICAN 6PK BRW BX R
lightspeed:20445702,2026-01-01,2.3800,can,stowaway,bo-seed-stowaway,can,Better Beer Tin
lightspeed:20445703,2026-01-01,4.7100,can,stowaway,bo-seed-stowaway,can,Two Bays Pale Ale Can
lightspeed:20445704,2026-01-01,1.9600,can,stowaway,bo-seed-stowaway,can,VB Tinnie
lightspeed:20445705,2026-01-01,2.1800,can,stowaway,bo-seed-stowaway,can,Asahi 3.5%
lightspeed:20445706,2026-01-01,2.3400,can,stowaway,bo-seed-stowaway,can,James Boags Light
lightspeed:20445707,2026-01-01,2.6696,can,stowaway,bo-seed-stowaway,can,Heaps Normal Tin
lightspeed:20445707,2026-07-14,2.6700,can,stowaway,03729959,can (via ilg:117-4213),HEAPS NORMAL QUIET XPA NON ALC
lightspeed:20445708,2026-01-01,3.1900,can,stowaway,bo-seed-stowaway,can,Grifter Pink Galah Tin
lightspeed:20445709,2026-01-01,4.0000,can,stowaway,bo-seed-stowaway,can,Grifter Big Sur IPA Tin
lightspeed:20445710,2026-01-01,3.1900,can,stowaway,bo-seed-stowaway,can,Grifter Omen Stout Tin
lightspeed:20445713,2026-01-01,2.5800,can,stowaway,bo-seed-stowaway,can,Young Henrys Cloudy Cider Can
lightspeed:20445714,2026-01-01,3.1100,can,stowaway,bo-seed-stowaway,can,Monteith's Apple Cider Bottle
lightspeed:20445737,2026-01-01,0.443400,ml,stowaway,bo-seed-stowaway,750ml,Dom Pérignon Champagne 750ML
lightspeed:20445810,2026-01-02,0.077417,ml,stowaway,ls-recipe-seed,per L (invoice),Bombay Sapphire
lightspeed:20445811,2026-01-02,0.070633,ml,stowaway,ls-recipe-seed,per L (invoice),Bombay Dry [House]
lightspeed:20445823,2026-01-02,0.088250,ml,stowaway,ls-recipe-seed,per L (invoice),Belvedere Vodka
lightspeed:20445832,2026-01-02,0.349750,ml,stowaway,ls-recipe-seed,per L (invoice),Don Julio 1942 Añejo
lightspeed:20445833,2026-01-02,0.078375,ml,stowaway,ls-recipe-seed,per L (invoice),Rooster Rojo Blanco Tequila [House]
lightspeed:20445853,2026-01-02,0.119833,ml,stowaway,ls-recipe-seed,per L (invoice),Angel's Envy Bourbon
lightspeed:20445866,2026-01-02,0.071603,ml,stowaway,ls-recipe-seed,per L (invoice),Bacardi Blanca [House]
lightspeed:20445879,2026-01-02,0.053000,ml,stowaway,ls-recipe-seed,per L (invoice),Braulio
lightspeed:20445887,2026-01-02,0.033333,ml,stowaway,ls-recipe-seed,per L (invoice),Dolin Blanc Vermouth
lightspeed:20445890,2026-01-02,0.064373,ml,stowaway,ls-recipe-seed,per L (invoice),Antica Formula Rosso Vermouth
lightspeed:20445892,2026-01-01,0.059057,ml,stowaway,bo-seed-stowaway,700ml,Stow Vermouth Blend 700ML
lightspeed:20445895,2026-01-02,0.041550,ml,stowaway,ls-recipe-seed,per L (invoice),Aperol
lightspeed:20445897,2026-01-01,2.3200,can,stowaway,bo-seed-stowaway,can,San Pellegrino 500ml
lightspeed:20459447,2026-01-01,2.6500,can,stowaway,bo-seed-stowaway,can,4 Pines Kolsch Bottle D
lightspeed:20459505,2026-01-01,2.7400,can,stowaway,bo-seed-stowaway,can,Grifter Pale Ale Cans D
lightspeed:20459532,2026-01-01,3.6900,can,stowaway,bo-seed-stowaway,can,Status Quo Can D
lightspeed:20459552,2026-01-01,3.6900,can,stowaway,bo-seed-stowaway,can,Coke 1.25L
lightspeed:20459553,2026-01-01,3.0900,can,stowaway,bo-seed-stowaway,can,Coke Zero 1.25L
lightspeed:20459554,2026-01-01,2.0300,can,stowaway,bo-seed-stowaway,can,Solo 1.25L
lightspeed:20459555,2026-01-01,4.2654,can,stowaway,bo-seed-stowaway,can,Sprite 1.25L
lightspeed:20459557,2026-01-01,3.7700,can,stowaway,bo-seed-stowaway,can,Sunkist 1.25L
lightspeed:20459560,2026-01-01,1.8900,can,stowaway,bo-seed-stowaway,can,Coke Can
lightspeed:20459560,2026-07-14,1.8900,can,stowaway,03729959,can (via ilg:460-2567),COCA COLA CAN CUBES
lightspeed:20459561,2026-01-01,1.8900,can,stowaway,bo-seed-stowaway,can,Coke Zero Can
lightspeed:20459564,2026-01-01,1.4700,can,stowaway,bo-seed-stowaway,can,Sprite Can
lightspeed:20459564,2026-07-14,1.8896,can,stowaway,03729959,can (via ilg:460-3254),SPRITE 375ML 24 CUBE
lightspeed:20464467,2026-01-01,0.037147,ml,stowaway,bo-seed-stowaway,750ml,A. Rodda Tempranillo 750ML
lightspeed:20464467,2026-01-02,0.037133,ml,stowaway,ls-recipe-seed,per L (invoice),A. Rodda Tempranillo - Bottle
lightspeed:20464486,2026-01-01,0.022000,ml,stowaway,bo-seed-stowaway,750ml,Das Juice Pink Pet Nat 750ML
lightspeed:20464486,2026-01-02,0.022000,ml,stowaway,ls-recipe-seed,per L (invoice),Das Juice Pink Pet Nat - Bottle
lightspeed:20464635,2026-01-01,0.024933,ml,stowaway,bo-seed-stowaway,750ml,Trutta Streamside Shiraz [Chilled] 750ML
lightspeed:20464635,2026-01-02,0.026453,ml,stowaway,ls-recipe-seed,per L (invoice),Trutta Streamside Shiraz [Chilled] - Bottle
lightspeed:20464639,2026-01-01,0.059643,ml,stowaway,bo-seed-stowaway,750ml,Domaine Gueguen Chablis 750ML
lightspeed:20464639,2026-01-02,0.059640,ml,stowaway,ls-recipe-seed,per L (invoice),Domaine Gueguen Chablis - Bottle
lightspeed:20464644,2026-01-01,0.027133,ml,stowaway,bo-seed-stowaway,750ml,Dormilona Chenin Blanc 750ML
lightspeed:20464644,2026-01-02,0.029853,ml,stowaway,ls-recipe-seed,per L (invoice),Dormilona Chenin Blanc - Bottle
lightspeed:20464651,2026-01-01,0.032267,ml,stowaway,bo-seed-stowaway,750ml,Ottelia Cab Sav 750ML
lightspeed:20464651,2026-01-02,0.030720,ml,stowaway,ls-recipe-seed,per L (invoice),Ottelia Cab Sav - Bottle
lightspeed:20464656,2026-01-01,0.050000,ml,stowaway,bo-seed-stowaway,750ml,Glaetzer Anaperenna Shiraz Cab 750ML
lightspeed:20464656,2026-01-02,0.046420,ml,stowaway,ls-recipe-seed,per L (invoice),Glaetzer Anaperenna Shiraz Cab - Bottle
lightspeed:20464662,2026-01-01,0.025777,ml,stowaway,bo-seed-stowaway,750ml,Padrillos Malbec 750ML
lightspeed:20464662,2026-01-02,0.025773,ml,stowaway,ls-recipe-seed,per L (invoice),Padrillos Malbec - Bottle
lightspeed:20464662,2026-07-13,0.025777,ml,stowaway,INV-02634,bottle (via viticult:ECPM24),Padrillos Malbec 24
lightspeed:20464670,2026-01-01,0.019432,ml,stowaway,bo-seed-stowaway,750ml,Kuku Sauvignon Blanc 750ML
lightspeed:20464670,2026-01-02,0.019427,ml,stowaway,ls-recipe-seed,per L (invoice),Kuku Sauvignon Blanc - Bottle
lightspeed:20464685,2026-01-01,0.021442,ml,stowaway,bo-seed-stowaway,750ml,Mother's Milk Shiraz 750ML
lightspeed:20464685,2026-01-02,0.021440,ml,stowaway,ls-recipe-seed,per L (invoice),Mother's Milk Shiraz - Bottle
lightspeed:20464685,2026-07-13,0.021442,ml,stowaway,INV494857,bottle (via bacchus:FD2MOTHER 23),First Drop Mothers Milk Shiraz 2023
lightspeed:20464694,2026-01-01,0.023053,ml,stowaway,bo-seed-stowaway,750ml,Ottelia Chardonnay 750ML
lightspeed:20464694,2026-01-02,0.023053,ml,stowaway,ls-recipe-seed,per L (invoice),Ottelia Chardonnay - Bottle
lightspeed:20464694,2026-07-27,0.023063,ml,stowaway,INV-02956,bottle (via viticult:OC24),Ottelia Chardonnay 2024
lightspeed:20464707,2026-01-01,0.023440,ml,stowaway,bo-seed-stowaway,750ml,Two Tonne Riesling 750ML
lightspeed:20464707,2026-01-02,0.028480,ml,stowaway,ls-recipe-seed,per L (invoice),Two Tonne Riesling - Bottle
lightspeed:20466083,2026-01-01,0.024480,ml,stowaway,bo-seed-stowaway,750ml,Ravensworth Skins Gris 750ML
lightspeed:20466083,2026-01-02,0.026933,ml,stowaway,ls-recipe-seed,per L (invoice),Ravensworth Skins Gris - Bottle
lightspeed:20466090,2026-01-01,0.026400,ml,stowaway,bo-seed-stowaway,750ml,Scout Pinot Gris 750ML
lightspeed:20466090,2026-01-02,0.026400,ml,stowaway,ls-recipe-seed,per L (invoice),Scout Pinot Gris - Bottle
lightspeed:20466095,2026-01-01,0.021707,ml,stowaway,bo-seed-stowaway,750ml,Sigurd White Blend 750ML
lightspeed:20466095,2026-01-02,0.030800,ml,stowaway,ls-recipe-seed,per L (invoice),Sigurd White Blend - Bottle
lightspeed:20466100,2026-01-01,0.030800,ml,stowaway,bo-seed-stowaway,750ml,Sigurd GSM Red Blend 750ML
lightspeed:20466100,2026-01-02,0.030800,ml,stowaway,ls-recipe-seed,per L (invoice),Sigurd GSM Red Blend - Bottle
lightspeed:20466106,2026-01-01,0.021994,ml,stowaway,bo-seed-stowaway,750ml,Petits Detours Rosé Mediterranee 750ML
lightspeed:20466106,2026-01-02,0.023120,ml,stowaway,ls-recipe-seed,per L (invoice),Petits Detours Rosé Mediterranee - Bottle
lightspeed:20466112,2026-01-01,0.014067,ml,stowaway,bo-seed-stowaway,750ml,Trentham Estate Rosé 750ML
lightspeed:20466112,2026-01-02,0.014067,ml,stowaway,ls-recipe-seed,per L (invoice),Trentham Estate Rosé - Bottle
lightspeed:20466120,2026-01-01,0.011778,ml,stowaway,bo-seed-stowaway,750ml,Version Two Pinot Grigio 750ML
lightspeed:20466120,2026-01-02,0.011773,ml,stowaway,ls-recipe-seed,per L (invoice),Version Two Pinot Grigio - Bottle
lightspeed:20466120,2026-07-27,0.011778,ml,stowaway,20039624,bottle (via nelson:HA25PIG),25 VERSION TWO PINOT GRIGIO
lightspeed:20466130,2026-01-01,0.011778,ml,stowaway,bo-seed-stowaway,750ml,Version Two Sparkling 750ML
lightspeed:20466130,2026-01-02,0.011778,ml,stowaway,ls-recipe-seed,per L (invoice),Version Two Sparkling - Bottle
lightspeed:20466168,2026-01-01,0.016080,ml,stowaway,bo-seed-stowaway,750ml,Villa Fresco Sangiovese 750ML
lightspeed:20466168,2026-01-02,0.016080,ml,stowaway,ls-recipe-seed,per L (invoice),Villa Fresco Sangiovese - Bottle
lightspeed:20466168,2026-07-27,0.016082,ml,stowaway,733517,bottle (via young-rashleigh:PIZVFSAN1224),Villa Fresco Sangiovese 24 - OPO
lightspeed:20467569,2026-01-01,0.050267,ml,stowaway,bo-seed-stowaway,750ml,A. Rodda Chardonnay 750ML
lightspeed:20467569,2026-01-02,0.050267,ml,stowaway,ls-recipe-seed,per L (invoice),A. Rodda Chardonnay - Bottle
lightspeed:20467573,2026-01-01,0.022813,ml,stowaway,bo-seed-stowaway,750ml,Year Wines 'Zagara' Orange 750ML
lightspeed:20467573,2026-01-02,0.022800,ml,stowaway,ls-recipe-seed,per L (invoice),Year Wines 'Zagara' Orange - Bottle
lightspeed:20471109,2026-01-02,0.002848,g,stowaway,ls-recipe-seed,per kg (invoice),Tomato Sauce
lightspeed:20483410,2026-01-01,0.073802,ml,stowaway,bo-seed-stowaway,700ml,Rooster Rojo Blanco Tequila 700ML
lightspeed:20483410,2026-07-14,0.073802,ml,stowaway,03729959,bottle (via ilg:360-1310),ROOSTER ROJO TEQUILA BLANCO
lightspeed:20483413,2026-01-01,0.071800,ml,stowaway,bo-seed-stowaway,5000ml,Massenez Triple Sec 5000ML
lightspeed:20483413,2026-01-02,0.067500,ml,stowaway,ls-recipe-seed,per L (invoice),Massenez Triple Sec [5L]
lightspeed:20483609,2026-01-02,0.030571,ml,stowaway,ls-recipe-seed,per L (invoice),Carpano Classico [750ml]
lightspeed:20484279,2026-01-01,0.063543,ml,stowaway,bo-seed-stowaway,700ml,Amaro Montenegro 700ML
lightspeed:20484282,2026-01-01,0.127343,ml,stowaway,bo-seed-stowaway,700ml,Angel's Envy Bourbon 700ML
lightspeed:20484285,2026-01-01,0.091457,ml,stowaway,bo-seed-stowaway,700ml,Antica Formula Rosso Vermouth 700ML
lightspeed:20484285,2026-07-14,0.091814,ml,stowaway,03729959,bottle (via ilg:175-0420),ANTICA FORMULA
lightspeed:20484286,2026-01-01,0.041543,ml,stowaway,bo-seed-stowaway,700ml,Aperol 700ML
lightspeed:20484286,2026-07-14,0.041545,ml,stowaway,03729959,bottle (via ilg:395-6785P),APEROL
lightspeed:20484292,2026-01-01,0.085227,ml,stowaway,bo-seed-stowaway,750ml,Archie Rose Signature Gin 750ML
lightspeed:20484685,2026-01-02,0.055000,ml,stowaway,ls-recipe-seed,per L (invoice),Bailey's Irish Cream 1L [Bottle]
lightspeed:20484688,2026-01-02,0.197500,ml,stowaway,ls-recipe-seed,per L (invoice),Balvenie 14yr Caribbean Cask [Bottle]
lightspeed:20484692,2026-01-01,0.033360,ml,stowaway,bo-seed-stowaway,750ml,Dolin Blanc Vermouth 750ML
lightspeed:20484721,2026-01-01,0.088086,ml,stowaway,bo-seed-stowaway,700ml,Belvedere Vodka 700ML
lightspeed:20484732,2026-01-01,342.0000,keg,stowaway,bo-seed-stowaway,keg,Big Sur IPA
lightspeed:20484732,2026-01-02,0.007015,ml,stowaway,ls-recipe-seed,per L (invoice),Big Sur IPA [Keg]
lightspeed:20484751,2026-01-01,0.075643,ml,stowaway,bo-seed-stowaway,700ml,Buffalo Trace Bourbon 700ML
lightspeed:20484751,2026-07-14,0.076586,ml,stowaway,03729959,bottle (via ilg:305-1949P),BUFFALO TRACE BOURBON 40%
lightspeed:20484753,2026-01-01,0.059700,ml,stowaway,bo-seed-stowaway,700ml,Campari 700ML
lightspeed:20484763,2026-01-01,0.036600,ml,stowaway,bo-seed-stowaway,5000ml,Regal Rogue Bold Red Vermouth 5000ML
lightspeed:20484772,2026-01-01,0.043071,ml,stowaway,bo-seed-stowaway,700ml,Braulio 700ML
lightspeed:20484779,2026-01-01,0.082886,ml,stowaway,bo-seed-stowaway,700ml,Brix White Rum 700ML
lightspeed:20484784,2026-01-01,4.1100,can,stowaway,bo-seed-stowaway,can,Fever-Tree Naturally Light Tonic
lightspeed:20484784,2026-01-02,0.008222,ml,stowaway,ls-recipe-seed,per L (invoice),Fever-Tree Naturally Light Tonic [Bottle]
lightspeed:20484922,2026-01-01,0.043614,ml,stowaway,bo-seed-stowaway,700ml,Dutshcke Pedro Ximenez 12yr Port 700ML
lightspeed:20484930,2026-01-01,0.050639,ml,stowaway,bo-seed-stowaway,20000ml,White Light Vodka 20000ML
lightspeed:20484930,2026-01-02,0.050667,ml,stowaway,ls-recipe-seed,per L (invoice),White Light Vodka [20L]
lightspeed:20484930,2026-06-09,0.050639,ml,harry_gatos,5362727,20000ml (via paramount:32051),WHITE LIGHT VODKA ORIGINAL : 20000ml
lightspeed:20484930,2026-06-30,0.050639,ml,harry_gatos,5408825,20000ml (via paramount:32051),WHITE LIGHT VODKA ORIGINAL : 20000ml
lightspeed:20484934,2026-01-01,0.047900,ml,stowaway,bo-seed-stowaway,1000ml,Kahlua 1000ML
lightspeed:20484934,2026-01-02,0.048000,ml,stowaway,ls-recipe-seed,per L (invoice),Kahlua [1L]
lightspeed:20484935,2026-01-02,0.020389,ml,stowaway,ls-recipe-seed,per L (invoice),Barrel One Coffee Concentrate [Bottle]
lightspeed:20484940,2026-01-02,0.400000,ml,stowaway,ls-recipe-seed,per L (invoice),Cocktail Sticker
lightspeed:20484956,2026-01-01,4.1100,can,stowaway,bo-seed-stowaway,can,Fever-Tree Mediterannean Tonic
lightspeed:20484956,2026-01-02,0.008593,ml,stowaway,ls-recipe-seed,per L (invoice),Fever-Tree Mediterannean Tonic [Bottle]
lightspeed:20485015,2026-01-01,0.040543,ml,stowaway,bo-seed-stowaway,700ml,Cynar 700ML
lightspeed:20485056,2026-01-01,0.082869,ml,stowaway,bo-seed-stowaway,750ml,Cri De Couer Pinot Noir 750ML
lightspeed:20485056,2026-01-02,0.082867,ml,stowaway,ls-recipe-seed,per L (invoice),Cri De Couer Pinot Noir - Bottle
lightspeed:20485056,2026-07-13,0.082869,ml,stowaway,SINV203712,bottle (via combined-wines:CCCPN750ML),CRITTENDEN CRI DE COEUR PINOT NOIR 750ML
lightspeed:20485738,2026-01-01,0.107143,ml,stowaway,bo-seed-stowaway,700ml,Casamigos Reposado Tequila 700ML
lightspeed:20487225,2026-01-01,0.075414,ml,stowaway,bo-seed-stowaway,700ml,Grand Marnier 700ML
lightspeed:20487225,2026-06-16,0.097720,ml,stowaway,03714643,500ml (via ilg:410-4472),GRAND MARNIER 500ML
lightspeed:20487234,2026-01-01,0.074743,ml,stowaway,bo-seed-stowaway,700ml,Cocchi Americano 700ML
lightspeed:20487237,2026-01-01,0.067829,ml,stowaway,bo-seed-stowaway,700ml,Mancino Sakura Vermouth 700ML
lightspeed:20487238,2026-01-01,0.082929,ml,stowaway,bo-seed-stowaway,700ml,Dom Benedictine 700ML
lightspeed:20487241,2026-01-01,0.039443,ml,stowaway,bo-seed-stowaway,700ml,Select Aperitivo 700ML
lightspeed:20487243,2026-01-01,0.092057,ml,stowaway,bo-seed-stowaway,700ml,Cazcabel Reposado Tequila 700ML
lightspeed:20487270,2026-01-01,0.104450,ml,stowaway,bo-seed-stowaway,200ml,Angostura Bitters 200ML
lightspeed:20487270,2026-01-02,0.100000,ml,stowaway,ls-recipe-seed,per L (invoice),Angostura Bitters [200ml]
lightspeed:20487286,2026-01-01,0.087547,ml,stowaway,bo-seed-stowaway,750ml,Four Pillars Bloody Shiraz 750ML
lightspeed:20487286,2026-01-02,0.094667,ml,stowaway,ls-recipe-seed,per L (invoice),Four Pillars Bloody Shiraz [Bottle]
lightspeed:20487298,2026-01-01,212.4400,keg,stowaway,bo-seed-stowaway,keg,Alehouse Draught Lager
lightspeed:20487298,2026-01-02,0.004303,ml,stowaway,ls-recipe-seed,per L (invoice),Alehouse Draught Lager [Keg]
lightspeed:20487298,2026-07-14,212.4400,keg,stowaway,03729959,keg (via ilg:122-2858),ALEHOUSE PREMIUM KEG
lightspeed:20487313,2026-01-02,0.003741,ml,stowaway,ls-recipe-seed,per L (invoice),Alehouse Summer Mid [Keg]
lightspeed:20487319,2026-01-01,0.050986,ml,stowaway,bo-seed-stowaway,700ml,Noilly Prat Dry Vermouth 700ML
lightspeed:20487319,2026-01-02,0.048000,ml,stowaway,ls-recipe-seed,per L (invoice),Noilly Prat Dry Vermouth [Bottle]
lightspeed:20487328,2026-01-02,0.003754,ml,stowaway,ls-recipe-seed,per L (invoice),De Bortoli Gold Seal Dry Red [15L]
lightspeed:20487331,2026-01-02,0.112583,ml,stowaway,ls-recipe-seed,per L (invoice),Gospel Solera Rye [Bottle]
lightspeed:20487426,2026-01-02,0.005839,ml,stowaway,ls-recipe-seed,per L (invoice),Grifter Pale [Keg]
lightspeed:20487447,2026-01-01,0.093500,ml,stowaway,bo-seed-stowaway,700ml,Hartshorn Sheep Whey Vodka 700ML
lightspeed:20487456,2026-01-01,0.065700,ml,stowaway,bo-seed-stowaway,700ml,Brookie's Mac. Liqueur 700ML
lightspeed:20487459,2026-01-01,0.020843,ml,stowaway,bo-seed-stowaway,700ml,Harveys Bristol Cream Sherry 700ML
lightspeed:20487459,2026-01-02,0.020000,ml,stowaway,ls-recipe-seed,per L (invoice),Harveys Bristol Cream Sherry [Bottle]
lightspeed:20487472,2026-01-01,0.089443,ml,stowaway,bo-seed-stowaway,700ml,Hendrick's Gin 700ML
lightspeed:20487488,2026-01-01,0.145786,ml,stowaway,bo-seed-stowaway,700ml,Illegal Reposado Mezcal 700ML
lightspeed:20487531,2026-01-01,0.070614,ml,stowaway,bo-seed-stowaway,700ml,Kraken Rum 700ML
lightspeed:20487546,2026-01-01,0.092386,ml,stowaway,bo-seed-stowaway,700ml,Lost Explorer Espadín Mezcal 700ML
lightspeed:20487547,2026-01-02,0.058000,ml,stowaway,ls-recipe-seed,per L (invoice),Massenez Lychee [5L]
lightspeed:20487567,2026-01-01,0.196200,ml,stowaway,bo-seed-stowaway,700ml,Macallan Sherry Oak 12yr 700ML
lightspeed:20487709,2026-01-01,0.064757,ml,stowaway,bo-seed-stowaway,700ml,Manly Spirits Limoncello 700ML
lightspeed:20487709,2026-01-02,0.071000,ml,stowaway,ls-recipe-seed,per L (invoice),Manly Spirits Limoncello [Bottle]
lightspeed:20487788,2026-01-01,0.054700,ml,stowaway,bo-seed-stowaway,700ml,Mr Black Coffee Liqueur 700ML
lightspeed:20487793,2026-01-02,0.060000,ml,stowaway,ls-recipe-seed,per L (invoice),Massenez Black Cacao [5L]
lightspeed:20487805,2026-01-01,0.139133,ml,stowaway,bo-seed-stowaway,150ml,Fee Bros Black Walnut Bitters 150ML
lightspeed:20487805,2026-01-02,0.150000,ml,stowaway,ls-recipe-seed,per L (invoice),Fee Bros Black Walnut Bitters [150ml]
lightspeed:20487812,2026-01-01,0.087229,ml,stowaway,bo-seed-stowaway,700ml,Myer's Jamaican Rum 700ML
lightspeed:20487829,2026-01-01,0.099286,ml,stowaway,bo-seed-stowaway,700ml,Never Never Oyster Shell Gin 700ML
lightspeed:20487836,2026-01-01,0.079029,ml,stowaway,bo-seed-stowaway,700ml,Monkey Shoulder Scotch 700ML
lightspeed:20487875,2026-01-02,0.005959,ml,stowaway,ls-recipe-seed,per L (invoice),Philter Red [Keg]
lightspeed:20487889,2026-01-01,0.060957,ml,stowaway,bo-seed-stowaway,700ml,Oscar.697 Bianco Vermouth 700ML
lightspeed:20487897,2026-01-01,0.041857,ml,stowaway,bo-seed-stowaway,700ml,Oscar.697 Rosso Vermouth 700ML
lightspeed:20487938,2026-01-02,0.005267,ml,stowaway,ls-recipe-seed,per L (invoice),Philter XPA [Keg]
lightspeed:20487946,2026-01-01,0.086900,ml,stowaway,bo-seed-stowaway,700ml,Plantation 3 Stars White Rum 700ML
lightspeed:20487949,2026-01-01,0.073271,ml,stowaway,bo-seed-stowaway,700ml,Appleton Rum 700ML
lightspeed:20487958,2026-01-01,0.095157,ml,stowaway,bo-seed-stowaway,700ml,Poor Tom's Strawberry Gin 700ML
lightspeed:20487958,2026-01-02,0.098778,ml,stowaway,ls-recipe-seed,per L (invoice),Poor Tom's Strawberry Gin [Bottle]
lightspeed:20487972,2026-01-01,0.112271,ml,stowaway,bo-seed-stowaway,700ml,Quiquiriqui Mezcal 700ML
lightspeed:20488005,2026-01-02,0.153690,ml,stowaway,ls-recipe-seed,per L (invoice),Zacapa Centenario 23yr [Bottle]
lightspeed:20488033,2026-01-02,0.053556,ml,stowaway,ls-recipe-seed,per L (invoice),Seadrift Coast [Bottle]
lightspeed:20492630,2026-01-01,0.069914,ml,stowaway,bo-seed-stowaway,700ml,St. Germain Elderflower Liqueur 700ML
lightspeed:20492634,2026-01-02,0.007296,ml,stowaway,ls-recipe-seed,per L (invoice),Status Quo [Keg]
lightspeed:20492637,2026-01-02,0.007677,ml,stowaway,ls-recipe-seed,per L (invoice),Stone & Wood [Keg]
lightspeed:20492640,2026-01-01,0.108700,ml,stowaway,bo-seed-stowaway,700ml,Chartreuse Yellow 700ML
lightspeed:20492640,2026-01-02,0.140000,ml,stowaway,ls-recipe-seed,per L (invoice),Chartreuse Yellow [Bottle]
lightspeed:20492642,2026-01-02,0.058537,ml,stowaway,ls-recipe-seed,per L (invoice),Massenez Wild Strawberry [750ml]
lightspeed:20492685,2026-01-02,0.052500,ml,stowaway,ls-recipe-seed,per L (invoice),Lyre's Italian Spritz [Bottle]
lightspeed:20492687,2026-01-01,0.016747,ml,stowaway,bo-seed-stowaway,750ml,Vinada Sparking Rosé 750ML
lightspeed:20492687,2026-01-02,0.020333,ml,stowaway,ls-recipe-seed,per L (invoice),Vinada Sparking Rosé [Bottle]
lightspeed:20492688,2026-01-01,0.061914,ml,stowaway,bo-seed-stowaway,700ml,Disaronno 700ML
lightspeed:20492689,2026-01-01,0.069914,ml,stowaway,bo-seed-stowaway,700ml,Domaine de Canton Ginger Liqueur 700ML
lightspeed:20492690,2026-01-01,0.094971,ml,stowaway,bo-seed-stowaway,700ml,Italicus Bergamot Liqueur 700ML
lightspeed:20492690,2026-01-02,0.093000,ml,stowaway,ls-recipe-seed,per L (invoice),Italicus Bergamot Liqueur [Bottle]
lightspeed:20492692,2026-01-02,0.066000,ml,stowaway,ls-recipe-seed,per L (invoice),Massenez Cacao Blanc [750ml]
lightspeed:20492694,2026-01-02,0.117000,ml,stowaway,ls-recipe-seed,per L (invoice),Tanqueray 10 [Bottle]
lightspeed:20492697,2026-01-01,0.141429,ml,stowaway,bo-seed-stowaway,700ml,Tequila Ocho Anejo 700ML
lightspeed:20492697,2026-01-02,0.141333,ml,stowaway,ls-recipe-seed,per L (invoice),Tequila Ocho Anejo [Bottle]
lightspeed:20492699,2026-01-01,0.084286,ml,stowaway,bo-seed-stowaway,700ml,Tilde Raw Vodka 700ML
lightspeed:20492701,2026-01-01,0.088471,ml,stowaway,bo-seed-stowaway,700ml,Tito's Vodka 700ML
lightspeed:20492701,2026-01-02,0.098000,ml,stowaway,ls-recipe-seed,per L (invoice),Tito's Vodka [Bottle]
lightspeed:20492707,2026-01-01,0.072471,ml,stowaway,bo-seed-stowaway,700ml,Chambord 700ML
lightspeed:20492707,2026-01-02,0.082000,ml,stowaway,ls-recipe-seed,per L (invoice),Chambord [Bottle]
lightspeed:20492716,2026-01-01,0.049986,ml,stowaway,bo-seed-stowaway,700ml,John D. Taylor's Velvet Falernum 700ML
lightspeed:20492747,2026-01-01,0.110571,ml,stowaway,bo-seed-stowaway,700ml,Wolf Lane Navy Gin 700ML
lightspeed:20492750,2026-01-01,0.136357,ml,stowaway,bo-seed-stowaway,700ml,Wray & Nephew's OR Rumbar OP Rum 700ML
lightspeed:20492757,2026-01-01,0.071357,ml,stowaway,bo-seed-stowaway,700ml,Cointreau 700ML
lightspeed:20496148,2026-01-02,0.006120,ml,stowaway,ls-recipe-seed,per L (invoice),Old Panther [Keg]
lightspeed:20512316,2026-01-02,0.095000,ml,stowaway,ls-recipe-seed,per L (invoice),Tempus Fugit Violette [Bottle]
lightspeed:20512320,2026-01-01,0.073457,ml,stowaway,bo-seed-stowaway,700ml,Luxardo Maraschino 700ML
lightspeed:20512320,2026-01-02,0.068250,ml,stowaway,ls-recipe-seed,per L (invoice),Luxardo Maraschino [Bottle]
lightspeed:20512408,2026-01-01,0.063971,ml,stowaway,bo-seed-stowaway,700ml,Germano Caetano Cachaça 700ML
lightspeed:20512408,2026-01-02,0.074083,ml,stowaway,ls-recipe-seed,per L (invoice),Germano Caetano Cachaça [Bottle]
lightspeed:20512418,2026-01-01,0.056443,ml,stowaway,bo-seed-stowaway,700ml,Joseph Cartron Apricot Brandy 700ML
lightspeed:20512418,2026-01-02,0.066667,ml,stowaway,ls-recipe-seed,per L (invoice),Joseph Cartron Apricot Brandy [Bottle]
lightspeed:20512419,2026-01-01,0.082771,ml,stowaway,bo-seed-stowaway,700ml,Brookie's Slow Gin 700ML
lightspeed:20512419,2026-01-02,0.082667,ml,stowaway,ls-recipe-seed,per L (invoice),Brookie's Slow Gin [Bottle]
lightspeed:20512429,2026-01-01,0.037067,ml,stowaway,bo-seed-stowaway,750ml,Lillet Blanc Aperitif 750ML
lightspeed:20512429,2026-01-02,0.037167,ml,stowaway,ls-recipe-seed,per L (invoice),Lillet Blanc Aperitif [Bottle]
lightspeed:20512452,2026-01-02,0.064750,ml,stowaway,ls-recipe-seed,per L (invoice),Bols Genever [Bottle]
lightspeed:20512724,2026-01-01,0.050243,ml,stowaway,bo-seed-stowaway,700ml,Pimm's Aperitif 700ML
lightspeed:20512724,2026-01-02,0.064167,ml,stowaway,ls-recipe-seed,per L (invoice),Pimm's Aperitif [Bottle]
lightspeed:20512731,2026-01-02,0.112667,ml,stowaway,ls-recipe-seed,per L (invoice),Barsol Pisco [Bottle]
lightspeed:20512800,2026-01-01,0.054743,ml,stowaway,bo-seed-stowaway,700ml,St. Remy Brandy 700ML
lightspeed:20512800,2026-01-02,0.065778,ml,stowaway,ls-recipe-seed,per L (invoice),St. Remy Brandy [Bottle]
lightspeed:20564869,2026-01-02,0.375000,ml,stowaway,ls-recipe-seed,per L (invoice),Lemon
lightspeed:20645869,2026-01-01,377.3000,keg,stowaway,bo-seed-stowaway,keg,Crankshaft IPA
lightspeed:20645869,2026-01-02,0.007548,ml,stowaway,ls-recipe-seed,per L (invoice),Crankshaft IPA [Keg]
lightspeed:20645881,2026-01-01,0.104907,ml,stowaway,bo-seed-stowaway,750ml,Veuve Clicquot Yellow Label 750ML
lightspeed:20645881,2026-01-02,0.107673,ml,stowaway,ls-recipe-seed,per L (invoice),Veuve Clicquot Yellow Label - Bottle
lightspeed:20645902,2026-01-01,0.023880,ml,stowaway,bo-seed-stowaway,750ml,Unico Zelo Terra Cotta 750ML
lightspeed:20645909,2026-01-02,0.023067,ml,stowaway,ls-recipe-seed,per L (invoice),Dragonfly Grenache - Bottle
lightspeed:20645912,2026-01-01,0.128571,ml,stowaway,bo-seed-stowaway,700ml,Travelling While Standing Still Gin 700ML
lightspeed:20645919,2026-01-01,0.090686,ml,stowaway,bo-seed-stowaway,700ml,Gosling's Black Rum 700ML
lightspeed:20655236,2026-01-01,0.023414,ml,stowaway,bo-seed-stowaway,750ml,Geppetto Pinot Noir 750ML
lightspeed:20655236,2026-01-02,0.023400,ml,stowaway,ls-recipe-seed,per L (invoice),Geppetto Pinot Noir - Bottle
lightspeed:20655236,2026-07-13,0.023414,ml,stowaway,SINV203712,bottle (via combined-wines:CGPN750ML),CRITTENDEN GEPPETTO PINOT NOIR 750ML
lightspeed:20655236,2026-07-27,0.023413,ml,stowaway,SINV204085,bottle (via combined-wines:CGPN750ML),CRITTENDEN GEPPETTO PINOT NOIR 750ML
lightspeed:20655376,2026-01-01,0.046107,ml,stowaway,bo-seed-stowaway,750ml,De La Grosse Beaujolais 750ML
lightspeed:20691638,2026-01-01,2.4600,can,harry_gatos,bo-seed-harry_gatos,can,Heaps Normal Quiet XPA
lightspeed:20691643,2026-01-01,2.3400,can,harry_gatos,bo-seed-harry_gatos,can,Bintang
lightspeed:20691644,2026-01-01,4.6900,can,harry_gatos,bo-seed-harry_gatos,can,Tsingtao Longneck
lightspeed:20691646,2026-01-01,2.5400,can,harry_gatos,bo-seed-harry_gatos,can,Corona
lightspeed:20691647,2026-01-01,2.2900,can,harry_gatos,bo-seed-harry_gatos,can,Kaiju Hazy Pale [HG]
lightspeed:20691649,2026-01-01,3.0000,can,harry_gatos,bo-seed-harry_gatos,can,Philter Old Ale [HG]
lightspeed:20691651,2026-01-01,2.1800,can,harry_gatos,bo-seed-harry_gatos,can,Asahi 3.5%
lightspeed:20700602,2026-01-01,0.011693,ml,harry_gatos,bo-seed-harry_gatos,750ml,Angas & Bremer Grenache 750ML
lightspeed:20700616,2026-01-01,0.011693,ml,harry_gatos,bo-seed-harry_gatos,750ml,Angas & Bremer Rosé 750ML
lightspeed:20700620,2026-01-01,0.015333,ml,harry_gatos,bo-seed-harry_gatos,750ml,Palloncino Prosecco 750ML
lightspeed:20700625,2026-01-01,0.017907,ml,harry_gatos,bo-seed-harry_gatos,750ml,Esoterico Orange 750ML
lightspeed:20700630,2026-01-01,0.020757,ml,harry_gatos,bo-seed-harry_gatos,750ml,Geppetto Chardonnay 750ML
lightspeed:20700634,2026-01-01,0.024000,ml,harry_gatos,bo-seed-harry_gatos,750ml,L'esprit Rosé 750ML
lightspeed:20700639,2026-01-01,0.018667,ml,harry_gatos,bo-seed-harry_gatos,750ml,Azurescens Pinot Noir 750ML
lightspeed:20700643,2026-01-01,0.017333,ml,harry_gatos,bo-seed-harry_gatos,750ml,Kuku Sauv Blanc 750ML
lightspeed:20700646,2026-01-01,0.018667,ml,harry_gatos,bo-seed-harry_gatos,750ml,From Sundays Shiraz 750ML
lightspeed:20700650,2026-01-01,0.013400,ml,harry_gatos,bo-seed-harry_gatos,750ml,River Retreat Pinot Grigio 750ML
lightspeed:20710023,2026-01-01,0.048100,ml,stowaway,bo-seed-stowaway,700ml,Frangelico 700ML
lightspeed:20727759,2026-01-01,0.082357,ml,stowaway,bo-seed-stowaway,700ml,Pierre Ferrand Dry Curacao 700ML
lightspeed:20727770,2026-01-01,0.006686,ml,stowaway,bo-seed-stowaway,700ml,Bickfords Raspberry Cordial 700ML
lightspeed:20727770,2026-01-02,0.006833,ml,stowaway,ls-recipe-seed,per L (invoice),Bickfords Raspberry Cordial [Bottle]
lightspeed:20727774,2026-01-02,0.200000,ml,stowaway,ls-recipe-seed,per L (invoice),Bittermen's Burlesque Bitters
lightspeed:20727779,2026-01-01,0.037186,ml,stowaway,bo-seed-stowaway,700ml,Bittermen's Tiki Bitters 700ML
lightspeed:20727779,2026-01-02,0.240000,ml,stowaway,ls-recipe-seed,per L (invoice),Bittermen's Tiki Bitters [Bottle]
lightspeed:20727873,2026-01-01,0.053257,ml,stowaway,bo-seed-stowaway,700ml,St. Felix Bitter Aperitivo 700ML
lightspeed:20727954,2026-01-01,0.054400,ml,stowaway,bo-seed-stowaway,700ml,De Kuyper Butterscotch Schnapps 700ML
lightspeed:20727968,2026-01-01,0.054443,ml,stowaway,bo-seed-stowaway,700ml,De Kuyper Peach Schnapps 700ML
lightspeed:20728346,2026-01-01,0.021787,ml,stowaway,bo-seed-stowaway,750ml,Sibiliana Nero D'Avola 750ML
lightspeed:20728346,2026-01-02,0.021800,ml,stowaway,ls-recipe-seed,per L (invoice),Sibiliana Nero D'Avola - Bottle
lightspeed:20728902,2026-01-01,0.022307,ml,stowaway,bo-seed-stowaway,750ml,Casa Gheller Prosecco 750ML
lightspeed:20728902,2026-01-02,0.022320,ml,stowaway,ls-recipe-seed,per L (invoice),Casa Gheller Prosecco - Bottle
lightspeed:20729545,2026-01-01,0.148943,ml,stowaway,bo-seed-stowaway,700ml,Michter's Bourbon 700ML
lightspeed:20729559,2026-01-01,0.055760,ml,stowaway,bo-seed-stowaway,750ml,Massenez Framboise Raspberry 750ML
lightspeed:20744436,2026-01-01,0.063543,ml,harry_gatos,bo-seed-harry_gatos,700ml,Amaro Montenegro 700ML
lightspeed:20744437,2026-01-01,0.034457,ml,harry_gatos,bo-seed-harry_gatos,700ml,Aperol 700ML
lightspeed:20744438,2026-01-01,0.085227,ml,harry_gatos,bo-seed-harry_gatos,750ml,Archie Rose Signature Gin 750ML
lightspeed:20744442,2026-01-01,0.079714,ml,harry_gatos,bo-seed-harry_gatos,700ml,Belvedere Vodka 700ML
lightspeed:20744445,2026-01-01,0.069500,ml,harry_gatos,bo-seed-harry_gatos,700ml,Buffalo Trace Bourbon 700ML
lightspeed:20744446,2026-01-01,0.051214,ml,harry_gatos,bo-seed-harry_gatos,700ml,Campari 700ML
lightspeed:20744453,2026-01-01,0.095257,ml,harry_gatos,bo-seed-harry_gatos,700ml,Hendrick's Gin 700ML
lightspeed:20744457,2026-01-01,0.062986,ml,harry_gatos,bo-seed-harry_gatos,700ml,Kahlúa Coffee Liqueur 700ML
lightspeed:20744458,2026-01-01,0.065614,ml,harry_gatos,bo-seed-harry_gatos,700ml,Kraken Rum 700ML
lightspeed:20744459,2026-01-01,0.092386,ml,harry_gatos,bo-seed-harry_gatos,700ml,Lost Explorer Espadín Mezcal 700ML
lightspeed:20744460,2026-01-01,0.067543,ml,harry_gatos,bo-seed-harry_gatos,700ml,Mancino Sakura Vermouth 700ML
lightspeed:20744462,2026-01-01,0.080257,ml,harry_gatos,bo-seed-harry_gatos,700ml,Monkey Shoulder Scotch 700ML
lightspeed:20744464,2026-01-01,0.058143,ml,harry_gatos,bo-seed-harry_gatos,700ml,Mr Black Coffee Liqueur 700ML
lightspeed:20744465,2026-01-01,0.041857,ml,harry_gatos,bo-seed-harry_gatos,700ml,Oscar.697 Rosso Vermouth 700ML
lightspeed:20744468,2026-01-01,0.013518,ml,harry_gatos,bo-seed-harry_gatos,4500ml,Plantation 3 Stars White Rum 4500ML
lightspeed:20744469,2026-01-01,0.073271,ml,harry_gatos,bo-seed-harry_gatos,700ml,Appleton Rum 700ML
lightspeed:20744471,2026-01-01,0.065471,ml,harry_gatos,bo-seed-harry_gatos,700ml,Rooster Blanco Tequila 700ML
lightspeed:20744475,2026-01-01,0.069914,ml,harry_gatos,bo-seed-harry_gatos,700ml,St. Germain Elderflower Liqueur 700ML
lightspeed:20744476,2026-01-01,0.102714,ml,harry_gatos,bo-seed-harry_gatos,700ml,Tanqueray 10 Gin 700ML
lightspeed:20744477,2026-01-01,0.050138,ml,harry_gatos,bo-seed-harry_gatos,20000ml,White Light Pure Vodka 20000ML
lightspeed:20744549,2026-01-01,185.0000,keg,harry_gatos,bo-seed-harry_gatos,keg,Alehouse Premium Lager
lightspeed:20744653,2026-01-01,0.073814,ml,harry_gatos,bo-seed-harry_gatos,700ml,Roku Gin 700ML
lightspeed:20744658,2026-01-01,0.065971,ml,harry_gatos,bo-seed-harry_gatos,700ml,Haku Vodka 700ML
lightspeed:20744666,2026-01-01,0.031560,ml,harry_gatos,bo-seed-harry_gatos,750ml,Dolin Rouge Vermouth 750ML
lightspeed:20744670,2026-01-01,0.054671,ml,harry_gatos,bo-seed-harry_gatos,700ml,Punt e Mes Vermouth 700ML
lightspeed:20744688,2026-01-01,0.102857,ml,harry_gatos,bo-seed-harry_gatos,700ml,Calle 23 Blanco Tequila 700ML
lightspeed:20747507,2026-01-01,0.061914,ml,harry_gatos,bo-seed-harry_gatos,700ml,Disaronno 700ML
lightspeed:20747514,2026-01-01,0.006700,ml,harry_gatos,bo-seed-harry_gatos,200ml,Angostura Bitters 200ml 200ML
lightspeed:20747682,2026-01-01,0.073457,ml,harry_gatos,bo-seed-harry_gatos,700ml,Luxardo Maraschino 700ML
lightspeed:20747701,2026-01-01,0.072471,ml,harry_gatos,bo-seed-harry_gatos,700ml,Chambord 700ML
lightspeed:20750112,2026-01-01,0.127343,ml,harry_gatos,bo-seed-harry_gatos,700ml,Angel's Envy Bourbon 700ML
lightspeed:20750118,2026-01-01,0.043071,ml,harry_gatos,bo-seed-harry_gatos,700ml,Braulio 700ML
lightspeed:20750119,2026-01-01,0.082886,ml,harry_gatos,bo-seed-harry_gatos,700ml,Brix White Rum 700ML
lightspeed:20750121,2026-01-01,0.082771,ml,harry_gatos,bo-seed-harry_gatos,700ml,Brookie's Slow Gin 700ML
lightspeed:20750125,2026-01-01,0.092057,ml,harry_gatos,bo-seed-harry_gatos,700ml,Cazcabel Reposado Tequila 700ML
lightspeed:20750127,2026-01-01,0.108700,ml,harry_gatos,bo-seed-harry_gatos,700ml,Chartreuse Yellow 700ML
lightspeed:20750132,2026-01-01,0.074743,ml,harry_gatos,bo-seed-harry_gatos,700ml,Cocchi Americano 700ML
lightspeed:20750133,2026-01-01,0.071357,ml,harry_gatos,bo-seed-harry_gatos,700ml,Cointreau 700ML
lightspeed:20750136,2026-01-01,0.040543,ml,harry_gatos,bo-seed-harry_gatos,700ml,Cynar 700ML
lightspeed:20750138,2026-01-01,0.054400,ml,harry_gatos,bo-seed-harry_gatos,700ml,De Kuyper Butterscotch Schnapps 700ML
lightspeed:20750139,2026-01-01,0.054443,ml,harry_gatos,bo-seed-harry_gatos,700ml,De Kuyper Peach Schnapps 700ML
lightspeed:20750140,2026-01-01,0.082929,ml,harry_gatos,bo-seed-harry_gatos,700ml,Dom Benedictine 700ML
lightspeed:20750141,2026-01-01,0.069914,ml,harry_gatos,bo-seed-harry_gatos,700ml,Domaine de Canton Ginger Liqueur 700ML
lightspeed:20750145,2026-01-01,2.6100,can,harry_gatos,bo-seed-harry_gatos,can,Fever-Tree Naturally Light Tonic
lightspeed:20750146,2026-01-01,2.6100,can,harry_gatos,bo-seed-harry_gatos,can,Fever-Tree Mediterannean Tonic
lightspeed:20750150,2026-01-01,0.048100,ml,harry_gatos,bo-seed-harry_gatos,700ml,Frangelico 700ML
lightspeed:20750155,2026-01-01,0.075414,ml,harry_gatos,bo-seed-harry_gatos,700ml,Grand Marnier 700ML
lightspeed:20750156,2026-01-01,0.093500,ml,harry_gatos,bo-seed-harry_gatos,700ml,Hartshorn Sheep Whey Vodka 700ML
lightspeed:20750157,2026-01-01,0.020843,ml,harry_gatos,bo-seed-harry_gatos,700ml,Harveys Bristol Cream Sherry 700ML
lightspeed:20750159,2026-01-01,0.145786,ml,harry_gatos,bo-seed-harry_gatos,700ml,Illegal Reposado Mezcal 700ML
lightspeed:20750160,2026-01-01,0.094971,ml,harry_gatos,bo-seed-harry_gatos,700ml,Italicus Bergamot Liqueur 700ML
lightspeed:20750161,2026-01-01,0.049986,ml,harry_gatos,bo-seed-harry_gatos,700ml,John D. Taylor's Velvet Falernum 700ML
lightspeed:20750162,2026-01-01,0.064571,ml,harry_gatos,bo-seed-harry_gatos,700ml,Joseph Cartron Apricot Brandy 700ML
lightspeed:20750167,2026-01-01,0.037067,ml,harry_gatos,bo-seed-harry_gatos,750ml,Lillet Blanc Aperitif 750ML
lightspeed:20750169,2026-01-01,0.065700,ml,harry_gatos,bo-seed-harry_gatos,700ml,Mac. Liqueur by Brookie's 700ML
lightspeed:20750170,2026-01-01,0.196200,ml,harry_gatos,bo-seed-harry_gatos,700ml,Macallan Sherry Oak 12yr 700ML
lightspeed:20750171,2026-01-01,0.148943,ml,harry_gatos,bo-seed-harry_gatos,700ml,Michter's Bourbon 700ML
lightspeed:20750174,2026-01-01,0.087229,ml,harry_gatos,bo-seed-harry_gatos,700ml,Myer's Jamaican Rum 700ML
lightspeed:20750175,2026-01-01,0.099286,ml,harry_gatos,bo-seed-harry_gatos,700ml,Never Never Oyster Shell Gin 700ML
lightspeed:20750176,2026-01-01,0.050986,ml,harry_gatos,bo-seed-harry_gatos,700ml,Noilly Prat Dry Vermouth 700ML
lightspeed:20750178,2026-01-01,0.060957,ml,harry_gatos,bo-seed-harry_gatos,700ml,Oscar.697 Bianco Vermouth 700ML
lightspeed:20750180,2026-01-01,0.082357,ml,harry_gatos,bo-seed-harry_gatos,700ml,Pierre Ferrand Dry Curacao 700ML
lightspeed:20750181,2026-01-01,0.050243,ml,harry_gatos,bo-seed-harry_gatos,700ml,Pimm's Aperitif 700ML
lightspeed:20750182,2026-01-01,0.101943,ml,harry_gatos,bo-seed-harry_gatos,700ml,Poor Tom's Strawberry Gin 700ML
lightspeed:20750183,2026-01-01,0.112271,ml,harry_gatos,bo-seed-harry_gatos,700ml,Quiquiriqui Mezcal 700ML
lightspeed:20750187,2026-01-01,0.039443,ml,harry_gatos,bo-seed-harry_gatos,700ml,Select Aperitivo 700ML
lightspeed:20750188,2026-01-01,0.054743,ml,harry_gatos,bo-seed-harry_gatos,700ml,St. Remy Brandy 700ML
lightspeed:20750189,2026-01-01,0.059057,ml,harry_gatos,bo-seed-harry_gatos,700ml,Stow Vermouth Blend 700ML
lightspeed:20750193,2026-01-01,0.141429,ml,harry_gatos,bo-seed-harry_gatos,700ml,Tequila Ocho Anejo 700ML
lightspeed:20750194,2026-01-01,0.084286,ml,harry_gatos,bo-seed-harry_gatos,700ml,Tilde Raw Vodka 700ML
lightspeed:20750195,2026-01-01,0.088471,ml,harry_gatos,bo-seed-harry_gatos,700ml,Tito's Vodka 700ML
lightspeed:20750197,2026-01-01,0.016747,ml,harry_gatos,bo-seed-harry_gatos,750ml,Vinada Sparking Chardonnay 750ML
lightspeed:20750198,2026-01-01,0.110571,ml,harry_gatos,bo-seed-harry_gatos,700ml,Wolf Lane Navy Gin 700ML
lightspeed:20750199,2026-01-01,0.136357,ml,harry_gatos,bo-seed-harry_gatos,700ml,Wray & Nephew's OR Rumbar OP Rum 700ML
lightspeed:20750233,2026-01-01,0.054016,ml,harry_gatos,bo-seed-harry_gatos,5000ml,Massenez Triple Sec 5000ML
lightspeed:20767725,2026-01-01,0.024067,ml,harry_gatos,bo-seed-harry_gatos,750ml,Trutta Streamside Shiraz [HG] 750ML
lightspeed:20768342,2026-01-01,0.053257,ml,harry_gatos,bo-seed-harry_gatos,700ml,St. Felix Bitter Aperitivo 700ML
lightspeed:20786711,2026-01-02,0.008824,ml,stowaway,ls-recipe-seed,per L (invoice),Kirin [Keg]
lightspeed:20810699,2026-01-01,0.062857,ml,harry_gatos,bo-seed-harry_gatos,700ml,Kunizakari Umeshu 700ML
lightspeed:20961451,2026-01-01,0.085329,ml,stowaway,bo-seed-stowaway,700ml,Cocchi Chinato 700ML
lightspeed:21003109,2026-01-01,0.109871,ml,harry_gatos,bo-seed-harry_gatos,700ml,Jinzu Gin 700ML
lightspeed:21003110,2026-01-01,0.103671,ml,harry_gatos,bo-seed-harry_gatos,700ml,Opihr Spiced Gin 700ML
lightspeed:21019883,2026-01-02,0.050000,ml,stowaway,ls-recipe-seed,per L (invoice),Dehydrated Jalapeño Garnish
lightspeed:21019999,2026-01-02,0.092308,g,stowaway,ls-recipe-seed,per kg (invoice),Dehydrated Lime Garnish
lightspeed:21020008,2026-01-02,0.013692,g,stowaway,ls-recipe-seed,per kg (invoice),Flake Salt [6kg Box]
lightspeed:21020155,2026-01-02,0.015333,g,stowaway,ls-recipe-seed,per kg (invoice),Coconut Oil Macro [Jar]
lightspeed:21020214,2026-01-02,0.100000,ml,stowaway,ls-recipe-seed,per L (invoice),Organic Vanilla Extract [500ml]
lightspeed:21020232,2026-01-02,0.020000,g,stowaway,ls-recipe-seed,per kg (invoice),Coffee Beans [1kg]
lightspeed:21050700,2026-01-01,1.8900,can,harry_gatos,bo-seed-harry_gatos,can,Coke Can
lightspeed:21050703,2026-01-01,1.4700,can,harry_gatos,bo-seed-harry_gatos,can,Sprite Can
lightspeed:21050706,2026-01-01,2.3200,can,harry_gatos,bo-seed-harry_gatos,can,San Pellegrino 500ml
lightspeed:21299452,2026-01-02,0.008112,ml,stowaway,ls-recipe-seed,per L (invoice),Little Dragon Ginger Beer [Keg]
lightspeed:21319585,2026-01-01,4.3100,can,harry_gatos,bo-seed-harry_gatos,can,Hyoketsu Lemon [HG]
lightspeed:21749602,2026-01-01,0.043667,ml,stowaway,bo-seed-stowaway,750ml,Whispering Angel Rosé 750ML
lightspeed:21749602,2026-01-02,0.046127,ml,stowaway,ls-recipe-seed,per L (invoice),Whispering Angel Rosé - Bottle
lightspeed:21750311,2026-01-01,0.033667,ml,harry_gatos,bo-seed-harry_gatos,360ml,Jinro Chamisul - 360ml 360ML
lightspeed:21750316,2026-01-01,0.031750,ml,harry_gatos,bo-seed-harry_gatos,360ml,Jinro Strawberry - 360ml 360ML
lightspeed:21925753,2026-01-01,0.032267,ml,harry_gatos,bo-seed-harry_gatos,750ml,Ottelia Cab Sav 750ML
lightspeed:21925781,2026-01-01,0.023760,ml,harry_gatos,bo-seed-harry_gatos,750ml,Padrillos Malbec 750ML
lightspeed:21939293,2026-01-01,3.4861,can,stowaway,bo-seed-stowaway,can,Little Dragon Can
lightspeed:21999746,2026-01-02,0.041556,ml,stowaway,ls-recipe-seed,per L (invoice),Havana 3yr [700ml]
lightspeed:21999769,2026-01-01,1.8463,can,stowaway,bo-seed-stowaway,can,Peroni 0%
lightspeed:22001021,2026-01-01,0.022086,ml,stowaway,bo-seed-stowaway,750ml,Year Wines Fiano 750ML
lightspeed:22001021,2026-01-02,0.028473,ml,stowaway,ls-recipe-seed,per L (invoice),Year Wines Fiano - Bottle
lightspeed:22081691,2026-01-02,0.006522,ml,stowaway,ls-recipe-seed,per L (invoice),Grifter Serpents Kiss [Keg]
lightspeed:22169779,2026-01-01,0.169914,ml,stowaway,bo-seed-stowaway,700ml,Hine Rare VSOP Cognac 700ML
lightspeed:22267080,2026-01-02,0.006261,ml,stowaway,ls-recipe-seed,per L (invoice),Hills Cider [Keg]
lightspeed:22296524,2026-01-02,0.004150,ml,stowaway,ls-recipe-seed,per L (invoice),Hyoketsu Lemon [Keg]
lightspeed:22384136,2026-01-01,3.3783,can,harry_gatos,bo-seed-harry_gatos,can,Little Dragon Ginger Beer Can
lightspeed:22442023,2026-01-01,0.034833,ml,stowaway,bo-seed-stowaway,750ml,Dolin Rouge Vermouth 750ML
lightspeed:22479979,2026-01-02,0.011761,g,stowaway,ls-recipe-seed,per kg (invoice),Big Cheese - Shredded Mozzarella [2kg]
lightspeed:22480046,2026-01-02,0.045714,g,stowaway,ls-recipe-seed,per kg (invoice),Prosciutto Sliced [500g]
lightspeed:22480081,2026-01-02,0.011667,g,stowaway,ls-recipe-seed,per kg (invoice),Baby Spinach [1.5Kg]
lightspeed:22480095,2026-01-02,0.013670,g,stowaway,ls-recipe-seed,per kg (invoice),Chorizo [1Kg]
lightspeed:22480103,2026-01-02,0.015250,g,stowaway,ls-recipe-seed,per kg (invoice),Basil Pesto [1.9Kg]
lightspeed:22480112,2026-01-02,0.003137,g,stowaway,ls-recipe-seed,per kg (invoice),Jalapenos [3Kg]
lightspeed:22480144,2026-01-02,0.003864,g,stowaway,ls-recipe-seed,per kg (invoice),Char-grilled Caps [4.1Kg]
lightspeed:22480147,2026-01-02,0.002766,g,stowaway,ls-recipe-seed,per kg (invoice),Zucchini [1Kg]
lightspeed:22480169,2026-01-02,0.025060,g,stowaway,ls-recipe-seed,per kg (invoice),Harissa Prawns [7Kg]
lightspeed:22488943,2026-01-02,0.014000,g,stowaway,ls-recipe-seed,per kg (invoice),Pineapple Cut Squid [5kg]
lightspeed:22488947,2026-01-02,0.008300,ml,stowaway,ls-recipe-seed,per L (invoice),lime juice
lightspeed:22491319,2026-01-02,0.019040,g,stowaway,ls-recipe-seed,per kg (invoice),J.J. Beef [Top Side Kg]
lightspeed:22491356,2026-01-02,0.008333,g,stowaway,ls-recipe-seed,per kg (invoice),Cherry Tom [250g/Punnet]
lightspeed:22491471,2026-01-02,0.016303,g,stowaway,ls-recipe-seed,per kg (invoice),Grilled Chicken [Kg]
lightspeed:22491666,2026-01-02,0.001742,g,stowaway,ls-recipe-seed,per kg (invoice),Brown Onions [20kg]
lightspeed:22491679,2026-01-02,0.005952,g,stowaway,ls-recipe-seed,per kg (invoice),Pineapple pizza [9Kg]
lightspeed:22491688,2026-01-02,0.010000,g,stowaway,ls-recipe-seed,per kg (invoice),Mixed Olives [6Kg]
lightspeed:22491689,2026-01-02,0.006444,g,stowaway,ls-recipe-seed,per kg (invoice),Bacon pizza [5Kg]
lightspeed:22491710,2026-01-02,0.004736,g,stowaway,ls-recipe-seed,per kg (invoice),Roma Tomato [box]
lightspeed:22491831,2026-01-02,0.025000,g,stowaway,ls-recipe-seed,per kg (invoice),Pizza Beef Brisket [Kg]
lightspeed:22508452,2026-01-02,0.006650,ml,stowaway,ls-recipe-seed,per L (invoice),Liquid Nitrogen [10L]
lightspeed:22510270,2026-01-02,0.005667,g,stowaway,ls-recipe-seed,per kg (invoice),Slaw
lightspeed:22514068,2026-01-02,0.009028,g,stowaway,ls-recipe-seed,per kg (invoice),Mushrooms Ragu
lightspeed:22514075,2026-01-02,0.001042,g,stowaway,ls-recipe-seed,per kg (invoice),Caramelised Onion
lightspeed:22514089,2026-01-02,0.020690,g,stowaway,ls-recipe-seed,per kg (invoice),Vegan Shredded Cheese [500g]
lightspeed:22514090,2026-01-02,0.016546,g,stowaway,ls-recipe-seed,per kg (invoice),Walnuts [1kg]
lightspeed:22514091,2026-01-02,0.070000,ml,stowaway,ls-recipe-seed,per L (invoice),Truffole Oil [250ml]
lightspeed:22514094,2026-01-02,0.013333,g,stowaway,ls-recipe-seed,per kg (invoice),Baby Rocket
lightspeed:22514113,2026-01-02,0.012553,g,stowaway,ls-recipe-seed,per kg (invoice),Pizza Eggplant
lightspeed:22514234,2026-01-02,0.002600,ml,stowaway,ls-recipe-seed,per L (invoice),Vegetable Oil
lightspeed:22514239,2026-01-02,0.005520,g,stowaway,ls-recipe-seed,per kg (invoice),Pizza Yeast
lightspeed:22514324,2026-01-02,0.028880,g,stowaway,ls-recipe-seed,per kg (invoice),Parsley
lightspeed:22514326,2026-01-02,0.030000,g,stowaway,ls-recipe-seed,per kg (invoice),Oregano Leaves Rubbed - Torino
lightspeed:22514330,2026-01-02,0.006000,g,stowaway,ls-recipe-seed,per kg (invoice),Tomato Paste
lightspeed:22523805,2026-01-02,0.020000,g,stowaway,ls-recipe-seed,per kg (invoice),Chilli Flakes
lightspeed:22524073,2026-01-02,0.006500,g,stowaway,ls-recipe-seed,per kg (invoice),Mayo [plain]
lightspeed:22524104,2026-01-02,0.003990,ml,stowaway,ls-recipe-seed,per L (invoice),Balsamic Vinegar [5L]
lightspeed:22524105,2026-01-02,0.009477,ml,stowaway,ls-recipe-seed,per L (invoice),Olive Oil [4L]
lightspeed:22524108,2026-01-02,0.001167,g,stowaway,ls-recipe-seed,per kg (invoice),Red Chilli [$10/Kg]
lightspeed:22524134,2026-01-02,0.004400,g,stowaway,ls-recipe-seed,per kg (invoice),Peeled Garlic [1Kg]
lightspeed:22533151,2026-01-02,0.023875,g,stowaway,ls-recipe-seed,per kg (invoice),Tandoori Paste [1.25Kg]
lightspeed:22575956,2026-01-01,0.111900,ml,stowaway,bo-seed-stowaway,700ml,818 Tequila Blanco 700ML
lightspeed:22614595,2026-01-01,3.9600,can,stowaway,bo-seed-stowaway,can,Hard Rated Can
lightspeed:22684315,2026-01-02,0.004833,ml,stowaway,ls-recipe-seed,per L (invoice),Massenez Elderflower [5L]
lightspeed:22795730,2026-01-01,4.9900,can,harry_gatos,bo-seed-harry_gatos,can,Two Bays GF Rice Lager Can [HG]
lightspeed:22796313,2026-01-02,0.003871,g,stowaway,ls-recipe-seed,per kg (invoice),Black Beans [7.8kg]
lightspeed:22843720,2026-01-02,0.002989,ml,stowaway,ls-recipe-seed,per L (invoice),East Coast Grapefruit [2L]
lightspeed:22843745,2026-01-02,0.002548,g,stowaway,ls-recipe-seed,per kg (invoice),Bundaberg White Sugar [25kg]
lightspeed:22843971,2026-01-02,0.015164,g,stowaway,ls-recipe-seed,per kg (invoice),Malic Acid [1kg]
lightspeed:22843972,2026-01-02,0.005556,g,stowaway,ls-recipe-seed,per kg (invoice),Citric Acid [20kg]
lightspeed:22843990,2026-01-02,0.028000,ml,stowaway,ls-recipe-seed,per L (invoice),Coco Lopez [Can]
lightspeed:22844058,2026-01-02,0.003471,ml,stowaway,ls-recipe-seed,per L (invoice),East Coast Pineapple Juice [2L]
lightspeed:22844065,2026-01-02,0.003297,ml,stowaway,ls-recipe-seed,per L (invoice),East Coast Apple Juice [2L]
lightspeed:22844068,2026-01-02,0.004059,ml,stowaway,ls-recipe-seed,per L (invoice),East Coast Cranberry Juice [2L]
lightspeed:22844123,2026-01-02,0.002824,ml,stowaway,ls-recipe-seed,per L (invoice),East Coast Orange Juice [2L]
lightspeed:22865351,2026-01-01,0.142843,ml,stowaway,bo-seed-stowaway,700ml,Luxardo Bianco 700ML
lightspeed:22865362,2026-01-01,0.098100,ml,stowaway,bo-seed-stowaway,700ml,Ancho Reyes Chilli Liqueur 700ML
lightspeed:22865362,2026-01-02,0.091429,ml,stowaway,ls-recipe-seed,per L (invoice),Ancho Reyes Chilli Liqueur [Bottle]
lightspeed:22873696,2026-01-02,0.064222,ml,stowaway,ls-recipe-seed,per L (invoice),Massenez Mango Liqueur [5L Cask]
lightspeed:22888608,2026-01-02,0.020400,g,stowaway,ls-recipe-seed,per kg (invoice),Chicken Schnitzel Breast Crumbed 150g (6kg/Ctn)
lightspeed:22888614,2026-01-02,0.013900,g,stowaway,ls-recipe-seed,per kg (invoice),Achiote Paste 1kg El Yucateco
lightspeed:22888615,2026-01-02,0.013000,g,stowaway,ls-recipe-seed,per kg (invoice),Aioli Garlic Mayonnaise 10kg Birch & Waite
lightspeed:22888623,2026-01-02,0.027000,g,stowaway,ls-recipe-seed,per kg (invoice),Butter Girgar 1.5kg Mainland
lightspeed:22888625,2026-01-02,0.025600,g,stowaway,ls-recipe-seed,per kg (invoice),Cheese Parmesan Block Grana 1/4 Avg 4.4kg R/W Emilgrana
lightspeed:22888630,2026-01-02,0.005316,g,stowaway,ls-recipe-seed,per kg (invoice),Farm Frites Crispy Coated 10mm [2.5kg]
lightspeed:22888632,2026-01-02,0.015000,g,stowaway,ls-recipe-seed,per kg (invoice),Coriander Ground 400g Chefs Choice
lightspeed:22888642,2026-01-02,0.020978,g,stowaway,ls-recipe-seed,per kg (invoice),Honey Pure 3kg Wild Flower
lightspeed:22888658,2026-01-02,0.037500,g,stowaway,ls-recipe-seed,per kg (invoice),Pepper White Ground 500g Galaxy
lightspeed:22888660,2026-01-02,0.015720,g,stowaway,ls-recipe-seed,per kg (invoice),Preserved Lemon 350g Chefs Choice
lightspeed:22888666,2026-01-02,0.015333,g,stowaway,ls-recipe-seed,per kg (invoice),Stock Powder Vegetable Tin 2.5kg Massel
lightspeed:22888667,2026-01-02,0.008400,g,stowaway,ls-recipe-seed,per kg (invoice),Sugar Brown 1kg CSR
lightspeed:22888668,2026-01-02,0.003500,g,stowaway,ls-recipe-seed,per kg (invoice),Sugar Caster 1kg CSR
lightspeed:22888673,2026-01-02,0.040000,g,stowaway,ls-recipe-seed,per kg (invoice),Truffle Paste Black 500g Mazza
lightspeed:22888695,2026-01-02,0.019500,g,stowaway,ls-recipe-seed,per kg (invoice),Lamb Leg Boned & Rolled Netted [1kg]
lightspeed:22888703,2026-01-02,0.022000,g,stowaway,ls-recipe-seed,per kg (invoice),Almond Slivered 1kg Natures Secret
lightspeed:22888705,2026-01-02,0.016000,g,stowaway,ls-recipe-seed,per kg (invoice),Apricot Dried 1kg Natures Secret
lightspeed:22888719,2026-01-02,0.021000,g,stowaway,ls-recipe-seed,per kg (invoice),Butter Unsalted 500Gm Devondale
lightspeed:22888728,2026-01-02,0.014625,g,stowaway,ls-recipe-seed,per kg (invoice),Chicken Nuggets Dinosnacks 6X1Kg Steggles
lightspeed:22888732,2026-01-02,0.006000,g,stowaway,ls-recipe-seed,per kg (invoice),Chipotle Chillis A10 In Adobe Sce 3kg Faro
lightspeed:22888733,2026-01-02,0.014500,g,stowaway,ls-recipe-seed,per kg (invoice),Chocolate Dark 1kg Natures Secret
lightspeed:22888746,2026-01-02,0.012000,g,stowaway,ls-recipe-seed,per kg (invoice),Cranberries Dried 1kg Natures Secret
lightspeed:22888747,2026-01-02,0.007450,ml,stowaway,ls-recipe-seed,per L (invoice),Cream Pure Fresh 2L Norco
lightspeed:22888748,2026-01-02,0.014417,g,stowaway,ls-recipe-seed,per kg (invoice),Cumin Ground 450Gm Chefs Choice
lightspeed:22888760,2026-01-02,0.035071,ml,stowaway,ls-recipe-seed,per L (invoice),Frank's Hot Sauce 1Galln 3.8L Franks
lightspeed:22888762,2026-01-02,0.008889,g,stowaway,ls-recipe-seed,per kg (invoice),Garlic Powder 5kg Galaxy
lightspeed:22888768,2026-01-02,0.007861,g,stowaway,ls-recipe-seed,per kg (invoice),Gravy Mix Rich Brown G/Free 7kg Executive Chef
lightspeed:22888778,2026-01-02,0.037200,g,stowaway,ls-recipe-seed,per kg (invoice),Ichimi Togarashi Chilli Pepper 300Gm Best
lightspeed:22888788,2026-01-02,0.006500,g,stowaway,ls-recipe-seed,per kg (invoice),Linseed ( Flaxseed ) 1kg Natures Secret
lightspeed:22888794,2026-01-02,0.028000,g,stowaway,ls-recipe-seed,per kg (invoice),Medjool Dates 1kg Natures Secret
lightspeed:22888802,2026-01-02,0.031050,g,stowaway,ls-recipe-seed,per kg (invoice),Mousse Chocolate 1.9kg Nestle
lightspeed:22888803,2026-01-02,0.008000,g,stowaway,ls-recipe-seed,per kg (invoice),Mustard Dijon 2.5kg Masterfoods
lightspeed:22888805,2026-01-02,0.013750,ml,stowaway,ls-recipe-seed,per L (invoice),Nectar Agave Organic 4L Chefs Choice
lightspeed:22888818,2026-01-02,0.020000,g,stowaway,ls-recipe-seed,per kg (invoice),Paprika Hungarian 500Gm Galaxy
lightspeed:22888819,2026-01-02,0.013292,g,stowaway,ls-recipe-seed,per kg (invoice),Paprika Smoked Bulk 25kg Galaxy
lightspeed:22888828,2026-01-02,0.006250,g,stowaway,ls-recipe-seed,per kg (invoice),Pickles Whole Dill 20kg Westmont
lightspeed:22888836,2026-01-02,0.000800,g,stowaway,ls-recipe-seed,per kg (invoice),Salt Cooking 10kg Olssons
lightspeed:22888837,2026-01-02,0.005578,g,stowaway,ls-recipe-seed,per kg (invoice),Salt Cooking 1kg Olssons
lightspeed:22888841,2026-01-02,0.020000,g,stowaway,ls-recipe-seed,per kg (invoice),Sea Salt Flakes 1.5kg Sandhurst
lightspeed:22888856,2026-01-02,0.022933,g,stowaway,ls-recipe-seed,per kg (invoice),Sugar Demerera 375Gm CSR
lightspeed:22888868,2026-01-02,0.016125,g,stowaway,ls-recipe-seed,per kg (invoice),Turmeric Ground 500Gm Chefs Choice
lightspeed:22888875,2026-01-02,0.001000,ml,stowaway,ls-recipe-seed,per L (invoice),Vinegar White 20L Edlyn
lightspeed:22888898,2026-01-02,0.014667,g,stowaway,ls-recipe-seed,per kg (invoice),Patties Wagyu Tajima Classic 150g Fresh (20/Pk)
lightspeed:22893698,2026-01-02,0.007030,g,stowaway,ls-recipe-seed,per kg (invoice),Pineapple Frozen [1kg]
lightspeed:22893699,2026-01-02,0.008050,g,stowaway,ls-recipe-seed,per kg (invoice),Mango Frozen [1kg]
lightspeed:22893714,2026-01-02,0.015591,g,stowaway,ls-recipe-seed,per kg (invoice),Acai Berry Man Tub [1kg]
lightspeed:22893724,2026-01-02,0.008639,g,stowaway,ls-recipe-seed,per kg (invoice),Dragonfruit Puree [10kg]
lightspeed:22931792,2026-01-01,2.6250,can,stowaway,bo-seed-stowaway,can,Hahn Super Dry GF
lightspeed:22963725,2026-01-01,0.006240,ml,harry_gatos,bo-seed-harry_gatos,750ml,Bickfords Raspberry Cordial 750ML
lightspeed:22975143,2026-01-02,0.004059,g,stowaway,ls-recipe-seed,per kg (invoice),Roma Tomatoes [kg]
lightspeed:22975376,2026-01-02,0.015000,g,stowaway,ls-recipe-seed,per kg (invoice),Coriander Ground 500Gm Chefs Choice
lightspeed:22988218,2026-01-02,0.015091,g,stowaway,ls-recipe-seed,per kg (invoice),Cheese Mexican Blend Shredded [2kg]
lightspeed:22992677,2026-01-02,0.010000,g,stowaway,ls-recipe-seed,per kg (invoice),Pork Leg Roast [1KG]
lightspeed:22993651,2026-01-02,0.007229,g,stowaway,ls-recipe-seed,per kg (invoice),Sweet Potato Chips [1.5KG]
lightspeed:22995162,2026-01-02,0.031500,g,stowaway,ls-recipe-seed,per kg (invoice),Cheese Blue Danish 10X100GM
lightspeed:22995324,2026-01-02,0.001556,g,stowaway,ls-recipe-seed,per kg (invoice),Carrot Large [kg]
lightspeed:22995328,2026-01-02,0.006000,g,stowaway,ls-recipe-seed,per kg (invoice),Chicken Wing Nibble [15kg]
lightspeed:22995341,2026-01-02,0.012764,g,stowaway,ls-recipe-seed,per kg (invoice),Ham Soccerball Sliced Pendle [1kg]
lightspeed:22995349,2026-01-02,0.011714,g,stowaway,ls-recipe-seed,per kg (invoice),Lettuce Mesculin [1.5kg]
lightspeed:22995350,2026-01-02,0.014000,g,stowaway,ls-recipe-seed,per kg (invoice),Lettuce Rocket Wild [Box]
lightspeed:22995356,2026-01-02,0.003600,g,stowaway,ls-recipe-seed,per kg (invoice),Potato Desiree [10kg]
lightspeed:22995361,2026-01-02,0.010000,ml,stowaway,ls-recipe-seed,per L (invoice),Sour Cream Dairy Farmers [2L]
lightspeed:22995363,2026-01-02,0.013000,g,stowaway,ls-recipe-seed,per kg (invoice),Sundried Tomato Strips Mezzat [2kg]
lightspeed:22995936,2026-01-02,0.007917,g,stowaway,ls-recipe-seed,per kg (invoice),Cauliflower Florets [kg]
lightspeed:22995937,2026-01-02,0.007917,g,stowaway,ls-recipe-seed,per kg (invoice),Dry Slaw [kg]
lightspeed:22995945,2026-01-02,0.024000,g,stowaway,ls-recipe-seed,per kg (invoice),Onion Spanish [10kg]
lightspeed:22996486,2026-01-02,0.004600,g,stowaway,ls-recipe-seed,per kg (invoice),Corn Flour Maize Gluten Free 5kg Edlyn
lightspeed:22996505,2026-01-02,0.013636,g,stowaway,ls-recipe-seed,per kg (invoice),Cheese Burger Sliced Hi Melt Thick [2.25kg] Pure Dairy
lightspeed:23007639,2026-01-02,0.013500,g,stowaway,ls-recipe-seed,per kg (invoice),Beef Brisket YG Point End [1kg]
lightspeed:23007804,2026-01-02,0.015000,ml,stowaway,ls-recipe-seed,per L (invoice),Burger Sauce Birch & Waite [1L]
lightspeed:23013739,2026-01-02,0.020000,g,stowaway,ls-recipe-seed,per kg (invoice),Dairy Farmers Shaved Parmesan [1kg]
lightspeed:23035273,2026-01-02,0.005900,g,stowaway,ls-recipe-seed,per kg (invoice),Celery Diced [1kg]
lightspeed:23036620,2026-01-02,0.004444,g,stowaway,ls-recipe-seed,per kg (invoice),Garlic Minced [kg]
lightspeed:23036632,2026-01-02,0.015521,g,stowaway,ls-recipe-seed,per kg (invoice),Chia Seeds Chefs Choice [1kg]
lightspeed:23040879,2026-01-02,0.003100,ml,stowaway,ls-recipe-seed,per L (invoice),Ice Cream Gold Label Vanilla [4L]
lightspeed:23102996,2026-01-01,341.5500,keg,stowaway,bo-seed-stowaway,keg,Omen Stout Nitro
lightspeed:23102996,2026-01-02,0.006824,ml,stowaway,ls-recipe-seed,per L (invoice),Omen Stout Nitro [Keg]
lightspeed:23114865,2026-01-01,0.083986,ml,stowaway,bo-seed-stowaway,700ml,Aether Vodka 700ML
lightspeed:23120129,2026-01-01,0.030520,ml,stowaway,bo-seed-stowaway,750ml,La Petite Mort Albarino 2025 750ML
lightspeed:23120129,2026-01-02,0.030527,ml,stowaway,ls-recipe-seed,per L (invoice),La Petite Mort Albarino 2025 - Bottle
lightspeed:23120216,2026-01-01,0.030520,ml,stowaway,bo-seed-stowaway,750ml,La Petite Mort Rosso 2025 750ML
lightspeed:23120216,2026-01-02,0.030527,ml,stowaway,ls-recipe-seed,per L (invoice),La Petite Mort Rosso 2025 - Bottle
lightspeed:23216243,2026-01-02,0.008352,ml,stowaway,ls-recipe-seed,per L (invoice),Guinness [Keg]
lightspeed:23244215,2026-01-01,0.111471,ml,stowaway,bo-seed-stowaway,700ml,400 Conejos Mezcal 700ML
lightspeed:23253690,2026-01-02,0.190000,ml,stowaway,ls-recipe-seed,per L (invoice),Xocolatl Mole Bitters [Bottle]
lightspeed:23358932,2026-01-01,0.010853,ml,stowaway,bo-seed-stowaway,750ml,San Giorgio Ciampoleto Rosso di Montalcino 2023 750ML
lightspeed:23358952,2026-01-01,0.041067,ml,stowaway,bo-seed-stowaway,750ml,Tiziano Grasso Barolo Briccolina 2019 750ML
lion:1200769,2026-06-09,0.008464,ml,stowaway,94705144,49.5l,Guinness 49.5L KEG
lion:1200769,2026-06-19,0.008432,ml,stowaway,94722093,49.5l,Guinness 49.5L KEG
lion:1200769,2026-06-23,0.008441,ml,stowaway,94726092,49.5l,Guinness 49.5L KEG
lion:1200769,2026-06-30,0.008429,ml,stowaway,94736140,49.5l,Guinness 49.5L KEG
lion:1200769,2026-07-07,0.008553,ml,stowaway,94746233,49.5l,Guinness 49.5L KEG
lion:1200769,2026-07-14,416.5800,keg,stowaway,94755729,keg,Guinness 49.5L KEG
lion:1200769,2026-07-21,0.008416,ml,stowaway,94766975,49.5l,Guinness 49.5L KEG
lion:1200769,2026-07-28,0.008416,ml,stowaway,94777549,49.5l,Guinness 49.5L KEG
lion:1254690,2026-05-12,0.009016,ml,stowaway,94663154,49.5l,Kirin Ichb 5% 49.5L KEG
lion:1254690,2026-06-19,0.008937,ml,stowaway,94722093,49.5l,Kirin Ichb 5% 49.5L KEG
lion:1254690,2026-06-23,0.008962,ml,stowaway,94726092,49.5l,Kirin Ichb 5% 49.5L KEG
lion:1254690,2026-07-14,441.5400,keg,stowaway,94755729,keg,Kirin Ichb 5% 49.5L KEG
lion:1254690,2026-07-21,0.008920,ml,stowaway,94766975,49.5l,Kirin Ichb 5% 49.5L KEG
lion:1256672,2026-05-12,0.007791,ml,stowaway,94663154,49.5l,S & W Pacific Ale 49.5L KEG
lion:1256672,2026-06-09,0.007766,ml,stowaway,94705144,49.5l,S & W Pacific Ale 49.5L KEG
lion:1256672,2026-06-19,0.007759,ml,stowaway,94722093,49.5l,S & W Pacific Ale 49.5L KEG
lion:1256672,2026-06-23,0.007744,ml,stowaway,94726092,49.5l,S & W Pacific Ale 49.5L KEG
lion:1256672,2026-06-30,0.007733,ml,stowaway,94736140,49.5l,S & W Pacific Ale 49.5L KEG
lion:1256672,2026-07-07,0.007847,ml,stowaway,94746233,49.5l,S & W Pacific Ale 49.5L KEG
lion:1256672,2026-07-14,383.2350,keg,stowaway,94755729,keg,S & W Pacific Ale 49.5L KEG
lion:1256672,2026-07-21,0.007742,ml,stowaway,94766975,49.5l,S & W Pacific Ale 49.5L KEG
lion:1256672,2026-07-28,0.007742,ml,stowaway,94777549,49.5l,S & W Pacific Ale 49.5L KEG
mallia-industries-pty-ltd:ST285-WS,2026-07-25,0.011529,g,stowaway,OMI295930,85g,Sliced T2 Milk Bun (85g) - White Sesame
nelson:HA25PIG,2026-07-27,8.8333,bottle,stowaway,20039624,bottle,25 VERSION TWO PINOT GRIGIO
nelson:HANVSPA,2026-07-13,8.8333,bottle,stowaway,20039352,bottle,NV VERSION TWO BRUT CUVEE
nelson:HANVSPA,2026-07-27,8.8333,bottle,stowaway,20039624,bottle,NV VERSION TWO BRUT CUVEE
nelson:KU25SAB,2026-07-13,14.5742,bottle,stowaway,20039352,bottle,25 KUKU SAUV BLANC
nelson:KU25SAB,2026-07-27,14.5742,bottle,harry_gatos,20039620,bottle,25 KUKU SAUV BLANC
nelson:KU25SAB,2026-07-27,14.5742,bottle,stowaway,20039624,bottle,25 KUKU SAUV BLANC
nelson:LG24ESP,2026-07-27,25.2233,bottle,harry_gatos,20039620,bottle,24 LE ESPRIT GRAND CROS ROSE WHITE LABEL
paramount:10015926,2026-06-09,0.030893,ml,stowaway,5362684,750ml,CARPANO CLASSICO VERMOUTH : 750ml
paramount:10015926,2026-07-14,23.1700,bottle,stowaway,5441124,bottle,CARPANO CLASSICO VERMOUTH : 750ml
paramount:10015926,2026-07-14,23.1700,bottle,stowaway,5441124,bottle,CARPANO CLASSICO VERMOUTH : 750ml
paramount:10025433,2026-07-09,0.121880,ml,stowaway,5428882,750ml,MP-VINADA ROSE : : 750ml
paramount:32051,2026-06-09,0.050639,ml,harry_gatos,5362727,20000ml,WHITE LIGHT VODKA ORIGINAL : 20000ml
paramount:32051,2026-06-30,0.050639,ml,harry_gatos,5408825,20000ml,WHITE LIGHT VODKA ORIGINAL : 20000ml
paramount:44583,2026-07-14,0.003726,ml,stowaway,5441124,15l,DE BORTOLI GOLD SEAL SPECIAL DRY RED 15L
paramount:44583,2026-07-14,0.003726,ml,stowaway,5441124,15l,DE BORTOLI GOLD SEAL SPECIAL DRY RED 15L
paramount:60765,2026-06-09,0.208093,ml,stowaway,5362684,750ml,400 CONEJOS MEZCAL JOVEN : 750 ml
paramount:60765,2026-07-07,0.104040,ml,stowaway,5424761,750ml,400 CONEJOS MEZCAL JOVEN : 750 ml
paramount:66317,2026-06-23,0.156200,ml,stowaway,5392564,700ml,ZACAPA CENTENARIO 23 : 700 ml
paramount:66366,2026-07-07,0.335600,ml,stowaway,5424761,200ml,ANGOSTURA BITTERS : 200 ml
paramount:67607,2026-06-09,0.187467,ml,stowaway,5362684,750ml,FORTALEZA TEQUILA REPOSADO : 750 ml
paramount:67652,2026-07-07,0.201644,ml,stowaway,5424761,146ml,BITTERMENS XOCOLATL MOLE BITTERS : 146 ml
paramount:67652,2026-07-21,0.201644,ml,stowaway,5457927,146ml,BITTERMENS XOCOLATL MOLE BITTERS : 146 ml
paramount:68140,2026-06-19,0.086600,ml,stowaway,5387635,700ml,APPLETON ESTATE SIGNATURE BLEND : 700 ml
paramount:78708,2026-07-21,0.071290,ml,stowaway,5457927,1000ml,MYERS'S RUM : 1000 ml
paramount:79885,2026-06-09,0.107914,ml,stowaway,5362684,700ml,TEMPUS FUGIT CREME DE BANANE : 700 ml
paramount:92900,2026-06-30,0.040944,ml,stowaway,5408849,1250ml,COCA COLA ZERO SUGAR : 1250 ml
paramount:93164,2026-06-05,0.034300,ml,stowaway,5356745,1000ml,MONIN COCONUT PUREE : 1000 ml
paramount:93185,2026-06-05,0.028557,ml,stowaway,5356745,700ml,MONIN BLOOD ORANGE : 700 ml
paramount:95853,2026-06-05,0.028557,ml,stowaway,5356745,700ml,MONIN SALTED CARAMEL SYRUP : 700 ml
paramount:95871,2026-06-05,0.046150,ml,stowaway,5356745,1000ml,MONIN PET YUZU PUREE : 1000 ml
paramount:98541,2026-07-14,0.003412,ml,stowaway,5441124,1250ml,SPRITE PET : 1250 ml
paramount:98541,2026-07-14,0.003412,ml,stowaway,5441124,1250ml,SPRITE PET : 1250 ml
select-fresh:AVOE,2026-06-27,3.10,ea,stowaway,3068987,per ea (invoice),AVOCADO EA
select-fresh:BEANK,2026-06-24,0.008200,g,harry_gatos,3064370,per kg (invoice),BEAN GREEN KG
select-fresh:BROLB,2026-07-23,4.600000,bunch,harry_gatos,3094317,bch,BROCCOLINI BABY BCH
select-fresh:BROLB,2026-07-29,4.600000,bunch,harry_gatos,3099417,bch,BROCCOLINI BABY BCH
select-fresh:CAPG2K,2026-06-30,0.003900,g,stowaway,3069924,per kg (invoice),CAPSICUM GREEN 2NDS KG
select-fresh:CAPG2K,2026-07-04,0.003900,g,stowaway,3075641,per kg (invoice),CAPSICUM GREEN 2NDS KG
select-fresh:CAPG2K,2026-07-30,0.006000,g,stowaway,3101651,per kg (invoice),CAPSICUM GREEN 2NDS KG
select-fresh:CARK,2026-07-15,0.002400,g,harry_gatos,3084903,per kg (invoice),CARROT KG
select-fresh:CARK,2026-07-23,0.002400,g,harry_gatos,3094317,per kg (invoice),CARROT KG
select-fresh:CHJAL,2026-06-25,0.007200,g,stowaway,3066577,per kg (invoice),CHILLI JALAPENO GREEN KG
select-fresh:CHJAL,2026-07-02,0.007200,g,stowaway,3073259,per kg (invoice),CHILLI JALAPENO GREEN KG
select-fresh:CHLR,2026-06-24,0.013500,g,harry_gatos,3064370,per kg (invoice),CHILLI RED LONG KG
select-fresh:CHLR,2026-07-22,0.013500,g,harry_gatos,3092061,per kg (invoice),CHILLI RED LONG KG
select-fresh:CHOI,2026-06-24,2.200000,bunch,harry_gatos,3064370,bch,CHOI SUM BCH
select-fresh:CHOI,2026-07-15,2.200000,bunch,harry_gatos,3084903,bch,CHOI SUM BCH
select-fresh:CHOI,2026-07-22,2.200000,bunch,harry_gatos,3092061,bch,CHOI SUM BCH
select-fresh:CHOI,2026-07-25,2.200000,bunch,harry_gatos,3097023,bch,CHOI SUM BCH
select-fresh:CHSHK,2026-06-26,0.039000,g,stowaway,3067612,per kg (invoice),CHILLI SHISHITO KG
select-fresh:CHSHK,2026-07-04,0.039000,g,stowaway,3075641,per kg (invoice),CHILLI SHISHITO KG
select-fresh:CHSHK,2026-07-24,0.039000,g,stowaway,3095368,per kg (invoice),CHILLI SHISHITO KG
select-fresh:CORNE,2026-06-24,1.80,ea,harry_gatos,3064370,per ea (invoice),CORN ON COB EA
select-fresh:CORNE,2026-07-23,2.50,ea,harry_gatos,3094317,per ea (invoice),CORN ON COB EA
select-fresh:CUCGK,2026-07-29,0.006600,g,harry_gatos,3099423,per kg (invoice),CUCUMBER GREEN
select-fresh:CUCTE,2026-06-25,2.900000,ea,stowaway,3066577,each,CUCUMBER TELE/CONTINENTAL EACH
select-fresh:CUCTE,2026-06-26,2.900000,ea,stowaway,3067573,each,CUCUMBER TELE/CONTINENTAL EACH
select-fresh:CUCTE,2026-07-01,2.900000,ea,stowaway,3071790,each,CUCUMBER TELE/CONTINENTAL EACH
select-fresh:CUCTE,2026-07-22,2.900000,ea,stowaway,3093078,each,CUCUMBER TELE/CONTINENTAL EACH
select-fresh:DAVID,2026-07-25,0.051000,g,harry_gatos,3097023,per kg (invoice),DAVIDSON PLUMS FROZEN KG
select-fresh:EDMVI,2026-06-23,10.50,punnet,stowaway,3064349,per punnet (invoice),EDIBLE FLOWER MIXED VIOLA PUN
select-fresh:EDMVI,2026-06-25,10.50,punnet,stowaway,3066577,per punnet (invoice),EDIBLE FLOWER MIXED VIOLA PUN
select-fresh:EDMVI,2026-07-01,10.50,punnet,stowaway,3071790,per punnet (invoice),EDIBLE FLOWER MIXED VIOLA PUN
select-fresh:EDMVI,2026-07-22,10.50,punnet,stowaway,3093078,per punnet (invoice),EDIBLE FLOWER MIXED VIOLA PUN
select-fresh:EDMVI,2026-07-31,10.50,punnet,stowaway,3102777,per punnet (invoice),EDIBLE FLOWER MIXED VIOLA PUN
select-fresh:EG700P,2026-06-24,0.006714,g,harry_gatos,3064370,700gm,EGG 700GM PACK (DOZ)
select-fresh:EG700P,2026-07-22,0.008286,g,harry_gatos,3092061,700gm,EGG 700GM PACK (DOZ)
select-fresh:FLWBB,2026-06-23,16.500000,bunch,stowaway,3064349,bch,FLOWER BABYS BREATH BCH (*)
select-fresh:HBAS,2026-06-24,5.200000,bunch,stowaway,3065346,bch,HERB BASIL BCH
select-fresh:HBAS,2026-06-27,5.200000,bunch,stowaway,3068987,bch,HERB BASIL BCH
select-fresh:HBAS,2026-06-30,5.200000,bunch,stowaway,3069924,bch,HERB BASIL BCH
select-fresh:HBAS,2026-07-03,5.200000,bunch,stowaway,3074211,bch,HERB BASIL BCH
select-fresh:HBAS,2026-07-04,5.200000,bunch,stowaway,3075641,bch,HERB BASIL BCH
select-fresh:HBAS,2026-07-22,4.600000,bunch,stowaway,3093038,bch,HERB BASIL BCH
select-fresh:HBAS,2026-07-24,4.600000,bunch,stowaway,3095368,bch,HERB BASIL BCH
select-fresh:HBAS,2026-07-29,4.600000,bunch,stowaway,3100502,bch,HERB BASIL BCH
select-fresh:HBAS,2026-07-31,4.600000,bunch,stowaway,3102820,bch,HERB BASIL BCH
select-fresh:HCHI,2026-06-25,2.000000,bunch,harry_gatos,3066561,bch,HERB CHIVES BCH
select-fresh:HCHI,2026-06-27,1.700000,bunch,stowaway,3068987,bch,HERB CHIVES BCH
select-fresh:HCHI,2026-07-15,2.300000,bunch,harry_gatos,3084903,bch,HERB CHIVES BCH
select-fresh:HCHI,2026-07-22,2.700000,bunch,harry_gatos,3092061,bch,HERB CHIVES BCH
select-fresh:HCONT,2026-07-02,1.300000,bunch,stowaway,3073019,bch,HERB PARSLEY CONTINENTAL BCH
select-fresh:HCONT,2026-07-04,1.300000,bunch,stowaway,3075641,bch,HERB PARSLEY CONTINENTAL BCH
select-fresh:HCONT,2026-07-24,1.600000,bunch,stowaway,3095368,bch,HERB PARSLEY CONTINENTAL BCH
select-fresh:HCONT,2026-07-29,1.600000,bunch,stowaway,3100502,bch,HERB PARSLEY CONTINENTAL BCH
select-fresh:HCOR,2026-06-27,1.300000,bunch,stowaway,3068987,bch,HERB CORIANDER BCH
select-fresh:HLIM,2026-07-24,0.111000,g,stowaway,3095387,per kg (invoice),LEAVES KAFFIR LIME KG
select-fresh:HRMIN,2026-06-23,1.300000,bunch,stowaway,3064349,bch,HERB MINT ROUND LEAF BCH
select-fresh:HRMIN,2026-06-26,1.300000,bunch,stowaway,3067573,bch,HERB MINT ROUND LEAF BCH
select-fresh:HRMIN,2026-06-26,1.300000,bunch,stowaway,3067612,bch,HERB MINT ROUND LEAF BCH
select-fresh:HRMIN,2026-07-01,1.300000,bunch,stowaway,3071790,bch,HERB MINT ROUND LEAF BCH
select-fresh:HRMIN,2026-07-04,1.300000,bunch,stowaway,3075860,bch,HERB MINT ROUND LEAF BCH
select-fresh:HRMIN,2026-07-22,1.300000,bunch,stowaway,3093038,bch,HERB MINT ROUND LEAF BCH
select-fresh:HRMIN,2026-07-23,1.300000,bunch,stowaway,3094305,bch,HERB MINT ROUND LEAF BCH
select-fresh:HRMIN,2026-07-29,1.300000,bunch,stowaway,3100502,bch,HERB MINT ROUND LEAF BCH
select-fresh:HRMIN,2026-07-31,1.300000,bunch,stowaway,3102777,bch,HERB MINT ROUND LEAF BCH
select-fresh:HSHIR,2026-06-23,3.900000,bunch,stowaway,3064349,bch,HERB SHISO RED BCH
select-fresh:HSHIR,2026-06-26,3.900000,bunch,stowaway,3067573,bch,HERB SHISO RED BCH
select-fresh:HSHIR,2026-07-31,3.900000,bunch,stowaway,3102828,bch,HERB SHISO RED BCH
select-fresh:JUCAP,2026-07-01,0.002800,ml,stowaway,3071790,2ltr,JUICE CLEAR APPLE 2LTR
select-fresh:JUCAP,2026-07-31,0.002800,ml,stowaway,3102777,2ltr,JUICE CLEAR APPLE 2LTR
select-fresh:JUCR,2026-07-01,0.003900,ml,stowaway,3071790,2ltr,JUICE CRANBERRY 2LTR
select-fresh:JURUB,2026-07-23,0.002900,ml,stowaway,3094313,2ltr,JUICE RUBY GRAPEFRUIT 2LTR
select-fresh:LEMAMALK,2026-07-23,0.006400,g,stowaway,3094313,per kg (invoice),LEMON AMALFI KG
select-fresh:LEME,2026-06-25,0.50,ea,stowaway,3066577,per ea (invoice),LEMON EA
select-fresh:LEMK,2026-06-23,0.003800,g,stowaway,3064349,per kg (invoice),LEMON KG
select-fresh:LEMK,2026-07-15,0.003600,g,harry_gatos,3084903,per kg (invoice),LEMON KG
select-fresh:LEMK,2026-07-22,0.003600,g,stowaway,3093078,per kg (invoice),LEMON KG
select-fresh:LEMK,2026-07-24,0.003600,g,stowaway,3095368,per kg (invoice),LEMON KG
select-fresh:LEMK,2026-07-25,0.004100,g,harry_gatos,3097023,per kg (invoice),LEMON KG
select-fresh:LEMVK,2026-07-31,0.005200,g,stowaway,3102777,per kg (invoice),LEMONS VIP KG
select-fresh:LETGMB,2026-06-24,4.00,bag,harry_gatos,3064370,per bag (invoice),LETTUCE BABY GEM BAG
select-fresh:LETGMB,2026-07-23,4.30,bag,harry_gatos,3094317,per bag (invoice),LETTUCE BABY GEM BAG
select-fresh:LETS1,2026-06-27,0.012333,g,stowaway,3068987,1.5kg,LETTUCE BABY SPINACH 1.5KG CTN
select-fresh:LETS1,2026-07-02,0.012333,g,stowaway,3073019,1.5kg,LETTUCE BABY SPINACH 1.5KG CTN
select-fresh:LETS1,2026-07-24,0.012333,g,stowaway,3095368,1.5kg,LETTUCE BABY SPINACH 1.5KG CTN
select-fresh:LETS1,2026-07-30,0.012333,g,stowaway,3101651,1.5kg,LETTUCE BABY SPINACH 1.5KG CTN
select-fresh:LETS1,2026-07-31,0.012333,g,stowaway,3102820,1.5kg,LETTUCE BABY SPINACH 1.5KG CTN
select-fresh:LETW1,2026-06-24,0.014000,g,stowaway,3065346,1.5kg,LETTUCE WILD ROCKET 1.5KG CTN
select-fresh:LETW1,2026-07-24,0.014000,g,stowaway,3095368,1.5kg,LETTUCE WILD ROCKET 1.5KG CTN
select-fresh:LETW1,2026-07-30,0.014000,g,stowaway,3101651,1.5kg,LETTUCE WILD ROCKET 1.5KG CTN
select-fresh:LIM,2026-06-23,58.500000,tray,stowaway,3064349,tray,LIMES TRAY
select-fresh:LIM,2026-06-25,58.500000,tray,stowaway,3066577,tray,LIMES TRAY
select-fresh:LIM,2026-07-01,49.500000,tray,stowaway,3071790,tray,LIMES TRAY
select-fresh:LIM,2026-07-22,52.000000,tray,stowaway,3093078,tray,LIMES TRAY
select-fresh:LIM,2026-07-24,52.000000,tray,stowaway,3095387,tray,LIMES TRAY
select-fresh:LIM,2026-07-31,65.000000,tray,stowaway,3102777,tray,LIMES TRAY
select-fresh:MUSB,2026-06-24,0.007875,g,stowaway,3065346,chef-confirmed,MUSHROOM BUTTON CTN
select-fresh:MUSB,2026-06-30,0.007875,g,stowaway,3069924,chef-confirmed,MUSHROOM BUTTON CTN
select-fresh:MUSB,2026-07-30,0.009125,g,stowaway,3101651,chef-confirmed,MUSHROOM BUTTON CTN
select-fresh:MUSKBP,2026-06-24,0.050667,g,harry_gatos,3064370,150g,MUSHROOM KING BROWN 150g PUN
select-fresh:ONIB,2026-07-29,34.00,bag,stowaway,3100502,per bag (invoice),ONION BROWN BAG
select-fresh:ONIBK,2026-07-15,0.002400,g,harry_gatos,3084903,per kg (invoice),ONION BROWN KG
select-fresh:ONIBK,2026-07-22,0.002400,g,harry_gatos,3092061,per kg (invoice),ONION BROWN KG
select-fresh:ONIBK,2026-07-29,0.002400,g,harry_gatos,3099417,per kg (invoice),ONION BROWN KG
select-fresh:ONIS,2026-07-29,23.50,bag,stowaway,3100502,per bag (invoice),ONION SPANISH / RED BAG
select-fresh:PGAR,2026-06-25,0.005800,g,harry_gatos,3066561,per kg (invoice),PROCESS GARLIC PEELED KG
select-fresh:PGAR,2026-07-02,0.005000,g,stowaway,3073019,per kg (invoice),PROCESS GARLIC PEELED KG
select-fresh:PGAR,2026-07-04,0.005000,g,stowaway,3075641,per kg (invoice),PROCESS GARLIC PEELED KG
select-fresh:PGAR,2026-07-15,0.005800,g,harry_gatos,3084903,per kg (invoice),PROCESS GARLIC PEELED KG
select-fresh:PGAR,2026-07-24,0.005000,g,stowaway,3095368,per kg (invoice),PROCESS GARLIC PEELED KG
select-fresh:PGAR,2026-07-29,0.005800,g,harry_gatos,3099417,per kg (invoice),PROCESS GARLIC PEELED KG
select-fresh:PRPOTP,2026-06-25,0.003800,g,harry_gatos,3066561,per kg (invoice),POTATO PEELED PROCESSING KG
select-fresh:PRPOTP,2026-07-15,0.003800,g,harry_gatos,3084903,per kg (invoice),POTATO PEELED PROCESSING KG
select-fresh:PRPOTP,2026-07-22,0.003800,g,harry_gatos,3092061,per kg (invoice),POTATO PEELED PROCESSING KG
select-fresh:SHAL,2026-06-24,2.000000,bunch,harry_gatos,3064370,bch,SHALLOT BCH
select-fresh:SHAL,2026-06-24,1.700000,bunch,stowaway,3065346,bch,SHALLOT BCH
select-fresh:SHAL,2026-06-25,2.000000,bunch,harry_gatos,3066561,bch,SHALLOT BCH
select-fresh:SHAL,2026-06-26,1.700000,bunch,stowaway,3067612,bch,SHALLOT BCH
select-fresh:SHAL,2026-06-27,1.700000,bunch,stowaway,3068987,bch,SHALLOT BCH
select-fresh:SHAL,2026-06-30,1.700000,bunch,stowaway,3069924,bch,SHALLOT BCH
select-fresh:SHAL,2026-07-02,1.700000,bunch,stowaway,3073019,bch,SHALLOT BCH
select-fresh:SHAL,2026-07-04,1.700000,bunch,stowaway,3075641,bch,SHALLOT BCH
select-fresh:SHAL,2026-07-15,3.000000,bunch,harry_gatos,3084903,bch,SHALLOT BCH
select-fresh:SHAL,2026-07-22,3.000000,bunch,harry_gatos,3092061,bch,SHALLOT BCH
select-fresh:SHAL,2026-07-22,2.600000,bunch,stowaway,3093038,bch,SHALLOT BCH
select-fresh:SHAL,2026-07-25,3.000000,bunch,harry_gatos,3097023,bch,SHALLOT BCH
select-fresh:SHAL,2026-07-29,3.000000,bunch,harry_gatos,3099417,bch,SHALLOT BCH
select-fresh:SHAL,2026-07-29,2.600000,bunch,stowaway,3100502,bch,SHALLOT BCH
select-fresh:SHAL,2026-07-30,2.600000,bunch,stowaway,3101651,bch,SHALLOT BCH
select-fresh:SHAL,2026-07-31,2.600000,bunch,stowaway,3102820,bch,SHALLOT BCH
select-fresh:TBUS100,2026-07-15,0.165000,g,harry_gatos,3084903,100gm,TOMATO BUSH POWDER 100GM
select-fresh:TOMCP,2026-06-24,1.90,punnet,stowaway,3065346,per punnet (invoice),TOMATO CHERRY PUN
select-fresh:TOMCP,2026-06-26,1.90,punnet,stowaway,3067612,per punnet (invoice),TOMATO CHERRY PUN
select-fresh:TOMCP,2026-06-27,1.90,punnet,stowaway,3068987,per punnet (invoice),TOMATO CHERRY PUN
select-fresh:TOMCP,2026-06-30,1.90,punnet,stowaway,3069924,per punnet (invoice),TOMATO CHERRY PUN
select-fresh:TOMCP,2026-07-02,1.90,punnet,stowaway,3073019,per punnet (invoice),TOMATO CHERRY PUN
select-fresh:TOMCP,2026-07-03,1.90,punnet,stowaway,3074211,per punnet (invoice),TOMATO CHERRY PUN
select-fresh:TOMCP,2026-07-22,3.20,punnet,stowaway,3093038,per punnet (invoice),TOMATO CHERRY PUN
select-fresh:TOMCP,2026-07-29,3.20,punnet,stowaway,3100502,per punnet (invoice),TOMATO CHERRY PUN
select-fresh:TOMCP,2026-07-30,3.20,punnet,stowaway,3101651,per punnet (invoice),TOMATO CHERRY PUN
select-fresh:TOMCP,2026-07-31,3.20,punnet,stowaway,3102820,per punnet (invoice),TOMATO CHERRY PUN
select-fresh:XCAU30,2026-06-27,0.007000,g,stowaway,3068987,per kg (invoice),CAULIFLOWER FLORETS SML 30MM
select-fresh:XCAU30,2026-07-04,0.005800,g,stowaway,3075641,per kg (invoice),CAULIFLOWER FLORETS SML 30MM
select-fresh:XCAU30,2026-07-24,0.006200,g,stowaway,3095368,per kg (invoice),CAULIFLOWER FLORETS SML 30MM
select-fresh:XCAUFL,2026-06-25,0.006800,g,harry_gatos,3066561,per kg (invoice),CAULIFLOWER FLORETS
select-fresh:XCAUFL,2026-07-22,0.006000,g,harry_gatos,3092061,per kg (invoice),CAULIFLOWER FLORETS
select-fresh:XCAUFL,2026-07-29,0.006000,g,harry_gatos,3099417,per kg (invoice),CAULIFLOWER FLORETS
select-fresh:XCSIMIX,2026-07-15,0.004800,g,harry_gatos,3084903,per kg (invoice),CABBAGE RED/GRN SHRD MIX KG
select-fresh:XDCAR05,2026-06-24,0.003100,g,harry_gatos,3064370,per kg (invoice),CARROT DICED 5MM KG
select-fresh:XDCAR05,2026-07-15,0.003100,g,harry_gatos,3084903,per kg (invoice),CARROT DICED 5MM KG
select-fresh:XDCAR05,2026-07-22,0.003100,g,harry_gatos,3092061,per kg (invoice),CARROT DICED 5MM KG
select-fresh:XDPMK05,2026-06-27,0.004200,g,stowaway,3068987,per kg (invoice),PUMPKIN DICED 5MM KG
select-fresh:XDPMK05,2026-07-29,0.004200,g,stowaway,3100502,per kg (invoice),PUMPKIN DICED 5MM KG
select-fresh:XDSLW,2026-06-27,0.007400,g,stowaway,3068987,per kg (invoice),DRYSLAW DELUXE
select-fresh:XDSLW,2026-07-02,0.007400,g,stowaway,3073019,per kg (invoice),DRYSLAW DELUXE
select-fresh:XDSLW,2026-07-04,0.007400,g,stowaway,3075641,per kg (invoice),DRYSLAW DELUXE
select-fresh:XDSLW,2026-07-24,0.007400,g,stowaway,3095368,per kg (invoice),DRYSLAW DELUXE
select-fresh:XESCHP,2026-07-29,0.021000,g,harry_gatos,3099423,per kg (invoice),ESCHALLOTS PEELED
select-fresh:XSHRCAB,2026-06-24,0.004200,g,harry_gatos,3064370,per kg (invoice),CABBAGE GREEN SHREDDED
select-fresh:XSHRCAB,2026-07-15,0.004200,g,harry_gatos,3084903,per kg (invoice),CABBAGE GREEN SHREDDED
select-fresh:XSHRCAB,2026-07-22,0.004200,g,harry_gatos,3092061,per kg (invoice),CABBAGE GREEN SHREDDED
select-fresh:XSHRCAB,2026-07-25,0.004200,g,harry_gatos,3097023,per kg (invoice),CABBAGE GREEN SHREDDED
select-fresh:XSHRCAR,2026-06-24,0.002800,g,harry_gatos,3064370,per kg (invoice),CARROT SHREDDED
select-fresh:XSHRCAR,2026-07-15,0.002800,g,harry_gatos,3084903,per kg (invoice),CARROT SHREDDED
select-fresh:XSHRCAR,2026-07-22,0.002800,g,harry_gatos,3092061,per kg (invoice),CARROT SHREDDED
select-fresh:XSHRCAR,2026-07-25,0.002800,g,harry_gatos,3097023,per kg (invoice),CARROT SHREDDED
select-fresh:XSLBUT,2026-07-04,0.011500,g,stowaway,3075641,per kg (invoice),MUSHROOM BUTTON SLICED 3/5MM
select-fresh:XSLCPG,2026-06-27,0.007800,g,stowaway,3068987,per kg (invoice),CAPSICUM GREEN SLICED
select-fresh:XSLON,2026-07-03,0.004300,g,stowaway,3074211,per kg (invoice),ONION BROWN SLICED
select-fresh:XSLON5K,2026-06-26,0.004300,g,stowaway,3067612,per kg (invoice),ONION BROWN SLICED 5MM
select-fresh:XSLON5K,2026-06-30,0.004300,g,stowaway,3069924,per kg (invoice),ONION BROWN SLICED 5MM
select-fresh:XSLONS1,2026-06-26,0.005800,g,stowaway,3067612,per kg (invoice),ONION SPANISH SLICED FINE
select-fresh:XSLONS1,2026-07-02,0.005800,g,stowaway,3073019,per kg (invoice),ONION SPANISH SLICED FINE
select-fresh:XSLONS1,2026-07-04,0.005800,g,stowaway,3075641,per kg (invoice),ONION SPANISH SLICED FINE
select-fresh:XSLONS5,2026-06-30,0.005000,g,stowaway,3069924,per kg (invoice),ONION SPANISH SLICED 5MM FINE
select-fresh:ZUCK,2026-06-24,0.003200,g,stowaway,3065346,per kg (invoice),ZUCCHINI GREEN KG
select-fresh:ZUCK,2026-06-30,0.002900,g,stowaway,3069924,per kg (invoice),ZUCCHINI GREEN KG
select-fresh:ZUCK,2026-07-03,0.002900,g,stowaway,3074211,per kg (invoice),ZUCCHINI GREEN KG
select-fresh:ZUCK,2026-07-29,0.002900,g,stowaway,3100502,per kg (invoice),ZUCCHINI GREEN KG
sun-circle-food-manufacturing-pty-ltd:SC-BEEFCABBAGE-DUMP,2026-07-23,0.007500,g,harry_gatos,16962,600g,Beef & Cabbage Dumpling 600g x 24
sun-circle-food-manufacturing-pty-ltd:SC-CHICKENCORN-DUMP,2026-07-23,0.007500,g,harry_gatos,16962,600g,Chicken & Corn Dumpling 600g x 24
sun-circle-food-manufacturing-pty-ltd:SC-PORKPARSLEY-DUMP,2026-07-23,0.007500,g,harry_gatos,16962,600g,Pork & Parsley Dumpling 600g x 24
sun-circle-food-manufacturing-pty-ltd:SC-PRAWNHARGAO-LG,2026-07-23,0.032000,g,harry_gatos,16962,1000g,Prawn Har Gao (Large) 50 pieces 1000g x 15
the-berry-man-nsw-pty-ltd:DPULP10,2026-07-24,0.008500,g,stowaway,IN372963,10kg,Dragonfruit Puree 10kg
the-berry-man-nsw-pty-ltd:MAD1,2026-07-24,0.000800,g,stowaway,IN372963,10x1kg,Mango Chunks 10x1kg
the-berry-man-nsw-pty-ltd:PJ1,2026-07-24,0.000792,g,stowaway,IN372963,12x1kg,Passionfruit Puree Seedless 12x1kg
the-berry-man-nsw-pty-ltd:SP1,2026-07-24,0.000542,g,stowaway,IN372963,12x1kg,Strawberry Puree Seed-In 12x1kg
viticult:ARWLC23,2026-07-27,37.6983,bottle,stowaway,INV-02956,bottle,A Rodda Willow Lake Chard 23
viticult:ARWLC24,2026-07-13,37.6983,bottle,stowaway,INV-02634,bottle,A Rodda Willow Lake Chard 2024
viticult:ECPM24,2026-07-13,19.3324,bottle,stowaway,INV-02634,bottle,Padrillos Malbec 24
viticult:OC24,2026-07-27,17.2975,bottle,stowaway,INV-02956,bottle,Ottelia Chardonnay 2024
viticult:OCS21,2026-07-27,21.8761,bottle,stowaway,INV-02956,bottle,Ottelia Cabernet Sauv 21
young-rashleigh:PIZVFSAN1224,2026-07-27,12.0617,bottle,stowaway,733517,bottle,Villa Fresco Sangiovese 24 - OPO
