code,description,size_ml,units_per_carton,book_price_case,book_price_unit,rrp,book_month,min_order,units_per_selling_unit
110-329-1,4 Pine Indian Summer P/Ale Can,375,24,60.52,15.13,22.99,MAR 2026,24,6
110-674-2,4 Pines Brewing Pale Ale,330,24,64.43,16.11,23.99,MAR 2026,24,6
110-964-1,4 Pines Brewing Stout,330,24,64.43,16.11,23.99,MAR 2026,24,6
110-668-0,4 Pines Hazy Pale Cans 4pk,375,24,79.67,13.28,,MAR 2026,24,4
110-678-8,4 Pines Japanese Lager,375,18,44.13,14.71,24.99,MAR 2026,18,6
110-780-3,4 Pines Mw Eagles Lager Can,375,24,59.25,14.81,22.99,MAR 2026,24,6
110-781-2,4 Pines New World Pale Ale Can,375,18,45.04,15.01,22.99,MAR 2026,18,6
110-590-3,4 Pines Pacific Ale 18pk Cans,375,18,43.80,14.60,21.99,MAR 2026,18,6
110-415-6,4 Pines Pacific Ale 3.5%,330,24,54.84,13.71,20.99,MAR 2026,24,6
110-666-2,4 Pines Pale Ale Cans 6pk,375,18,46.90,15.63,25.99,MAR 2026,18,6
110-589-6,4 Pines Ultra Low,330,24,39.11,9.78,14.99,MAR 2026,24,6
110-652-8,Affinity Tropical Pale Ale,375,16,55.59,13.90,22.99,MAR 2026,16,4
110-841-0,Amity Pale Ale 4pk,375,16,62.35,15.59,,MAR 2026,16,4
110-653-7,Astro Punk Xpa,375,16,60.59,15.15,24.99,MAR 2026,16,4
110-794-7,Aussie Pale Lager,355,16,52.95,13.24,19.99,MAR 2026,16,4
110-773-2,Bbco Drunkenles Dark Ale Cans,375,24,55.29,9.22,13.99,MAR 2026,24,4
110-774-1,Bbco Stone Cold Lager Cans,375,24,55.29,9.22,13.99,MAR 2026,24,4
110-775-0,Bbco Wagon Drivers Pale Ale Cn,375,24,55.29,9.22,13.99,MAR 2026,24,4
110-933-9,Big Head No Carb Premium Beer,330,24,72.66,18.17,27.99,MAR 2026,24,6
110-728-8,Big Head No Carb Premium Beer,375,16,60.21,15.05,24.99,MAR 2026,16,4
110-527-1,Bloke In A Bar Crisp Lager,375,24,61.44,15.36,19.99,MAR 2026,24,6
110-626-1,Bloke In A Bar Middy,375,24,57.92,14.48,23.99,MAR 2026,24,6
110-711-7,Boags Draught 4x6pk,375,24,59.65,14.91,22.99,MAR 2026,24,6
110-665-3,Breakers Refreshing Pale Ale,375,16,60.95,15.24,24.99,MAR 2026,16,4
110-403-0,Budweiser Stubbies 330mL,330,24,59.42,14.86,22.99,MAR 2026,24,6
110-737-7,Burleigh Bighead Mid Lager,330,24,58.45,14.61,16.99,MAR 2026,24,6
110-644-9,Burleigh Cerveza Lager 6pk,330,24,74.67,18.67,28.99,MAR 2026,24,6
110-738-6,Burleigh Premium Lager Bottles,330,24,63.62,15.91,18.99,MAR 2026,24,6
110-795-6,Burleigh Slow Brewed Lager Can,375,16,54.34,13.59,15.99,MAR 2026,16,4
110-435-2,Byron Bay Premium Lager,355,24,54.40,13.60,20.99,MAR 2026,24,6
110-071-1,Carlton Draught 3pk,750,12,63.35,15.84,23.99,MAR 2026,12,3
110-608-3,Carlton Draught 3pk R,750,12,62.13,15.53,25.99,MAR 2026,12,3
110-663-5,Carlton Draught 3x10pk Cans,375,30,68.65,22.88,37.99,MAR 2026,30,10
110-122-0,Carlton Draught 4x6pk Stubby,375,24,55.49,13.87,20.99,MAR 2026,24,6
110-143-5,Carlton Draught Cans,375,24,55.49,13.87,20.99,MAR 2026,24,6
110-847-4,Carlton Draught Stubby R,375,24,52.05,13.01,19.99,MAR 2026,24,6
110-787-6,Carlton Dry 3.5% 30pk Cans,375,30,53.07,53.07,62.99,MAR 2026,30,30
110-849-2,Carlton Dry 3.5% Bottles,330,24,47.20,11.80,17.99,MAR 2026,24,6
110-696-6,Carlton Dry 3x10pk Cans,375,30,66.47,22.16,36.99,MAR 2026,30,10
110-084-6,Carlton Dry 4x3x700ml,700,12,63.21,15.80,25.99,MAR 2026,12,3
110-606-5,Carlton Dry 4x3x700ml R,700,12,59.12,14.78,24.99,MAR 2026,12,3
110-401-2,Carlton Dry 4x6pk,330,24,55.22,13.81,20.99,MAR 2026,24,6
110-192-5,Carlton Dry 4x6pk Cans,375,24,55.22,13.81,20.99,MAR 2026,24,6
110-658-2,Carlton Dry 4x6pk R,330,24,51.49,12.87,21.99,MAR 2026,24,6
110-727-9,Carlton Dry Lemon,330,24,66.06,11.01,17.99,MAR 2026,24,4
110-726-0,Carlton Dry Tropical,330,24,64.32,10.72,17.99,MAR 2026,24,4
110-839-4,Carlton Dry Ultra Low Carb 4x6,330,24,55.22,13.81,20.99,MAR 2026,24,6
110-875-9,Carlton Mid 30pk Cans,375,30,54.92,1.83,2.99,MAR 2026,30,1
110-437-0,Carlton Zero 4x6pk Cans,375,24,35.41,8.85,12.99,MAR 2026,24,6
110-406-7,Carlton Zero Bottles,330,24,35.26,8.82,12.99,MAR 2026,24,6
110-113-1,Cascade Premium Light Bottles,375,24,55.86,13.97,20.99,MAR 2026,24,6
110-848-3,Cascade Premium Light Btls R,375,24,46.65,11.66,17.99,MAR 2026,24,6
110-107-9,Cooper Dark Ale Bottles,375,24,59.10,14.78,21.99,MAR 2026,24,6
110-698-4,Coopers Aust Lager Can 375ml,375,24,51.79,12.95,,MAR 2026,24,6
110-583-2,Coopers Dry 3.5% Cans,375,24,42.38,10.60,15.99,MAR 2026,24,6
110-389-8,Coopers Dry Bottles,355,24,43.92,10.98,16.99,MAR 2026,24,6
110-390-5,Coopers Dry Cans,375,24,43.92,10.98,16.99,MAR 2026,24,6
110-789-4,Coopers Mild Ale 3.5% 750ml,750,12,49.26,4.11,4.99,MAR 2026,12,1
110-109-7,Coopers Mild Ale 3.5% Bottles,375,24,47.01,11.75,17.99,MAR 2026,24,6
110-522-6,Coopers Mild Cans,375,24,47.01,11.75,17.99,MAR 2026,24,6
110-863-3,Coopers Ocean Alley Ale 375ml,375,24,59.57,9.93,14.99,MAR 2026,24,4
110-520-8,Coopers Pacific Pale Ale Cans,375,24,53.97,13.49,20.99,MAR 2026,24,6
110-126-6,Coopers Pale Ale Bottles,750,12,59.46,4.96,7.99,MAR 2026,12,1
110-125-7,Coopers Pale Ale Bottles,375,24,53.97,13.49,20.99,MAR 2026,24,6
110-370-9,Coopers Pale Ale Cans 4x6pk,375,24,53.97,13.49,16.99,MAR 2026,24,6
110-441-4,Coopers Pale Cans 440ml 24pk,440,24,53.97,2.25,2.99,MAR 2026,24,1
110-106-0,Coopers Premium Light 6pk Bott,355,24,44.87,11.22,16.99,MAR 2026,24,6
110-420-9,Coopers Premium Light Cans,375,24,42.99,10.75,15.99,MAR 2026,24,6
110-110-4,Coopers Sparkling Ale Bottles,750,12,63.76,5.31,7.99,MAR 2026,12,1
110-422-7,Coopers Sparkling Ale Can,375,24,60.16,15.04,18.99,MAR 2026,24,6
110-108-8,Coopers Spkl Ale Stubbies 6pk,375,24,60.16,15.04,22.99,MAR 2026,24,6
110-801-8,Coopers Vintage Ale 4x6 355mL,355,24,81.85,20.46,30.99,MAR 2026,24,6
110-423-6,Coopers Xpa 4x6pk Cans,375,24,60.16,15.04,18.99,MAR 2026,24,6
110-004-3,Crown Lager 4x6 Pk Stubbies,375,24,60.44,15.11,22.99,MAR 2026,24,6
110-676-0,Cult Ipa Cans,355,16,72.74,18.19,29.99,MAR 2026,16,4
110-574-3,Eumundi Ginger Beer Cans,375,16,55.20,13.80,20.99,MAR 2026,16,4
110-536-0,Flying Dutchman 1 Ltr,1000,6,40.19,40.19,46.99,MAR 2026,6,6
110-363-8,Furphy Ale 24pk Bottles,375,24,53.11,13.28,19.99,MAR 2026,24,6
110-365-6,Furphy Ale 24pk Cans,375,24,53.11,13.28,19.99,MAR 2026,24,6
110-062-2,Gnbc Orig 4.2% 24pk Btl 330ml,330,24,55.74,2.32,3.99,MAR 2026,24,1
110-399-6,Gnbc Original 6pk Cans,375,24,55.74,2.32,3.99,MAR 2026,24,1
110-312-0,Gnbc Original Btl 4x3x700ml,700,12,62.16,5.18,8.99,MAR 2026,12,1
110-263-9,Gnbc Original Lager 30pk Can,375,30,63.05,2.10,3.99,MAR 2026,30,1
110-197-0,Gnbc S/Crisp 3.5% 24pk Btl 330,330,24,54.40,2.27,2.99,MAR 2026,24,1
110-613-6,Gnbc S/Crisp 3.5% 330 Ml R,330,24,44.85,11.21,16.99,MAR 2026,24,6
110-313-9,Gnbc S/Crisp 3.5% 3pk 700ml,700,12,58.89,4.91,7.99,MAR 2026,12,1
110-195-2,Gnbc S/Crisp 3.5% 6pk Can 375m,375,24,54.40,13.60,20.99,MAR 2026,24,6
110-248-9,Gnbc Super Crisp 3.5% 30pk Can,375,30,60.01,2.00,2.99,MAR 2026,30,1
110-507-5,Gnbc Zero 6pk Bottles,330,24,38.16,9.54,14.99,MAR 2026,24,6
110-505-7,Gnbc Zero 6pk Cans,375,24,39.13,9.78,14.99,MAR 2026,24,6
110-394-1,Grand Ridge Almighty Light Can,375,24,64.51,16.13,24.99,MAR 2026,24,6
110-393-2,Grand Ridge Pale Ale Cans,375,24,68.51,17.13,25.99,MAR 2026,24,6
110-555-6,Hahn Premium Light 6pk Bottles,375,24,52.29,13.07,19.99,MAR 2026,24,6
110-557-4,Hahn Super Dry (Low Carb)4.6%,330,24,54.75,13.69,20.99,MAR 2026,24,6
110-687-7,Hahn Super Dry 12x700ml Bt Ls,700,12,64.29,5.36,,MAR 2026,12,1
110-790-1,Hahn Super Dry 3.5% 10pk Can,375,30,66.61,22.20,33.99,MAR 2026,30,10
110-736-8,Hahn Super Dry 3.5% 12x700mL,700,12,59.31,4.94,7.99,MAR 2026,12,1
110-016-9,Hahn Super Dry 3.5% Bottles,330,24,52.29,13.07,,MAR 2026,24,6
110-288-0,Hahn Super Dry 30pk 3.5% Can,375,30,59.65,1.99,1.99,MAR 2026,30,1
110-752-7,Hahn Super Dry 30pk 3.5% Can R,375,30,54.00,1.80,2.99,MAR 2026,30,1
110-792-9,Hahn Super Dry 4.6% 10pk Can,375,30,68.65,22.88,34.99,MAR 2026,30,10
110-592-1,Hahn Super Dry 4.6% 30pk Can,375,30,60.47,2.02,2.99,MAR 2026,30,1
110-754-5,Hahn Super Dry 4.6% 30pk Can R,375,30,58.27,1.94,2.99,MAR 2026,30,1
110-604-7,Hahn Super Dry 700ml R,700,12,60.58,5.05,7.99,MAR 2026,12,1
110-672-4,Hahn Super Dry Gluten Free Bot,330,24,56.38,14.10,20.99,MAR 2026,24,6
110-618-1,Hahn Super Dry Low Carb 4.6% R,330,24,50.60,12.65,18.99,MAR 2026,24,6
110-670-6,Hahn Ultra,330,24,54.75,13.69,22.99,MAR 2026,24,6
110-662-6,Hawkesbury Hazy Ale 5.0% 4pk,375,24,75.80,12.63,20.99,MAR 2026,24,4
110-660-8,Hawkesbury Ipa 6.3% 4pk,375,24,86.00,14.33,23.99,MAR 2026,24,4
110-651-9,Hawkesbury Pacific Ale 3.5% 4p,375,24,54.37,9.06,14.99,MAR 2026,24,4
110-650-0,Hawkesbury Pale Ale 4.2% 4pk,375,24,68.66,11.44,,MAR 2026,24,4
110-381-6,Hawkesbury Pale Ale 650ml,650,12,49.83,4.15,5.99,MAR 2026,12,1
110-591-2,Hawkesbury Stout 6.5% 650ml,650,12,63.19,5.27,7.99,MAR 2026,12,1
110-707-3,Hawkesbury Super Dry Low Carb,650,12,42.11,3.51,3.99,MAR 2026,12,1
110-706-4,Hawkesbury The Standard 12pk,650,12,49.83,4.15,4.99,MAR 2026,12,1
110-862-4,Hbc Coasty Low Carb Lager Be,375,24,50.70,2.11,,MAR 2026,24,1
110-649-4,Hbc Ginger Yowie 4% Cans 4pk,375,24,64.16,10.69,17.99,MAR 2026,24,4
110-747-5,Hbc Prohibition Lager 0% 4pk,375,24,52.38,8.73,9.99,MAR 2026,24,4
110-598-5,Hbc Prohibition Pale Ale 4pk,375,24,52.38,8.73,14.99,MAR 2026,24,4
110-812-5,Hbc Standard Lager 6pk,375,24,56.11,14.03,21.99,MAR 2026,24,6
110-813-4,Hbc Super Dry 30pk,375,30,54.88,54.88,84.99,MAR 2026,30,30
110-730-4,Hiatus Beer N/Alc Pacific Ale,375,24,58.29,9.72,15.99,MAR 2026,24,4
110-817-0,Hiatus Beer N/Alc Prem Lager,375,24,58.35,9.73,14.99,MAR 2026,24,4
110-315-7,Iron Jack Crisp 3.5 30pk Cans,375,30,56.38,1.88,2.99,MAR 2026,30,1
110-316-6,Iron Jack Crisp 3.5 Bottles,330,24,52.29,13.07,19.99,MAR 2026,24,6
110-619-0,J.Squire 150 Lashes Bottles R,330,24,51.45,12.86,19.99,MAR 2026,24,6
110-636-9,J.Squire 150 Lashes Btl 6pk,330,24,57.20,14.30,,MAR 2026,24,6
110-816-1,J.Squire Chef Blend Pale Ale,330,24,57.19,14.30,21.99,MAR 2026,24,6
110-779-6,J.Squire Double Ginger Beer,330,24,102.47,17.08,25.99,MAR 2026,24,4
110-634-1,J.Squire Ginger Beer Can 10pk,330,30,91.02,30.34,45.99,MAR 2026,30,10
110-450-2,J.Squire Ginger Beer Cans,330,24,74.11,18.53,27.99,MAR 2026,24,6
110-637-8,J.Squire Lager Btl 6pk,330,24,57.20,14.30,,MAR 2026,24,6
110-671-5,J.Squire Low Sugar Gngr Beer,330,24,74.11,18.53,30.99,MAR 2026,24,6
110-542-2,J.Squire Zero Bottles 4 X 6pk,345,24,38.11,9.53,13.99,MAR 2026,24,6
110-155-0,James Boags Light Prem Stub 6p,375,24,53.93,13.48,19.99,MAR 2026,24,6
110-700-0,James Boags Prem Lager Bottle,375,24,58.01,14.50,21.99,MAR 2026,24,6
110-633-2,Jervis Bay Point Perp Pils,375,16,58.32,14.58,23.99,MAR 2026,16,4
110-842-9,Jumpinpin Ipa 4pk,375,16,74.35,18.59,,MAR 2026,16,4
110-655-5,Kick Ons Midstrength Ale,375,16,55.59,13.90,22.99,MAR 2026,16,4
110-181-8,Kosciuszko Pale Ale 6pk,330,24,59.49,14.87,22.99,MAR 2026,24,6
110-570-7,Last Man Standing Aus Lager,375,24,54.14,13.54,20.99,MAR 2026,24,6
110-667-1,Last Man Standing Ms Lager,375,24,52.14,2.17,3.99,MAR 2026,24,1
110-421-8,Lord Nelson 3 Sheets Ale Cans,375,24,80.34,20.09,30.99,MAR 2026,24,6
110-999-0,Lord Nelson 3 Sheets Ale Stubs,330,24,80.34,20.09,30.99,MAR 2026,24,6
110-990-9,Lord Nelson Old Admiral Ale,330,24,85.43,21.36,31.99,MAR 2026,24,6
110-843-8,Manta Dark Lager 4pk,375,16,62.35,15.59,,MAR 2026,16,4
110-876-8,Matilda Bay Fat Yak 4x6pk,345,24,54.23,13.56,20.99,MAR 2026,24,6
110-291-5,Matilda Bay Wild Yak 4x6pk,345,24,54.28,13.57,20.99,MAR 2026,24,6
110-681-3,Melbourne Bitter 750ml Bott R,750,12,61.67,5.14,8.99,MAR 2026,12,1
110-088-2,Melbourne Bitter 750ml Bottles,750,12,65.01,5.42,8.99,MAR 2026,12,1
110-464-6,Melbourne Bitter Stubbies,375,24,66.80,2.78,3.99,MAR 2026,24,1
110-844-7,Mid Track Session Ale 4pk,375,16,56.35,14.09,,MAR 2026,16,4
110-714-4,Miller Chill Blood Orange Cans,330,24,47.50,11.88,19.99,MAR 2026,24,6
110-506-6,Miller Chill Lime 4% 6pk Stubs,330,24,47.50,11.88,17.99,MAR 2026,24,6
110-716-2,Miller Chill Lime Cans,330,24,47.50,11.88,19.99,MAR 2026,24,6
110-715-3,Miller Chill P/Fruit Cans,330,24,47.50,11.88,19.99,MAR 2026,24,6
110-050-6,Miller Genuine Draft 4x6 (Aus),330,24,47.50,11.88,17.99,MAR 2026,24,6
110-695-7,Mountain Culture Scenic Route,355,16,53.95,13.49,22.99,MAR 2026,16,4
110-281-7,Murrays Angry Man Pale Ale 4x6,330,24,68.39,17.10,25.99,MAR 2026,24,6
110-840-1,Myora Springs Sour 4pk,375,16,62.35,15.59,,MAR 2026,16,4
110-640-3,Obrien Lager 3.0 Cans,375,24,67.23,16.81,27.99,MAR 2026,24,6
110-639-6,Obriens Brown Ale Gluten Free,375,24,67.23,16.81,27.99,MAR 2026,24,6
110-509-3,Obriens Gf Stout Bottles,330,24,86.23,21.56,32.99,MAR 2026,24,6
110-069-5,Obriens Lager Gluten Free,330,24,67.23,16.81,25.99,MAR 2026,24,6
110-621-6,Obriens Lager Gluten Free Cans,375,24,67.23,16.81,27.99,MAR 2026,24,6
110-620-7,Obriens Pale Ale Gf Cans,375,24,67.23,16.81,27.99,MAR 2026,24,6
110-699-3,Obriens Pale Ale Gluten Free,330,24,67.23,16.81,25.99,MAR 2026,24,6
110-612-7,Obriens Xpa Gluten Free,375,24,67.23,16.81,27.99,MAR 2026,24,6
110-656-4,Old School Cool Draught,375,16,55.59,13.90,,MAR 2026,16,4
110-845-6,Point Lookout Lager 4pk,375,16,62.35,15.59,,MAR 2026,16,4
110-669-9,Powers Lager 6pk Btls,330,24,44.97,11.24,18.99,MAR 2026,24,6
110-793-8,Pure Blonde 4.2% 4x6pk 330ml,330,24,52.44,13.11,19.99,MAR 2026,24,6
110-235-4,Pure Blonde 4.2% 4x6pk Cans,375,24,52.44,13.11,19.99,MAR 2026,24,6
110-810-7,Pure Blonde 4.2% 4x6pk Stubb R,330,24,52.40,13.10,19.99,MAR 2026,24,6
110-657-3,Rage Juicy Pale Ale,375,16,60.59,15.15,24.99,MAR 2026,16,4
110-782-1,Reschs Pilsener Cans,375,24,66.29,16.57,25.99,MAR 2026,24,6
110-680-4,Reschs Real 6pk,330,24,45.17,11.29,18.99,MAR 2026,24,6
110-719-9,Rider 4.0% Stubs,330,24,44.85,11.21,18.99,MAR 2026,24,6
110-721-5,Son Of A Nun Low Carb Beer,375,24,52.60,13.15,21.99,MAR 2026,24,6
110-806-3,Son Of A Nun Mid 30pk Cans,375,30,50.85,50.85,59.99,MAR 2026,30,30
110-724-2,Son Of A Nun Zero Alc Beer,375,24,38.35,9.59,,MAR 2026,24,6
110-677-9,Status Quo Pale Ale Cans,355,16,65.59,16.40,26.99,MAR 2026,16,4
110-593-0,Steel City All Day Mid Lager,375,24,50.73,12.68,20.99,MAR 2026,24,6
110-576-1,Steel City Australian Pale Ale,375,24,58.64,14.66,22.99,MAR 2026,24,6
110-575-2,Steel City Full Strength Lager,375,24,58.64,14.66,22.99,MAR 2026,24,6
110-864-2,Stone & Wood Big Pale Ale,375,16,57.09,14.27,21.99,MAR 2026,16,4
110-568-1,Stone & Wood Crisp 3.5% 330ml,330,24,47.76,11.94,17.99,MAR 2026,24,6
110-778-7,Stone & Wood Hinter Hzy Ale 4p,375,16,57.15,14.29,21.99,MAR 2026,16,4
110-432-5,Stone & Wood Jasper Ale,375,16,57.15,14.29,21.99,MAR 2026,16,4
110-742-0,Stone & Wood Pac.Ale Stubs R,330,24,65.52,16.38,26.99,MAR 2026,24,6
110-683-1,Stone & Wood Pacific Ale 12pk,500,12,56.36,4.70,7.99,MAR 2026,12,1
110-771-4,Stone & Wood Pacific Ale Cans,375,20,65.93,32.97,,MAR 2026,20,10
110-410-1,Stone & Wood Pacific Ale Cans,375,16,55.58,13.90,20.99,MAR 2026,16,4
110-645-8,Stone & Wood Pacific Ale Stub,330,24,69.65,17.41,25.99,MAR 2026,24,6
110-850-8,Stryda New Age Lager 2.2% Cans,375,16,30.61,7.65,11.99,MAR 2026,16,4
110-702-8,Sydney Beer Co Lager Btl,330,24,59.21,14.80,24.99,MAR 2026,24,6
110-802-7,Sydney Beer Co Lager Can,375,24,59.20,14.80,22.99,MAR 2026,24,6
110-784-9,Sydney Beer Co Mid Str Cans,375,24,55.32,13.83,20.99,MAR 2026,24,6
110-287-1,Tooheys Extra Dry 30pk Cube,375,30,58.02,58.02,67.99,MAR 2026,30,30
110-170-1,Tooheys Extra Dry Bot 4x6pk,345,24,52.29,13.07,19.99,MAR 2026,24,6
110-617-2,Tooheys Extra Dry Bot 4x6pk R,345,24,44.06,11.02,16.99,MAR 2026,24,6
110-607-4,Tooheys Extra Dry Bottle R,696,12,58.40,4.87,7.99,MAR 2026,12,1
110-183-6,Tooheys New 30pk Cans,375,30,61.29,61.29,92.99,MAR 2026,30,30
110-616-3,Tooheys New 30pk Cans R,375,30,55.55,55.55,85.99,MAR 2026,30,30
110-123-9,Tooheys New Bottle Loose,750,12,65.74,5.48,7.99,MAR 2026,12,1
110-158-7,Tooheys New Bottles,375,24,55.56,13.89,20.99,MAR 2026,24,6
110-615-4,Tooheys New Bottles 375m B R,375,24,48.35,12.09,18.99,MAR 2026,24,6
110-602-9,Tooheys New Bottles Loose R,750,12,61.31,5.11,7.99,MAR 2026,12,1
110-682-2,Tooheys Old 750 Ml Bottles R,750,12,60.58,5.05,7.99,MAR 2026,12,1
110-444-1,Tooheys Old Stubbies 6pk,375,24,63.75,15.94,23.99,MAR 2026,24,6
110-814-3,Tooheys Ultra 6pk Btl,330,24,54.75,13.69,20.99,MAR 2026,24,6
110-797-4,Travla Full Strength Lager Can,375,24,55.24,13.81,20.99,MAR 2026,24,6
110-673-3,Travla Mid Strength Lager Cans,375,24,48.10,12.03,19.99,MAR 2026,24,6
110-292-4,Twisted Palm Pale Ale 4x6pk,330,24,72.66,18.17,27.99,MAR 2026,24,6
110-811-6,Twisted Palm Trop Pale Ale 4pk,375,16,60.21,15.05,22.99,MAR 2026,16,4
110-068-6,Victoria Bitter,250,24,52.85,2.20,2.99,MAR 2026,24,1
110-074-8,Victoria Bitter 3pk,750,12,63.33,15.83,23.99,MAR 2026,12,3
110-664-4,Victoria Bitter 3x10pk Cans,375,30,68.65,22.88,37.99,MAR 2026,30,10
110-213-0,Victoria Bitter Bottles 750ml,750,12,66.06,5.51,7.99,MAR 2026,12,1
110-601-0,Victoria Bitter Btls Loose R,750,12,57.26,14.32,21.99,MAR 2026,12,3
110-468-2,Victoria Bitter Cans 30pk,375,30,61.84,2.06,2.99,MAR 2026,30,1
110-202-3,Victoria Bitter Cans 4x6pk,375,24,56.73,14.18,21.99,MAR 2026,24,6
110-471-7,Victoria Bitter Cans Block R,375,30,57.47,1.92,2.99,MAR 2026,30,1
110-755-4,Victoria Bitter Low Carb Cans,375,24,56.73,14.18,21.99,MAR 2026,24,6
110-756-3,Victoria Bitter Low Carb Stubs,375,24,56.73,14.18,21.99,MAR 2026,24,6
110-201-4,Victoria Bitter Stubb 4x6pk,375,24,56.73,14.18,21.99,MAR 2026,24,6
110-611-8,Victoria Bitter Stubb 4x6pk R,375,24,51.25,12.81,19.99,MAR 2026,24,6
110-513-7,West City Neipa,440,16,71.65,17.91,27.99,MAR 2026,16,4
110-515-5,West City Oaty Session Stout,440,16,50.85,12.71,19.99,MAR 2026,16,4
110-516-4,West City Pale Ale,440,16,50.85,12.71,19.99,MAR 2026,16,4
110-517-3,West City Session Lager,440,16,48.35,12.09,18.99,MAR 2026,16,4
110-518-2,West City White Ale,440,16,50.85,12.71,19.99,MAR 2026,16,4
110-519-1,West City Xpa,440,16,50.85,12.71,19.99,MAR 2026,16,4
110-587-8,Wilde Gluten Free Pale Ale Can,375,16,53.85,13.46,20.99,MAR 2026,16,4
110-002-5,Xxxx Gold 24pk Cans,375,24,51.47,12.87,19.99,MAR 2026,24,6
110-854-4,Xxxx Gold 30pk Cans,375,30,58.83,1.96,1.99,MAR 2026,30,1
110-697-5,Xxxx Gold 30pk Cans R,375,30,50.72,1.69,1.99,MAR 2026,30,1
110-559-2,Xxxx Gold 4x6 Bottles,375,24,51.47,12.87,19.99,MAR 2026,24,6
110-739-5,Xxxx Gold 4x6 Bottles R,375,24,44.68,11.17,18.99,MAR 2026,24,6
110-151-4,Xxxx Gold Bottles (Qld) 3pk,750,12,59.93,14.98,22.99,MAR 2026,12,3
110-831-2,Xxxx Summer Bright Lager Bott,330,24,53.11,13.28,19.99,MAR 2026,24,6
110-815-2,Xxxx Ultra 6pk Btl,330,24,51.47,12.87,19.99,MAR 2026,24,6
110-463-7,Yenda Pale Ale 4.2% 6pk,330,24,52.35,13.09,19.99,MAR 2026,24,6
110-641-2,Yenda Sessions Lager 3.5% 30pk,375,30,52.55,1.75,2.99,MAR 2026,30,1
110-642-1,Yenda Xpa 4.4% 4pk Cans,375,16,45.90,11.48,18.99,MAR 2026,16,4
110-628-9,Yulli's Amanda Mandarin Ipa,375,16,63.51,15.88,26.99,MAR 2026,16,4
110-729-7,Yulli's Clarence Hazy Pale Ale,375,16,60.51,15.13,24.99,MAR 2026,16,4
110-627-0,Yulli's Jed Mid Strength,375,24,64.59,16.15,26.99,MAR 2026,24,6
110-631-4,Yulli's Kingu Rice Lager,375,16,60.51,15.13,24.99,MAR 2026,16,4
110-629-8,Yulli's Norman Australian Ale,375,24,76.59,19.15,31.99,MAR 2026,24,6
110-630-5,Yulli's Seabass Lager,375,24,69.59,17.40,28.99,MAR 2026,24,6
115-184-4,Asahi Super Dry 3.5%,330,24,50.85,12.71,19.99,MAR 2026,24,6
115-147-0,Asahi Super Dry 5% 500ml 6pk,500,24,80.47,20.12,30.99,MAR 2026,24,6
115-353-9,Asahi Super Dry 5% 500ml 6pk R,500,24,71.12,17.78,29.99,MAR 2026,24,6
115-003-3,Asahi Super Dry 5% Bottles,330,24,56.15,14.04,21.99,MAR 2026,24,6
115-355-7,Asahi Super Dry 5% Bottles R,330,24,52.53,13.13,19.99,MAR 2026,24,6
115-007-9,Becks Stubbies 4x6pk,330,24,50.70,12.68,18.99,MAR 2026,24,6
115-561-7,Bintang Pilsner,330,24,56.62,14.16,21.99,MAR 2026,24,6
115-406-6,Birra Moretti 6pk Btl,330,24,54.50,13.63,20.99,MAR 2026,24,6
115-032-8,Carlsberg (Elephant) Bottles,330,24,69.48,17.37,25.99,MAR 2026,24,6
115-031-9,Carlsberg (Green) Bottles,330,24,43.93,10.98,16.99,MAR 2026,24,6
115-095-2,Carlsberg Pilsner Green 500mL,500,24,63.33,10.56,15.99,MAR 2026,24,4
115-375-3,Chang Beer (Loose) R,320,24,53.40,53.40,,MAR 2026,24,24
115-166-6,Coors Lager,330,24,47.50,11.88,17.99,MAR 2026,24,6
115-332-5,Coors Lager Cans,355,24,47.50,11.88,17.99,MAR 2026,24,6
115-351-1,Corona China Btls R,355,24,58.65,14.66,23.99,MAR 2026,24,6
115-227-3,Corona Extra Stubb 6p,355,24,65.77,16.44,24.99,MAR 2026,24,6
115-376-2,Corona Mexican 6pk Brw Bx R,355,24,51.55,12.89,21.99,MAR 2026,24,6
115-124-7,Estrella Damm 4x6pk,330,24,69.62,17.41,26.99,MAR 2026,24,6
115-025-7,Heineken 6pk Bottle 330ml,330,24,56.38,14.10,20.99,MAR 2026,24,6
115-357-5,Heineken 6pk Bottle 330ml R,330,24,49.83,12.46,18.99,MAR 2026,24,6
115-392-2,Heineken Silver 6pk Btl,330,24,56.38,14.10,21.99,MAR 2026,24,6
115-301-2,Heineken Zero Bottles,330,24,44.15,11.04,16.99,MAR 2026,24,6
115-022-0,Kilkenny Draught Can 6pk 440ml,440,24,81.20,3.38,4.99,MAR 2026,24,1
115-326-3,Kingfisher Beer 6pk Bottles,330,24,56.95,14.24,21.99,MAR 2026,24,6
115-337-0,Kirin Ichiban 4x6x330ml,330,24,54.75,13.69,20.99,MAR 2026,24,6
115-033-7,Kronenbourg 1664,330,24,55.39,13.85,20.99,MAR 2026,24,6
115-407-5,Martens 4.2% 500ml Cans,500,24,66.22,11.04,,MAR 2026,24,4
115-067-6,Menabrea Italian Beer,330,24,74.33,18.58,27.99,MAR 2026,24,6
115-016-8,Monteiths Black,330,24,56.91,14.23,21.99,MAR 2026,24,6
115-365-5,Mythos Lager 5% 6pk,330,24,62.58,15.65,23.99,MAR 2026,24,6
115-312-9,Peroni Nastro 0.0% Stubs,330,24,38.18,1.59,2.99,MAR 2026,24,1
115-277-2,Peroni Nastro 3.5% Stubs,330,24,52.39,13.10,21.99,MAR 2026,24,6
115-350-2,Peroni Nastro 500ml Cans,500,24,70.28,17.57,28.99,MAR 2026,24,6
115-346-9,Peroni Nastro Azzurro 24pk R,330,24,51.50,2.15,2.99,MAR 2026,24,1
115-373-5,Peroni Nastro Azzurro 6pk 5%,330,24,56.17,14.04,22.99,MAR 2026,24,6
115-384-2,Peroni Nastro Stile Capri Btls,330,24,52.88,13.22,19.99,MAR 2026,24,6
115-306-7,Peroni Red 3pk Stubbies,330,24,50.14,6.27,9.99,MAR 2026,24,3
115-356-6,Peroni Red 3pk Stubbies R,330,24,47.09,5.89,8.99,MAR 2026,24,3
115-643-9,Sapporo 24pk Stubbies,355,24,50.88,12.72,20.99,MAR 2026,24,6
115-374-4,Sapporo 500ml 6x4pk Cans,500,24,69.42,11.57,18.99,MAR 2026,24,4
115-693-8,Sapporo 650ml 12pk Cans (Imp),650,12,64.37,5.36,7.99,MAR 2026,12,1
115-322-7,Sapporo Black 650ml 12pk Cans,650,12,64.37,5.36,7.99,MAR 2026,12,1
115-397-7,Sierra Nevada Pale Ale,355,24,84.39,14.07,21.99,MAR 2026,24,4
115-348-7,Singha Beer 330ml (Clearance),330,24,36.95,9.24,13.99,MAR 2026,24,6
115-065-8,Singha Beer 330ml (Thailand),330,24,69.45,17.36,25.99,MAR 2026,24,6
115-212-0,Sol Beer 4x6pk,330,24,56.31,14.08,21.99,MAR 2026,24,6
115-062-1,Stella Artois 6pk,330,24,46.95,11.74,17.99,MAR 2026,24,6
115-080-9,Tiger 4x6 Stubbies (Singapore),330,24,56.56,14.14,20.99,MAR 2026,24,6
115-360-0,Tsingtao Premium Beer 330ml,330,24,54.68,13.67,22.99,MAR 2026,24,6
115-386-0,Tsingtao Premium Beer 640ml,640,12,47.53,3.96,6.99,MAR 2026,12,1
115-854-3,Tui East India P/Ale 4x6 Btls,330,24,49.17,12.29,18.99,MAR 2026,24,6
115-398-6,Weihenstephan Dunkel,500,12,61.55,5.13,7.99,MAR 2026,12,1
115-402-0,Weihenstephan Hefe Weissbier,500,12,61.55,5.13,7.99,MAR 2026,12,1
115-400-2,Weihenstephan Kris. Weissbier,500,12,61.55,5.13,7.99,MAR 2026,12,1
115-408-4,Weihenstephan Non Alc Hefe,500,12,41.57,3.46,4.99,MAR 2026,12,1
115-403-9,Weihenstephan Original Helles,500,12,61.55,5.13,7.99,MAR 2026,12,1
115-401-1,Weihenstephan Pilsner,500,12,61.55,5.13,7.99,MAR 2026,12,1
115-341-4,Yebisu Premium,350,24,68.66,11.44,18.99,MAR 2026,24,4
117-601-5,Akasha Canada Bay Xpa Cans,375,16,52.39,13.10,19.99,MAR 2026,16,4
117-535-6,Akasha Cloud 9 Hazy Ipa,375,24,112.41,18.74,30.99,MAR 2026,24,4
117-591-7,Akasha Freshwater Pale Ale Can,375,16,58.39,14.60,21.99,MAR 2026,16,4
117-383-9,Akasha Hopsmith Ipa Cans,375,24,106.41,17.74,26.99,MAR 2026,24,4
117-382-0,Akasha Mosaic Ipa Cans,375,24,106.41,17.74,26.99,MAR 2026,24,4
117-553-3,Akasha Super Chill Lager,375,16,50.39,12.60,20.99,MAR 2026,16,4
117-527-6,Akasha Super Chill Pacific Ale,375,16,50.39,12.60,20.99,MAR 2026,16,4
117-503-4,Ballistic Haw Haze Pale Ale,375,16,62.45,15.61,25.99,MAR 2026,16,4
117-506-1,Ballistic L/Ha L/Carb Pale Ale,375,24,89.00,14.83,,MAR 2026,24,4
117-196-6,Balter Captain Sensible Cans,375,16,46.32,11.58,17.99,MAR 2026,16,4
117-551-5,Balter Cerveza 355ml,355,24,52.66,13.17,21.99,MAR 2026,24,6
117-410-6,Balter Eazy Hazy 4% Cans,375,16,47.21,11.80,17.99,MAR 2026,16,4
117-528-5,Balter Hazy 6% Cans,375,16,61.85,15.46,25.99,MAR 2026,16,4
117-180-4,Balter Ipa 4pk Cans,375,16,66.15,16.54,24.99,MAR 2026,16,4
117-183-1,Balter Xpa 4pk Cans,375,16,56.64,14.16,21.99,MAR 2026,16,4
117-544-5,Batch Elsie Niro Milk Stout,375,16,62.35,15.59,25.99,MAR 2026,16,4
117-565-9,Batch Marrickville Og Pale Ale,375,16,58.35,14.59,23.99,MAR 2026,16,4
117-546-3,Batch Pash Magic Dragon Sour,375,16,62.35,15.59,25.99,MAR 2026,16,4
117-545-4,Batch Trippy Hippy Wc Ipa,375,16,63.35,15.84,25.99,MAR 2026,16,4
117-529-4,Bent Straightforward Beer 4x6p,375,24,61.37,15.34,25.99,MAR 2026,24,6
117-603-3,Bentspoke Barley Griffin,375,16,50.99,12.75,19.99,MAR 2026,16,4
117-605-1,Bentspoke Crankshaft Ipa 4x4pk,375,16,60.08,15.02,22.99,MAR 2026,16,4
117-297-4,Bentspoke Easy 6x4pk,375,24,69.72,11.62,17.99,MAR 2026,24,4
117-427-7,Bentspoke Fixie 6x4pk,375,24,86.72,14.45,23.99,MAR 2026,24,4
117-576-6,Bentspoke Freewheeler Ipa Zero,375,16,45.59,11.40,17.99,MAR 2026,16,4
117-606-0,Bentspoke Hazee Hazy Pale Ale,375,16,50.59,12.65,18.99,MAR 2026,16,4
117-616-8,Bentspoke Red Nut 4x4pk,375,16,69.59,17.40,26.99,MAR 2026,16,4
117-299-2,Bentspoke Red Nut 6x4pk,375,24,107.34,17.89,27.99,MAR 2026,24,4
117-615-9,Bentspoke Sprocket 4x4pk,375,16,69.59,17.40,26.99,MAR 2026,16,4
117-300-9,Bentspoke Sprocket 6x4pk,375,24,107.34,17.89,27.99,MAR 2026,24,4
117-572-0,Better Beer Arvo Ale Cans,355,24,64.71,16.18,24.99,MAR 2026,24,6
117-571-1,Better Beer Ginger Beer Cans,355,24,70.35,17.59,26.99,MAR 2026,24,6
117-549-0,Better Beer Mid Cans,355,24,50.35,12.59,18.99,MAR 2026,24,6
117-619-5,Better Beer Middy Can 10pk,355,30,60.92,20.31,30.99,MAR 2026,30,10
117-597-1,Better Beer Zero Alc 6pk,355,24,46.35,11.59,17.99,MAR 2026,24,6
117-548-1,Better Beer Zero Carb Bottles,330,24,60.35,15.09,22.99,MAR 2026,24,6
117-547-2,Better Beer Zero Carb Can,355,24,60.35,15.09,22.99,MAR 2026,24,6
117-618-6,Better Beer Zero Carb Can 10pk,355,30,68.54,22.85,34.99,MAR 2026,30,10
117-573-9,Better Beer Zero Carb Can R,355,24,52.30,13.08,19.99,MAR 2026,24,6
117-566-8,Brewdog Cold Beer,375,16,38.27,9.57,15.99,MAR 2026,16,4
117-443-7,Brewdog Elvis Juice W/Cst Ipa,375,16,66.28,16.57,25.99,MAR 2026,16,4
117-439-3,Brewdog Hazy Lane Neipa Can,375,16,50.28,12.57,18.99,MAR 2026,16,4
117-442-8,Brewdog Nanny State Low Alc,375,16,43.28,10.82,16.99,MAR 2026,16,4
117-440-0,Brewdog P/Fruit Blitz Session,375,16,48.28,12.07,18.99,MAR 2026,16,4
117-438-4,Brewdog Punk Xpa Can,375,16,50.28,12.57,18.99,MAR 2026,16,4
117-477-6,Brewdog Shandy Shack,375,16,46.27,11.57,18.99,MAR 2026,16,4
117-364-2,Brick Lane Backyarder Cans,355,24,51.45,12.86,19.99,MAR 2026,24,6
117-588-2,Brick Lane Bommie Xpa Cans,355,24,68.20,11.37,17.99,MAR 2026,24,4
117-519-6,Brick Lane Hi Fi Dry Zero Carb,355,24,54.76,13.69,22.99,MAR 2026,24,6
117-569-5,Brick Lane Natural Draught Can,355,24,54.76,13.69,15.99,MAR 2026,24,6
117-281-2,Brick Lane One Love P/Ale Cans,355,24,61.95,15.49,23.99,MAR 2026,24,6
117-570-2,Brick Lane Ws Zero Carb Pale,355,24,54.76,13.69,15.99,MAR 2026,24,6
117-441-9,Brown Snake Ginger Beer,375,16,59.40,14.85,22.99,MAR 2026,16,4
117-568-6,Burleigh Bighead Mid-No Carb,375,16,50.74,12.69,19.99,MAR 2026,16,4
117-567-7,Burleigh Larger Mid Lager Can,375,16,50.22,12.56,18.99,MAR 2026,16,4
117-596-2,Burleigh Mid Tide Ale 4pk,375,16,50.74,12.69,19.99,MAR 2026,16,4
117-456-1,Capital Brewing Alc-Less,375,16,43.09,10.77,16.99,MAR 2026,16,4
117-508-9,Capital Brewing Coast Ale 16pk,375,16,52.80,13.20,19.99,MAR 2026,16,4
117-314-3,Capital Brewing Xpa,375,16,57.11,14.28,23.99,MAR 2026,16,4
117-574-8,Capital Good Drop,375,16,47.63,11.91,17.99,MAR 2026,16,4
117-267-0,Capital H/Loose Juice Hazy Ipa,375,16,66.60,16.65,27.99,MAR 2026,16,4
117-614-0,Capital Haze Oasis Pale Ale,375,16,55.38,13.85,,MAR 2026,16,4
117-510-5,Capital Rock Hopper Ipa 16pk,375,16,61.41,15.35,,MAR 2026,16,4
117-332-1,Capital Summit Hazy Mid 3.5%,375,16,50.65,12.66,19.99,MAR 2026,16,4
117-617-7,Capital Tokyo Draft Rice Lager,375,16,55.85,13.96,21.99,MAR 2026,16,4
117-509-8,Capital Trail Pale Ale 16pk,375,16,53.87,13.47,20.99,MAR 2026,16,4
117-580-0,Cbco Australian Ipa Can 4x4pk,375,16,60.85,15.21,22.99,MAR 2026,16,4
117-307-2,Cbco Bertie Cider Cans,375,24,74.29,18.57,28.99,MAR 2026,24,6
117-577-5,Cbco Goldy Lager Cans 6pk,375,24,59.35,14.84,22.99,MAR 2026,24,6
117-579-3,Cbco Middy Lager 3.5% 4x4pk,375,16,46.41,11.60,17.99,MAR 2026,16,4
117-578-4,Cbco Pale Ale Cans 4x4pk,375,16,53.35,13.34,20.99,MAR 2026,16,4
117-303-6,Cbco Porter Cans,375,24,82.05,20.51,31.99,MAR 2026,24,6
117-488-3,Cbco Southwest Sour 4pk Cans,375,24,60.85,10.14,16.99,MAR 2026,24,4
117-450-7,Felons Australian Pale Ale,355,16,55.31,13.83,,MAR 2026,16,4
117-447-3,Felons Crisp Lager Cans,355,16,55.31,13.83,20.99,MAR 2026,16,4
117-401-7,Fixation Ipa,330,16,60.28,15.07,22.99,MAR 2026,16,4
117-374-0,Fixation Little Ray Hazy Ipa,375,16,60.28,15.07,22.99,MAR 2026,16,4
117-320-5,Fixation Obsession Session Ipa,375,24,68.09,17.02,25.99,MAR 2026,24,6
117-390-0,Fox Hat Bearded Mongrel,375,24,175.22,29.20,44.99,MAR 2026,24,4
117-179-7,Fox Hat Full Mongrel 10% Can,375,24,114.41,19.07,28.99,MAR 2026,24,4
117-154-6,Fox Hat Metric Ipa Cans,375,24,102.66,17.11,25.99,MAR 2026,24,4
117-155-5,Fox Hat Phat Mongrel,375,24,102.17,17.03,25.99,MAR 2026,24,4
117-156-4,Fox Hat Red Pelt Ale,375,24,102.94,17.16,25.99,MAR 2026,24,4
117-457-0,Fox Hat Rusty Mongrel Cans,375,24,164.71,41.18,62.99,MAR 2026,24,6
117-228-8,Fox Hat Xpa Cans,375,24,93.00,15.50,23.99,MAR 2026,24,4
117-593-5,Gage Roads Air Time Lager,330,24,56.36,14.09,21.99,MAR 2026,24,6
117-265-2,Gage Roads Side Track Xpa Can,330,24,56.36,14.09,21.99,MAR 2026,24,6
117-104-7,Gage Roads Sin Fin Bottles,330,24,56.36,14.09,21.99,MAR 2026,24,6
117-263-4,Gage Roads Sin Fin Cans 4x6pk,330,24,56.36,14.09,21.99,MAR 2026,24,6
117-518-7,Green Beacon Grappler 4pk,375,16,48.88,12.22,19.99,MAR 2026,16,4
117-530-1,Green Beacon Subtropic Lw Carb,375,16,42.43,10.61,17.99,MAR 2026,16,4
117-424-0,Green Beacon Wayfarer 4pk,375,16,53.10,13.28,,MAR 2026,16,4
117-422-2,Green Beacon Windjammer Ipa 4p,375,16,59.55,14.89,,MAR 2026,16,4
117-536-5,Hawke's Half Xpa Cans 6pk,375,24,46.35,11.59,18.99,MAR 2026,24,6
117-269-8,Hawke's Lager 6pk Cans,375,24,51.35,12.84,19.99,MAR 2026,24,6
117-270-5,Hawke's Patio Pale 6pk Cans,375,24,57.35,14.34,21.99,MAR 2026,24,6
117-271-4,Hawke's Underdog Sesh Lager,375,24,48.35,12.09,18.99,MAR 2026,24,6
117-430-2,Heaps Normal Another Lager N/A,375,24,56.41,9.40,13.99,MAR 2026,24,4
117-490-9,Heaps Normal Half Day Hazy N/A,375,24,56.41,9.40,15.99,MAR 2026,24,4
117-421-3,Heaps Normal Quiet Xpa Non Alc,375,24,56.41,9.40,13.99,MAR 2026,24,4
117-612-2,Heaps Normal Third Ipa N/A,375,24,56.41,9.40,13.99,MAR 2026,24,4
117-415-1,Holgate American Ipa,375,16,63.29,15.82,23.99,MAR 2026,16,4
117-338-5,Holgate Blush W/Berry Sour Can,375,24,76.85,12.81,19.99,MAR 2026,24,4
117-337-6,Holgate Draught Lager 6pk,330,24,68.35,17.09,25.99,MAR 2026,24,6
117-341-0,Holgate Macedon Pale Ale 6pk,330,24,68.35,17.09,25.99,MAR 2026,24,6
117-342-9,Holgate Session Pale 6pk Can,375,24,63.35,15.84,23.99,MAR 2026,24,6
117-336-7,Holgate Temptress Choc Porter,330,24,91.35,15.23,22.99,MAR 2026,24,4
117-481-0,Jervis Bay 11 Days Pale Ale,375,16,58.32,14.58,23.99,MAR 2026,16,4
117-482-9,Jervis Bay Bop Ipa,375,16,69.32,17.33,28.99,MAR 2026,16,4
117-483-8,Jervis Bay Bright Idea Xpa,375,16,58.32,14.58,23.99,MAR 2026,16,4
117-484-7,Jervis Bay Cc Tropical Pale,375,16,61.32,15.33,25.99,MAR 2026,16,4
117-402-6,Little Creatures Hazy Ipa,375,16,60.54,15.14,22.99,MAR 2026,16,4
117-621-1,Little Creatures Juicy Xpa 4pk,375,16,51.49,12.87,19.99,MAR 2026,16,4
117-403-5,Little Creatures Pacific Ale,375,16,51.49,12.87,19.99,MAR 2026,16,4
117-123-4,Little Creatures Pale Ale 6pk,330,24,64.00,16.00,23.99,MAR 2026,24,6
117-471-2,Little Creatures Pale Ale 6pkr,330,24,61.12,15.28,23.99,MAR 2026,24,6
117-404-4,Little Creatures Pale Ale Cans,375,16,51.49,12.87,19.99,MAR 2026,16,4
117-406-2,Little Creatures Xpa 4x4 Pk,375,16,51.49,12.87,19.99,MAR 2026,16,4
117-013-7,Matso's Mango Beer Bottles,330,24,60.88,15.22,22.99,MAR 2026,24,6
117-491-8,Mismatch Hazy Pale Ale Cans,375,16,70.30,17.58,28.99,MAR 2026,16,4
117-361-5,Mismatch Lager 4x6pk Cans,375,24,71.50,17.88,27.99,MAR 2026,24,6
117-216-2,Mismatch Pale Ale 6x4pk Cans,375,24,82.81,13.80,20.99,MAR 2026,24,4
117-217-1,Mismatch Session Ale Cans,375,24,74.87,12.48,18.99,MAR 2026,24,4
117-496-3,Modus Cerveza,375,12,32.94,16.47,27.99,MAR 2026,12,6
117-285-8,Moon Dog Lager Cans,330,24,70.12,17.53,26.99,MAR 2026,24,6
117-286-7,Moon Dog Old Mate P/Ale Cans,330,24,75.30,18.83,28.99,MAR 2026,24,6
117-357-1,Mornington Alc Free Pale Ale,375,24,43.35,10.84,16.99,MAR 2026,24,6
117-322-3,Mornington Brown Ale 6pk Cans,375,24,62.85,15.71,23.99,MAR 2026,24,6
117-250-9,Mornington Draught Cans,375,24,57.85,14.46,21.99,MAR 2026,24,6
117-452-5,Mornington Free Xpa 0.5% Cans,375,24,43.35,10.84,16.99,MAR 2026,24,6
117-323-2,Mornington Pale Ale 4.7% Cans,375,24,62.85,15.71,23.99,MAR 2026,24,6
117-324-1,Mornington Xpa 4.9% Cans,375,24,62.85,10.48,15.99,MAR 2026,24,4
117-494-5,Mountain Goat 3x10pk Cans,375,30,69.55,23.18,38.99,MAR 2026,30,10
117-051-0,Mountain Goat Fancy Pants Cans,375,24,73.39,18.35,27.99,MAR 2026,24,6
117-587-3,Mountain Goat Goat Tasty Pale,375,24,54.42,13.61,20.99,MAR 2026,24,6
117-209-1,Mountain Goat Goat Veb Cans,375,24,52.73,13.18,19.99,MAR 2026,24,6
117-318-9,Mountain Goat Goat Veb Stubs,375,24,52.69,13.17,19.99,MAR 2026,24,6
117-063-6,Mountain Goat Pale Ale Stubbie,330,24,59.64,14.91,22.99,MAR 2026,24,6
117-293-8,Mountain Goat Steam Ale Cans,375,24,59.59,14.90,22.99,MAR 2026,24,6
117-037-9,Mountain Goat Summer Ale,375,24,59.59,14.90,22.99,MAR 2026,24,6
117-444-6,Philter Henson Park Draught,375,24,67.60,16.90,25.99,MAR 2026,24,6
117-445-5,Philter Old Ale Cans,375,24,73.35,18.34,27.99,MAR 2026,24,6
117-472-1,Piate Life S/Coast Pale 3.5%,355,16,51.92,12.98,19.99,MAR 2026,16,4
117-543-6,Pirate Life Point Nine Can,355,16,38.67,9.67,15.99,MAR 2026,16,4
117-327-8,Pirate Life South Coast Pale,355,16,46.44,11.61,17.99,MAR 2026,16,4
117-315-2,Revolver Dark Hoppy Ale Cans,355,16,58.91,14.73,22.99,MAR 2026,16,4
117-598-0,Rita Lagerita Cerveza W Teq/Lm,375,16,51.35,12.84,19.99,MAR 2026,16,4
117-124-3,Rogers Beer 3.8% 6pk,330,24,60.14,15.04,22.99,MAR 2026,24,6
117-346-5,San Miguel Low Carb 6pk,330,24,60.45,15.11,22.99,MAR 2026,24,6
117-344-7,San Miguel Pale Pilsner 6pk,330,24,60.45,15.11,22.99,MAR 2026,24,6
117-360-6,San Miguel Red Horse Ale 6pk,330,24,77.85,19.46,29.99,MAR 2026,24,6
117-489-2,Sidewinder Xpa Deluxe Non Alc,355,16,41.41,10.35,16.99,MAR 2026,16,4
117-552-4,Silk Rd Mango&Lychee Hazy Ipa,375,16,83.27,5.20,8.99,MAR 2026,16,1
117-462-3,Stockade Flight Path Pale 16,375,16,51.70,12.93,21.99,MAR 2026,16,4
117-231-3,Stockade Flightpath Pale Ale,375,24,52.57,13.14,19.99,MAR 2026,24,6
117-460-5,Stockade Refreshing Ale 16,375,16,50.70,12.68,20.99,MAR 2026,16,4
117-237-7,Stockade Refreshing Ale Cans,375,24,43.25,10.81,16.99,MAR 2026,24,6
117-230-4,Stockade Splicer Xpa Cans,375,24,52.57,13.14,19.99,MAR 2026,24,6
117-464-1,Stockade Xpa Splicer 16,375,16,51.70,12.93,21.99,MAR 2026,16,4
117-392-8,Stone & Wood Cloudy Pale Ale C,375,16,54.80,13.70,20.99,MAR 2026,16,4
117-391-9,Stone & Wood Green Coast Cans,375,16,49.33,12.33,18.99,MAR 2026,16,4
117-625-7,Stone & Wood Green Coast Stub,330,24,57.93,14.48,21.99,MAR 2026,24,6
117-244-8,Sydney Brew.Agave Ginger Can,355,24,64.50,10.75,16.99,MAR 2026,24,4
117-241-1,Sydney Brew.Sydney Cider Can,355,24,64.50,10.75,16.99,MAR 2026,24,4
117-243-9,Sydney Brewery Lager Can,355,24,68.35,11.39,17.99,MAR 2026,24,4
117-242-0,Sydney Brewery Rye Ipa Can,355,24,68.35,11.39,17.99,MAR 2026,24,4
117-602-4,Two Bays Gluten Free Aus Ale,375,24,71.62,17.91,27.99,MAR 2026,24,6
117-465-0,Two Bays Gluten Free Draught,375,24,71.62,17.91,29.99,MAR 2026,24,6
117-466-9,Two Bays Gluten Free Ipa,375,16,84.77,21.19,34.99,MAR 2026,16,4
117-467-8,Two Bays Gluten Free Lager,375,16,75.91,18.98,31.99,MAR 2026,16,4
117-468-7,Two Bays Gluten Free Pale Ale,375,16,75.91,18.98,31.99,MAR 2026,16,4
117-469-6,Two Bays Gluten Free Session,375,16,70.70,17.68,29.99,MAR 2026,16,4
117-470-3,Two Bays Gluten Free Xpa,375,16,80.08,20.02,32.99,MAR 2026,16,4
117-604-2,Two Bays Japanese Rice Lager,375,16,70.70,17.68,26.99,MAR 2026,16,4
117-207-3,Vale Ale Cans 6pk,375,24,64.51,16.13,24.99,MAR 2026,24,6
117-476-7,Vale Aus Ipa Can 4pk,375,24,82.67,13.78,22.99,MAR 2026,24,4
117-595-3,Vale Crisp Lager Cans 6pk,375,18,42.58,14.19,21.99,MAR 2026,18,6
117-475-8,Vale Hazy Tropic Can 4pk,375,24,82.18,13.70,22.99,MAR 2026,24,4
117-609-7,Vale Ipa,375,18,51.94,17.31,26.99,MAR 2026,18,6
117-204-6,Vale Ipa 6pk Cans,375,24,74.34,18.59,28.99,MAR 2026,24,6
117-152-8,Vale Lager Cans 6pk,375,24,64.51,16.13,24.99,MAR 2026,24,6
117-610-4,Vale Mid Coast,375,18,43.74,14.58,21.99,MAR 2026,18,6
117-608-8,Vale Pale Ale,375,18,46.84,15.61,23.99,MAR 2026,18,6
117-607-9,Vale Tropical Ale,375,18,46.81,15.60,23.99,MAR 2026,18,6
117-349-2,Wayward Everday Ale,375,24,69.35,17.34,26.99,MAR 2026,24,6
117-354-4,Wayward Everyday Lager,375,24,69.35,17.34,26.99,MAR 2026,24,6
117-454-3,Wayward Hazy Ipa,375,24,93.35,15.56,23.99,MAR 2026,24,4
117-362-4,Wayward Hazy Mid,375,24,67.35,16.84,25.99,MAR 2026,24,6
117-350-8,Wayward Ipa,375,24,93.35,15.56,23.99,MAR 2026,24,4
117-351-7,Wayward Raspberry Sour,375,24,81.35,13.56,20.99,MAR 2026,24,4
117-562-2,White Rabbit Dark Ale 4x6pk,330,24,65.75,16.44,24.99,MAR 2026,24,6
117-434-8,Yeah Bouy Non Alc Xpa,330,24,44.60,7.43,10.99,MAR 2026,24,4
117-492-7,Young Henrys Hazy Cans,375,16,54.10,13.53,22.99,MAR 2026,16,4
117-554-2,Young Henrys Ipa Cans 4pk,375,24,74.05,12.34,20.99,MAR 2026,24,4
117-227-9,Young Henrys Motorcycle Oil,375,24,82.87,13.81,20.99,MAR 2026,24,4
117-094-9,Young Henrys Natural Lager Can,375,24,66.32,16.58,25.99,MAR 2026,24,6
117-620-2,Young Henrys Newtowner 3.5% 4p,375,16,47.85,11.96,17.99,MAR 2026,16,4
117-096-7,Young Henrys Newtowner Btl,330,24,66.32,16.58,25.99,MAR 2026,24,6
117-095-8,Young Henrys Newtowner Cans,375,24,66.32,16.58,25.99,MAR 2026,24,6
117-555-1,Young Henrys Stayer Mid Can 4p,375,24,64.84,10.81,,MAR 2026,24,4
117-395-5,Your Mates Larry Pale Ale,375,16,57.85,14.46,21.99,MAR 2026,16,4
117-397-3,Your Mates Sally Ipa,375,16,65.85,16.46,24.99,MAR 2026,16,4
117-396-4,Your Mates Tilly Ginger Beer,330,16,63.35,15.84,23.99,MAR 2026,16,4
120-006-0,Coopers Stout Bottles,375,24,64.85,16.21,24.99,MAR 2026,24,6
120-005-1,Coopers Stout Bottles,750,12,68.47,5.71,8.99,MAR 2026,12,1
120-012-2,Guinness 0.0% Can 440ml,440,24,59.93,9.99,14.99,MAR 2026,24,4
120-002-4,Guinness Draught Can 440ml,440,24,81.20,3.38,4.99,MAR 2026,24,1
120-015-9,Guinness Draught Can 470ml R,470,24,75.57,18.89,,MAR 2026,24,6
120-000-6,Guinness Stout 375ml Stubbies,375,24,75.20,3.13,4.99,MAR 2026,24,1
120-001-5,Guinness Stout 750ml Bottles,750,12,79.57,6.63,9.99,MAR 2026,12,1
125-039-0,Allegiance Aquarius Tawny,750,12,159.90,13.33,20.99,MAR 2026,12,1
125-083-5,Brown Bros Aust Tawny Port,750,6,78.11,13.02,19.99,MAR 2026,3,1
125-008-7,De Bortoli 8 Yo Tawny,750,6,121.08,20.18,30.99,MAR 2026,1,1
125-030-9,Dow's Fine Ruby Port,750,6,130.25,21.71,32.99,MAR 2026,1,1
125-031-8,Dow's Fine Tawny,750,6,130.25,21.71,32.99,MAR 2026,1,1
125-487-7,Galway Pipe Grd Tawny Port 12y,750,6,148.54,24.76,37.99,MAR 2026,1,1
125-028-3,Galway Pipe Rare Tawny 25yo,500,6,377.84,62.97,95.99,MAR 2026,1,1
125-010-3,Grant Burge 10yo Muscat,750,6,134.51,22.42,34.99,MAR 2026,1,1
125-141-5,Grant Burge 10yo Tawny Port,750,6,134.51,22.42,33.99,MAR 2026,6,1
125-142-4,Grant Burge Aged Tawny Port,750,6,73.92,12.32,18.99,MAR 2026,1,1
125-038-1,Kings Of Prohibition Muscat,750,6,83.33,13.89,20.99,MAR 2026,1,1
125-033-6,Kings Of Prohibition Tawny,750,6,83.33,13.89,20.99,MAR 2026,1,1
125-017-6,Lind Gentlemens Collect Tawny,750,6,71.36,11.89,17.99,MAR 2026,1,1
125-029-2,Little Giant Tawny Port,375,12,110.88,9.24,13.99,MAR 2026,1,1
125-232-5,McW Hanwood Estate 5yo Muscat,750,6,81.80,13.63,20.99,MAR 2026,1,1
125-623-2,McW Hanwood Estate 5yo Tawny,750,6,81.80,13.63,20.99,MAR 2026,1,1
125-298-6,McW Hanwood Grand Tawny 10yo,750,6,116.71,19.45,29.99,MAR 2026,1,1
125-034-5,McW Hanwood Muscat G/Box 20yo,750,6,342.33,57.06,87.99,MAR 2026,1,1
125-035-4,McW Hanwood Tawny G/Box 20yo,750,6,342.33,57.06,87.99,MAR 2026,1,1
125-001-4,McW Inheritancefine Tawny N/V,750,12,66.29,5.52,8.99,MAR 2026,1,1
125-601-8,McW Royal/R Brown Muscat,750,12,77.30,6.44,9.99,MAR 2026,1,1
125-300-2,McW Royal/R Tawny Port 750ml,750,12,77.30,6.44,9.99,MAR 2026,1,1
125-280-6,McW Smooth (Cream) Tawny,750,12,77.30,6.44,9.99,MAR 2026,1,1
125-265-5,McW Tawny Black L.Fruity Port,750,12,77.30,6.44,9.99,MAR 2026,1,1
125-018-5,Morris Clasic Liqueur Topaque,500,6,114.23,19.04,28.99,MAR 2026,1,1
125-780-1,Morris Liqueur Muscat,500,6,114.23,19.04,28.99,MAR 2026,1,1
125-531-3,Morris Liqueur Tawny Port,500,6,114.23,19.04,28.99,MAR 2026,1,1
125-019-4,Morris Op Rare Liqueur Muscat,500,6,441.63,73.61,112.99,MAR 2026,1,1
125-020-1,Morris Op Rare Liqueur Topaque,500,6,441.63,73.61,112.99,MAR 2026,1,1
125-007-8,Mr Pickwicks Rare Tawny Nv,750,6,310.94,51.82,79.99,MAR 2026,1,1
125-005-0,Penfolds Club Port N/V,750,6,56.75,9.46,14.99,MAR 2026,1,1
125-006-9,Penfolds Club Reserve Tawny Nv,750,6,103.06,17.18,25.99,MAR 2026,1,1
125-037-2,Penfolds Father 10yo Tawny,750,6,166.67,27.78,42.99,MAR 2026,1,1
125-430-5,Penfolds Grandfather,750,6,412.85,68.81,104.99,MAR 2026,1,1
125-458-2,Penfolds Great Grandfather,750,6,1428.68,238.11,361.99,MAR 2026,1,1
125-024-7,Sacred Hill Res Tawny,750,6,33.85,5.64,8.99,MAR 2026,6,1
125-650-8,Wolf Blass Red Lbl Tawny Port,750,6,45.01,7.50,10.99,MAR 2026,6,1
125-041-6,Wynns Pedro Ximenez Nv,500,12,542.50,45.21,69.99,MAR 2026,1,1
130-001-4,St John Commandaria,500,6,147.60,24.60,37.99,MAR 2026,1,1
135-001-3,Dow's Fine White Port,750,6,130.25,21.71,32.99,MAR 2026,1,1
135-423-3,Draytons White Tawny,750,12,85.98,7.17,10.99,MAR 2026,1,1
135-310-9,McW Cream Apera (Sherry),750,12,77.30,6.44,9.99,MAR 2026,1,1
135-340-3,McW Royal/R Dry Sherry,750,12,77.30,6.44,9.99,MAR 2026,1,1
135-300-1,McW Royal/R Medium Dry Sherry,750,12,77.30,6.44,9.99,MAR 2026,1,1
135-330-5,McW Royal/R Sweet Sherry,750,12,76.65,6.39,9.99,MAR 2026,1,1
140-000-4,Harveys Bristol Cream,750,6,152.09,25.35,38.99,MAR 2026,1,1
145-002-1,3 Bridges Botrytis,375,12,206.40,17.20,25.99,MAR 2026,3,1
145-123-5,Brown Bros Orange Mus Flor 375,375,12,90.36,7.53,10.99,MAR 2026,3,1
145-010-1,Bunnamagoo Autumn Semillon,375,12,218.28,18.19,27.99,MAR 2026,1,1
145-313-5,Cookoothama Botrytis Semillon,375,12,173.62,14.47,21.99,MAR 2026,1,1
145-009-4,Heggies Botrytis Ries 375mL,375,12,228.58,19.05,28.99,MAR 2026,1,1
145-011-0,Hollick The Nectar 375ml,375,12,209.90,17.49,26.99,MAR 2026,3,1
145-003-0,Noble One Botrytis Semillon,375,6,154.39,25.73,38.99,MAR 2026,1,1
150-006-7,McW Royal/R Brown Muscat,1500,6,68.58,11.43,16.99,MAR 2026,6,1
150-000-3,McW Royal/R Cream Apera (Sher),1500,6,68.58,11.43,16.99,MAR 2026,6,1
150-005-8,McW Royal/R Dry Sherry,1500,6,68.58,11.43,16.99,MAR 2026,6,1
150-004-9,McW Royal/R Medium Dry Sherry,1500,6,68.58,11.43,16.99,MAR 2026,6,1
150-001-2,McW Royal/R Sweet Sherry,1500,6,68.58,11.43,16.99,MAR 2026,6,1
150-002-1,McW Royal/R Tawny Port,1500,6,68.58,11.43,16.99,MAR 2026,6,1
154-919-5,De Bortoli Prem Res Tawny 2lt,2000,6,61.64,10.27,13.99,MAR 2026,6,1
155-503-4,Renmano Premium Tawny Port,2000,6,70.29,11.72,15.99,MAR 2026,6,1
154-003-2,Rutherglen Est Classic Muscat,500,6,118.22,19.70,25.99,MAR 2026,1,1
155-001-1,Stanley 2lt Tawny Port New,2000,6,70.74,11.79,15.99,MAR 2026,6,1
160-006-6,Mack's Original Ginger Wine,750,6,58.82,9.80,14.99,MAR 2026,6,1
160-007-5,Stones Choc Orange Ginger Wine,750,6,79.68,13.28,19.99,MAR 2026,6,1
160-050-1,Stones Green Ginger Wine,1500,6,110.02,18.34,22.99,MAR 2026,1,1
160-020-8,Stones Green Ginger Wine 12pk,750,12,112.55,9.38,13.99,MAR 2026,1,1
160-044-0,Stones Mac Green Ginger Wine,750,6,79.68,13.28,16.99,MAR 2026,6,1
160-220-6,Stones Res. Green Ginger Wine,750,6,79.68,13.28,16.99,MAR 2026,6,1
160-008-4,Stones Tropical Delight Ggw,750,6,79.68,13.28,19.99,MAR 2026,6,1
170-531-9,Boronia Marsala (Loose),750,6,48.57,8.10,11.99,MAR 2026,1,1
177-012-2,Ahd Dry Vermouth,750,6,181.46,30.24,46.99,MAR 2026,1,1
177-020-2,Ahd Rose Vermouth,750,6,181.46,30.24,46.99,MAR 2026,1,1
177-005-1,Ahd Rosso Vermouth,750,6,185.02,30.84,46.99,MAR 2026,1,1
175-042-0,Antica Formula,1000,6,401.45,66.91,85.99,MAR 2026,1,1
175-003-7,Branca Menta,700,6,352.55,58.76,89.99,MAR 2026,1,1
177-013-1,Carpano Bianco Vermouth,1000,6,199.63,33.27,50.99,MAR 2026,1,1
177-003-3,Carparno Dry Vermouth,1000,6,199.63,33.27,50.99,MAR 2026,1,1
175-004-6,Cinzano 1757 Extra Dry,1000,6,276.13,46.02,70.99,MAR 2026,1,1
175-001-9,Cinzano 1757 Rosso,1000,6,274.62,45.77,69.99,MAR 2026,1,1
175-010-8,Cinzano Vermouth Bianco,1000,6,90.04,15.01,18.99,MAR 2026,1,1
175-030-4,Cinzano Vermouth Extra Dry,1000,6,90.04,15.01,18.99,MAR 2026,1,1
175-032-2,Cinzano Vermouth Rosso Sweet,1000,6,90.04,15.01,18.99,MAR 2026,1,1
177-029-3,Countess Cora Non Alc Vermouth,700,6,138.05,23.01,34.99,MAR 2026,1,1
176-000-8,Dolin Dry Vermouth,750,6,142.24,23.71,29.99,MAR 2026,1,1
176-001-7,Dolin Red Vermouth (Rouge) 6pK,750,6,142.24,23.71,29.99,MAR 2026,1,1
176-002-6,Dolin White Vermouth (Blanc),700,6,142.24,23.71,36.99,MAR 2026,1,1
175-044-8,Fernet Branca,700,6,385.37,64.23,81.99,MAR 2026,1,1
177-016-8,Lyre's Rosso Aperitif Non/Alc,700,6,203.73,33.96,51.99,MAR 2026,1,1
177-451-0,Martini Extra Dry Vermouth,1000,6,84.66,14.11,17.99,MAR 2026,1,1
177-206-8,Martini Vermouth Bianco,1000,6,84.66,14.11,17.99,MAR 2026,1,1
177-123-8,Martini Vermouth Rosso,1000,6,84.66,14.11,17.99,MAR 2026,1,1
177-021-1,Noilly Prat Dry Vermouth,750,6,146.99,24.50,37.99,MAR 2026,1,1
177-028-4,Oscar 697 Bianco Vermouth,750,6,197.10,32.85,50.99,MAR 2026,1,1
177-027-5,Oscar 697 Rosso Vermouth,750,6,197.10,32.85,50.99,MAR 2026,1,1
175-043-9,Punt E Mes,750,6,221.30,36.88,46.99,MAR 2026,1,1
177-022-0,Rosso Antico Vermouth,750,6,111.91,18.65,28.99,MAR 2026,1,1
180-028-8,Bay Of Stones Cab/Sauv,750,12,68.22,5.69,8.99,MAR 2026,12,1
180-213-3,Bay Of Stones Merlot,750,12,68.22,5.69,8.99,MAR 2026,12,1
180-458-7,Bay Of Stones Shiraz,750,12,68.22,5.69,8.99,MAR 2026,12,1
180-036-8,Bvwc The Residence Shiraz,750,6,91.78,15.30,,MAR 2026,6,1
180-037-7,Devilish Pinot Noir Op,750,6,118.76,19.79,38.99,MAR 2026,1,1
180-019-9,Devils Lair Dance Cab Sauv Op,750,6,111.53,18.59,36.99,MAR 2026,3,1
180-588-0,Hardys Riddle Cab Merlot,750,12,62.87,5.24,7.99,MAR 2026,12,1
180-035-9,Hardys Riddle Shiraz Op,750,12,62.87,5.24,7.99,MAR 2026,12,1
180-015-3,Lind Henrys Sons Shiraz Cab Sa,750,12,65.67,5.47,7.99,MAR 2026,12,1
180-010-8,Morgans Bay Cab/Merlot On-Prem,750,6,35.71,5.95,8.99,MAR 2026,6,1
180-020-6,Morgans Bay Shiraz/Cab On-Prem,750,6,35.71,5.95,11.99,MAR 2026,6,1
180-038-6,Penfolds Bin 21 Grenache V23,750,6,251.15,41.86,63.99,MAR 2026,1,1
180-017-1,Penfolds Bin 8 Shiraz Cabernet,750,6,183.43,30.57,60.99,MAR 2026,3,1
180-448-0,Penfolds K/Hill 76 Shiraz/Cab,750,6,101.03,16.84,25.99,MAR 2026,1,1
180-004-6,Shy Pig Shiraz Cabernet Merlot,750,6,33.33,5.56,8.99,MAR 2026,6,1
180-236-6,Studio Series Cab Sauv On Prem,750,12,82.21,6.85,10.99,MAR 2026,12,1
180-011-7,Studio Series Shiraz On Prem,750,12,82.21,6.85,10.99,MAR 2026,12,1
180-027-9,Taylors Heritage Cab/Sauv O/P,750,6,106.95,17.83,34.99,MAR 2026,1,1
180-026-0,Taylors Heritage Shiraz O/P,750,6,106.95,17.83,34.99,MAR 2026,1,1
180-029-7,Tempus Two Silver Cab Sauv,750,6,47.58,7.93,11.99,MAR 2026,6,1
180-009-1,Tempus Two Silver Shiraz O/P,750,6,47.58,7.93,11.99,MAR 2026,6,1
180-021-5,Tyrrells Moores Creek Cab Sauv,750,12,111.71,9.31,18.99,MAR 2026,12,1
180-536-3,Tyrrells Moores Creek Shiraz,750,12,111.71,9.31,13.99,MAR 2026,12,1
180-163-3,Willowglen Cab Merlot On-Prem,750,12,57.26,4.77,6.99,MAR 2026,12,1
180-339-2,Willowglen Shiraz Cab On-Prem,750,12,57.26,4.77,6.99,MAR 2026,12,1
180-030-4,Willowglen Shiraz Cab On-Prem,375,12,51.12,4.26,6.99,MAR 2026,12,1
180-420-2,Wolf Blass Bilyara Shiraz,750,12,90.16,7.51,14.99,MAR 2026,12,1
180-456-9,Wolf Blass R/Lbl S/Cb/Sauv 187,187,24,73.85,3.08,4.99,MAR 2026,24,1
180-412-2,Wynns The Gables Cab/Sauv,750,6,88.78,14.80,22.99,MAR 2026,6,1
181-030-2,821 South Marlb S/Blanc Op,750,6,68.76,11.46,22.99,MAR 2026,6,1
181-012-4,Bay Of Stones Chardonnay,750,12,68.22,5.69,8.99,MAR 2026,12,1
181-356-8,Bay Of Stones Sauv Blanc,750,12,68.22,5.69,8.99,MAR 2026,12,1
181-046-4,Devilish Chardonnay Op,750,6,118.76,19.79,38.99,MAR 2026,1,1
181-029-5,Devils Lair Dance Chard Op,750,6,111.53,18.59,36.99,MAR 2026,1,1
181-041-9,Hardys Hrb Chardonnay,750,6,129.39,21.57,32.99,MAR 2026,6,1
181-228-4,Hardys Riddle Chardonnay,750,12,62.87,5.24,7.99,MAR 2026,12,1
181-033-9,Hardys Riddle Moscato Op,750,12,62.87,5.24,9.99,MAR 2026,12,1
181-485-2,Hardys Riddle Sauv Blanc,750,12,62.87,5.24,7.99,MAR 2026,12,1
181-007-1,Lind Henrys Sons Chard,750,12,65.67,5.47,7.99,MAR 2026,12,1
181-005-3,Lind Henrys Sons Sem Sauv/Bl,750,12,65.67,5.47,7.99,MAR 2026,12,1
181-022-2,Morgans Bay Chard On/Prem N/V,750,6,35.71,5.95,11.99,MAR 2026,6,1
181-021-3,Morgans Bay S/S/B On Prem,750,6,35.71,5.95,11.99,MAR 2026,6,1
181-020-4,Morgans Bay Sauv Blanc On-Prem,750,6,35.71,5.95,11.99,MAR 2026,6,1
181-040-0,Rosemount Little Berry Pinot/G,750,6,73.79,12.30,23.99,MAR 2026,6,1
181-026-8,Rosemount Little Berry S/Bl,750,6,73.79,12.30,23.99,MAR 2026,6,1
181-014-2,Shy Pig Sauvignon Blanc,750,6,33.33,5.56,8.99,MAR 2026,6,1
181-009-9,Studio Series Chard On Prem,750,12,82.21,6.85,10.99,MAR 2026,12,1
181-010-6,Studio Series Sav Blan On Prem,750,12,82.21,6.85,10.99,MAR 2026,12,1
181-042-8,T'gallant Encore Pinot Grigio,750,6,41.87,6.98,13.99,MAR 2026,6,1
181-019-7,Tempus Two Silver Sauvblanc Op,750,6,47.58,7.93,11.99,MAR 2026,6,1
181-655-6,Tyrrells Moores Creek Chard,750,12,111.71,9.31,13.99,MAR 2026,12,1
181-131-0,Tyrrells Moores Creek S/Blanc,750,12,111.71,9.31,13.99,MAR 2026,12,1
181-531-6,Tyrrells Moores Creek Ssb,750,12,111.71,9.31,13.99,MAR 2026,12,1
181-043-7,Vortex Luminaire Rose On-Prem,750,6,101.86,16.98,33.99,MAR 2026,6,1
181-044-6,Waterfall Bay Marlb Sauv Blanc,750,6,69.49,11.58,,MAR 2026,6,1
181-163-1,Willowglen Chardonnay On-Prem,750,12,57.26,4.77,6.99,MAR 2026,12,1
181-923-2,Willowglen Moscato On-Prem,750,12,57.26,4.77,6.99,MAR 2026,12,1
181-037-5,Willowglen Ssb On-Prem 375ml,375,12,51.12,4.26,6.99,MAR 2026,12,1
181-932-1,Willowglen Ssb On-Prem 750ml,750,12,57.26,4.77,6.99,MAR 2026,12,1
181-600-2,Wolf Blass Bilyara Chardonnay,750,12,90.16,7.51,14.99,MAR 2026,12,1
181-651-0,Wolf Blass Bilyara Sauv Blanc,750,12,90.16,7.51,11.99,MAR 2026,12,1
181-125-8,Wolf Blass Red Lbl Chard 187ml,187,24,73.85,3.08,4.99,MAR 2026,24,1
182-574-2,Bay Of Stones Chard P/Noir Nv,750,6,36.65,6.11,8.99,MAR 2026,6,1
182-228-2,Hardys Riddle Brut Reserve,750,12,62.87,5.24,7.99,MAR 2026,12,1
182-011-3,Lind Henrys Sons Brut Cuvee Nv,750,6,35.38,5.90,8.99,MAR 2026,6,1
182-008-8,Morgans Bay Sparkling On-Prem,750,6,35.71,5.95,11.99,MAR 2026,6,1
182-005-1,Shy Pig Brut Reserve Cuvee,750,6,33.33,5.56,8.99,MAR 2026,6,1
182-004-2,Tyrrells Moores Creek Brut N/V,750,12,111.71,9.31,13.99,MAR 2026,12,1
182-698-3,Willowglen Spark Brut On-Prem,750,6,31.57,5.26,7.99,MAR 2026,6,1
182-636-8,Wolf Blass Bilyara Brut Nv,750,12,90.16,7.51,11.99,MAR 2026,12,1
182-270-9,Yellowglen Yellow N/V Singles,200,24,77.30,3.22,4.99,MAR 2026,24,1
184-304-5,1164 Ltd Release Lagrein,750,6,63.42,10.57,15.99,MAR 2026,6,1
184-058-3,1164 Ltd Release Montepulciano,750,6,63.42,10.57,15.99,MAR 2026,6,1
184-241-1,1164 Ltd Shiraz,750,6,63.42,10.57,15.99,MAR 2026,6,1
186-675-1,17 Trees Shiraz,750,6,63.53,10.59,15.99,MAR 2026,6,1
185-571-8,19 Crimes Cabernet Sauvignon,750,6,63.98,10.66,15.99,MAR 2026,6,1
185-939-5,19 Crimes Malbec,750,6,63.98,10.66,15.99,MAR 2026,6,1
185-820-7,19 Crimes Pinot Noir,750,6,63.98,10.66,15.99,MAR 2026,6,1
185-570-9,19 Crimes Red Blend,750,6,63.98,10.66,15.99,MAR 2026,1,1
185-109-9,19 Crimes Shiraz,750,6,63.98,10.66,15.99,MAR 2026,6,1
184-377-7,19 Crimes Uprising Red,750,6,63.98,10.66,15.99,MAR 2026,6,1
186-057-9,2 Monkeys Cabernet Merlot,750,12,50.25,4.19,5.99,MAR 2026,12,1
187-134-4,2 Monkeys Cabernet Sauvignon,750,12,50.25,4.19,5.99,MAR 2026,12,1
186-056-0,2 Monkeys Merlot,750,12,50.25,4.19,5.99,MAR 2026,12,1
186-055-1,2 Monkeys Shiraz,750,12,50.25,4.19,5.99,MAR 2026,12,1
186-216-7,3 Bridges Cab/Sauvignon,750,6,106.24,17.71,26.99,MAR 2026,1,1
186-217-6,3 Bridges Durif,750,6,106.24,17.71,26.99,MAR 2026,1,1
186-666-2,3 Bridges Grenache,750,6,107.25,17.88,27.99,MAR 2026,6,1
186-213-0,3 Bridges Shiraz,750,6,107.25,17.88,27.99,MAR 2026,1,1
184-884-3,42 Degrees South Pinot Noir,750,12,266.95,22.25,25.99,MAR 2026,1,1
186-538-8,Accomplice Shiraz,750,12,49.54,4.13,5.99,MAR 2026,12,1
187-239-8,After 5 Wine Co Shiraz,750,6,101.85,16.98,25.99,MAR 2026,6,1
186-979-4,Allegiance Fighter Tempranillo,750,12,159.90,13.33,20.99,MAR 2026,12,1
187-170-9,Allegiance Foreman Cab Sauv 22,750,12,159.90,13.33,20.99,MAR 2026,12,1
187-171-8,Allegiance Lartiste Pinot Noir,750,12,159.90,13.33,20.99,MAR 2026,12,1
187-172-7,Allegiance Local Legend Red,750,12,159.90,13.33,20.99,MAR 2026,12,1
187-007-8,Allegiance Tiger Shiraz,750,12,159.90,13.33,20.99,MAR 2026,12,1
187-174-5,Allegiance Unity Bar Shiraz'20,750,6,288.90,48.15,73.99,MAR 2026,6,1
187-175-4,Allegiance Unity Bar Shiraz'21,750,6,288.90,48.15,73.99,MAR 2026,6,1
187-177-2,Allegiance Unity Cw Cab Sav'22,750,6,288.90,48.15,73.99,MAR 2026,6,1
187-178-1,Allegiance Unity Mr Cab Sav'22,750,6,288.90,48.15,73.99,MAR 2026,6,1
186-810-7,Amberley Chimney Brush Merlot,750,6,66.15,11.03,16.99,MAR 2026,6,1
184-785-3,Amberley Secret Lane Cab Merlo,750,6,79.85,13.31,19.99,MAR 2026,6,1
187-142-4,Ancient Soils Temp Touriga,750,6,99.78,16.63,25.99,MAR 2026,6,1
184-154-6,Angove F/Crest Cab/Sauv,750,6,96.12,16.02,24.99,MAR 2026,6,1
184-778-2,Angove F/Crest Grenache,750,6,96.12,16.02,24.99,MAR 2026,6,1
184-449-1,Angove F/Crest Gsm,750,6,96.12,16.02,24.99,MAR 2026,6,1
184-157-3,Angove F/Crest Shiraz,750,6,96.12,16.02,24.99,MAR 2026,6,1
184-642-6,Angove F/Crest Tempranillo,750,6,96.12,16.02,24.99,MAR 2026,6,1
184-438-4,Angove Long Row Cab/Sauv,750,12,83.48,6.96,10.99,MAR 2026,12,1
184-203-7,Angove Long Row Cab/Sauv 187ml,187,24,56.93,2.37,3.99,MAR 2026,24,1
184-437-5,Angove Long Row Merlot,750,12,83.48,6.96,10.99,MAR 2026,12,1
184-204-6,Angove Long Row Merlot 187ml,187,24,56.93,2.37,3.99,MAR 2026,24,1
184-439-3,Angove Long Row Shiraz,750,12,83.48,6.96,10.99,MAR 2026,12,1
184-205-5,Angove Long Row Shiraz 187ml,187,24,56.93,2.37,3.99,MAR 2026,24,1
184-140-3,Angove Mclaren Vs Shiraz,750,6,93.92,15.65,23.99,MAR 2026,6,1
184-045-9,Angove Organic Merlot,750,6,62.20,10.37,15.99,MAR 2026,6,1
186-585-0,Angove Organic Shiraz,750,6,62.20,10.37,15.99,MAR 2026,6,1
186-413-8,Angove Organic Shiraz Cabernet,750,6,62.20,10.37,15.99,MAR 2026,6,1
186-157-8,Angove Organic Shz/Cab 187ml,187,24,77.15,3.21,4.99,MAR 2026,24,1
184-728-3,Annais Organic Cabernet Sauv,750,6,79.98,13.33,20.99,MAR 2026,6,1
184-729-2,Annais Organic Shiraz,750,6,79.98,13.33,20.99,MAR 2026,6,1
184-009-3,Annies Lane Cab/Merlot,750,6,77.93,12.99,19.99,MAR 2026,6,1
184-007-5,Annies Lane Shiraz,750,6,77.93,12.99,19.99,MAR 2026,6,1
184-361-5,Ara Single Estate Pinot Noir,750,6,86.37,14.40,21.99,MAR 2026,3,1
187-168-3,Artisan Coonawarra Cab Sauv,750,12,198.60,16.55,24.99,MAR 2026,12,1
187-235-2,Artisan Mclaren Vale Shiraz 23,750,12,198.60,16.55,24.99,MAR 2026,12,1
187-236-1,Artisan Mcv Caberent Shiraz 16,750,12,198.60,16.55,24.99,MAR 2026,12,1
187-162-9,Artisan Reserve Barossa Shz,750,6,159.90,26.65,40.99,MAR 2026,6,1
187-165-6,Artisan Reserve Cw Cab Sav 22,750,6,159.90,26.65,40.99,MAR 2026,6,1
187-166-5,Artisan Reserve Mcv Shiraz 21,750,6,159.90,26.65,40.99,MAR 2026,6,1
187-167-4,Artisan Reserve Mcv Shiraz 22,750,12,314.70,26.23,39.99,MAR 2026,12,1
187-163-8,Artisan Reserve Shiraz Magnum,1500,6,314.70,52.45,80.99,MAR 2026,6,1
186-699-3,Atmata Organic Shiraz,750,6,71.81,11.97,17.99,MAR 2026,6,1
187-145-1,Audrey Wilkinson Merlot,750,6,100.75,16.79,,MAR 2026,6,1
186-708-2,Audrey Wilkinson Pinot Noir,750,6,100.75,16.79,25.99,MAR 2026,6,1
186-260-2,Audrey Wilkinson Shiraz,750,6,100.75,16.79,25.99,MAR 2026,6,1
186-711-7,Audrey Wilkinson Tempranillo,750,6,100.75,16.79,25.99,MAR 2026,6,1
187-252-0,Australia Felix Cab Shiraz,750,6,95.40,15.90,23.99,MAR 2026,6,1
186-690-2,Backline Je Fais Cabernet,750,6,85.73,14.29,21.99,MAR 2026,6,1
184-287-6,Banrock Stat. Cab Merlot,1000,6,45.29,7.55,11.99,MAR 2026,6,1
184-286-7,Banrock Stat. Shiraz,1000,6,45.29,7.55,11.99,MAR 2026,6,1
184-284-9,Banrock Stat.Crim/Cab 1ltr,1000,6,45.29,7.55,11.99,MAR 2026,6,1
184-622-0,Bare Winemakers Pinot Noir,750,12,136.03,11.34,16.99,MAR 2026,12,1
186-640-3,Barefoot Cabernet Sauvignon,750,6,52.83,8.81,13.99,MAR 2026,6,1
186-639-6,Barefoot Merlot,750,6,52.83,8.81,13.99,MAR 2026,6,1
184-150-0,Barossa Valley Estate Cab Sauv,750,6,103.29,17.22,26.99,MAR 2026,1,1
184-153-7,Barossa Valley Estate Gsm,750,6,103.29,17.22,26.99,MAR 2026,1,1
184-148-5,Barossa Valley Estate Shiraz,750,6,103.29,17.22,26.99,MAR 2026,1,1
185-495-1,Barry Brother Shiraz Cab,750,6,99.91,16.65,25.99,MAR 2026,1,1
184-782-6,Basileus Barossa Val Grenache,750,6,93.59,15.60,23.99,MAR 2026,6,1
184-562-2,Basileus Bv Shiraz,750,6,93.59,15.60,23.99,MAR 2026,6,1
184-026-2,Beach Hut Cabernet Merlot,750,12,103.14,8.60,12.99,MAR 2026,12,1
184-352-6,Beach Hut Merlot,750,12,103.14,8.60,12.99,MAR 2026,12,1
187-193-2,Bel Pinot Noir,750,6,85.72,14.29,16.99,MAR 2026,6,1
186-992-7,Belena Dolcetto Syrah,750,6,87.19,14.53,21.99,MAR 2026,6,1
186-993-6,Belena Montepulciano,750,6,87.19,14.53,21.99,MAR 2026,6,1
186-868-8,Belena Sangiovese,750,6,87.19,14.53,21.99,MAR 2026,6,1
186-867-9,Belena Shiraz,750,6,87.19,14.53,21.99,MAR 2026,6,1
186-204-1,Beresford Bell Tower Merlot,750,12,145.71,12.14,18.99,MAR 2026,12,1
186-203-2,Beresford Bell Tower Shiraz,750,12,145.71,12.14,18.99,MAR 2026,12,1
186-167-6,Beresford Classic Cab Sauv,750,6,92.56,15.43,23.99,MAR 2026,6,1
186-168-5,Beresford Classic Gsm,750,6,92.56,15.43,23.99,MAR 2026,6,1
186-558-3,Beresford Classic Shiraz,375,12,107.65,8.97,13.99,MAR 2026,12,1
186-276-4,Beresford Classic Shiraz,750,6,92.56,15.43,23.99,MAR 2026,6,1
186-509-3,Beresford Estate Cab/Sauv,750,6,147.64,24.61,37.99,MAR 2026,6,1
186-516-4,Beresford Estate Shiraz,750,6,147.64,24.61,37.99,MAR 2026,6,1
187-013-0,Beresford Grand Res Shiraz,750,6,390.81,65.14,99.99,MAR 2026,6,1
186-833-0,Beresford Ltd Release Cabernet,750,6,261.81,43.64,66.99,MAR 2026,6,1
186-511-9,Beresford Ltd Release Shiraz,750,6,261.81,43.64,66.99,MAR 2026,6,1
187-032-7,Berton Al Fresco Barbera,750,6,76.69,12.78,19.99,MAR 2026,6,1
186-262-0,Berton Metal Cabernet Sauvigno,750,6,52.17,8.70,12.99,MAR 2026,6,1
186-990-9,Berton Metal Shiraz 187ml,187,24,79.95,3.33,4.99,MAR 2026,24,1
184-313-4,Berton Metal The Black Durif,750,6,52.17,8.70,12.99,MAR 2026,6,1
184-331-2,Berton Metal The Black Shiraz,750,6,52.17,8.70,12.99,MAR 2026,6,1
186-313-9,Berton Reserve Cabernet,750,6,80.17,13.36,20.99,MAR 2026,6,1
186-351-2,Berton Reserve Shiraz,750,6,80.17,13.36,20.99,MAR 2026,6,1
186-664-4,Beside Broke Rd Cab/Sauv,750,6,72.50,12.08,18.99,MAR 2026,6,1
186-663-5,Beside Broke Road Shiraz,750,6,72.50,12.08,18.99,MAR 2026,6,1
184-938-9,Big Aussie Big Red Shiraz,1000,6,46.90,7.82,11.99,MAR 2026,6,1
185-979-6,Bird In Hand Bush Shiraz,750,6,109.59,18.27,27.99,MAR 2026,3,1
187-251-1,Bird In Hand Syrah,750,6,175.38,29.23,44.99,MAR 2026,6,1
187-029-2,Black Angus S/Vineyard Cab Sav,750,6,218.11,36.35,55.99,MAR 2026,3,1
187-011-2,Bleasdale 2nd Innings Malbec,750,6,82.50,13.75,20.99,MAR 2026,1,1
187-010-3,Bleasdale Bremerview Shiraz,750,6,82.50,13.75,20.99,MAR 2026,1,1
185-059-9,Bleasdale Mulberry Cab/Sauv,750,6,82.50,13.75,,MAR 2026,6,1
184-603-3,Bleeding Heart Cab/Sauv,750,12,113.20,9.43,14.99,MAR 2026,12,1
184-602-4,Bleeding Heart Shiraz,750,12,113.20,9.43,14.99,MAR 2026,12,1
184-278-7,Block 50 Cab/Sauv,750,12,103.14,8.60,12.99,MAR 2026,12,1
184-277-8,Block 50 Shiraz,750,12,103.14,8.60,12.99,MAR 2026,12,1
187-232-5,Bowrider Pinot Noir,750,12,95.40,7.95,11.99,MAR 2026,12,1
187-233-4,Bowrider Shiraz,750,12,95.40,7.95,11.99,MAR 2026,12,1
184-768-4,Brands Blockers Cab/Sauv,750,6,93.62,15.60,23.99,MAR 2026,6,1
185-501-3,Brands Blockers Shiraz,750,6,93.62,15.60,23.99,MAR 2026,6,1
185-460-2,Brands Laira Stnfd Shiraz,750,6,296.12,49.35,75.99,MAR 2026,3,1
187-033-6,Bridgewood M.V. Shiraz On Prem,750,12,156.80,13.07,19.99,MAR 2026,12,1
185-917-1,Brokenwood Cricket Pitch Red,750,6,82.93,13.82,20.99,MAR 2026,6,1
185-989-4,Brokenwood Shiraz,750,12,281.41,23.45,35.99,MAR 2026,3,1
185-069-7,Brookland Verse 1 Cab/Merlot,750,6,62.18,10.36,15.99,MAR 2026,6,1
185-032-1,Brookland Verse 1 Shiraz,750,6,62.18,10.36,15.99,MAR 2026,6,1
185-490-6,Brown Bros Cienna,750,6,75.63,12.61,18.99,MAR 2026,6,1
186-710-8,Brown Bros Cienna 4pk,200,24,90.49,15.08,22.99,MAR 2026,24,4
187-089-9,Brown Bros Cienna Zero,750,6,65.35,10.89,16.99,MAR 2026,6,1
185-045-6,Brown Bros Dolcetto & Syrah,750,6,75.63,12.61,18.99,MAR 2026,6,1
184-452-5,Brown Bros Ltd Rel Gamay,750,6,88.02,14.67,22.99,MAR 2026,6,1
186-806-3,Brown Bros Origins Cab Sauv,750,6,75.63,12.61,18.99,MAR 2026,6,1
185-947-5,Brown Bros Origins Malbec,750,6,75.63,12.61,18.99,MAR 2026,6,1
186-807-2,Brown Bros Origins Merlot,750,6,75.63,12.61,18.99,MAR 2026,6,1
186-805-4,Brown Bros Origins Shiraz,750,6,75.63,12.61,18.99,MAR 2026,6,1
185-914-4,Brown Bros Origins Tempranillo,750,6,75.63,12.61,18.99,MAR 2026,6,1
187-118-4,Brown Bros Refresh Tempranillo,750,6,75.63,12.61,18.99,MAR 2026,6,1
187-255-7,Brown Bros Refreshing Tarrango,750,6,76.92,12.82,19.99,MAR 2026,6,1
185-949-3,Brown Bros W/Makers Temp Grac,750,6,96.69,16.12,24.99,MAR 2026,6,1
185-948-4,Brown Bros Winemaker Shiraz,750,6,96.69,16.12,24.99,MAR 2026,6,1
185-674-4,Bunnamagoo Cab Sauv,750,12,218.28,18.19,27.99,MAR 2026,12,1
185-627-2,Bunnamagoo Cab Shiraz Merlot,750,12,218.28,18.19,27.99,MAR 2026,1,1
185-324-8,Bunnamagoo Cabernet Merlot,750,12,218.28,18.19,27.99,MAR 2026,1,1
185-670-8,Bunnamagoo Merlot,750,12,218.28,18.19,27.99,MAR 2026,1,1
186-769-8,Bunnamagoo Paspaley Res Cabsav,750,6,201.45,33.58,51.99,MAR 2026,1,1
186-771-4,Bunnamagoo Paspaley Res Shiraz,750,6,201.45,33.58,51.99,MAR 2026,1,1
185-046-5,Bunnamagoo Shiraz,750,12,218.28,18.19,27.99,MAR 2026,1,1
185-831-4,Bunnamagoo Tempranillo,750,12,218.28,18.19,27.99,MAR 2026,1,1
184-955-7,Buzzy Bare Chilled Shiraz,750,6,64.44,10.74,,MAR 2026,6,1
184-095-8,Calabria Bros Shiraz,750,6,115.84,19.31,29.99,MAR 2026,3,1
186-673-3,Calabria Saint Petri Gsm,750,6,285.22,47.54,72.99,MAR 2026,6,1
186-674-2,Calabria St Petri Shiraz Car.,750,6,285.22,47.54,72.99,MAR 2026,6,1
185-925-1,Campo Viejo Gran Reserva,750,6,143.68,23.95,36.99,MAR 2026,3,1
185-927-9,Campo Viejo Reserva,750,6,97.72,16.29,24.99,MAR 2026,3,1
185-701-1,Campo Viejo Tempranillo,750,6,79.99,13.33,20.99,MAR 2026,6,1
185-824-3,Capel Vale Debut Cab/Merlot,750,6,82.75,13.79,20.99,MAR 2026,6,1
184-653-2,Chain Of Fire Merlot,750,12,108.30,9.03,13.99,MAR 2026,12,1
184-737-2,Chain Of Fire Pinot Noir,750,12,108.30,9.03,,MAR 2026,12,1
184-253-6,Chain Of Fire Shiraz Cab,750,12,108.30,9.03,13.99,MAR 2026,12,1
184-120-7,Chalk Hill Cab Merlot On Prem,750,12,72.10,6.01,8.99,MAR 2026,12,1
184-037-9,Chalk Hill Shiraz/Cab On Prem,750,12,72.10,6.01,8.99,MAR 2026,12,1
187-117-5,Chill Bill Spritzy Red,750,6,68.99,11.50,17.99,MAR 2026,6,1
187-159-4,Chill No Chill P/Noir Syrah,750,6,88.33,14.72,22.99,MAR 2026,6,1
186-232-7,Cleanskin Cabernet Sauvignon,750,12,44.51,3.71,5.99,MAR 2026,12,1
186-233-6,Cleanskin Cabernet/Merlot,750,12,44.51,3.71,5.99,MAR 2026,12,1
186-223-8,Cleanskin Shiraz,750,12,44.51,3.71,5.99,MAR 2026,12,1
184-293-8,Climbing Merlot 6pk,750,6,96.01,16.00,24.99,MAR 2026,6,1
184-295-6,Climbing Shiraz 6pk,750,6,96.01,16.00,24.99,MAR 2026,6,1
185-449-8,Cloudy Bay Pinot Nor,750,6,297.98,49.66,75.99,MAR 2026,3,1
185-475-5,Cloudy Bay Te Wahi 2012,750,6,598.81,99.80,153.99,MAR 2026,3,1
186-712-6,Cockfighter's Ghost Sv Cab Sau,750,6,100.75,16.79,25.99,MAR 2026,6,1
187-144-2,Cockfighter's Ghost Sv Sgv,750,6,100.75,16.79,,MAR 2026,6,1
187-712-4,Cockfighter's Ghost Sv Shiraz,750,6,100.75,16.79,,MAR 2026,6,1
187-124-6,Coldstream Deer Farm P/Noir 21,750,6,270.75,45.13,68.99,MAR 2026,3,1
187-125-5,Coldstream Reserve P/Noir 22,750,6,352.60,58.77,90.99,MAR 2026,3,1
187-126-4,Coldstream Reserve Shiraz 2022,750,6,190.21,31.70,48.99,MAR 2026,3,1
187-123-7,Coldstream Yarra Valley P/Noir,750,6,149.61,24.94,37.99,MAR 2026,3,1
184-123-4,Cookoothama Cabernet Merlot,750,12,128.69,10.72,16.99,MAR 2026,1,1
184-861-0,Cookoothama Pinot Noir,750,12,128.69,10.72,16.99,MAR 2026,1,1
184-132-3,Cookoothama Shiraz,750,12,128.69,10.72,16.99,MAR 2026,1,1
184-787-1,Corryton Burge Kith Grenache,750,6,104.43,17.41,26.99,MAR 2026,3,1
184-786-2,Corryton Burge Kith Shiraz,750,6,104.43,17.41,26.99,MAR 2026,3,1
184-816-6,Cow Punk Natural Montepulciano,750,6,112.17,18.70,28.99,MAR 2026,3,1
184-817-5,Cow Punk Natural Pinot Noir,750,6,112.17,18.70,28.99,MAR 2026,3,1
187-179-0,Cox Family Pinot Noir,750,12,172.80,14.40,21.99,MAR 2026,12,1
187-180-7,Cox Family Shiraz,750,12,172.80,14.40,21.99,MAR 2026,12,1
187-234-3,Cox Family Yarra Pinot Noir 23,750,12,172.80,14.40,21.99,MAR 2026,12,1
185-744-0,Cradle Premium Cab Sauv,750,6,111.44,18.57,28.99,MAR 2026,1,1
185-747-7,Cradle Premium Shiraz,750,6,111.44,18.57,28.99,MAR 2026,1,1
184-854-9,Crimson Monster Cabernet,750,6,70.24,11.71,17.99,MAR 2026,6,1
184-851-2,Crimson Monster Pinot Noir,750,6,70.24,11.71,17.99,MAR 2026,6,1
184-850-3,Crimson Monster Shiraz,750,6,70.24,11.71,17.99,MAR 2026,6,1
186-694-8,D Reserve Label Cab Sauvignon,750,6,63.15,10.53,15.99,MAR 2026,6,1
186-693-9,D Reserve Label Shiraz,750,6,63.15,10.53,15.99,MAR 2026,6,1
186-857-1,D'arenberg Footbolt Shiraz,750,12,196.02,16.34,24.99,MAR 2026,1,1
184-735-4,Dalwood Shiraz,750,12,288.90,24.08,27.99,MAR 2026,1,1
187-035-4,Dandelion Lion Shiraz Riesling,750,6,118.62,19.77,29.99,MAR 2026,3,1
187-031-8,Dandelion Lionheart Shiraz,750,6,99.27,16.55,,MAR 2026,6,1
187-205-8,Dandelion Treasure T Grenache,750,6,121.20,20.20,30.99,MAR 2026,6,1
185-340-8,David Hook Estate Shiraz,750,6,87.55,14.59,21.99,MAR 2026,6,1
185-339-1,David Hook Pinot Grigio,750,6,87.55,14.59,21.99,MAR 2026,6,1
184-925-4,De Bortoli Deen Vat 1 Durif,750,6,55.60,9.27,13.99,MAR 2026,6,1
184-473-0,De Bortoli Deen Vat 184 M/Bld,750,6,55.60,9.27,13.99,MAR 2026,6,1
186-952-5,De Bortoli Deen Vat 8 Shiraz,750,6,55.60,9.27,13.99,MAR 2026,6,1
186-596-7,De Bortoli Deen Vat 9 Cab Sauv,750,6,55.60,9.27,13.99,MAR 2026,6,1
186-188-1,De Bortoli Estate Cab Sauv,750,6,99.78,16.63,25.99,MAR 2026,3,1
186-186-3,De Bortoli Estate Pinot Noir,750,6,99.78,16.63,25.99,MAR 2026,3,1
186-185-4,De Bortoli Estate Shiraz,750,6,99.78,16.63,25.99,MAR 2026,3,1
186-859-9,De Bortoli Organic Shiraz,750,6,67.20,11.20,16.99,MAR 2026,6,1
187-143-3,De Bortoli Pinot Noir,750,6,72.69,12.12,18.99,MAR 2026,6,1
187-186-1,De Bortoli W/Fired Tempranillo,750,6,91.36,15.23,22.99,MAR 2026,6,1
186-573-4,De Bortoli Woodfired Cab Sauv,750,6,91.36,15.23,22.99,MAR 2026,6,1
187-028-3,De Bortoli Woodfired Grenache,750,6,91.36,15.23,22.99,MAR 2026,6,1
186-342-4,De Bortoli Woodfired Shiraz,750,6,91.36,15.23,22.99,MAR 2026,6,1
184-501-6,Deakin Estate Cab Sauvignon,750,12,90.24,7.52,11.99,MAR 2026,12,1
184-502-5,Deakin Estate Merlot,750,12,90.24,7.52,11.99,MAR 2026,12,1
184-503-4,Deakin Estate Pinot Noir,750,6,47.67,7.95,11.99,MAR 2026,6,1
186-646-7,Dee Vine Estate Cab Sauv,750,12,57.99,4.83,6.99,MAR 2026,12,1
186-058-8,Dee Vine Estate Merlot,750,12,57.99,4.83,6.99,MAR 2026,12,1
186-647-6,Dee Vine Estate Shiraz,750,12,57.99,4.83,6.99,MAR 2026,12,1
187-240-5,Deep Purple Hands Shiraz,750,6,95.40,15.90,23.99,MAR 2026,6,1
185-721-7,Deep Woods Mr Cab/Shiraz,750,6,69.53,11.59,17.99,MAR 2026,6,1
186-729-7,Dev. Lair Cheeky Devil C/Sauv,750,6,72.52,12.09,18.99,MAR 2026,6,1
184-234-0,Devils Corner Pinot Noir,750,6,107.26,17.88,27.99,MAR 2026,6,1
184-620-2,Devils Corner Pinot Noir Rose,750,6,107.26,17.88,27.99,MAR 2026,6,1
184-163-5,Devils Corner Resolut. P/Noir,750,6,147.51,24.59,37.99,MAR 2026,6,1
184-288-5,Devils Lair Fifth Leg Red,750,6,57.21,9.54,14.99,MAR 2026,6,1
186-027-6,Devils Lair Fifth Leg Shiraz,750,6,57.21,9.54,14.99,MAR 2026,6,1
187-135-3,Devils Lair H/B Cab Sauv Malbe,750,6,80.23,13.37,20.99,MAR 2026,3,1
186-988-3,Devils Lair H/Bomb Malbec Luxe,750,6,101.73,16.96,25.99,MAR 2026,3,1
186-268-4,Devils Lair Hid.Cave Mr Cab/Sh,750,6,89.71,14.95,22.99,MAR 2026,6,1
186-110-4,Devils Lair Mr Cab Sauv,750,6,187.00,31.17,47.99,MAR 2026,3,1
186-437-0,Down The Lane Mer/Dur/Shz,750,6,50.41,8.40,12.99,MAR 2026,6,1
186-375-4,Down The Lane Shiraz Temp,750,6,50.41,8.40,12.99,MAR 2026,6,1
184-329-6,Duck Shoot Pinot Noir,750,12,131.52,10.96,16.99,MAR 2026,12,1
184-956-6,Eddystone Point Pinot Noir,750,6,159.44,26.57,40.99,MAR 2026,6,1
184-897-8,Eileen Hardy Shiraz,750,6,575.02,95.84,112.99,MAR 2026,6,1
184-719-4,El Payador Malbec,750,6,80.56,13.43,20.99,MAR 2026,6,1
184-535-6,Elephant In The Room Cab Sauv,750,6,65.08,10.85,16.99,MAR 2026,6,1
184-537-4,Elephant In The Room Merlot,750,6,65.08,10.85,16.99,MAR 2026,6,1
184-516-9,Elephant In The Room P/Noir,750,6,65.08,10.85,16.99,MAR 2026,6,1
184-908-5,Elephant In The Room Pnoir Bag,1500,6,112.17,18.70,28.99,MAR 2026,6,1
184-515-0,Elephant In The Room Shiraz,750,6,65.08,10.85,16.99,MAR 2026,6,1
184-911-0,Elephant In The Room Shz Bag,1500,6,112.17,18.70,28.99,MAR 2026,6,1
184-536-5,Elephant In The Room Temp.,750,6,65.08,10.85,16.99,MAR 2026,6,1
184-931-6,Elysian Springs S/Lamb Syrah,750,6,88.95,14.83,22.99,MAR 2026,6,1
184-930-7,Elysian Springs S/W Pinot Noir,750,6,88.95,14.83,22.99,MAR 2026,6,1
185-690-4,Evans & Tate Classic Cab/Mer,750,6,60.57,10.10,15.99,MAR 2026,6,1
185-687-9,Evans & Tate Classic Shiraz,750,6,60.57,10.10,15.99,MAR 2026,6,1
186-994-5,Evans & Tate Wild Cape Cab/Sav,750,6,79.92,13.32,20.99,MAR 2026,3,1
184-507-0,Farm Hand Organic Cabernet,750,6,61.21,10.20,15.99,MAR 2026,6,1
184-538-3,Farm Hand Organic Merlot,750,6,61.21,10.20,15.99,MAR 2026,6,1
184-540-9,Farm Hand Organic Prem Shiraz,750,6,85.08,14.18,21.99,MAR 2026,6,1
184-508-9,Farm Hand Organic Shiraz,750,6,61.21,10.20,15.99,MAR 2026,6,1
184-497-2,Fat Bastard Malbec,750,12,138.61,11.55,17.99,MAR 2026,12,1
184-498-1,Fat Bastard Pinot Noir,750,12,138.61,11.55,17.99,MAR 2026,12,1
184-499-0,Fat Bastard Shiraz,750,12,138.61,11.55,17.99,MAR 2026,12,1
184-863-8,Fermoy Estate Cabernet Merlot,750,12,211.50,17.63,26.99,MAR 2026,3,1
184-862-9,Fermoy Estate Merlot,750,12,237.30,19.78,29.99,MAR 2026,3,1
184-806-8,First Creek Bot Pinot Noir,750,12,123.78,10.32,15.99,MAR 2026,12,1
185-725-3,Fishbone Shiraz,750,6,73.00,12.17,18.99,MAR 2026,6,1
185-982-1,Forester Ls Shiraz,750,6,112.17,18.70,28.99,MAR 2026,6,1
184-100-1,Four In Hand Barrossa Shiraz,750,6,94.11,15.69,23.99,MAR 2026,3,1
185-160-5,Four Sisters Merlot,750,6,63.79,10.63,15.99,MAR 2026,6,1
187-200-3,Four Sisters Pinot Noir,750,6,63.79,10.63,,MAR 2026,6,1
185-165-0,Four Sisters Shiraz,750,6,63.79,10.63,15.99,MAR 2026,6,1
184-664-9,Free Reign Pf Shiraz,750,6,97.98,16.33,24.99,MAR 2026,6,1
187-182-5,Fullylove Shiraz,750,12,159.90,13.33,20.99,MAR 2026,12,1
184-480-1,Ghm Jacks Cabernet Merlot,750,12,64.44,5.37,7.99,MAR 2026,12,1
184-481-0,Ghm Maximus Shiraz,750,12,74.76,6.23,9.99,MAR 2026,1,1
184-482-9,Ghm The Brian Pinot Noir,750,12,64.44,5.37,7.99,MAR 2026,12,1
187-259-3,Gibson Dirtman Barossa Shiraz,750,6,153.45,25.58,38.99,MAR 2026,6,1
184-774-6,Giesen Estate Merlot,750,6,79.27,13.21,19.99,MAR 2026,6,1
184-721-0,Glaetzer Bishop B/Valley Shirz,750,6,137.97,23.00,34.99,MAR 2026,1,1
184-723-8,Glaetzer Wallace B/Valley S/Gr,750,6,90.24,15.04,22.99,MAR 2026,6,1
186-683-1,Gold Metal Shiraz Ltd Release,750,6,74.14,12.36,18.99,MAR 2026,6,1
184-912-9,Gossips Cabernet Merlot,750,6,26.83,4.47,6.99,MAR 2026,6,1
184-831-7,Gossips Cabernet Sauvignon,750,6,26.83,4.47,6.99,MAR 2026,6,1
185-723-5,Gossips Dolcetto,750,6,26.83,4.47,6.99,MAR 2026,6,1
184-920-9,Gossips Merlot,750,6,26.83,4.47,6.99,MAR 2026,6,1
184-822-8,Gossips Shiraz,750,6,26.83,4.47,6.99,MAR 2026,6,1
184-014-6,Gossips Shiraz Cabernet,750,6,26.83,4.47,6.99,MAR 2026,6,1
185-297-1,Goundrey Homestead Cab/Merlot,750,6,64.77,10.80,16.99,MAR 2026,6,1
185-240-9,Goundrey Homestead Shiraz,750,6,64.77,10.80,16.99,MAR 2026,6,1
184-847-9,Grand Barossa Cabernet Sauv,750,12,179.25,14.94,22.99,MAR 2026,1,1
184-849-7,Grand Barossa Gsm,750,12,179.25,14.94,22.99,MAR 2026,1,1
184-848-8,Grand Barossa Shiraz,750,12,179.25,14.94,22.99,MAR 2026,1,1
184-167-1,Grant Burge 5th Gen Cab/Merlot,750,6,69.23,11.54,17.99,MAR 2026,6,1
184-061-8,Grant Burge 5th Gen Merlot,750,6,69.23,11.54,17.99,MAR 2026,6,1
184-168-0,Grant Burge 5th Gen Pinot Gris,750,6,69.23,11.54,17.99,MAR 2026,6,1
184-166-2,Grant Burge 5th Gen Shiraz,750,6,69.23,11.54,17.99,MAR 2026,6,1
184-105-6,Grant Burge B/Mark Cab/Sauv,750,12,117.98,9.83,14.99,MAR 2026,12,1
185-465-7,Grant Burge B/Mark Cab/Shiraz,750,12,117.98,9.83,14.99,MAR 2026,12,1
186-192-5,Grant Burge B/Mark Chardonnay,750,12,117.98,9.83,14.99,MAR 2026,12,1
185-461-1,Grant Burge B/Mark Merlot,750,12,117.98,9.83,14.99,MAR 2026,12,1
186-985-6,Grant Burge B/Mark P/Grigio,750,12,117.98,9.83,14.99,MAR 2026,12,1
185-463-9,Grant Burge B/Mark Shiraz,750,12,117.98,9.83,14.99,MAR 2026,12,1
186-303-1,Grant Burge Balthasar Shiraz,750,6,190.35,31.73,48.99,MAR 2026,3,1
185-785-0,Grant Burge Cam/Vale Cab Sauv,750,6,95.76,15.96,24.99,MAR 2026,3,1
186-648-5,Grant Burge Corryton/P Cab/Sau,750,6,190.35,31.73,48.99,MAR 2026,6,1
184-161-7,Grant Burge Filsell Shiraz,750,6,190.35,31.73,48.99,MAR 2026,6,1
185-605-8,Grant Burge Gb15 Pinot Grigio,750,6,51.01,8.50,12.99,MAR 2026,6,1
185-599-6,Grant Burge Gb43 Merlot,750,6,51.01,8.50,12.99,MAR 2026,6,1
185-607-6,Grant Burge Gb51 Cab Shiraz,750,6,51.01,8.50,12.99,MAR 2026,6,1
185-600-3,Grant Burge Gb56 Shiraz,750,6,51.01,8.50,12.99,MAR 2026,6,1
184-366-0,Grant Burge Gb88 Cab/Sauv 6pk,750,6,51.01,8.50,12.99,MAR 2026,6,1
185-534-4,Grant Burge Hillcot Merlot,750,6,95.76,15.96,24.99,MAR 2026,3,1
185-145-5,Grant Burge Holy Trinity,750,6,190.35,31.73,48.99,MAR 2026,6,1
186-300-4,Grant Burge Meshach Shiraz,750,6,883.71,147.29,226.99,MAR 2026,6,1
186-526-2,Grant Burge Miamba Shiraz,750,6,95.76,15.96,24.99,MAR 2026,3,1
185-727-1,Grant Burge Nebu Cab/Shiraz,750,6,391.91,65.32,100.99,MAR 2026,6,1
187-149-7,Grant Burge Shadrach Cab Sauv,750,6,447.69,74.62,87.99,MAR 2026,6,1
187-046-1,Greasy Fingers Shiraz,750,6,79.44,13.24,19.99,MAR 2026,6,1
187-045-2,Greasy Fingers Shiraz Grenache,750,6,79.44,13.24,19.99,MAR 2026,6,1
184-469-6,Green Bay Cab/Merlot,750,12,134.04,11.17,16.99,MAR 2026,12,1
186-653-7,Grenache Wizardry Grenache,750,6,89.26,14.88,22.99,MAR 2026,6,1
186-901-7,H&L Grenache Shiraz Temp,750,6,70.11,11.69,17.99,MAR 2026,6,1
186-895-5,H&L Pinot Noir,750,6,70.11,11.69,17.99,MAR 2026,6,1
187-275-3,Hardys Hrb Cabernet Sauvignon,750,6,156.06,26.01,39.99,MAR 2026,6,1
187-158-5,Hardys Hrb Pinot Noir,750,6,156.06,26.01,39.99,MAR 2026,6,1
187-274-4,Hardys Hrb Shiraz,750,6,156.06,26.01,39.99,MAR 2026,6,1
185-445-2,Hardys Vr Cab Sauv 1ltr,1000,6,39.23,6.54,9.99,MAR 2026,6,1
185-104-4,Hardys Vr Merlot,1000,6,39.23,6.54,9.99,MAR 2026,6,1
186-692-0,Hardys Vr Pinot Noir,1000,6,39.23,6.54,9.99,MAR 2026,6,1
185-418-5,Hardys Vr Shiraz,1000,6,39.23,6.54,9.99,MAR 2026,6,1
186-925-9,Hardys Zero Alcohol Shiraz,750,6,34.02,5.67,8.99,MAR 2026,6,1
186-050-6,Hartog's Plate Cabernet Merlot,750,6,46.30,7.72,11.99,MAR 2026,6,1
184-050-1,Head Over Heels Cab Merlot,750,12,63.69,5.31,7.99,MAR 2026,12,1
184-049-5,Head Over Heels Shiraz,750,12,63.69,5.31,7.99,MAR 2026,12,1
184-959-3,Head Red Grenache,750,12,211.50,17.63,26.99,MAR 2026,1,1
184-960-0,Head Red Gsm,750,12,211.50,17.63,26.99,MAR 2026,1,1
184-957-5,Head Red Shiraz,750,12,211.50,17.63,26.99,MAR 2026,1,1
187-061-1,Heathcote Handcrafted Shiraz,750,6,109.03,18.17,27.99,MAR 2026,6,1
186-863-3,Henschke Five Shillings Shiraz,750,6,139.26,23.21,35.99,MAR 2026,1,1
185-545-1,Henschke Henry 7 Shi/Gren/Viog,750,6,154.74,25.79,39.99,MAR 2026,1,1
186-023-0,Henschke Keyneton Estate,750,6,256.65,42.78,65.99,MAR 2026,1,1
184-671-0,Hollick Stock Route Cab Shiraz,750,6,94.85,15.81,23.99,MAR 2026,6,1
184-461-4,Hopes End Cab/Sauv,750,12,106.23,8.85,13.99,MAR 2026,12,1
185-458-6,Houghton Classic Cab/Sauv,750,6,55.30,9.22,13.99,MAR 2026,6,1
185-478-2,Houghton Classic Cab/Shir/Merl,750,6,55.30,9.22,13.99,MAR 2026,6,1
185-978-7,Houghton Classic Shiraz,750,6,55.30,9.22,13.99,MAR 2026,6,1
185-834-1,Houghton Reserve Shiraz,750,6,55.08,9.18,13.99,MAR 2026,6,1
185-828-9,Houghton Wisdom Cab/Sauv,750,6,144.75,24.13,36.99,MAR 2026,6,1
185-829-8,Houghton Wisdom Pinot Noir,750,6,144.75,24.13,36.99,MAR 2026,3,1
184-705-0,Hungerford Cabernet Malbec,750,6,134.10,22.35,33.99,MAR 2026,1,1
184-708-7,Hungerford Classic Sangiovese,750,6,134.10,22.35,33.99,MAR 2026,1,1
184-707-8,Hungerford Hill F/Cage Cab/Sau,750,12,159.90,13.33,20.99,MAR 2026,12,1
184-704-1,Hungerford Hill F/Cage Shiraz,750,12,159.90,13.33,20.99,MAR 2026,12,1
184-783-5,Hungerford Hill Pinot Noir,750,6,147.00,24.50,37.99,MAR 2026,1,1
185-493-3,Impressionist Cab Sauv,750,6,61.21,10.20,15.99,MAR 2026,6,1
185-437-2,Impressionist Pinot Noir,750,6,61.21,10.20,15.99,MAR 2026,6,1
185-438-1,Impressionist Shiraz,750,6,61.21,10.20,15.99,MAR 2026,6,1
185-492-4,Impressionist Tempranillo,750,6,61.21,10.20,15.99,MAR 2026,6,1
186-064-0,Ingoldby Cab/Sauv,750,6,71.09,11.85,17.99,MAR 2026,6,1
186-286-2,Ingoldby Shiraz,750,6,71.09,11.85,17.99,MAR 2026,6,1
184-772-8,Innocent Bystander Gamay Noir,750,6,96.74,16.12,24.99,MAR 2026,6,1
184-858-5,Innocent Bystander Le P/Noir,750,6,131.41,21.90,33.99,MAR 2026,6,1
184-339-4,Innocent Bystander Pinot Noir,750,6,96.74,16.12,24.99,MAR 2026,6,1
184-844-2,Innocent Bystander Shrz Cienna,750,6,89.31,14.89,22.99,MAR 2026,6,1
185-517-5,Innocent Bystander Syrah,750,6,96.74,16.12,24.99,MAR 2026,6,1
185-825-2,Innocent Bystander Tempranillo,750,6,96.74,16.12,24.99,MAR 2026,6,1
184-860-1,Iron Bark Creek Shiraz,1500,6,49.36,8.23,12.99,MAR 2026,6,1
185-139-3,J/Creek Double Barrel Cab Sauv,750,6,94.84,15.81,23.99,MAR 2026,6,1
186-873-1,J/Creek Double Barrel Grenache,750,6,94.84,15.81,23.99,MAR 2026,6,1
185-293-5,J/Creek Double Barrel Sh/Cab,750,6,94.84,15.81,23.99,MAR 2026,6,1
185-138-4,J/Creek Double Barrel Shiraz,750,6,94.84,15.81,23.99,MAR 2026,6,1
185-002-7,Jacobs Creek Cab Merlot,750,12,82.30,6.86,10.99,MAR 2026,12,1
185-961-6,Jacobs Creek Cab/Sauvignon,750,12,82.30,6.86,10.99,MAR 2026,12,1
185-972-3,Jacobs Creek Merlot,750,12,82.30,6.86,10.99,MAR 2026,12,1
185-786-9,Jacobs Creek Merlot,187,24,53.46,2.23,2.99,MAR 2026,24,1
185-552-1,Jacobs Creek Pinot Noir,750,12,82.30,6.86,10.99,MAR 2026,12,1
185-754-7,Jacobs Creek Res Coon Cab/Sauv,750,6,58.32,9.72,14.99,MAR 2026,6,1
185-767-2,Jacobs Creek Res Pinot Noir,750,6,58.32,9.72,14.99,MAR 2026,6,1
185-537-1,Jacobs Creek Res Shiraz,750,6,58.32,9.72,14.99,MAR 2026,6,1
185-778-9,Jacobs Creek Shir/Cab 187ml,187,24,53.46,2.23,2.99,MAR 2026,24,1
185-880-4,Jacobs Creek Shiraz,750,12,82.30,6.86,10.99,MAR 2026,12,1
185-770-7,Jacobs Creek Shiraz Cabernet,750,12,82.30,6.86,10.99,MAR 2026,12,1
185-946-6,Jam Shed Red Blend,750,6,49.99,8.33,12.99,MAR 2026,6,1
185-945-7,Jam Shed Shiraz,750,6,49.99,8.33,12.99,MAR 2026,6,1
187-264-6,Jim Barry Armagh,750,6,1862.70,310.45,,MAR 2026,6,1
184-619-5,Jim Barry Atherley Cabernet,750,6,100.56,16.76,25.99,MAR 2026,6,1
184-328-7,Jim Barry Cover Drive Cab/Sauv,750,6,95.72,15.95,24.99,MAR 2026,1,1
184-440-0,Jim Barry Lodge Hill Shiraz,750,6,121.20,20.20,30.99,MAR 2026,1,1
184-641-7,Jim Barry The Mcrae Wood,750,6,234.72,39.12,59.99,MAR 2026,1,1
184-312-5,Jip Jip Rocks Shiraz,750,12,179.25,14.94,22.99,MAR 2026,12,1
184-937-0,Josef Chromy Pepik Pinot Noir,750,6,128.94,21.49,32.99,MAR 2026,6,1
184-344-7,Josef Chromy Pepik Pinot Noir,750,12,242.46,20.21,30.99,MAR 2026,3,1
185-877-9,Julia Hill Cab/Sauv,750,12,159.90,13.33,20.99,MAR 2026,12,1
185-878-8,Julia Hill Shiraz,750,12,159.90,13.33,20.99,MAR 2026,12,1
184-762-0,Kaesler Avignon Gsm,750,12,478.53,39.88,60.99,MAR 2026,1,1
184-763-9,Kaesler Barbera,750,12,282.45,23.54,35.99,MAR 2026,1,1
184-764-8,Kaesler Cabernet Sauvignon,750,12,349.53,29.13,44.99,MAR 2026,1,1
184-765-7,Kaesler The Bogan Shiraz,750,12,478.53,39.88,60.99,MAR 2026,1,1
184-761-1,Kaesler The Fave Grenache,750,12,478.53,39.88,60.99,MAR 2026,1,1
186-726-0,Katnook Estate Cab Sauvignon,750,6,172.50,28.75,43.99,MAR 2026,6,1
186-728-8,Katnook Estate Shiraz,750,6,172.50,28.75,43.99,MAR 2026,6,1
186-721-5,Katnook Fdrs Block Cab Sauv,750,6,75.79,12.63,18.99,MAR 2026,6,1
186-718-0,Katnook Fdrs Block Merlot,750,6,75.79,12.63,18.99,MAR 2026,6,1
186-719-9,Katnook Fdrs Block Shiraz,750,6,75.79,12.63,18.99,MAR 2026,6,1
186-722-4,Katnook Icon Odyssey Cab/Sauv,750,6,431.25,71.88,110.99,MAR 2026,3,1
186-725-1,Katnook Icon Prodigy Shiraz,750,6,431.25,71.88,110.99,MAR 2026,3,1
187-183-4,Kindred Cab Sauvignon,750,12,95.40,7.95,11.99,MAR 2026,12,1
187-184-3,Kindred Grenache,750,12,95.40,7.95,11.99,MAR 2026,12,1
187-185-2,Kindred Merlot,750,12,95.40,7.95,11.99,MAR 2026,12,1
186-922-2,Kindred Pinot Noir,750,12,95.40,7.95,11.99,MAR 2026,12,1
187-006-9,Kindred Shiraz,750,12,95.40,7.95,11.99,MAR 2026,12,1
186-688-6,Kings Creed Shiraz,750,6,94.38,15.73,23.99,MAR 2026,6,1
187-203-0,Kings Of Prohibition Cab/Sauv,750,6,83.33,13.89,20.99,MAR 2026,6,1
187-204-9,Kings Of Prohibition Malbec,750,6,83.33,13.89,20.99,MAR 2026,6,1
186-677-9,Kings Of Prohibition Red Blend,750,6,83.33,13.89,20.99,MAR 2026,6,1
186-569-0,Kings Of Prohibition Shiraz,750,6,83.33,13.89,20.99,MAR 2026,6,1
186-560-9,Kings Of Prohibition Temp.,750,6,82.50,13.75,20.99,MAR 2026,6,1
186-612-7,Knappstein Cv Cab Sauv,750,6,105.72,17.62,26.99,MAR 2026,3,1
185-511-1,Knappstein Cv Shiraz,750,6,105.72,17.62,26.99,MAR 2026,3,1
186-861-5,Knappstein Enterprise Cab Sauv,750,6,211.50,35.25,53.99,MAR 2026,3,1
186-862-4,Knappstein Insider Shiraz Malb,750,6,132.55,22.09,33.99,MAR 2026,3,1
186-860-6,Knappstein The Mayors Shiraz,750,6,211.50,35.25,53.99,MAR 2026,3,1
186-105-1,La Boheme Act 4 Syrah Gamay,750,6,91.71,15.29,23.99,MAR 2026,6,1
186-316-6,La Boheme Miss Act Cab/Sauv,750,6,91.71,15.29,23.99,MAR 2026,6,1
186-659-1,La Boheme Pinot Noir,750,6,91.71,15.29,23.99,MAR 2026,6,1
187-146-0,La Vieille Ferme Rouge,750,12,166.19,13.85,20.99,MAR 2026,1,1
184-914-7,Lambrook Seed Pinot Noir,750,12,201.05,16.75,25.99,MAR 2026,12,1
184-915-6,Lambrook Seed Shiraz,750,12,201.05,16.75,25.99,MAR 2026,12,1
186-628-9,Langmeil Prime Cut Shiraz,750,6,100.56,16.76,25.99,MAR 2026,6,1
184-715-8,Le Chat Noir Pinot Noir,750,12,154.09,12.84,19.99,MAR 2026,12,1
186-851-7,Leogate Arrowfield Cav Sauv,750,6,82.50,13.75,20.99,MAR 2026,1,1
186-825-0,Leogate Black Cluster Shiraz,750,6,108.30,18.05,27.99,MAR 2026,1,1
186-814-3,Leogate Lions Pride Cab Merlot,750,6,60.31,10.05,14.99,MAR 2026,6,1
186-815-2,Leogate Lions Pride Cab Sauv,750,6,60.31,10.05,14.99,MAR 2026,1,1
186-817-0,Leogate Lions Pride Merlot,750,6,60.31,10.05,14.99,MAR 2026,6,1
186-818-9,Leogate Lions Pride Shiraz Cab,750,6,60.31,10.05,14.99,MAR 2026,6,1
186-519-1,Leonard Road Cab/Merlot,750,12,48.08,4.01,5.99,MAR 2026,12,1
186-525-3,Leonard Road Shiraz,750,12,48.08,4.01,5.99,MAR 2026,12,1
187-039-0,Lillypilly Shiraz,750,12,159.90,13.33,20.99,MAR 2026,12,1
185-510-2,Lind Bin 40 Merlot,750,6,37.36,6.23,9.99,MAR 2026,6,1
185-514-8,Lind Bin 45 Cabernet Sauvignon,750,6,37.36,6.23,9.99,MAR 2026,6,1
185-519-3,Lind Bin 50 Shiraz,750,6,37.36,6.23,9.99,MAR 2026,6,1
185-998-3,Lind Early Harvest Shiraz,750,6,58.79,9.80,14.99,MAR 2026,6,1
185-300-6,Lind Gentleman Coll. Cab Sauv,750,6,71.36,11.89,17.99,MAR 2026,6,1
185-299-9,Lind Gentleman Coll. Shiraz,750,6,71.36,11.89,17.99,MAR 2026,6,1
187-153-0,Lind Trio L/S Ridge Cab Shz 21,750,6,290.64,48.44,74.99,MAR 2026,1,1
187-152-1,Lind Trio Pyrus Cab Blend 21,750,6,290.64,48.44,74.99,MAR 2026,1,1
187-154-9,Lind Trio St George Cab Sav 21,750,6,290.64,48.44,74.99,MAR 2026,1,1
184-547-2,Little Giant Cabernet,750,6,87.66,14.61,22.99,MAR 2026,6,1
184-511-4,Little Giant Grenache,750,6,87.66,14.61,22.99,MAR 2026,6,1
184-628-4,Little Giant Malbec,750,6,87.66,14.61,22.99,MAR 2026,6,1
184-780-8,Little Giant Merlot,750,6,87.66,14.61,,MAR 2026,6,1
184-544-5,Little Giant Pinot Noir,750,6,87.66,14.61,22.99,MAR 2026,6,1
184-775-5,Little Giant Prem Shiraz,750,6,121.20,20.20,30.99,MAR 2026,3,1
184-733-6,Little Giant Premium Cabernet,750,6,121.20,20.20,30.99,MAR 2026,3,1
184-781-7,Little Giant Tempranillo,750,6,87.66,14.61,,MAR 2026,6,1
185-977-8,Little Ripples Cab Sauv,750,6,100.56,16.76,25.99,MAR 2026,6,1
185-974-1,Little Ripples Shiraz,750,6,100.56,16.76,25.99,MAR 2026,6,1
184-942-3,Little Sammy Durif,750,12,78.39,6.53,7.99,MAR 2026,12,1
184-940-5,Little Sammy Grenache,750,12,78.39,6.53,7.99,MAR 2026,12,1
184-939-8,Little Sammy Merlot,750,12,78.39,6.53,7.99,MAR 2026,12,1
184-944-1,Little Sammy Pinot Noir,750,12,78.39,6.53,7.99,MAR 2026,12,1
184-943-2,Little Sammy Shiraz,750,12,78.39,6.53,7.99,MAR 2026,12,1
187-198-7,Little Yering Pinot Noir,750,6,89.40,14.90,17.99,MAR 2026,6,1
187-199-6,Little Yering Shiraz,750,6,89.40,14.90,17.99,MAR 2026,6,1
185-012-5,Lock & Key Cab Sauv,750,12,170.22,14.19,21.99,MAR 2026,1,1
187-148-8,Lock & Key Cab Sauv Magnum,1500,6,170.22,28.37,43.99,MAR 2026,6,1
185-180-1,Lock & Key Pinot Noir,750,12,170.22,14.19,21.99,MAR 2026,12,1
185-301-5,Lock & Key Shiraz,750,12,170.22,14.19,21.99,MAR 2026,1,1
186-761-6,Lorimer Cabernet Merlot,750,12,76.05,6.34,,MAR 2026,12,1
184-468-7,Lost Farm Pinot Noir,750,6,175.76,29.29,44.99,MAR 2026,3,1
187-208-5,Low Rider Cabernet Sauvignon,750,12,42.51,3.54,4.99,MAR 2026,12,1
187-207-6,Low Rider Shiraz,750,12,42.51,3.54,4.99,MAR 2026,12,1
184-296-5,Lunatiq Heathcote Shiraz,750,6,133.77,22.30,33.99,MAR 2026,1,1
184-886-1,Mania Pinot Noir,750,6,147.00,24.50,37.99,MAR 2026,6,1
184-934-3,Marley Farm C/Warra Cab Sauv,750,6,69.60,11.60,17.99,MAR 2026,6,1
184-933-4,Marley Farm Mclaren Vale Shz,750,6,69.60,11.60,17.99,MAR 2026,6,1
184-935-2,Marley Farm Pinot Grigio,750,6,69.60,11.60,17.99,MAR 2026,6,1
184-595-3,Martys Block Cabernet Shiraz,750,6,63.15,10.53,15.99,MAR 2026,1,1
185-662-8,McGuigan Black Label Cab/Merl,750,6,43.23,7.21,10.99,MAR 2026,6,1
185-672-6,McGuigan Black Label Cab/Sauv,750,6,43.23,7.21,10.99,MAR 2026,6,1
185-860-8,McGuigan Black Label Malbec,750,6,43.23,7.21,10.99,MAR 2026,6,1
185-663-7,McGuigan Black Label Merlot,750,6,43.23,7.21,10.99,MAR 2026,6,1
185-667-3,McGuigan Black Label Red,750,6,43.23,7.21,10.99,MAR 2026,6,1
187-044-3,McGuigan Black Label Red Mid,750,6,43.23,7.21,10.99,MAR 2026,6,1
185-284-6,McGuigan Black Label Shiraz,750,6,43.23,7.21,10.99,MAR 2026,6,1
185-863-5,McGuigan Black Label Tempranil,750,6,43.23,7.21,10.99,MAR 2026,6,1
185-535-3,McGuigan Handmade Shiraz,750,6,156.40,26.07,39.99,MAR 2026,1,1
185-619-2,McGuigan Single Batch Cab/Sauv,750,6,52.53,8.76,12.99,MAR 2026,6,1
184-757-7,McGuigan Single Batch Malbec,750,6,52.53,8.76,12.99,MAR 2026,6,1
185-912-6,McGuigan Single Batch P/Noir,750,6,52.53,8.76,12.99,MAR 2026,6,1
185-613-8,McGuigan Single Batch Sauv/Bl,750,6,52.53,8.76,12.99,MAR 2026,6,1
185-616-5,McGuigan Single Batch Shiraz,750,6,52.53,8.76,12.99,MAR 2026,6,1
187-196-9,McPherson Cabernet Merlot,750,12,113.07,9.42,10.99,MAR 2026,12,1
187-195-0,McPherson Cabernet Sauvignon,750,6,59.08,9.85,11.99,MAR 2026,6,1
187-197-8,McPherson Shiraz,750,12,113.07,9.42,10.99,MAR 2026,12,1
185-528-2,McW 660 Canberra Syrah,750,6,98.90,16.48,24.99,MAR 2026,3,1
185-525-5,McW 660 Hilltops Cab/Sauv,750,6,98.90,16.48,24.99,MAR 2026,3,1
185-527-3,McW 660 Hilltops Shiraz,750,6,98.90,16.48,24.99,MAR 2026,3,1
185-524-6,McW 660 Tumbarumba Pinot Noir,750,6,98.90,16.48,24.99,MAR 2026,3,1
185-868-0,McW Alternis Nero D'avola,750,6,102.81,17.14,25.99,MAR 2026,3,1
185-870-6,McW Alternis Tempranillo,750,6,102.81,17.14,25.99,MAR 2026,3,1
187-156-7,McW Fruitwood Pink Moscato,750,12,66.29,5.52,8.99,MAR 2026,12,1
185-029-6,McW Fruitwood Red N/V,750,12,66.29,5.52,8.99,MAR 2026,12,1
187-157-6,McW Fruitwood Sangria,750,12,66.29,5.52,8.99,MAR 2026,12,1
185-068-8,McW Inheritance Shiraz,750,12,66.29,5.52,8.99,MAR 2026,12,1
184-753-1,McW Inheritance Shiraz Cab,750,12,66.29,5.52,8.99,MAR 2026,12,1
185-083-9,McW Markview Cab/Merlot,750,12,71.16,5.93,8.99,MAR 2026,12,1
185-085-7,McW Markview Shiraz,750,12,71.16,5.93,8.99,MAR 2026,12,1
185-943-9,McW Single Vineyard P/Noir,750,6,160.14,26.69,40.99,MAR 2026,3,1
185-942-0,McW Single Vineyard Shiraz,750,6,160.14,26.69,40.99,MAR 2026,3,1
185-970-5,McWillliams 1877 Shiraz,750,6,276.10,46.02,70.99,MAR 2026,3,1
186-182-7,Mentor Cab/Sauvignon,750,6,173.31,28.89,43.99,MAR 2026,3,1
187-138-0,Metala White Label Cab Sauv,750,6,78.63,13.11,19.99,MAR 2026,6,1
187-140-6,Metala White Label Shiraz,750,6,78.63,13.11,19.99,MAR 2026,6,1
187-139-9,Metala White Label Shiraz Cab,750,6,78.63,13.11,19.99,MAR 2026,6,1
184-904-9,Minks Autumn Wind Cab Sauv,750,6,71.75,11.96,17.99,MAR 2026,6,1
184-905-8,Minks Autumn Wind Durif,750,6,71.75,11.96,17.99,MAR 2026,6,1
184-929-0,Minks Autumn Wind Shiraz,750,6,71.75,11.96,17.99,MAR 2026,6,1
186-819-8,Miracle On The Wire Cab Sauv,750,6,61.86,10.31,15.99,MAR 2026,1,1
186-824-1,Miracle On The Wire Merlot,750,6,61.86,10.31,15.99,MAR 2026,1,1
186-820-5,Miracle On The Wire Shiraz,750,6,61.86,10.31,15.99,MAR 2026,1,1
184-759-5,Mitchell Peppertree Shiraz,750,12,246.33,20.53,31.99,MAR 2026,1,1
184-760-2,Mitchell Sevenhill Cab Sauv,750,12,246.33,20.53,31.99,MAR 2026,1,1
184-504-3,Mojo Fc Cab Sauvignon,750,6,69.14,11.52,17.99,MAR 2026,6,1
184-505-2,Mojo Fc Shiraz,750,6,69.14,11.52,17.99,MAR 2026,6,1
185-941-1,Molly Cradle Pinot Noir,750,6,91.29,15.22,22.99,MAR 2026,6,1
185-682-4,Mollys Cradle Merlot,750,6,91.29,15.22,22.99,MAR 2026,6,1
184-178-8,Moonstruck Shiraz,750,6,79.40,13.23,19.99,MAR 2026,6,1
187-147-9,Moppity Atrius Shiraz,750,12,205.05,17.09,25.99,MAR 2026,3,1
185-748-6,Moppity Estate Cab Sauv,750,12,263.10,21.93,33.99,MAR 2026,3,1
185-034-9,Moppity Estate Shiraz,750,12,263.10,21.93,33.99,MAR 2026,3,1
184-472-1,Morambro Creek Cabernet,750,6,140.55,23.43,35.99,MAR 2026,3,1
184-471-2,Morambro Creek Shiraz,750,6,140.55,23.43,35.99,MAR 2026,3,1
185-506-8,Morris Bin 158 Durif,750,6,93.62,15.60,23.99,MAR 2026,6,1
185-504-0,Morris Sparkling Shiraz Durif,750,6,82.70,13.78,20.99,MAR 2026,6,1
185-502-2,Mount Lawson Cabernet,750,12,134.42,11.20,16.99,MAR 2026,12,1
185-851-9,Mount Lawson Merlot,750,12,134.42,11.20,16.99,MAR 2026,12,1
185-354-1,Mount Lawson Shiraz,750,12,134.42,11.20,16.99,MAR 2026,12,1
184-720-1,Mr Mick Shiraz C/Valley Shiraz,750,6,69.60,11.60,17.99,MAR 2026,6,1
184-792-4,Mr Thomas Cabernet Merlot,750,12,56.57,4.71,6.99,MAR 2026,12,1
184-791-5,Mr Thomas Shiraz,750,12,56.57,4.71,6.99,MAR 2026,12,1
186-549-5,Mr. Riggs The Gaffer Shiraz,750,12,185.70,15.48,23.99,MAR 2026,12,1
184-318-9,Mt Monster Cabernet,750,12,134.10,11.18,16.99,MAR 2026,12,1
184-309-0,Mt Monster Shiraz,750,12,134.10,11.18,16.99,MAR 2026,12,1
184-950-2,Mullet Hard Cabernet,750,6,65.73,10.96,16.99,MAR 2026,6,1
184-951-1,Mullet Hard Pinot Noir,750,6,65.73,10.96,16.99,MAR 2026,6,1
184-948-7,Mullet Hard Shiraz,750,6,65.73,10.96,16.99,MAR 2026,6,1
186-668-0,Naturalis Organic Cab Sauv,750,6,67.04,11.17,16.99,MAR 2026,6,1
186-669-9,Naturalis Organic Shiraz,750,6,67.04,11.17,16.99,MAR 2026,6,1
185-377-4,Nepenthe Altitude Cab Sauv,750,6,82.83,13.81,20.99,MAR 2026,3,1
185-292-6,Nepenthe Altitude Pinot Noir,750,6,82.83,13.81,20.99,MAR 2026,3,1
185-291-7,Nepenthe Altitude Shiraz,750,6,82.83,13.81,20.99,MAR 2026,3,1
185-290-8,Nepenthe Altitude Tempranillo,750,6,82.83,13.81,20.99,MAR 2026,3,1
186-421-8,Nericon Cabernet Sauvignon,750,12,83.79,6.98,10.99,MAR 2026,12,1
186-370-9,Nericon Durif,750,12,83.79,6.98,10.99,MAR 2026,12,1
186-170-1,Nericon Pinot Noir,750,12,83.79,6.98,10.99,MAR 2026,12,1
186-169-4,Nericon Shiraz,750,12,83.79,6.98,10.99,MAR 2026,12,1
184-794-2,Newblood Non Alc Shiraz,750,6,63.05,10.51,15.99,MAR 2026,6,1
184-607-9,No Evil Organic Cab/Sauv,750,6,75.40,12.57,18.99,MAR 2026,6,1
184-606-0,No Evil Organic Shiraz,750,6,75.40,12.57,18.99,MAR 2026,6,1
185-231-0,Nottage Hill Shiraz,750,6,47.23,7.87,11.99,MAR 2026,6,1
184-531-0,Nugan Est 'alfredo' Sangiovese,750,12,194.69,16.22,24.99,MAR 2026,1,1
184-554-2,Nugan Est Coon Cab/Sauv,750,12,194.69,16.22,24.99,MAR 2026,1,1
184-215-3,Nugan Est Manuka Riv/Ina Durif,750,12,194.69,16.22,24.99,MAR 2026,1,1
184-579-3,Nugan Est Mclaren Vale Shiraz,750,12,194.69,16.22,24.99,MAR 2026,1,1
184-892-3,Nugan Est Riverina Touriga,750,12,190.97,15.91,24.99,MAR 2026,1,1
184-936-1,Nugan Est Third Gen Pinot Noir,750,12,96.39,8.03,11.99,MAR 2026,1,1
187-040-7,O'leary Bcr Cab Merlot,750,6,95.40,15.90,,MAR 2026,6,1
185-227-6,Odd Socks Cabernet Merlot,750,12,59.47,4.96,7.99,MAR 2026,1,1
185-230-1,Odd Socks Shiraz,750,12,59.47,4.96,7.99,MAR 2026,12,1
184-739-0,Oldbury Rd Reserve Cab Sauv,750,6,100.81,16.80,25.99,MAR 2026,1,1
184-741-6,Oldbury Rd Reserve Rose,750,6,100.81,16.80,25.99,MAR 2026,1,1
184-742-5,Oldbury Rd Reserve Shiraz,750,6,100.81,16.80,25.99,MAR 2026,1,1
184-750-4,One Good Turn Cab Sauv,750,6,52.18,8.70,12.99,MAR 2026,6,1
184-748-9,One Good Turn Merlot,750,6,52.18,8.70,12.99,MAR 2026,6,1
184-747-0,One Good Turn Pinot Noir,750,6,52.18,8.70,12.99,MAR 2026,6,1
185-484-4,Organic Hill Pres Free Cab Sav,750,12,198.60,16.55,24.99,MAR 2026,12,1
184-751-3,Organic Hill Pres Free Monte,750,12,198.60,16.55,24.99,MAR 2026,1,1
185-522-8,Organic Hill Pres Free Shiraz,750,12,198.60,16.55,24.99,MAR 2026,12,1
186-737-7,Orlando Bungalow Lane Cab/Sauv,750,6,126.77,21.13,32.99,MAR 2026,1,1
186-730-4,Orlando Cellar 13 Grenache,750,6,126.77,21.13,32.99,MAR 2026,1,1
186-733-1,Orlando Cent Hill Shiraz,750,6,278.83,46.47,71.99,MAR 2026,1,1
186-734-0,Orlando Jac Ridge Cab/Sauv,750,6,278.83,46.47,71.99,MAR 2026,3,1
186-735-9,Orlando Lawsons Pad Shiraz,750,6,278.83,46.47,71.99,MAR 2026,1,1
186-736-8,Orlando Printz Shed Shiraz,750,6,126.77,21.13,32.99,MAR 2026,1,1
184-268-9,Outback Jack Cab Merlot,750,12,43.96,3.66,5.99,MAR 2026,12,1
184-267-0,Outback Jack Shiraz,750,12,43.96,3.66,5.99,MAR 2026,12,1
184-266-1,Outback Jack Shiraz Cabernet,750,12,43.96,3.66,5.99,MAR 2026,12,1
186-808-1,Oxford Landing Cabernet Sauv,750,6,51.54,8.59,12.99,MAR 2026,6,1
186-757-2,Oxford Landing Merlot,750,6,51.54,8.59,12.99,MAR 2026,6,1
186-760-7,Oxford Landing Shiraz,750,6,51.54,8.59,12.99,MAR 2026,1,1
186-180-9,P.Lehmann Eight Songs Shiraz,750,6,173.31,28.89,43.99,MAR 2026,1,1
186-165-8,P.Lehmann H & V Cabernet Sauv,750,6,96.04,16.01,24.99,MAR 2026,6,1
186-166-7,P.Lehmann H & V Shiraz,750,6,96.04,16.01,24.99,MAR 2026,6,1
186-463-7,P.Lehmann H&V Pinot Noir,750,6,96.04,16.01,24.99,MAR 2026,6,1
186-482-4,P.Lehmann H&V Tempranillo,750,6,96.04,16.01,24.99,MAR 2026,6,1
186-657-3,P.Lehmann Portrait Cab/Sauv,750,6,75.86,12.64,18.99,MAR 2026,6,1
187-024-7,P.Lehmann Portrait Gsm,750,6,75.86,12.64,18.99,MAR 2026,6,1
186-567-2,P.Lehmann Portrait Shiraz,750,6,75.86,12.64,18.99,MAR 2026,6,1
186-905-3,P.Lehmann The Bond Cab Sauv,750,6,93.62,15.60,23.99,MAR 2026,6,1
186-641-2,P.Lehmann The Bond Grenache,750,6,93.62,15.60,23.99,MAR 2026,6,1
187-025-6,P.Lehmann The Bond Gsm,750,6,93.62,15.60,23.99,MAR 2026,6,1
186-518-2,P.Lehmann The Bond Shiraz,750,6,93.62,15.60,23.99,MAR 2026,6,1
184-189-5,Patricia Cabernet Sauvignon,750,6,226.78,37.80,57.99,MAR 2026,6,1
187-213-8,Penfolds Bin 128 Cwarra Shz 22,750,6,310.39,51.73,79.99,MAR 2026,1,1
187-220-9,Penfolds Bin 138 Gsm V20,750,6,248.83,41.47,63.99,MAR 2026,1,1
187-214-7,Penfolds Bin 138 Gsm V22,750,6,248.83,41.47,63.99,MAR 2026,1,1
187-221-8,Penfolds Bin 150 Shiraz 2018,750,6,428.91,71.49,109.99,MAR 2026,1,1
187-115-7,Penfolds Bin 169 Cabs Gex V19,750,6,1330.09,221.68,340.99,MAR 2026,1,1
185-105-3,Penfolds Bin 2 Shiraz Mataro,750,6,183.36,30.56,46.99,MAR 2026,6,1
185-855-5,Penfolds Bin 23 P/Noir 2018,750,6,226.85,37.81,57.99,MAR 2026,1,1
187-114-8,Penfolds Bin 23 P/Noir 2022,750,6,226.85,37.81,57.99,MAR 2026,1,1
187-218-3,Penfolds Bin 23 Pinot Noir V20,750,6,226.85,37.81,57.99,MAR 2026,1,1
187-222-7,Penfolds Bin 23 Pinot Noir V23,750,6,226.85,37.81,57.99,MAR 2026,1,1
187-110-2,Penfolds Bin 28 Shiraz 2021,750,6,206.48,34.41,52.99,MAR 2026,1,1
187-223-6,Penfolds Bin 28 Shiraz V22,750,6,206.48,34.41,52.99,MAR 2026,1,1
187-230-7,Penfolds Bin 389 Cab Shz V22,750,6,506.44,84.41,129.99,MAR 2026,1,1
187-210-1,Penfolds Bin 407 Cab Sauv V22,750,6,571.33,95.22,146.99,MAR 2026,1,1
187-211-0,Penfolds Bin 407 Cab/Sav Gb 22,750,6,571.33,95.22,146.99,MAR 2026,1,1
187-097-9,Penfolds Bin 707 Cab Sauv 21,750,6,3259.77,543.30,836.99,MAR 2026,1,1
187-225-4,Penfolds Bin 707 Cab Sauv V22,750,6,3259.77,543.30,836.99,MAR 2026,1,1
187-224-5,Penfolds Bin 707 Cab/Sav Gb 22,750,6,3259.77,543.30,836.99,MAR 2026,1,1
187-103-1,Penfolds Cell Res Cab Sauv,750,6,209.63,34.94,53.99,MAR 2026,1,1
186-978-5,Penfolds Cell Res Pinot Noir,750,6,290.90,48.48,74.99,MAR 2026,3,1
187-107-7,Penfolds Cell Res Shiraz,750,6,209.63,34.94,53.99,MAR 2026,1,1
187-002-3,Penfolds Dual Bin Gbox V18,750,1,83.13,83.13,127.99,MAR 2026,1,1
187-212-9,Penfolds Grange Gb V20,750,3,2249.97,749.99,1154.99,MAR 2026,1,1
187-096-0,Penfolds Grange Shiraz 2019,750,6,4494.84,749.14,1153.99,MAR 2026,1,1
186-944-6,Penfolds Grange V18 Shz Gbox,750,6,4494.84,749.14,,MAR 2026,1,1
187-215-6,Penfolds Grange Wooden V18,750,6,4494.84,749.14,1153.99,MAR 2026,1,1
185-223-0,Penfolds K/Hill Cabernet Sauv,750,6,68.54,11.42,17.99,MAR 2026,6,1
185-676-2,Penfolds K/Hill Shiraz,750,6,68.54,11.42,17.99,MAR 2026,6,1
185-981-2,Penfolds K/Hill Shiraz Cab,750,6,68.54,11.42,17.99,MAR 2026,6,1
185-523-7,Penfolds K/Hill Shiraz Cab,375,12,83.36,6.95,10.99,MAR 2026,12,1
185-373-8,Penfolds Max's Cab Sauv,750,6,117.40,19.57,29.99,MAR 2026,1,1
185-830-5,Penfolds Max's Pinot Noir,750,6,117.40,19.57,29.99,MAR 2026,1,1
185-483-5,Penfolds Max's Shiraz,750,6,117.40,19.57,29.99,MAR 2026,1,1
185-315-9,Penfolds Max's Shiraz Cab,750,6,117.40,19.57,29.99,MAR 2026,1,1
187-227-2,Penfolds Rwt Shiraz Gb 2022,750,6,819.29,136.55,209.99,MAR 2026,1,1
187-226-3,Penfolds Rwt Shiraz Wooden V20,750,6,819.29,136.55,209.99,MAR 2026,1,1
187-228-1,Penfolds Rwt Shiraz Wooden V22,750,6,819.29,136.55,209.99,MAR 2026,1,1
187-229-0,Penfolds St Henri Shiraz 2017,750,6,555.56,92.59,142.99,MAR 2026,1,1
187-112-0,Penfolds St Henri Shiraz 2018,750,6,552.79,92.13,141.99,MAR 2026,1,1
187-106-8,Penfolds St Henri Shiraz 2020,750,6,555.56,92.59,142.99,MAR 2026,1,1
187-217-4,Penfolds St Henri Shiraz V21,750,6,555.56,92.59,142.99,MAR 2026,1,1
187-102-2,Penfolds St Henri Shz Gb 2020,750,6,555.56,92.59,142.99,MAR 2026,1,1
187-216-5,Penfolds St Henri Shz Gb V21,750,6,555.56,92.59,142.99,MAR 2026,1,1
184-754-0,Peninsula Panorama Pinot Noir,750,12,194.73,16.23,24.99,MAR 2026,12,1
184-755-9,Peninsula Panorama Shiraz,750,12,194.73,16.23,24.99,MAR 2026,12,1
184-969-1,Pepper Tree Coquun Shiraz,750,12,584.31,48.69,74.99,MAR 2026,3,1
184-970-8,Pepper Tree Lamb Pinot Noir,750,12,394.68,32.89,50.99,MAR 2026,3,1
184-378-6,Pepperjack Barossa Red,750,6,98.89,16.48,24.99,MAR 2026,3,1
186-980-1,Pepperjack Cabernet Sauvignon,750,6,98.89,16.48,24.99,MAR 2026,3,1
184-906-7,Pepperjack Dish Range Cab/Sauv,750,6,65.21,10.87,12.99,MAR 2026,6,1
184-907-6,Pepperjack Dish Range Shiraz,750,6,65.21,10.87,12.99,MAR 2026,6,1
184-240-2,Pepperjack Graded Lhc Shiraz,750,6,136.61,22.77,34.99,MAR 2026,3,1
184-364-2,Pepperjack Graded Mclv Shiraz,750,6,136.61,22.77,34.99,MAR 2026,3,1
184-702-3,Pepperjack Grenache,750,6,98.89,16.48,24.99,MAR 2026,3,1
184-519-6,Pepperjack Malbec,750,6,98.89,16.48,24.99,MAR 2026,3,1
184-823-7,Pepperjack Mid Strength Shiraz,750,6,98.89,16.48,24.99,MAR 2026,3,1
184-838-0,Pepperjack Pinot Noir,750,6,98.89,16.48,24.99,MAR 2026,3,1
184-703-2,Pepperjack Sangiovese,750,6,98.89,16.48,24.99,MAR 2026,3,1
184-698-9,Pepperjack Shiraz,750,6,98.89,16.48,24.99,MAR 2026,3,1
186-133-7,Petaluma W/Label Cabernet Sauv,750,6,103.96,17.33,26.99,MAR 2026,3,1
186-866-0,Petaluma W/Label Pinot Noir,750,6,103.96,17.33,26.99,MAR 2026,3,1
186-137-3,Petaluma W/Label Shiraz,750,6,103.96,17.33,26.99,MAR 2026,3,1
186-927-7,Petaluma Y/Label Cab Merlot,750,6,302.90,50.48,77.99,MAR 2026,6,1
186-655-5,Petaluma Y/Label Shiraz,750,6,204.44,34.07,51.99,MAR 2026,6,1
187-270-8,Petaluma Yl Merlot,750,6,331.28,55.21,,MAR 2026,6,1
187-030-9,Pete's Pure Cabernet Sauvignon,750,12,109.59,9.13,13.99,MAR 2026,12,1
184-827-3,Pete's Pure Pinot Noir,750,12,109.59,9.13,13.99,MAR 2026,12,1
184-828-2,Pete's Pure Shiraz,750,12,109.59,9.13,13.99,MAR 2026,12,1
184-346-5,Philip Shaw C/Series Merlot,750,12,212.79,17.73,26.99,MAR 2026,3,1
185-260-4,Philip Shaw C/Series P/Noir,750,12,212.79,17.73,26.99,MAR 2026,1,1
185-258-8,Philip Shaw C/Series Shiraz,750,12,212.79,17.73,26.99,MAR 2026,1,1
186-571-6,Pierre D'amour P/Noir,750,6,64.07,10.68,15.99,MAR 2026,6,1
186-570-7,Pierre D'amour Shiraz,750,6,64.07,10.68,15.99,MAR 2026,6,1
184-345-6,Pikes Luccio Sangiovese,750,6,91.94,15.32,23.99,MAR 2026,6,1
187-244-1,Planta Circa Cabernet Sauv,750,6,288.90,48.15,73.99,MAR 2026,6,1
187-245-0,Planta Circa Grenache,750,6,288.90,48.15,73.99,MAR 2026,6,1
187-246-9,Planta Circa Shiraz,750,6,288.90,48.15,73.99,MAR 2026,6,1
184-954-8,Plump Bare Chilled Grenache,750,6,49.95,8.33,12.99,MAR 2026,6,1
184-571-1,Plus & Minus Zero Alc P/Noir,750,6,53.95,8.99,13.99,MAR 2026,6,1
184-570-2,Plus & Minus Zero Alc Shiraz,750,6,53.95,8.99,13.99,MAR 2026,6,1
184-114-5,Pocketwatch Cabernet Sauvignon,750,12,134.43,11.20,16.99,MAR 2026,12,1
187-009-6,Pocketwatch Pinot Noir,750,12,134.43,11.20,16.99,MAR 2026,12,1
186-291-5,Pocketwatch Shiraz,750,12,134.43,11.20,16.99,MAR 2026,12,1
186-687-7,Ponting Close Of Play Cabernet,750,6,105.72,17.62,26.99,MAR 2026,6,1
187-268-2,Ponting Milestone 257 Pnoir,750,6,237.30,39.55,,MAR 2026,6,1
187-269-1,Ponting Mowbray Boy P Noir,750,6,166.47,27.75,,MAR 2026,6,1
186-686-8,Ponting The Pinnacle Shiraz,750,6,105.72,17.62,26.99,MAR 2026,6,1
186-865-1,Press & Bloom Mataro,750,6,99.27,16.55,24.99,MAR 2026,6,1
186-864-2,Press & Bloom Montepulciano,750,6,99.27,16.55,24.99,MAR 2026,6,1
186-636-9,Press & Bloom Pinot Noir,750,6,99.27,16.55,24.99,MAR 2026,6,1
186-676-0,Press & Bloom Shiraz,750,6,107.01,17.84,26.99,MAR 2026,6,1
187-242-3,Purple Hands Grenache,750,6,101.85,16.98,25.99,MAR 2026,6,1
187-243-2,Purple Hands Mataro Gren/Shz,750,6,101.85,16.98,25.99,MAR 2026,6,1
187-241-4,Purple Hands Shiraz,750,6,101.85,16.98,25.99,MAR 2026,6,1
186-953-4,Pw Bin 169 Cwa Cabs V18 Gex,750,6,1330.09,221.68,,MAR 2026,3,1
186-414-7,Queen Adel.Cabernet Sauvignon,750,12,59.02,4.92,7.99,MAR 2026,12,1
186-460-0,Queen Adelaide Shiraz,750,12,59.02,4.92,7.99,MAR 2026,12,1
185-923-3,Rare Penny Cab/Sauvignon,750,6,56.82,9.47,14.99,MAR 2026,6,1
186-871-3,Rare Penny Cabernet Merlot,750,6,56.82,9.47,14.99,MAR 2026,6,1
185-924-2,Rare Penny Pinot Noir,750,6,56.82,9.47,14.99,MAR 2026,6,1
185-922-4,Rare Penny Shiraz,750,6,56.82,9.47,14.99,MAR 2026,6,1
184-300-9,Raw Vine Org Pf Cab/Sauv,750,12,161.19,13.43,20.99,MAR 2026,12,1
186-357-6,Raw Vine Org Pf Merlot,750,12,194.85,16.24,24.99,MAR 2026,3,1
186-393-2,Raw Vine Org Pf Pinot Noir,750,12,194.73,16.23,24.99,MAR 2026,3,1
184-299-2,Raw Vine Org Pf Shiraz,750,12,194.73,16.23,24.99,MAR 2026,12,1
185-788-7,Rawsons Retreat Cab/Sauvignon,750,6,41.38,6.90,10.99,MAR 2026,6,1
185-812-7,Rawsons Retreat Merlot,750,6,41.38,6.90,10.99,MAR 2026,6,1
185-584-3,Rawsons Retreat Shi/Cab Sauv,750,6,41.38,6.90,10.99,MAR 2026,6,1
187-027-4,Re-Write Gsm,750,6,68.99,11.50,17.99,MAR 2026,6,1
186-870-4,Re-Write Pinot Noir,750,6,68.99,11.50,17.99,MAR 2026,6,1
186-869-7,Re-Write Tempranillo,750,6,68.99,11.50,17.99,MAR 2026,6,1
184-882-5,Red Claw Pinot Noir,750,6,139.26,23.21,26.99,MAR 2026,1,1
184-883-4,Red Claw Pinot Noir 375ml,375,12,149.58,12.47,14.99,MAR 2026,12,1
184-833-5,Red Hill Estate Cab Sauv,750,6,88.95,14.83,22.99,MAR 2026,6,1
184-834-4,Red Hill Estate Pinot Noir,750,6,88.95,14.83,22.99,MAR 2026,6,1
184-835-3,Red Hill Estate Shiraz,750,6,88.95,14.83,22.99,MAR 2026,6,1
185-900-0,Redman Cabernet Sauvignon,750,6,140.35,23.39,35.99,MAR 2026,6,1
187-036-3,Redman Shiraz,750,6,108.75,18.13,27.99,MAR 2026,6,1
184-656-9,Reschke Bull Trader Cab Merlot,750,12,147.00,12.25,18.99,MAR 2026,12,1
184-646-2,Reschke Bull Trader Cab Sauv,750,12,147.00,12.25,18.99,MAR 2026,12,1
184-643-5,Reschke Bull Trader Shiraz,750,12,147.00,12.25,18.99,MAR 2026,12,1
184-647-1,Reschke R Series Cab Sauv,750,12,118.62,9.89,14.99,MAR 2026,12,1
184-649-9,Reschke R Series Shiraz,750,12,118.62,9.89,14.99,MAR 2026,12,1
184-895-0,Reynella Basket Pressed Shiraz,750,6,270.65,45.11,52.99,MAR 2026,6,1
184-425-9,Reynella Cabernet Sauvignon,750,6,270.65,45.11,68.99,MAR 2026,6,1
186-343-3,Rhythm & Rhyme Shiraz,750,12,82.21,6.85,10.99,MAR 2026,12,1
186-772-3,Richland Cabernet Sauvignon,750,12,108.10,9.01,13.99,MAR 2026,12,1
186-804-5,Richland Merlot,750,12,108.10,9.01,13.99,MAR 2026,12,1
186-066-8,Richland Pinot Noir,750,12,108.10,9.01,13.99,MAR 2026,12,1
186-934-8,Richland Shiraz,750,12,108.10,9.01,13.99,MAR 2026,12,1
187-121-9,Richland Shiraz 187ml,187,12,50.25,4.19,5.99,MAR 2026,12,1
187-043-4,Riverlife Juicy Red,750,6,56.70,9.45,14.99,MAR 2026,6,1
184-633-7,Robert Oatley Sig. Cab Sauv,750,6,92.82,15.47,23.99,MAR 2026,3,1
184-629-3,Robert Oatley Sig. Grenache,750,6,92.82,15.47,23.99,MAR 2026,3,1
184-636-4,Robert Oatley Sig. Gsm,750,6,92.82,15.47,23.99,MAR 2026,3,1
184-638-2,Robert Oatley Sig. Mv Shiraz,750,6,92.82,15.47,23.99,MAR 2026,3,1
184-635-5,Robert Oatley Sig. P/Noir,750,6,92.82,15.47,23.99,MAR 2026,3,1
184-873-6,Rochford Estate Pinot Noir,750,12,250.35,20.86,31.99,MAR 2026,12,1
184-872-7,Rochford Latitude Pinot Noir,750,12,179.56,14.96,22.99,MAR 2026,12,1
184-174-2,Rockbare Shiraz,750,12,211.50,17.63,26.99,MAR 2026,3,1
187-187-0,Rolf Binder Bulls Blood Blend,750,6,211.24,35.21,41.99,MAR 2026,6,1
184-845-1,Rolling Cabernet Merlot 6p,750,6,70.89,11.82,17.99,MAR 2026,6,1
184-864-7,Rolling Shiraz,750,6,70.89,11.82,17.99,MAR 2026,6,1
185-111-5,Rosemount Diamond Cab/Sauv,750,6,53.95,8.99,13.99,MAR 2026,6,1
185-384-5,Rosemount Fship Bal Syrah,750,6,310.94,51.82,79.99,MAR 2026,3,1
185-864-4,Rosemount Little Berry Cab/Sav,750,6,73.79,12.30,18.99,MAR 2026,6,1
185-065-1,Rosemount Little Berry Shiraz,750,6,73.79,12.30,18.99,MAR 2026,6,1
185-156-1,Rothbury Est Series Cab/Merlot,750,12,65.67,5.47,7.99,MAR 2026,12,1
185-157-0,Rothbury Est Series Shiraz Cab,750,12,65.67,5.47,7.99,MAR 2026,12,1
186-517-3,Rufus Stone Heathcote Shiraz,750,6,88.43,14.74,22.99,MAR 2026,6,1
184-902-1,Rumours Cabernet Sauvignon,750,12,44.53,3.71,3.99,MAR 2026,12,1
184-899-6,Rumours Merlot,750,12,44.53,3.71,3.99,MAR 2026,12,1
184-898-7,Rumours Shiraz,750,12,44.53,3.71,3.99,MAR 2026,12,1
185-604-9,Running With Bulls Tempranillo,750,6,91.53,15.26,22.99,MAR 2026,1,1
184-466-9,Rutherglen Est Range Shiraz,750,6,80.73,13.46,20.99,MAR 2026,6,1
186-740-2,Rutherglen Estate Durif,750,6,80.73,13.46,20.99,MAR 2026,6,1
186-660-8,Rutherglen Estate Sangiovese,750,6,80.73,13.46,20.99,MAR 2026,6,1
186-661-7,Rutherglen Estate Tempranillo,750,6,80.73,13.46,20.99,MAR 2026,6,1
186-382-5,Rymill Dark Horse Cabernet,750,12,191.50,15.96,24.99,MAR 2026,12,1
184-275-0,Rymill The Yearling Cabernet,750,12,146.35,12.20,18.99,MAR 2026,12,1
184-276-9,Rymill The Yearling Shiraz,750,12,146.35,12.20,18.99,MAR 2026,12,1
185-261-3,Sacred Hill Cabernet Merlot,750,12,60.86,5.07,7.99,MAR 2026,12,1
186-103-3,Sacred Hill Shiraz,750,12,60.86,5.07,7.99,MAR 2026,12,1
186-041-8,Sacred Hill Shiraz Cabernet,750,12,60.86,5.07,7.99,MAR 2026,12,1
184-770-0,Saint & Scholar Pinot Noir,750,12,246.33,20.53,31.99,MAR 2026,1,1
184-767-5,Saint & Scholar Shiraz,750,12,246.33,20.53,31.99,MAR 2026,1,1
186-028-5,Saltram 1859 Shiraz,750,6,75.74,12.62,18.99,MAR 2026,6,1
184-820-0,Saltram Journal 17 Shiraz,750,6,683.03,113.84,174.99,MAR 2026,1,1
186-189-0,Saltram Mamre Brook Cab Sauv,750,6,135.85,22.64,34.99,MAR 2026,1,1
187-155-8,Saltram Mamre Brook Shiraz,750,6,135.85,22.64,34.99,MAR 2026,1,1
186-191-6,Saltram No.1 Shiraz 2017,750,6,393.04,65.51,100.99,MAR 2026,1,1
186-476-2,*Schild Est Shiraz,750,12,169.44,14.12,21.99,MAR 2026,12,1
186-474-4,*Schild Est Shiraz,750,6,87.27,14.55,21.99,MAR 2026,6,1
184-596-2,School House Cab Sauvignon,750,6,84.43,14.07,21.99,MAR 2026,6,1
184-593-5,School House Shiraz,750,6,84.43,14.07,21.99,MAR 2026,6,1
184-158-2,Seppelt Chalambar Shiraz,750,6,104.66,17.44,26.99,MAR 2026,1,1
184-865-6,Seppelt Show Spk Shiraz 2008,750,6,412.43,68.74,105.99,MAR 2026,6,1
184-856-7,Seppelt St Peters Shiraz 2019,750,6,332.30,55.38,84.99,MAR 2026,6,1
184-565-9,Seppelt The Drives Shiraz,750,6,68.25,11.38,17.99,MAR 2026,6,1
184-893-2,Shadowfax Macedon Pinot Noir,750,6,159.90,26.65,40.99,MAR 2026,1,1
184-618-6,Shaw & Smith Pinot Noir,750,6,232.20,38.70,59.99,MAR 2026,3,1
184-890-5,Shaw & Smith Pinot Noir 375mL,375,12,257.10,21.43,32.99,MAR 2026,12,1
184-617-7,Shaw & Smith Shiraz,750,6,232.20,38.70,59.99,MAR 2026,3,1
184-891-4,Shaw & Smith Shiraz 375ml,375,12,257.10,21.43,32.99,MAR 2026,12,1
186-903-5,Sheep Shape Merlot,750,12,91.78,7.65,11.99,MAR 2026,12,1
184-743-4,Shw Estate Rose,750,12,159.90,13.33,20.99,MAR 2026,12,1
184-744-3,Shw Estate Shiraz,750,12,159.90,13.33,20.99,MAR 2026,12,1
186-841-0,Sinister 8 Legged Red,750,6,65.96,10.99,16.99,MAR 2026,6,1
186-844-7,Sinister Shiraz,750,6,65.96,10.99,16.99,MAR 2026,6,1
186-842-9,Sinister Tempranillo,750,6,65.96,10.99,16.99,MAR 2026,6,1
187-017-6,Sisters Run Shiraz,750,6,82.50,13.75,20.99,MAR 2026,6,1
185-337-3,Six Foot Six Pinot Noir,750,6,100.37,16.73,25.99,MAR 2026,6,1
184-953-9,Slinky Bare Chilled Pinot Noir,750,6,64.44,10.74,,MAR 2026,6,1
184-392-8,Smith & Hooper Csm,750,6,89.72,14.95,22.99,MAR 2026,6,1
186-508-4,Smith & Hooper Merlot,750,6,89.72,14.95,22.99,MAR 2026,1,1
184-348-3,Somerton Cab/Sauvignon,750,6,30.92,5.15,7.99,MAR 2026,6,1
184-648-0,Somerton Merlot,750,6,30.92,5.15,7.99,MAR 2026,6,1
184-826-4,Squealing Pig Cabernet Sauv,750,6,77.94,12.99,19.99,MAR 2026,3,1
184-824-6,Squealing Pig Prized Pinot Nr,750,6,103.32,17.22,26.99,MAR 2026,3,1
184-825-5,Squealing Pig Shiraz,750,6,77.94,12.99,19.99,MAR 2026,3,1
184-076-1,St Hallett Black Clay Shiraz,750,6,74.82,12.47,18.99,MAR 2026,6,1
184-324-1,St Hallett Blackwell Shiraz,750,6,227.53,37.92,57.99,MAR 2026,3,1
187-136-2,St Hallett Blackwell Shz 375ml,375,12,244.47,20.37,,MAR 2026,12,1
186-492-2,St Hallett Blockhead Shi/Gren,750,6,93.60,15.60,23.99,MAR 2026,3,1
184-427-7,St Hallett Blockhead Shiraz,750,6,93.60,15.60,23.99,MAR 2026,3,1
184-239-5,St Hallett Butcher Cart Shiraz,750,6,117.79,19.63,29.99,MAR 2026,3,1
184-947-8,St Hallett Faith Cab Sauv,750,6,91.33,15.22,22.99,MAR 2026,6,1
186-654-6,St Hallett Faith Shiraz,750,6,91.33,15.22,22.99,MAR 2026,1,1
186-670-6,St Hallett Faith Shiraz 375ml,375,12,118.15,9.85,14.99,MAR 2026,12,1
186-310-2,St Hallett Gamekeepers Sh/Gren,750,6,67.34,11.22,16.99,MAR 2026,6,1
185-773-4,St Hallett Gamekeepers Shiraz,750,6,67.34,11.22,16.99,MAR 2026,6,1
184-338-5,St Hallett Goe Shiraz,750,6,93.94,15.66,23.99,MAR 2026,6,1
184-263-4,St Hallett Old Block Shiraz,750,6,627.87,104.65,160.99,MAR 2026,3,1
185-740-4,St Huberts Stag H/Cote Shiraz,750,6,94.47,15.75,23.99,MAR 2026,3,1
185-790-3,St Huberts Stag Temp Shiraz,750,6,67.05,11.18,16.99,MAR 2026,6,1
185-601-2,St Huberts The Stag Vic P/Noir,750,6,67.07,11.18,16.99,MAR 2026,6,1
185-412-1,St Huberts The Stag Vic Shiraz,750,6,67.07,11.18,16.99,MAR 2026,6,1
185-316-8,St Huberts The Stag Yv P/Noir,750,6,88.88,14.81,22.99,MAR 2026,6,1
185-760-9,St Hugo Cabernet Sauvignon,750,6,211.30,35.22,53.99,MAR 2026,3,1
185-764-5,St Hugo Gsm,750,6,211.30,35.22,53.99,MAR 2026,3,1
187-026-5,St Hugo Ric Red,750,6,217.75,36.29,55.99,MAR 2026,1,1
185-010-7,St Hugo Shiraz,750,6,211.30,35.22,53.99,MAR 2026,1,1
185-774-3,St Hugo Shiraz Cabernet,750,6,211.30,35.22,53.99,MAR 2026,3,1
187-120-0,St Hugo Sng Vnyrd Koch Shiraz,750,6,331.59,55.27,84.99,MAR 2026,1,1
187-189-8,St Johns Brook Sv Cab/Sauv,750,6,107.81,17.97,27.99,MAR 2026,6,1
184-623-9,Sticks Pinot Noir,750,6,95.40,15.90,23.99,MAR 2026,6,1
184-434-8,Stonegate Cab/Sauvignon,750,12,82.21,6.85,10.99,MAR 2026,12,1
184-731-8,Stonehaven Cab Sauv,750,12,97.59,8.13,12.99,MAR 2026,12,1
184-730-9,Stonehaven Merlot,750,12,97.59,8.13,12.99,MAR 2026,12,1
184-732-7,Stonehaven Shiraz,750,12,97.59,8.13,12.99,MAR 2026,12,1
184-968-2,Stonehorse Cabernet Sauvignon,750,12,201.18,16.77,25.99,MAR 2026,12,1
184-967-3,Stonehorse Shiraz,750,12,201.18,16.77,25.99,MAR 2026,12,1
186-181-8,Stonewell Shiraz,750,6,435.57,72.60,111.99,MAR 2026,3,1
184-952-0,Sweet Caroline Pinot Noir,750,6,61.86,10.31,15.99,MAR 2026,6,1
184-710-3,Sweetwater Cab Sauv,750,6,172.80,28.80,43.99,MAR 2026,1,1
184-712-1,Sweetwater Shiraz,750,6,172.80,28.80,43.99,MAR 2026,1,1
185-787-8,T'gallant Juliet Pinot Noir,750,6,68.15,11.36,16.99,MAR 2026,6,1
185-328-4,T'gallant Schanck Pinot Noir,750,6,82.70,13.78,20.99,MAR 2026,6,1
184-513-2,Take It To Grave Pinot Noir,750,6,76.05,12.68,19.99,MAR 2026,6,1
184-586-4,Take It To Grave Shiraz,750,6,76.05,12.68,19.99,MAR 2026,6,1
184-457-0,Talinga Park Cabernet Merlot,750,12,96.39,8.03,11.99,MAR 2026,1,1
184-462-3,Talinga Park Shiraz,750,12,96.39,8.03,11.99,MAR 2026,1,1
184-160-8,Tamar Ridge Pinot Noir,750,6,147.51,24.59,37.99,MAR 2026,6,1
186-960-5,Tamburlaine Org Cab Sauv,750,12,151.32,12.61,18.99,MAR 2026,12,1
186-955-2,Tamburlaine Org Merlot,750,12,151.32,12.61,18.99,MAR 2026,12,1
186-962-3,Tamburlaine Org Shiraz,750,12,151.32,12.61,18.99,MAR 2026,12,1
186-958-9,Tamburlaine Pf Pinot Noir,750,12,180.21,15.02,22.99,MAR 2026,12,1
186-961-4,Tamburlaine Pf Shiraz,750,12,167.76,13.98,21.99,MAR 2026,12,1
184-962-8,Tar & Roses Nebbiolo,750,6,198.60,33.10,50.99,MAR 2026,6,1
184-963-7,Tar & Roses Sangiovese,750,6,105.72,17.62,26.99,MAR 2026,6,1
184-964-6,Tar & Roses Tempranillo,750,6,105.72,17.62,26.99,MAR 2026,6,1
186-319-3,Tatachilla House Shiraz Cab,750,12,74.85,6.24,9.99,MAR 2026,12,1
185-703-9,Taylor Made Bdx,750,6,95.27,15.88,23.99,MAR 2026,3,1
185-486-2,Taylor Made Malbec,750,6,95.27,15.88,23.99,MAR 2026,3,1
186-467-3,Taylor Made Pinot Noir,750,6,95.27,15.88,23.99,MAR 2026,3,1
185-749-5,Taylor Made Shiraz,750,6,95.27,15.88,23.99,MAR 2026,3,1
186-720-6,Taylors Est. Cab/Sauvignon,750,6,84.20,14.03,21.99,MAR 2026,3,1
185-653-9,Taylors Est. Merlot,750,6,84.20,14.03,21.99,MAR 2026,3,1
186-020-3,Taylors Est. Pinot Gris,750,6,84.20,14.03,21.99,MAR 2026,3,1
186-365-6,Taylors Est. Pinot Noir,750,6,84.20,14.03,21.99,MAR 2026,3,1
186-200-5,Taylors Est. Shiraz,750,6,84.20,14.03,21.99,MAR 2026,3,1
187-248-7,Taylors Estate Grenache,750,6,84.20,14.03,21.99,MAR 2026,6,1
186-226-5,Taylors Estate Tempranillo,750,6,84.20,14.03,21.99,MAR 2026,3,1
184-819-3,Taylors Hotelier Gsm,750,6,68.82,11.47,17.99,MAR 2026,6,1
186-550-1,Taylors Hotelier Pinot Gris,750,6,68.82,11.47,17.99,MAR 2026,6,1
186-545-9,Taylors Hotelier Shiraz,750,6,68.82,11.47,17.99,MAR 2026,6,1
186-908-0,Taylors Jaraman Cab Sauv 375ml,375,12,134.68,11.22,16.99,MAR 2026,12,1
186-359-4,Taylors Jaraman Cab Sauvignon,750,6,121.70,20.28,30.99,MAR 2026,3,1
186-637-8,Taylors Jaraman Grenache,750,6,121.70,20.28,30.99,MAR 2026,3,1
186-386-1,Taylors Jaraman Pinot Noir,750,6,121.70,20.28,30.99,MAR 2026,3,1
186-356-7,Taylors Jaraman Shiraz,750,6,121.70,20.28,30.99,MAR 2026,3,1
186-909-9,Taylors Jaraman Shiraz 375ml,375,12,134.68,11.22,16.99,MAR 2026,12,1
186-756-3,Taylors Masterstroke Cab/Sa 21,750,6,211.24,35.21,53.99,MAR 2026,3,1
184-916-5,Taylors Masterstroke Cab/Sauv,750,6,211.24,35.21,53.99,MAR 2026,1,1
186-751-8,Taylors Masterstroke Cabshiraz,750,6,211.24,35.21,53.99,MAR 2026,3,1
184-917-4,Taylors Masterstroke Shiraz,750,6,211.24,35.21,53.99,MAR 2026,1,1
186-752-7,Taylors Masterstroke Shiraz 21,750,6,211.24,35.21,53.99,MAR 2026,3,1
186-886-6,Taylors Promised Land Cab Sauv,750,6,59.44,9.91,14.99,MAR 2026,6,1
186-881-1,Taylors Promised Land Cab/Merl,750,6,59.44,9.91,14.99,MAR 2026,6,1
186-883-9,Taylors Promised Land Merlot,750,6,59.44,9.91,14.99,MAR 2026,6,1
186-411-0,Taylors Promised Land P/Noir,750,6,59.44,9.91,14.99,MAR 2026,6,1
186-826-9,Taylors Promised Land Shir/Cab,750,6,59.44,9.91,14.99,MAR 2026,6,1
186-896-4,Taylors Promised Land Shiraz,750,6,59.44,9.91,14.99,MAR 2026,6,1
184-919-2,Taylors St Andrews Cab Sau 20,750,6,286.32,47.72,72.99,MAR 2026,1,1
186-741-1,Taylors St Andrews Cab/Sauv,750,6,286.32,47.72,72.99,MAR 2026,1,1
185-221-2,Taylors St Andrews Shiraz 2020,750,6,286.32,47.72,72.99,MAR 2026,1,1
184-918-3,Taylors St Andrews Shiraz 21,750,6,286.32,47.72,72.99,MAR 2026,1,1
184-683-6,Temple Bruer P/F Pinot Noir,750,12,182.08,15.17,22.99,MAR 2026,12,1
186-885-7,Tempus Two Copper Gsm,750,6,109.12,18.19,27.99,MAR 2026,3,1
186-880-2,Tempus Two Copper Shiraz,750,6,102.67,17.11,25.99,MAR 2026,1,1
186-912-4,Tempus Two Lighten Up P/Noir,750,6,72.89,12.15,18.99,MAR 2026,6,1
186-015-0,Tempus Two Pewter Shiraz,750,6,154.08,25.68,39.99,MAR 2026,1,1
185-544-2,Tempus Two Silver Merlot,750,6,47.58,7.93,11.99,MAR 2026,6,1
185-810-9,Tempus Two Var. Tempranillo,750,6,57.38,9.56,14.99,MAR 2026,6,1
185-617-4,Tempus Two Varietal Cab Merlot,750,6,57.38,9.56,14.99,MAR 2026,6,1
185-660-0,Tempus Two Varietal Cab Sauv,750,6,57.38,9.56,14.99,MAR 2026,6,1
185-990-1,Tempus Two Varietal Merlot,750,6,57.38,9.56,14.99,MAR 2026,6,1
186-770-5,Tempus Two Varietal P/Noir,750,6,57.38,9.56,14.99,MAR 2026,6,1
185-859-1,Tempus Two Varietal Shiraz,750,6,57.38,9.56,14.99,MAR 2026,6,1
184-351-7,The Anchorage Cab Merlot,750,12,72.10,6.01,8.99,MAR 2026,12,1
184-866-5,The Aromantiques Gsm,750,6,117.33,19.56,29.99,MAR 2026,6,1
186-651-9,The Drover Cabernet Sauv,750,12,39.93,3.33,4.99,MAR 2026,12,1
187-133-5,The Drover Dolcetto,750,12,39.93,3.33,4.99,MAR 2026,12,1
187-137-1,The Drover Merlot,750,12,39.93,3.33,4.99,MAR 2026,12,1
186-652-8,The Drover Shiraz,750,12,39.93,3.33,4.99,MAR 2026,12,1
186-650-0,The Drover Shiraz Cabernet,750,12,39.93,3.33,4.99,MAR 2026,12,1
185-451-3,The Grayling Pinot Noir,750,6,71.53,11.92,17.99,MAR 2026,6,1
184-839-9,The Hero Pres/F Cab Sauv,750,6,70.24,11.71,17.99,MAR 2026,6,1
184-548-1,The Hero Pres/F Grenache,750,6,70.24,11.71,17.99,MAR 2026,6,1
184-509-8,The Hero Pres/F Pinot Noir,750,6,70.24,11.71,17.99,MAR 2026,6,1
184-510-5,The Hero Pres/F Shiraz,750,6,70.24,11.71,17.99,MAR 2026,6,1
186-691-1,The Iconic Grand Shiraz,750,3,302.16,100.72,154.99,MAR 2026,3,1
184-597-1,The Medhyk Shiraz,750,6,238.97,39.83,60.99,MAR 2026,6,1
184-903-0,Thomas Hardy Cab/Sauv,750,6,599.27,99.88,117.99,MAR 2026,6,1
184-495-4,Three Lions Cabernet Merlot,750,12,92.17,7.68,11.99,MAR 2026,12,1
184-627-5,Three Lions Pinot Noir,750,12,92.17,7.68,11.99,MAR 2026,12,1
186-942-8,Tintara Mclaren Vale Gsm,750,6,96.70,16.12,24.99,MAR 2026,6,1
185-090-0,Tintara McLaren Vale Cab/Sauv,750,6,96.70,16.12,24.99,MAR 2026,3,1
185-093-7,Tintara McLaren Vale Shiraz,750,6,96.70,16.12,24.99,MAR 2026,3,1
184-734-5,Tread Softly Grenache,750,6,65.73,10.96,16.99,MAR 2026,6,1
184-840-6,Tread Softly Merlot,750,6,65.73,10.96,16.99,MAR 2026,6,1
184-514-1,Tread Softly Pinot Noir,750,6,65.73,10.96,16.99,MAR 2026,6,1
184-841-5,Tread Softly Pinot Noir 375ml,375,12,74.11,6.18,9.99,MAR 2026,12,1
184-717-6,Tread Softly Sangiovese,750,6,65.73,10.96,16.99,MAR 2026,6,1
184-594-4,Tread Softly Shiraz,750,6,65.73,10.96,16.99,MAR 2026,6,1
184-716-7,Tread Softly Tempranillo,750,6,65.73,10.96,16.99,MAR 2026,6,1
184-688-1,Tulloch Cabernet,750,6,72.10,12.02,18.99,MAR 2026,6,1
185-195-4,Twelve Signs Cabernet Merlot,750,12,110.88,9.24,13.99,MAR 2026,1,1
185-193-6,Twelve Signs Shiraz,750,12,110.88,9.24,13.99,MAR 2026,12,1
184-966-4,Tyrrells Estate Grown Shiraz,750,6,133.77,22.30,33.99,MAR 2026,6,1
184-164-4,Tyrrells Hunter Valley Shiraz,750,6,88.43,14.74,22.99,MAR 2026,6,1
186-507-5,Tyrrells O/W Cab/Sauv,750,6,53.25,8.88,13.99,MAR 2026,6,1
185-956-3,Tyrrells O/W Pinot Noir,750,6,53.25,8.88,13.99,MAR 2026,6,1
186-632-3,Tyrrells O/W Shiraz,750,6,53.25,8.88,13.99,MAR 2026,6,1
184-274-1,Tyrrells Steven Shiraz,750,6,176.67,29.45,44.99,MAR 2026,1,1
184-965-5,Tyrrells Vat 8 Shiraz Cab,750,6,342.11,57.02,87.99,MAR 2026,1,1
184-430-2,Tyrrells Vat 9 Shiraz 2016,750,6,360.49,60.08,92.99,MAR 2026,1,1
186-523-5,Vasse Felix Classic Dry Red,750,12,157.44,13.12,19.99,MAR 2026,12,1
186-629-8,Vasse Felix Filius Cabernet,750,12,215.28,17.94,27.99,MAR 2026,1,1
186-902-6,Vasse Felix Premium Cabernet,750,6,215.08,35.85,54.99,MAR 2026,1,1
186-452-0,Vasse Feliz Filius Cab Merlot,750,12,215.28,17.94,27.99,MAR 2026,1,1
186-247-0,Vivo Cab Sauv On-Prem,750,12,62.10,5.18,7.99,MAR 2026,12,1
186-245-2,Vivo Shiraz On-Prem,750,12,62.10,5.18,7.99,MAR 2026,12,1
184-201-9,Warburn Estate Cabernet Merlot,750,6,43.00,7.17,10.99,MAR 2026,6,1
184-118-1,Warburn Estate Cabernet Sauv,750,6,43.00,7.17,10.99,MAR 2026,6,1
184-443-7,Warburn Estate Merlot,750,6,43.00,7.17,10.99,MAR 2026,6,1
184-491-8,Warburn Estate Pinot Noir,750,6,43.00,7.17,10.99,MAR 2026,6,1
184-347-4,Warburn Estate Rich Red,750,6,43.00,7.17,10.99,MAR 2026,6,1
184-578-4,Warburn Estate Shiraz,750,6,43.00,7.17,10.99,MAR 2026,6,1
184-690-7,Water Wheel Memsie Red,750,12,104.97,8.75,12.99,MAR 2026,12,1
187-059-5,Wb Black Label Csm 16,750,6,534.23,89.04,136.99,MAR 2026,1,1
187-060-2,Wb Black Label Csm 21,750,6,534.23,89.04,136.99,MAR 2026,1,1
187-058-6,Wb Platinum Lbl Cab Sauv 18,750,6,818.41,136.40,209.99,MAR 2026,1,1
187-055-9,Wb Platinum Lbl Shiraz 05,750,6,818.41,136.40,209.99,MAR 2026,1,1
187-057-7,Wb Platinum Lbl Shiraz 13,750,6,818.41,136.40,209.99,MAR 2026,1,1
187-056-8,Wb Platinum Lbl Shiraz 21,750,6,818.41,136.40,209.99,MAR 2026,1,1
186-900-8,Wee Angus Merlot,750,6,80.28,13.38,20.99,MAR 2026,6,1
186-430-7,Whistling Duck Cab Merlot,750,12,71.50,5.96,8.99,MAR 2026,12,1
186-438-9,Whistling Duck Shiraz,750,12,71.50,5.96,8.99,MAR 2026,12,1
184-842-4,Wild Folk Natural Pinot Noir,750,6,103.78,17.30,26.99,MAR 2026,3,1
184-843-3,Wild Folk Natural Shiraz,750,6,103.78,17.30,26.99,MAR 2026,3,1
184-532-9,Wild Fox Organic Cab/Sauv,750,12,140.70,11.73,17.99,MAR 2026,12,1
184-660-3,Wild Fox Organic Merlot,750,12,140.70,11.73,17.99,MAR 2026,12,1
184-533-8,Wild Fox Organic Shiraz,750,12,140.70,11.73,17.99,MAR 2026,12,1
184-298-3,Wild Oats Cab/Merlot 187ml,187,24,85.72,3.57,5.99,MAR 2026,24,1
184-836-2,Wild Oats Cabernet Merlot,750,6,76.05,12.68,19.99,MAR 2026,6,1
187-034-5,Wild Oats Merlot,750,6,76.05,12.68,19.99,MAR 2026,6,1
184-837-1,Wild Oats Shiraz,750,6,76.05,12.68,19.99,MAR 2026,6,1
184-297-4,Wild Oats Shiraz 187mL,187,24,87.66,3.65,5.99,MAR 2026,24,1
184-147-6,Wild Olive Organic Shiraz,750,6,96.12,16.02,24.99,MAR 2026,6,1
184-804-0,Wildflower Cab/Sauv,750,6,80.56,13.43,20.99,MAR 2026,6,1
184-846-0,Wildflower Shiraz,750,6,80.56,13.43,20.99,MAR 2026,6,1
186-150-5,Windy Peak Cabernet Sauvignon,750,6,63.82,10.64,15.99,MAR 2026,6,1
186-254-0,Windy Peak Pinot Noir,750,6,63.82,10.64,15.99,MAR 2026,6,1
186-368-3,Windy Peak Shiraz,187,24,72.30,3.01,4.99,MAR 2026,24,1
186-062-2,Windy Peak Shiraz,750,6,63.82,10.64,15.99,MAR 2026,6,1
184-460-5,Wine Gang Cab/Sauv,750,6,34.26,5.71,8.99,MAR 2026,6,1
184-350-8,Wine Gang Shiraz,750,6,34.26,5.71,8.99,MAR 2026,6,1
186-410-1,Winemakers Selection Cab/Sauv,750,6,44.83,7.47,11.99,MAR 2026,6,1
186-845-6,Winemakers Selection Merlot,750,6,44.83,7.47,11.99,MAR 2026,6,1
186-409-4,Winemakers Selection Shiraz,750,6,44.83,7.47,11.99,MAR 2026,6,1
186-586-9,Wirra Wirra Catapult Shiraz,750,6,104.43,17.41,26.99,MAR 2026,3,1
186-749-3,Wirra Wirra Church Block,750,6,101.85,16.98,25.99,MAR 2026,1,1
187-188-9,Wirra Wirra Farmers Grenache,750,6,104.43,17.41,26.99,MAR 2026,1,1
186-747-5,Wirra Wirra Scrubby Rise Red,750,6,75.14,12.52,18.99,MAR 2026,6,1
186-285-3,Wolf Blass Blk Lbl Cab Shz 18,750,6,534.23,89.04,136.99,MAR 2026,1,1
186-116-8,Wolf Blass Grey Lbl Cab/Shiraz,750,6,143.99,24.00,36.99,MAR 2026,3,1
186-118-6,Wolf Blass Grey Lbl Shiraz,750,6,143.99,24.00,36.99,MAR 2026,3,1
187-054-0,Wolf Blass Master Cab Shz 12,750,3,695.52,231.84,356.99,MAR 2026,1,1
186-649-4,Wolf Blass Mp Malbec,750,6,65.42,10.90,16.99,MAR 2026,6,1
186-582-3,Wolf Blass Mp Reserve Shiraz,750,6,93.80,15.63,23.99,MAR 2026,3,1
186-466-4,Wolf Blass Priv.Release Merlot,750,6,49.41,8.24,12.99,MAR 2026,6,1
186-049-0,Wolf Blass Priv.Release Shiraz,750,6,49.41,8.24,12.99,MAR 2026,6,1
186-341-5,Wolf Blass Red Lbl C/Sauv,750,6,45.01,7.50,11.99,MAR 2026,6,1
186-152-3,Wolf Blass Red Lbl Cab/Merlot,750,6,45.01,7.50,11.99,MAR 2026,6,1
186-340-6,Wolf Blass Red Lbl Shiraz,750,6,45.01,7.50,11.99,MAR 2026,6,1
186-745-7,Wolf Blass Red Lbl Shiraz/Cab,750,6,45.01,7.50,11.99,MAR 2026,6,1
186-568-1,Wolf Blass Red Lbl Shz/Grenach,750,6,45.01,7.50,11.99,MAR 2026,6,1
186-997-2,Wolf Blass Yellow Label P/Noir,750,6,53.54,8.92,13.99,MAR 2026,6,1
186-658-2,Wolf Blass Yellow Lbl Cab Sauv,750,6,53.54,8.92,13.99,MAR 2026,6,1
186-968-7,Wolf Blass Yellow Lbl Merlot,750,6,53.54,8.92,13.99,MAR 2026,6,1
186-542-2,Wolf Blass Yellow Lbl Shiraz,750,6,53.54,8.92,13.99,MAR 2026,6,1
186-840-1,Wolf Blass Zero Shiraz,750,6,45.74,7.62,11.99,MAR 2026,6,1
186-778-7,Wyndham Bin 444 Cabernet,750,6,55.64,9.27,13.99,MAR 2026,6,1
186-986-5,Wyndham Bin 555 Shiraz,750,6,55.64,9.27,13.99,MAR 2026,6,1
186-695-7,Wyndham Bin 888 Cab/Merlot,750,6,55.64,9.27,13.99,MAR 2026,6,1
186-996-3,Wyndham Bin 999 Merlot,750,6,55.64,9.27,13.99,MAR 2026,6,1
186-832-1,Wynns Black Label Cab Sauv 19,750,6,158.52,26.42,40.99,MAR 2026,3,1
187-051-3,Wynns Black Label Cab Sauv 21,750,6,158.52,26.42,40.99,MAR 2026,1,1
187-201-2,Wynns Black Label Cab Sauv 22,750,6,158.52,26.42,40.99,MAR 2026,1,1
186-827-8,Wynns Black Label Shiraz 2019,750,6,158.52,26.42,40.99,MAR 2026,1,1
187-202-1,Wynns Black Label Shiraz 2022,750,6,158.52,26.42,40.99,MAR 2026,1,1
185-422-9,Wynns C/Warra Cab/Shir/Merlot,750,6,75.76,12.63,18.99,MAR 2026,3,1
186-544-0,Wynns C/Warra Shiraz,750,6,75.76,12.63,18.99,MAR 2026,3,1
186-965-0,Wynns C/Warra Siding Cab/Sauv,750,6,75.76,12.63,18.99,MAR 2026,3,1
187-047-0,Wynns Glengyle Cab Sauv 21,750,6,315.70,52.62,80.99,MAR 2026,1,1
186-601-0,Wynns J/Riddoch Cab Sauv 2019,750,6,586.36,97.73,150.99,MAR 2026,1,1
187-260-0,Wynns J/Riddoch Cab Sauv 2021,750,6,646.14,107.69,165.99,MAR 2026,1,1
187-261-9,Wynns J/Riddoch Cab Sauv 21 Gb,750,6,646.14,107.69,165.99,MAR 2026,1,1
187-209-4,Wynns Messenger Cab/Sauv 2021,750,6,315.70,52.62,80.99,MAR 2026,1,1
186-328-2,Wynns Michael Cwa Shiraz 2013,750,6,586.36,97.73,150.99,MAR 2026,3,1
186-481-5,Wynns Michael Shiraz 2015,750,6,586.36,97.73,150.99,MAR 2026,3,1
187-052-2,Wynns Michael Shiraz 2019,750,6,586.36,97.73,150.99,MAR 2026,1,1
187-206-7,Wynns Michael Shiraz 2021,750,6,586.36,97.73,150.99,MAR 2026,1,1
186-928-6,Wynns V&A Cab Sauv Shiraz 19,750,6,250.04,41.67,63.99,MAR 2026,3,1
187-049-8,Wynns V&A Cab Sauv Shiraz 21,750,6,250.04,41.67,63.99,MAR 2026,1,1
187-048-9,Wynns V&A Lane Shiraz 21,750,6,250.04,41.67,63.99,MAR 2026,1,1
187-265-5,Wynns V&A Lane Shiraz 22,750,6,250.04,41.67,63.99,MAR 2026,1,1
186-091-7,Y Series Cab Sauv,750,12,120.27,10.02,14.99,MAR 2026,12,1
185-142-8,Y Series Merlot,750,12,120.27,10.02,14.99,MAR 2026,1,1
186-907-1,Y Series Pinot Noir,750,12,120.27,10.02,14.99,MAR 2026,1,1
185-140-0,Y Series Shiraz,750,12,120.27,10.02,14.99,MAR 2026,1,1
185-187-4,Y Series Shiraz Viogni,750,12,120.27,10.02,14.99,MAR 2026,1,1
185-280-0,Y Series Tempranillo,750,12,120.27,10.02,14.99,MAR 2026,1,1
185-929-7,Yalumba Galway Trad Shiraz,750,6,71.53,11.92,17.99,MAR 2026,1,1
185-017-0,Yalumba Gen Shiraz,750,6,73.72,12.29,18.99,MAR 2026,1,1
185-728-0,Yalumba Octavius Shiraz,750,6,673.32,112.22,172.99,MAR 2026,3,1
185-779-8,Yalumba Sams Grenache,750,6,99.27,16.55,24.99,MAR 2026,1,1
185-758-3,Yalumba Sams Shiraz,750,6,99.27,16.55,24.99,MAR 2026,1,1
185-759-2,Yalumba Sams Shiraz Cab,750,6,99.27,16.55,24.99,MAR 2026,1,1
185-303-3,Yellow Tail Big Bold Red N/V,750,12,81.75,6.81,9.99,MAR 2026,12,1
185-088-4,Yellow Tail Cab/Sauv 187ml,187,24,65.73,2.74,3.99,MAR 2026,24,1
185-456-8,Yellow Tail Cabernet Merlot,750,12,81.75,6.81,9.99,MAR 2026,12,1
185-746-8,Yellow Tail Cabernet Sauvignon,750,12,81.75,6.81,9.99,MAR 2026,1,1
187-042-5,Yellow Tail Jammy Red Roo,750,12,81.75,6.81,9.99,MAR 2026,12,1
185-745-9,Yellow Tail Merlot,750,12,81.75,6.81,9.99,MAR 2026,12,1
185-128-6,Yellow Tail Merlot 187ml,187,24,65.73,2.74,3.99,MAR 2026,24,1
184-687-2,Yellow Tail Pinot Noir,750,12,81.75,6.81,9.99,MAR 2026,12,1
185-089-3,Yellow Tail Sangria N/V,750,12,81.75,6.81,9.99,MAR 2026,12,1
185-565-6,Yellow Tail Shiraz,750,12,81.75,6.81,9.99,MAR 2026,12,1
185-127-7,Yellow Tail Shiraz 187ml,187,24,65.73,2.74,3.99,MAR 2026,24,1
184-492-7,Young Poets Cab/Sauv,750,12,102.49,8.54,12.99,MAR 2026,12,1
184-493-6,Young Poets Shiraz,750,12,102.49,8.54,12.99,MAR 2026,12,1
184-832-6,Ziegler Fire Clay Grenache,750,6,91.53,15.26,22.99,MAR 2026,3,1
184-829-1,Ziegler Hack Barrow Gsm,750,6,91.53,15.26,22.99,MAR 2026,3,1
184-830-8,Ziegler The Backyard Shiraz,750,6,91.53,15.26,22.99,MAR 2026,3,1
184-615-9,Zilzie Btw Cabernet Merlot,750,12,101.85,8.49,12.99,MAR 2026,12,1
184-855-8,Zilzie Btw Pinot Noir,750,12,101.85,8.49,12.99,MAR 2026,12,1
184-616-8,Zilzie Btw Shiraz,750,12,101.85,8.49,12.99,MAR 2026,12,1
185-738-8,Zilzie Reg Coll Cab/Sauv,750,6,77.34,12.89,19.99,MAR 2026,6,1
184-961-9,Zilzie Reg Coll Shiraz,750,6,77.34,12.89,19.99,MAR 2026,6,1
184-697-0,Zilzie Selection 23 Cab/Merlot,750,12,101.85,8.49,12.99,MAR 2026,12,1
184-256-3,Zilzie Selection 23 Pinot Noir,750,12,101.85,8.49,12.99,MAR 2026,12,1
184-691-6,Zilzie Selection 23 Shiraz,750,12,101.85,8.49,12.99,MAR 2026,12,1
184-815-7,Zonte's Canto Sangio Lagrein,750,12,198.60,16.55,24.99,MAR 2026,1,1
184-773-7,Zonte's Lake Doctor Shiraz,750,12,205.05,17.09,25.99,MAR 2026,1,1
184-814-8,Zonte's Rosso Cova Monte,750,12,205.05,17.09,25.99,MAR 2026,1,1
190-128-6,19 Crimes Snoop Dogg Cali Red,750,6,65.83,10.97,16.99,MAR 2026,1,1
190-062-4,Alamos Malbec,750,12,190.86,15.91,23.99,MAR 2026,12,1
190-220-3,Antares Cabernet Sauvignon,750,12,92.82,7.74,11.99,MAR 2026,12,1
190-221-2,Antares Carmenere,750,12,92.82,7.74,11.99,MAR 2026,12,1
190-222-1,Antares Merlot,750,12,92.82,7.74,11.99,MAR 2026,12,1
190-224-9,Antares Shiraz,750,12,92.82,7.74,11.99,MAR 2026,12,1
190-095-5,Babydoll Pinot Noir,750,6,121.20,20.20,30.99,MAR 2026,6,1
190-123-1,Barking Hedge Pinot Noir,750,12,147.00,12.25,18.99,MAR 2026,12,1
190-117-9,Bernard Schurr Cdr Villages,750,6,121.84,20.31,30.99,MAR 2026,1,1
190-205-2,Bindi Sergardi Achille Igt,750,6,110.02,18.34,27.99,MAR 2026,6,1
190-203-4,Bindi Sergardi Lb Chianti,750,6,118.87,19.81,30.99,MAR 2026,6,1
190-177-6,Black Grape Society Pinot Noir,750,6,122.38,20.40,30.99,MAR 2026,6,1
190-217-8,Bonpas Cotes Du Rhone Reserve,750,12,134.10,11.18,16.99,MAR 2026,12,1
190-110-6,Cala Rey Tempranillo Syrah,750,6,54.67,9.11,13.99,MAR 2026,6,1
190-233-8,Camul Cabernet Sauvignon,750,6,147.00,24.50,37.99,MAR 2026,6,1
190-103-5,Capel Vale Debut Malbec,750,6,82.75,13.79,20.99,MAR 2026,6,1
190-173-0,Catalina Sounds Pinot Noir,750,6,144.63,24.11,36.99,MAR 2026,1,1
190-234-7,Chateau Le Breton,750,6,82.50,13.75,20.99,MAR 2026,6,1
190-051-7,Church Rd Merl/Malb/Cab Sauv,750,6,102.35,17.06,25.99,MAR 2026,1,1
190-184-7,Craggy Range Pinot Noir,750,12,306.34,25.53,38.99,MAR 2026,1,1
190-208-9,Cuvee Dissenay Pinot Noir,750,6,93.59,15.60,23.99,MAR 2026,6,1
190-057-1,Dalrymple Pinot Noir,750,6,179.25,29.88,45.99,MAR 2026,3,1
190-144-6,Devocion Argentina Org Malbec,750,12,164.38,13.70,20.99,MAR 2026,12,1
190-185-6,Dog Point Pinot Noir,750,6,242.09,40.35,61.99,MAR 2026,1,1
190-501-3,Donelli Lambrusco Red,750,6,55.38,9.23,13.99,MAR 2026,6,1
190-183-8,El Cuidador Garnacha,750,6,92.82,15.47,23.99,MAR 2026,6,1
190-182-9,El Cuidador Tempranillo,750,6,92.82,15.47,23.99,MAR 2026,6,1
190-105-3,El Paso Tempranillo Shiraz,750,6,73.47,12.25,18.99,MAR 2026,6,1
190-168-7,Elefante Primero Tempranillo,750,12,120.55,10.05,14.99,MAR 2026,1,1
190-152-5,Elefante Temp Shiraz,750,12,120.55,10.05,14.99,MAR 2026,1,1
190-156-1,Emiliana Natura Pinot Noir,750,12,183.12,15.26,23.99,MAR 2026,3,1
190-210-5,Faustino Ru Crianza Temp Gren,750,12,185.70,15.48,23.99,MAR 2026,12,1
190-212-3,Faustino Ru Gran Res Temp Gren,750,6,185.70,30.95,47.99,MAR 2026,6,1
190-209-8,Faustino Ru Joven Temp Grenach,750,12,134.10,11.18,16.99,MAR 2026,12,1
190-211-4,Faustino Ru Reserva Temp Gren,750,6,127.65,21.28,32.99,MAR 2026,6,1
190-007-2,Fickle Mistress Marl P/Noir,750,6,96.27,16.05,24.99,MAR 2026,6,1
190-219-6,Finca El Origen Reserve Malbec,750,12,152.28,12.69,19.99,MAR 2026,12,1
190-218-7,Finca El Origen Variet. Malbec,750,12,114.49,9.54,14.99,MAR 2026,12,1
190-191-8,Fringe Societe Gamay,750,6,88.30,14.72,16.99,MAR 2026,6,1
190-192-7,Fringe Societe Pinot Noir,750,6,88.30,14.72,16.99,MAR 2026,6,1
190-187-4,G.Duboeuf Chirou Beaujolais,750,12,256.65,21.39,32.99,MAR 2026,1,1
190-015-2,Giesen Estate Merlot 375ml,375,12,97.46,8.12,12.99,MAR 2026,12,1
190-169-6,Gordon Ramsay Rosso,750,6,84.43,14.07,21.99,MAR 2026,6,1
190-237-4,Grant Burge 8yo Shadrach,750,3,417.38,139.13,,MAR 2026,1,1
190-240-9,Il Villaggio Nero D' Avola,750,6,87.01,14.50,21.99,MAR 2026,6,1
190-896-6,Kim Crawford Marl Pinot Noir,750,6,85.59,14.27,21.99,MAR 2026,3,1
190-178-5,Kir Yianni Xinomavro,750,6,118.64,19.77,22.99,MAR 2026,1,1
190-214-1,Kopu Marlborough Pinot Noir,750,12,166.35,13.86,20.99,MAR 2026,12,1
190-087-5,La Belle Angele Pinot Noir,750,6,51.23,8.54,12.99,MAR 2026,1,1
190-186-5,La Crema Monterey Pinot Noir,750,12,391.36,32.61,49.99,MAR 2026,1,1
190-180-1,La Noblesse Cabernet Franc,750,6,86.37,14.40,21.99,MAR 2026,6,1
190-181-0,La Noblesse Gamay,750,6,86.37,14.40,21.99,MAR 2026,6,1
190-239-2,Lake Road Marl Pinot Noir,750,12,157.64,13.14,19.99,MAR 2026,12,1
190-119-7,Les Courtilles Cotes Du Rhone,750,12,179.25,14.94,22.99,MAR 2026,12,1
190-098-2,Les Peyrautins Chardonnay,750,12,171.97,14.33,21.99,MAR 2026,12,1
190-099-1,Les Peyrautins Grn/Syrah,750,12,171.97,14.33,21.99,MAR 2026,12,1
190-124-0,Les Peyrautins Merlot,750,12,171.97,14.33,21.99,MAR 2026,12,1
190-097-3,Les Peyrautins Pinot Noir,750,12,171.97,14.33,21.99,MAR 2026,12,1
190-080-2,Luigi Cavalli Red/Lambrusco,750,6,38.39,6.40,9.99,MAR 2026,6,1
190-193-6,M. De Pennautier Pinot Noir,750,12,172.14,14.35,21.99,MAR 2026,12,1
190-155-2,Maretti Barolo,750,6,245.68,40.95,,MAR 2026,1,1
190-122-2,Maretti Chianti,750,6,112.17,18.70,28.99,MAR 2026,1,1
190-118-8,Maretti Langhe Rosso,750,6,112.17,18.70,28.99,MAR 2026,1,1
190-164-1,Maretti Nebbiolo,750,6,125.07,20.85,31.99,MAR 2026,1,1
190-154-3,Marques De Tezona Tempranillo,750,12,118.62,9.89,,MAR 2026,12,1
190-207-0,McArthur Rdge B/Knocker P/Noir,750,6,132.78,22.13,33.99,MAR 2026,6,1
190-206-1,McArthur Ridge Sthn Tor P/Noir,750,6,203.57,33.93,51.99,MAR 2026,6,1
190-162-3,Mendel Wines Lunta Malbec,750,12,290.19,24.18,36.99,MAR 2026,3,1
190-081-1,Mt Riley Pinot Noir,750,6,96.12,16.02,24.99,MAR 2026,6,1
190-145-5,Mud House Claim 431 Pinot Noir,750,6,141.38,23.56,35.99,MAR 2026,6,1
190-014-3,Mud House Pinot Noir,750,6,116.56,19.43,29.99,MAR 2026,3,1
190-093-7,Mud House Sub Pinot Noir,750,6,105.02,17.50,26.99,MAR 2026,3,1
190-172-1,Nanny Goat Pinot Noir,750,6,179.89,29.98,45.99,MAR 2026,1,1
190-042-9,Oyster Bay Merlot,750,6,85.66,14.28,21.99,MAR 2026,6,1
190-041-0,Oyster Bay Pinot Noir,750,6,97.63,16.27,24.99,MAR 2026,6,1
190-107-1,Paladino Montepulciano,750,12,131.52,10.96,16.99,MAR 2026,12,1
190-202-5,Penfolds Bin 149 Us Cab Gb V21,750,6,1125.02,187.50,288.99,MAR 2026,1,1
190-200-7,Penfolds Bin 585 French Gb V21,750,6,416.67,69.45,106.99,MAR 2026,1,1
190-197-2,Penfolds Bin 585 French V21,750,6,416.67,69.45,106.99,MAR 2026,1,1
190-198-1,Penfolds Bin 600 Us Cab Shz 21,750,6,372.17,62.03,95.99,MAR 2026,1,1
190-165-0,Penfolds Bin 600 Us Cab/Shz 20,750,6,372.17,62.03,95.99,MAR 2026,6,1
190-199-0,Penfolds Bin 704 Napa Cab V21,750,6,514.43,85.74,131.99,MAR 2026,1,1
190-166-9,Penfolds Bin 704 Us Cab 2020,750,6,514.43,85.74,131.99,MAR 2026,6,1
190-167-8,Penfolds Bin 704 Us Cab Gb 20,750,6,514.43,85.74,131.99,MAR 2026,6,1
190-201-6,Penfolds Bin 98 Quantum Us Gb,750,3,2358.43,786.14,1210.99,MAR 2026,1,1
190-196-3,Penfolds Dourthe Fr Cab Gb V22,750,3,1023.59,341.20,524.99,MAR 2026,1,1
190-163-2,Perez Cruz Limited Carmenere,750,12,314.70,26.23,39.99,MAR 2026,3,1
190-157-0,Perez Cruz Reserva Cab Sauv,750,12,212.79,17.73,26.99,MAR 2026,1,1
190-170-3,Prisoner Saldo Zinfandel,750,12,328.50,27.38,41.99,MAR 2026,1,1
190-084-8,Prosper Maufoux Pinot Noir,750,6,171.97,28.66,43.99,MAR 2026,1,1
190-579-0,Rabbit Ranch Pinot Noir,750,12,263.10,21.93,33.99,MAR 2026,12,1
190-115-1,Roaring Meg Pinot Noir,750,6,154.34,25.72,39.99,MAR 2026,1,1
190-134-8,Rob Mondavi B.Barrel Cab/Sauv,750,6,84.17,14.03,21.99,MAR 2026,6,1
190-175-8,Rob Mondavi Napa Cabernet,750,12,557.80,46.48,71.99,MAR 2026,1,1
190-136-6,Rocca Chianti Docg,750,12,131.52,10.96,16.99,MAR 2026,12,1
190-135-7,Rocca Nero D'avola Doc,750,12,131.52,10.96,16.99,MAR 2026,12,1
190-137-5,Rocca Soave Doc 750ml,750,12,131.52,10.96,16.99,MAR 2026,12,1
190-161-4,San Felipe Malbec,750,12,170.10,14.18,17.99,MAR 2026,3,1
190-231-0,Santa Carolina Est Cab Sauv,750,12,112.17,9.35,13.99,MAR 2026,12,1
190-232-9,Santa Carolina Est Carmenere,750,12,112.17,9.35,13.99,MAR 2026,12,1
190-226-7,Santa Carolina Est Merlot,750,12,112.17,9.35,13.99,MAR 2026,12,1
190-227-6,Santa Carolina Res Cab Sauv,750,12,159.90,13.33,20.99,MAR 2026,12,1
190-228-5,Santa Carolina Res Carmenere,750,12,159.90,13.33,20.99,MAR 2026,12,1
190-229-4,Santa Carolina Res Merlot,750,12,159.90,13.33,20.99,MAR 2026,12,1
190-230-1,Santa Carolina Res Pinot Noir,750,12,159.90,13.33,20.99,MAR 2026,12,1
190-159-8,Santa Rita Sec Res Carmenere,750,12,215.37,17.95,27.99,MAR 2026,3,1
190-541-5,Secret Stone Marl Pinot Noir,750,6,85.55,14.26,21.99,MAR 2026,6,1
190-225-8,Siglo Saco Tempranillo,750,6,87.78,14.63,22.99,MAR 2026,6,1
190-836-9,Squealing Pig Pinot Noir,750,6,77.94,12.99,19.99,MAR 2026,3,1
190-102-6,Squealing Pig Tempranillo,750,6,77.94,12.99,19.99,MAR 2026,6,1
190-757-4,Stoneleigh Pinot Noir,750,6,68.73,11.46,17.99,MAR 2026,6,1
190-238-3,Stoney River Marl Pinot Noir,750,6,67.53,11.26,16.99,MAR 2026,6,1
190-012-5,Ta_Ku Pinot Noir,750,6,79.22,13.20,19.99,MAR 2026,6,1
190-060-6,Terrazas Malbec,750,6,150.30,25.05,38.99,MAR 2026,1,1
190-079-5,Tio Pepe,750,6,160.35,26.73,40.99,MAR 2026,6,1
190-094-6,Toa Central Otago P/Noir,750,6,143.58,23.93,36.99,MAR 2026,3,1
190-160-5,Trumpeter Malbec Mendoza,750,12,196.02,16.34,24.99,MAR 2026,3,1
190-171-2,Two Paddocks Pinot Noir,750,12,495.30,41.28,63.99,MAR 2026,1,1
190-116-0,Valdemar Crianza Tempranillo,750,6,121.20,20.20,30.99,MAR 2026,3,1
190-216-9,Villa Teresa Merlot,750,12,145.32,12.11,18.99,MAR 2026,12,1
190-194-5,Woodbridge Calif. Cab Sauv,750,6,63.66,10.61,15.99,MAR 2026,6,1
190-195-4,Woodbridge Calif. Pinot Noir,750,6,63.66,10.61,15.99,MAR 2026,6,1
190-236-5,Zonzo Estate Pinot Noir,750,6,108.30,18.05,,MAR 2026,1,1
196-160-2,17 Trees Pinot Grigio,750,6,63.53,10.59,15.99,MAR 2026,6,1
195-518-3,19 Crimes Hard Chardonnay,750,6,63.98,10.66,15.99,MAR 2026,6,1
195-583-3,19 Crimes Sauvignon Blanc,750,6,63.98,10.66,15.99,MAR 2026,6,1
196-021-1,2 Monkeys Chardonnay,750,12,50.25,4.19,5.99,MAR 2026,12,1
196-020-2,2 Monkeys Moscato,750,12,50.25,4.19,5.99,MAR 2026,12,1
196-094-3,2 Monkeys Pink Moscato,750,12,50.25,4.19,5.99,MAR 2026,12,1
196-245-1,2 Monkeys Pinot Grigio,750,12,50.25,4.19,5.99,MAR 2026,12,1
196-244-2,2 Monkeys Sauvignon Blanc,750,12,50.25,4.19,5.99,MAR 2026,12,1
196-022-0,2 Monkeys Sem Sauv Blanc,750,12,50.25,4.19,5.99,MAR 2026,12,1
196-056-9,3 Bridges Chardonnay,750,6,106.24,17.71,26.99,MAR 2026,1,1
196-159-5,3 Bridges Reserve Semillon,750,6,107.25,17.88,27.99,MAR 2026,1,1
194-701-3,42 Degrees South Sauv Blanc,750,12,243.10,20.26,23.99,MAR 2026,1,1
195-343-4,Accomplice Chardonnay,750,12,49.54,4.13,5.99,MAR 2026,12,1
195-083-8,Accomplice Moscato N/V,750,12,49.54,4.13,5.99,MAR 2026,12,1
195-353-1,Accomplice Sem Sav Blanc,750,12,49.54,4.13,5.99,MAR 2026,12,1
195-880-3,Aces & Arrows Vermentino,750,6,118.93,19.82,30.99,MAR 2026,6,1
196-252-1,Allegiance Alumni Riesling,750,12,159.90,13.33,20.99,MAR 2026,12,1
196-255-8,Allegiance Alumni Sauv Blanc,750,12,159.90,13.33,20.99,MAR 2026,12,1
196-223-7,Allegiance Emily J Pinot Grig,750,12,159.90,13.33,,MAR 2026,12,1
196-224-6,Allegiance Matron Chardonnay,750,12,159.90,13.33,20.99,MAR 2026,12,1
196-256-7,Allegiance Sweet B Botrytis,375,12,159.90,13.33,20.99,MAR 2026,12,1
196-257-6,Allegiance T James Pinot Gris,750,12,159.90,13.33,20.99,MAR 2026,12,1
196-258-5,Allegiance Unity Tumba Chard,750,6,159.90,26.65,40.99,MAR 2026,6,1
194-940-4,Amberley Kiss&Tell Moscato,750,6,62.94,10.49,15.99,MAR 2026,6,1
194-563-0,Amberley Secret Lane S/S/B,750,6,79.85,13.31,19.99,MAR 2026,6,1
194-035-0,Amberley Secret Lane Sav Blanc,750,6,79.85,13.31,19.99,MAR 2026,6,1
194-540-8,Amberley Wa Chardonnay,750,6,66.15,11.03,16.99,MAR 2026,6,1
194-106-4,Angove F/Crest Chardonnay,750,6,96.12,16.02,24.99,MAR 2026,6,1
194-585-4,Angove F/Crest Sauvignon Blanc,750,6,96.12,16.02,24.99,MAR 2026,6,1
194-184-9,Angove Long Row Chard 187ml,187,24,56.93,2.37,3.99,MAR 2026,24,1
194-414-1,Angove Long Row Chardonnay,750,12,83.48,6.96,10.99,MAR 2026,12,1
194-411-4,Angove Long Row Moscato,750,12,83.48,6.96,10.99,MAR 2026,12,1
194-185-8,Angove Long Row Moscato 187ml,187,24,56.93,2.37,3.99,MAR 2026,24,1
194-685-3,Angove Long Row P/Grig 187ml,187,24,56.93,2.37,3.99,MAR 2026,24,1
194-409-8,Angove Long Row P/Grigio,750,12,83.48,6.96,10.99,MAR 2026,12,1
194-415-0,Angove Long Row Riesling,750,12,83.48,6.96,10.99,MAR 2026,12,1
194-413-2,Angove Long Row Sauv Blanc,750,12,83.48,6.96,10.99,MAR 2026,12,1
194-200-9,Angove Long Row Sauv Blanc,187,24,56.93,2.37,3.99,MAR 2026,24,1
195-148-1,Angove Organic Chardonnay,750,6,62.20,10.37,15.99,MAR 2026,6,1
194-387-4,Angove Organic Pinot Grigio,750,6,62.20,10.37,15.99,MAR 2026,6,1
194-060-8,Angove Organic Sauv/Blanc,750,6,62.20,10.37,15.99,MAR 2026,6,1
194-145-7,Angove Organic Sauv/Blanc 187m,187,24,77.15,3.21,4.99,MAR 2026,24,1
194-565-8,Annais Organic Chardonnay,750,6,79.98,13.33,20.99,MAR 2026,6,1
195-871-4,Annais Organic Pinot Grigio,750,6,79.98,13.33,20.99,MAR 2026,6,1
194-005-6,Annies Lane Chardonnay,750,6,77.93,12.99,19.99,MAR 2026,6,1
194-006-5,Annies Lane Riesling,750,6,77.93,12.99,19.99,MAR 2026,6,1
194-111-7,Annies Lane Sem/Sauv/Blanc,750,6,77.93,12.99,19.99,MAR 2026,6,1
194-538-2,Atkins Farm P/Sofia S/Blanc,750,6,69.44,11.57,17.99,MAR 2026,6,1
195-864-3,Atmata Organic Chardonnay,750,6,71.81,11.97,17.99,MAR 2026,6,1
195-726-1,Atmata Organic Sauv Blanc,750,6,71.81,11.97,17.99,MAR 2026,6,1
194-316-0,Audrey Wilkinson Chardonnay,750,6,100.75,16.79,25.99,MAR 2026,6,1
194-688-0,Audrey Wilkinson Pinot Grigio,750,6,97.25,16.21,,MAR 2026,6,1
194-686-2,Audrey Wilkinson Sauv Blanc,750,6,97.25,16.21,,MAR 2026,6,1
194-576-5,Audrey Wilkinson Semillon,750,6,100.75,16.79,25.99,MAR 2026,6,1
194-315-1,Audrey Wilkinson Ssb,750,6,100.75,16.79,25.99,MAR 2026,6,1
194-283-9,Banrock Stat. Chardonnay,1000,6,45.29,7.55,11.99,MAR 2026,6,1
195-349-8,Banrock Stat. Moscato 6pk,1000,6,45.29,7.55,11.99,MAR 2026,6,1
194-281-1,Banrock Stat. Sauv/Blanc,1000,6,45.29,7.55,11.99,MAR 2026,6,1
194-522-0,Bare Winemakers Chardonnay,750,12,136.03,11.34,16.99,MAR 2026,12,1
194-480-0,Barefoot Chardonnay,750,6,52.83,8.81,13.99,MAR 2026,6,1
195-591-3,Barefoot Sauvignon Blanc,750,6,52.83,8.81,13.99,MAR 2026,6,1
194-705-9,Basileus Clare Riesling,750,6,93.59,15.60,23.99,MAR 2026,6,1
195-868-9,Bb Mosc Cienna Salted Caramel,750,6,75.63,12.61,18.99,MAR 2026,6,1
194-027-0,Beach Hut Chardonnay,750,12,103.14,8.60,12.99,MAR 2026,12,1
194-028-9,Beach Hut S/S/Bl,750,12,103.14,8.60,12.99,MAR 2026,12,1
194-712-0,Bel Chardonnay,750,6,85.72,14.29,16.99,MAR 2026,6,1
194-713-9,Bel Pinot Grigio,750,6,85.72,14.29,16.99,MAR 2026,6,1
196-230-8,Belena Moscato,750,6,87.19,14.53,21.99,MAR 2026,6,1
196-274-5,Belena Nz Sauvignon Blanc,750,6,87.19,14.53,21.99,MAR 2026,6,1
196-206-8,Belena Pinot Grigio,750,6,87.19,14.53,21.99,MAR 2026,6,1
194-125-1,Beresford Classic Chardonnay,750,6,81.85,13.64,20.99,MAR 2026,6,1
194-644-3,Berton Al Fresco Aranel,750,6,76.69,12.78,19.99,MAR 2026,6,1
194-645-2,Berton Al Fresco Fiano,750,6,76.69,12.78,19.99,MAR 2026,6,1
194-643-4,Berton Al Fresco Vermentino,750,6,76.69,12.78,19.99,MAR 2026,6,1
194-681-7,Berton Botrytis Semillon 375ml,375,3,46.75,15.58,23.99,MAR 2026,3,1
194-321-3,Berton Metal Chardonnay,750,6,52.17,8.70,12.99,MAR 2026,6,1
194-560-3,Berton Metal Pinot Grigio,750,6,52.17,8.70,12.99,MAR 2026,6,1
194-399-0,Berton Metal Sauvignon Blanc,750,6,52.17,8.70,12.99,MAR 2026,6,1
194-088-6,Berton Metal Vermentino,750,6,52.17,8.70,12.99,MAR 2026,6,1
194-369-6,Berton Reserve Chardonnay,750,6,80.17,13.36,20.99,MAR 2026,6,1
197-072-7,Beside Broke Road Pinot Gris,750,6,72.50,12.08,18.99,MAR 2026,6,1
194-741-5,Big Aussie Great White Chard,1000,6,46.90,7.82,11.99,MAR 2026,6,1
195-626-2,Bijou Le Chic Sb 1.5l Pouch,1500,6,141.04,23.51,35.99,MAR 2026,3,1
196-162-0,Bird In Hand Pinot Gris,750,6,147.00,24.50,37.99,MAR 2026,1,1
196-161-1,Bird In Hand Sauv/Blanc,750,6,123.78,20.63,31.99,MAR 2026,1,1
198-036-0,Bleasdale Ah Chardonnay,750,6,130.23,21.71,32.99,MAR 2026,1,1
195-807-3,Bleasdale Ah Sav Blanc,750,6,94.11,15.69,23.99,MAR 2026,1,1
194-512-2,Bleeding Heart Chardonnay,750,12,113.20,9.43,14.99,MAR 2026,12,1
194-733-5,Bowrider Pinot Grigio,750,12,95.40,7.95,11.99,MAR 2026,12,1
194-734-4,Bowrider Sauvignon Blanc,750,12,95.40,7.95,11.99,MAR 2026,12,1
194-355-2,Brands Blockers Chardonnay,750,6,93.62,15.60,23.99,MAR 2026,6,1
195-795-7,Brokenwood Chardonnay,750,12,258.39,21.53,32.99,MAR 2026,3,1
195-496-9,Brokenwood Cricket Pitch White,750,6,82.93,13.82,20.99,MAR 2026,6,1
195-426-4,Brokenwood Semillon,750,12,235.36,19.61,29.99,MAR 2026,1,1
195-085-6,Brookland Verse 1 Chardonnay,750,6,62.18,10.36,15.99,MAR 2026,6,1
195-030-2,Brookland Verse 1 Sem/Sauv/Bla,750,6,62.18,10.36,15.99,MAR 2026,6,1
195-137-4,Brown Bros Crouchen Riesling,750,6,62.01,10.34,15.99,MAR 2026,6,1
195-918-9,Brown Bros Mosc/Mango Swirl Le,750,6,76.92,12.82,19.99,MAR 2026,6,1
195-140-9,Brown Bros Moscato,750,6,75.63,12.61,18.99,MAR 2026,6,1
194-531-9,Brown Bros Moscato 200ml 4pk,200,24,90.49,15.08,22.99,MAR 2026,24,4
194-740-6,Brown Bros Moscato 250ml,250,24,91.78,15.30,23.99,MAR 2026,24,4
194-765-6,Brown Bros Moscato 4pk Zero,200,24,90.35,15.06,22.99,MAR 2026,24,4
195-260-3,Brown Bros Moscato Chardonnay,750,6,75.63,12.61,18.99,MAR 2026,6,1
195-120-3,Brown Bros Moscato Gold,750,6,77.12,12.85,19.99,MAR 2026,6,1
195-509-4,Brown Bros Moscato P/Grigio,750,6,75.63,12.61,18.99,MAR 2026,6,1
195-061-4,Brown Bros Moscato Sauv Blanc,750,6,75.63,12.61,18.99,MAR 2026,6,1
195-817-1,Brown Bros Moscato Straw/Cream,750,6,75.63,12.61,18.99,MAR 2026,6,1
195-802-8,Brown Bros Moscato Zero,750,6,65.35,10.89,16.99,MAR 2026,6,1
195-722-5,Brown Bros Origins Chardonnay,750,6,75.63,12.61,18.99,MAR 2026,6,1
195-803-7,Brown Bros Origins Fiano,750,6,75.63,12.61,18.99,MAR 2026,6,1
195-723-4,Brown Bros Origins P/Grigio,750,6,75.63,12.61,18.99,MAR 2026,6,1
195-719-0,Brown Bros Origins Sauv Blanc,750,6,75.63,12.61,18.99,MAR 2026,6,1
195-600-2,Brown Bros Winemakers Fiano,750,6,96.69,16.12,24.99,MAR 2026,6,1
197-587-5,Bunnamagoo Chardonnay,750,12,218.28,18.19,27.99,MAR 2026,1,1
197-083-4,Bunnamagoo Paspaley Res Chard,750,6,201.45,33.58,51.99,MAR 2026,1,1
197-079-0,Bunnamagoo Pinot Gris,750,12,218.28,18.19,27.99,MAR 2026,1,1
197-081-6,Bunnamagoo Riesling,750,12,218.28,18.19,27.99,MAR 2026,1,1
197-057-6,Bunnamagoo Sauv Blanc Sem,750,12,218.28,18.19,27.99,MAR 2026,1,1
197-080-7,Bunnamagoo Semillon,750,12,218.28,18.19,27.99,MAR 2026,1,1
196-117-6,Calabria Bros Riesling,750,6,76.76,12.79,19.99,MAR 2026,6,1
194-490-8,Catalina Sounds Sauv Blanc,750,12,224.40,18.70,28.99,MAR 2026,1,1
197-105-8,Caution To The Wind Pinot Gris,750,6,77.85,12.98,19.99,MAR 2026,3,1
198-078-9,Chaffey Bros Nyg Riesling,750,6,97.98,16.33,24.99,MAR 2026,6,1
194-270-4,Chain Of Fire Chardonnay,750,12,108.30,9.03,13.99,MAR 2026,12,1
194-535-5,Chain Of Fire Sauv Blanc Sem,750,12,108.30,9.03,13.99,MAR 2026,12,1
194-165-2,Chalk Hill Moscato On Premise,750,12,72.10,6.01,8.99,MAR 2026,12,1
194-623-8,Chalk Hill Ssb On Premise,750,12,72.10,6.01,8.99,MAR 2026,12,1
194-747-9,Cleanskin Chardonnay,750,12,44.51,3.71,5.99,MAR 2026,12,1
194-479-3,Cleanskin Sem/Sauv/Blanc,750,12,44.51,3.71,5.99,MAR 2026,12,1
195-510-1,Cloudy Bay Chardonnay,750,6,260.26,43.38,66.99,MAR 2026,1,1
195-258-7,Cloudy Bay Sauv/Blanc,750,6,233.57,38.93,59.99,MAR 2026,1,1
195-823-3,Cloudy Bay Sauv/Blanc R,750,6,217.82,36.30,55.99,MAR 2026,1,1
195-375-5,Cloudy Bay Te Koko Sauv Blanc,750,6,396.74,66.12,101.99,MAR 2026,1,1
194-534-6,Cockfighter's Ghost Sv P/Gris,750,6,100.75,16.79,25.99,MAR 2026,6,1
194-575-6,Cockfighter's Ghost Sv S/Blanc,750,6,100.75,16.79,25.99,MAR 2026,6,1
195-806-4,Coldstream Hills S/Blanc,750,6,140.43,23.41,35.99,MAR 2026,3,1
197-103-0,Coldstream Reserve Chard 2020,750,6,290.87,48.48,74.99,MAR 2026,3,1
197-102-1,Coldstream Yarra Valley Chard,750,6,148.54,24.76,37.99,MAR 2026,3,1
194-166-1,Cookoothama Chardonnay,750,12,128.69,10.72,16.99,MAR 2026,1,1
194-156-3,Cookoothama K/V Sem/Sauv/Bl,750,12,128.69,10.72,16.99,MAR 2026,1,1
194-588-1,Corryton Burge Kith Pinot Gris,750,6,104.43,17.41,26.99,MAR 2026,3,1
194-589-0,Corryton Burge Kith Riesling,750,6,104.43,17.41,26.99,MAR 2026,3,1
194-631-8,Cow Punk Natural Chardonnay,750,6,112.17,18.70,28.99,MAR 2026,3,1
194-629-2,Cow Punk Natural Pinot Gris,750,6,112.17,18.70,28.99,MAR 2026,3,1
194-735-3,Cox Family Hunter Chard 2022,750,12,172.80,14.40,21.99,MAR 2026,12,1
196-261-0,Cox Family Pinot Grigio 2023,750,12,172.80,14.40,21.99,MAR 2026,12,1
196-260-1,Cox Family Pinot Gris 2022,750,12,172.80,14.40,21.99,MAR 2026,12,1
196-259-4,Cox Family Tumba Chard 2023,750,12,172.80,14.40,21.99,MAR 2026,12,1
196-196-0,D Reserve Chardonnay,750,6,63.15,10.53,15.99,MAR 2026,6,1
195-831-3,D'arenberg Olive Grove Chard,750,12,166.35,13.86,20.99,MAR 2026,12,1
195-735-0,Dalwood Chardonnay,750,12,224.40,18.70,21.99,MAR 2026,1,1
195-929-6,Dalwood Hunter River Chard,750,12,159.90,13.33,20.99,MAR 2026,12,1
195-930-3,Dalwood Hunter River Ssb,750,12,159.90,13.33,20.99,MAR 2026,12,1
195-734-1,Dalwood Semillon,750,12,192.15,16.01,18.99,MAR 2026,1,1
195-717-2,De Bortoli Blue P/Gris,750,6,72.69,12.12,18.99,MAR 2026,6,1
194-546-2,De Bortoli Deen Vat 2 Sau/Blan,750,6,55.60,9.27,13.99,MAR 2026,6,1
194-011-8,De Bortoli Deen Vat 6 Verdelho,750,6,55.60,9.27,13.99,MAR 2026,6,1
194-483-7,De Bortoli Deen Vat 7 Chard,750,6,55.60,9.27,13.99,MAR 2026,6,1
195-237-3,De Bortoli Estate Chardonnay,750,6,99.78,16.63,25.99,MAR 2026,3,1
195-893-8,De Bortoli Estate Pinot Gris,750,6,99.78,16.63,25.99,MAR 2026,3,1
195-933-0,De Bortoli One Line Fiano,750,6,78.52,13.09,19.99,MAR 2026,6,1
195-932-1,De Bortoli One Line P/Grigio,750,6,78.52,13.09,19.99,MAR 2026,6,1
195-775-1,De Bortoli Organic Chardonnay,750,6,67.20,11.20,16.99,MAR 2026,6,1
194-473-9,Deakin Estate Chardonnay,750,12,90.24,7.52,11.99,MAR 2026,12,1
194-474-8,Deakin Estate Sauv Blanc,750,12,90.24,7.52,11.99,MAR 2026,12,1
194-475-7,Deakin Estate Shiraz,750,12,90.24,7.52,11.99,MAR 2026,12,1
196-266-5,Dee Vine Estate Chardonnay,750,12,57.99,4.83,6.99,MAR 2026,12,1
196-268-3,Dee Vine Estate Moscato,750,12,57.99,4.83,6.99,MAR 2026,12,1
196-026-6,Dee Vine Estate Pinot Grigio,750,12,57.99,4.83,6.99,MAR 2026,12,1
196-024-8,Dee Vine Estate Sauv Blanc,750,12,57.99,4.83,6.99,MAR 2026,12,1
196-103-2,Deep Woods Mr Ssb,750,6,69.53,11.59,17.99,MAR 2026,6,1
194-537-3,Dev. Lair Cheeky Devil S/Blanc,750,6,72.52,12.09,18.99,MAR 2026,6,1
195-284-5,Devils Corner Chardonnay,750,6,107.26,17.88,27.99,MAR 2026,6,1
195-285-4,Devils Corner Pinot Grigio,750,6,107.26,17.88,27.99,MAR 2026,6,1
195-492-3,Devils Corner Resolution Chard,750,6,147.51,24.59,37.99,MAR 2026,6,1
195-283-6,Devils Corner Riesling,750,6,107.26,17.88,27.99,MAR 2026,6,1
195-282-7,Devils Corner Sauv/Blanc,750,6,107.26,17.88,27.99,MAR 2026,6,1
194-308-0,Devils Lair Fifth Leg Chard,750,6,57.21,9.54,14.99,MAR 2026,6,1
194-037-8,Devils Lair Fifth Leg White,750,6,57.21,9.54,14.99,MAR 2026,6,1
194-361-4,Devils Lair Hid.Cave Mr Chard,750,6,89.71,14.95,22.99,MAR 2026,6,1
196-272-7,Devils Lair Hid.Cave Mr Ssb,750,6,89.71,14.95,22.99,MAR 2026,6,1
194-419-6,Devils Lair Honeybomb Chard,750,6,79.15,13.19,19.99,MAR 2026,6,1
194-310-6,Devils Lair M/R Chardonnay,750,6,187.00,31.17,47.99,MAR 2026,3,1
194-704-0,Dowie Doole Chenin Blanc,750,12,220.11,18.34,27.99,MAR 2026,12,1
196-073-8,Down The Lane P/Grig Arneis,750,6,50.41,8.40,12.99,MAR 2026,6,1
196-823-1,Drift Sauv Blanc,750,12,142.61,11.88,17.99,MAR 2026,12,1
194-764-7,Drop Of Sunshine Pinot Grigio,750,6,68.25,11.38,17.99,MAR 2026,6,1
194-706-8,Eagles Rest Maluna Semillon,750,6,147.00,24.50,37.99,MAR 2026,6,1
195-100-7,Eddystone Point Pinot Gris,750,6,111.46,18.58,28.99,MAR 2026,1,1
195-099-0,Eddystone Point Sauv Blanc,750,6,111.46,18.58,28.99,MAR 2026,1,1
195-934-9,Eileen Hardy Chardonnay,750,6,538.64,89.77,137.99,MAR 2026,6,1
194-682-6,Elephant In Room Buttery Chard,750,6,65.08,10.85,16.99,MAR 2026,6,1
194-485-5,Elephant In The Room Chard,750,6,65.08,10.85,16.99,MAR 2026,6,1
194-726-4,Elephant In The Room Chard Bag,1500,6,112.17,18.70,28.99,MAR 2026,6,1
194-574-7,Elephant In The Room Fiano,750,6,65.08,10.85,16.99,MAR 2026,6,1
194-491-7,Elephant In The Room P/Gris,750,6,65.08,10.85,16.99,MAR 2026,6,1
195-924-1,Elysian Springs H/Block Chard,750,6,99.27,16.55,24.99,MAR 2026,6,1
195-926-9,Elysian Springs P/H Sauv Blanc,750,6,88.95,14.83,22.99,MAR 2026,6,1
195-925-0,Elysian Springs Wlk Clds Pgris,750,6,88.95,14.83,22.99,MAR 2026,6,1
195-425-5,Evans & Tate Classic S/S/Bl,750,6,60.57,10.10,15.99,MAR 2026,6,1
194-055-5,Evans & Tate Classic Sav/Blanc,750,6,60.57,10.10,15.99,MAR 2026,6,1
194-601-4,Evans & Tate Wild Cape Chard,750,6,79.92,13.32,20.99,MAR 2026,3,1
194-602-3,Evans & Tate Wild Cape Sav/Blc,750,6,79.92,13.32,20.99,MAR 2026,3,1
194-481-9,Farm Hand Organic Chardonnay,750,6,61.21,10.20,15.99,MAR 2026,6,1
194-492-6,Farm Hand Organic Ssb,750,6,61.21,10.20,15.99,MAR 2026,6,1
194-559-6,Farm Hand Pinot Grigio,750,6,61.21,10.20,15.99,MAR 2026,6,1
194-472-0,Fat Bastard Chardonnay,750,12,138.61,11.55,17.99,MAR 2026,12,1
194-610-3,First Creek Bot Sem Sauv Blanc,750,12,123.78,10.32,15.99,MAR 2026,12,1
194-611-2,First Creek Botanica Chard,750,12,123.78,10.32,15.99,MAR 2026,12,1
194-647-0,First Creek Botanica P.Grigio,750,12,123.78,10.32,15.99,MAR 2026,12,1
194-609-6,First Creek Hunter Valley Char,750,12,192.15,16.01,24.99,MAR 2026,12,1
195-490-5,Fishbone Sem/Sauv/Blanc,750,6,73.00,12.17,18.99,MAR 2026,6,1
195-639-7,Forester Prem Cab Sauv,750,6,157.32,26.22,39.99,MAR 2026,6,1
195-301-4,Four Sisters Sauv Blanc,750,6,63.79,10.63,15.99,MAR 2026,6,1
195-916-1,Fourny & Fils Grands Terroirs,750,6,412.35,68.73,105.99,MAR 2026,6,1
196-262-9,Fullylove Chardonnay,750,12,159.90,13.33,20.99,MAR 2026,12,1
196-263-8,Fullylove Pinot Grigio,750,12,159.90,13.33,20.99,MAR 2026,12,1
198-050-1,Ghm Aingeal Tears Moscato,750,12,64.44,5.37,7.99,MAR 2026,12,1
194-453-3,Ghm Austin Chardonnay,750,12,74.76,6.23,9.99,MAR 2026,12,1
198-051-0,Ghm Patrizio Pinot Grigio,750,12,74.76,6.23,9.99,MAR 2026,12,1
196-130-9,Ghm Sophia Sauvignon Blanc,750,12,74.76,6.23,9.99,MAR 2026,12,1
195-768-0,Giesen Estate Chardonnay,750,6,79.27,13.21,19.99,MAR 2026,6,1
195-778-8,Giesen Estate Pinot Gris,750,6,79.27,13.21,19.99,MAR 2026,6,1
195-782-2,Giesen Estate Riesling,750,6,79.27,13.21,19.99,MAR 2026,6,1
194-567-6,Giesen Estate Sauvignon Blanc,750,6,79.27,13.21,19.99,MAR 2026,6,1
194-064-4,Giesen Organic Sauv/Blanc,750,6,105.72,17.62,26.99,MAR 2026,3,1
194-824-5,Gossips Chardonnay,750,6,26.83,4.47,6.99,MAR 2026,6,1
194-826-3,Gossips Pink Moscato,750,6,26.83,4.47,6.99,MAR 2026,6,1
194-061-7,Gossips Sauv Blanc,750,6,26.83,4.47,6.99,MAR 2026,6,1
194-820-9,Gossips Sem Sauv Blanc,750,6,26.83,4.47,6.99,MAR 2026,6,1
194-009-2,Gossips Semillon Chardonnay,750,6,26.83,4.47,6.99,MAR 2026,6,1
194-632-7,Gossips Sweet Lips Moscato,750,6,26.83,4.47,6.99,MAR 2026,6,1
197-416-2,Goundrey Homestead Sauv Blanc,750,6,64.77,10.80,16.99,MAR 2026,6,1
197-661-4,Goundrey Homestead U/W Chard,750,6,64.77,10.80,16.99,MAR 2026,6,1
194-680-8,Grand Barossa Chardonnay,750,12,179.25,14.94,22.99,MAR 2026,12,1
195-184-6,Grant Burge 5th Gen Chardonnay,750,6,69.23,11.54,17.99,MAR 2026,6,1
195-377-3,Grant Burge 5th Gen Sauv Blanc,750,6,69.23,11.54,17.99,MAR 2026,6,1
195-875-0,Grant Burge B/Mark Sauv Blanc,750,12,117.98,9.83,14.99,MAR 2026,12,1
195-172-0,Grant Burge East Argyle P/Gris,750,6,95.76,15.96,24.99,MAR 2026,6,1
196-090-7,Grant Burge Gb19 Sauv Blanc,750,6,51.01,8.50,12.99,MAR 2026,6,1
196-092-5,Grant Burge Gb32 Chardonnay,750,6,51.01,8.50,12.99,MAR 2026,6,1
195-852-7,Grant Burge Pearl Chardonnay,750,6,72.98,12.16,18.99,MAR 2026,6,1
195-858-1,Grant Burge Pearl Pinot Gris,750,6,72.98,12.16,18.99,MAR 2026,6,1
195-855-4,Grant Burge Pearl Sauv Blanc,750,6,72.98,12.16,18.99,MAR 2026,6,1
195-134-7,Grant Burge Summers Chardonnay,750,6,95.76,15.96,24.99,MAR 2026,1,1
195-022-2,Grant Burge Thorn Riesling,750,6,95.76,15.96,24.99,MAR 2026,3,1
195-826-0,Greasy Fingers Chardonnay,750,6,79.44,13.24,19.99,MAR 2026,6,1
196-155-9,Gren Wizardry Gren Blanc,750,6,89.26,14.88,22.99,MAR 2026,6,1
196-279-0,Guiding Star Moscato,750,12,101.85,8.49,12.99,MAR 2026,12,1
196-209-5,H&L Pinot Grigio,750,6,70.11,11.69,17.99,MAR 2026,6,1
195-890-1,Hardys Hrb Riesling,750,6,129.39,21.57,32.99,MAR 2026,6,1
198-437-5,Hardys Vr Chardonnay,1000,6,39.23,6.54,9.99,MAR 2026,6,1
198-061-8,Hardys Vr Pinot Grigio,1000,6,39.23,6.54,9.99,MAR 2026,6,1
198-123-4,Hardys Vr Sauv Blanc,1000,6,39.23,6.54,9.99,MAR 2026,6,1
195-438-0,Hardys Vr Sem Sauv Blanc 1ltr,1000,6,39.23,6.54,9.99,MAR 2026,6,1
194-386-5,Hartog's Plate Moscato,750,6,46.30,7.72,11.99,MAR 2026,6,1
197-014-8,Hartog's Plate Sem/Sauv/Blanc,750,6,46.30,7.72,11.99,MAR 2026,6,1
198-080-5,Hay Shed Hill Morrisons Chard,750,6,98.62,16.44,18.99,MAR 2026,6,1
194-050-0,Head Over Heels Chardonnay,750,12,63.69,5.31,7.99,MAR 2026,12,1
194-051-9,Head Over Heels Pinot Grigio,750,12,63.69,5.31,7.99,MAR 2026,12,1
194-052-8,Head Over Heels Sauv Blanc,750,12,63.69,5.31,7.99,MAR 2026,12,1
194-593-4,Heart And Soul Moscato,750,12,86.37,7.20,10.99,MAR 2026,12,1
198-058-3,Heggies Cloudline Chardonnay,750,6,92.17,15.36,,MAR 2026,1,1
195-624-4,Henschke Peggys Hill Riesling,750,6,106.36,17.73,26.99,MAR 2026,3,1
194-690-6,Hillbilly Fiano,750,6,105.07,17.51,26.99,MAR 2026,6,1
195-879-6,Houghton Classic Chardonnay,750,6,55.30,9.22,13.99,MAR 2026,6,1
195-687-8,Houghton Classic Sem/Sauv/Blan,750,6,55.30,9.22,13.99,MAR 2026,6,1
195-541-4,Houghton Classic White,750,6,55.30,9.22,13.99,MAR 2026,6,1
195-550-2,Houghton Reserve Chardonnay,750,6,55.08,9.18,13.99,MAR 2026,6,1
195-575-3,Houghton Reserve Sauv/Blanc,750,6,55.08,9.18,13.99,MAR 2026,6,1
195-549-6,Houghton Wisdom Chardonnay,750,6,144.75,24.13,36.99,MAR 2026,6,1
198-060-9,Hugel Gentil,750,6,127.65,21.28,32.99,MAR 2026,1,1
195-710-9,Hungerford Cl E.Bird Moscato,750,12,211.50,17.63,26.99,MAR 2026,1,1
195-709-2,Hungerford Classic Vermentino,750,12,211.50,17.63,26.99,MAR 2026,1,1
195-805-5,Hungerford Hill P Grigio,750,12,224.40,18.70,28.99,MAR 2026,1,1
195-780-4,Hungerford Hill Pinot Gris,750,12,224.40,18.70,28.99,MAR 2026,1,1
195-711-8,Hungerford Sv Hv Chardonnay,750,6,121.20,20.20,30.99,MAR 2026,1,1
194-295-5,Impressionist Chardonnay,750,6,61.21,10.20,15.99,MAR 2026,6,1
194-371-2,Impressionist Pinot Grigio,750,6,61.21,10.20,15.99,MAR 2026,6,1
194-350-7,Impressionist Riesling,750,6,61.21,10.20,15.99,MAR 2026,6,1
194-296-4,Impressionist Sauv Blanc,750,6,61.21,10.20,15.99,MAR 2026,6,1
195-547-8,Innocent Bystander Arneis,750,6,96.74,16.12,24.99,MAR 2026,6,1
195-407-7,Innocent Bystander Chardonnay,750,6,96.74,16.12,24.99,MAR 2026,6,1
195-406-8,Innocent Bystander Pinot Gris,750,6,89.31,14.89,22.99,MAR 2026,6,1
195-919-8,Innocent Bystander W/Melon Spz,750,6,96.74,16.12,24.99,MAR 2026,6,1
194-684-4,Iron Bark Creek Sauv/Blanc,1500,6,49.36,8.23,12.99,MAR 2026,6,1
195-922-3,J/Creek Cool H'vest P/Grigio,750,6,58.63,9.77,14.99,MAR 2026,6,1
196-368-2,J/Creek Cool H'vest Sauv/Bl,750,6,58.63,9.77,14.99,MAR 2026,6,1
196-280-7,J/Creek Le Petit Gris,750,6,65.52,10.92,16.99,MAR 2026,6,1
195-063-2,J/Creek Twin Pick S/Blanc/Mos,750,6,50.83,8.47,12.99,MAR 2026,6,1
196-767-9,Jacobs Creek Chardonnay,750,12,82.30,6.86,10.99,MAR 2026,12,1
196-769-7,Jacobs Creek Chardonnay 187ml,187,24,53.46,2.23,2.99,MAR 2026,24,1
196-031-9,Jacobs Creek Classic Moscato,750,12,82.30,6.86,10.99,MAR 2026,12,1
195-895-6,Jacobs Creek Pinot Grigio 12pk,750,12,82.30,6.86,10.99,MAR 2026,12,1
196-365-5,Jacobs Creek Res Chardonnay,750,6,58.32,9.72,14.99,MAR 2026,6,1
195-478-1,Jacobs Creek Res Sauv Blanc,750,6,58.32,9.72,14.99,MAR 2026,6,1
196-765-1,Jacobs Creek Riesling,750,12,82.30,6.86,10.99,MAR 2026,12,1
196-779-5,Jacobs Creek Sauv/Blanc 187ml,187,24,53.46,2.23,2.99,MAR 2026,24,1
196-761-5,Jacobs Creek Sem/Sauv/Blanc,750,12,82.30,6.86,10.99,MAR 2026,12,1
196-785-7,Jacobs Creek Spk Moscato White,750,6,49.07,8.18,12.99,MAR 2026,6,1
195-794-8,Jacobs Crk Classis S/Blanc 12p,750,12,82.30,6.86,10.99,MAR 2026,12,1
198-084-1,Jim Barry Florita,750,6,183.95,30.66,,MAR 2026,6,1
194-353-4,Jim Barry Watervale Riesling,750,6,99.88,16.65,25.99,MAR 2026,1,1
195-574-4,Julia Hill Sauv/Blanc,750,12,134.10,11.18,16.99,MAR 2026,12,1
196-201-3,Kaesler Old Vine Semillon,750,12,282.45,23.54,35.99,MAR 2026,12,1
195-690-3,Katnook Estate Chardonnay,750,6,117.09,19.52,29.99,MAR 2026,6,1
195-688-7,Katnook Fdrs Block Chardonnay,750,6,75.79,12.63,18.99,MAR 2026,6,1
197-077-2,Katnook Fdrs Block Sauv Blanc,750,6,75.79,12.63,18.99,MAR 2026,6,1
196-264-7,Kindred Chardonnay,750,12,95.40,7.95,11.99,MAR 2026,12,1
196-216-6,Kindred Pinot Grigio,750,12,95.40,7.95,11.99,MAR 2026,12,1
196-221-9,Kindred Sauvignon Blanc,750,12,95.40,7.95,11.99,MAR 2026,12,1
195-673-4,Kings Creed Chardonnay,750,6,94.38,15.73,23.99,MAR 2026,6,1
195-672-5,Kings Creed Pinot Grigio,750,6,72.36,12.06,18.99,MAR 2026,6,1
196-141-6,Kings Of Prohibition Chard,750,6,83.33,13.89,20.99,MAR 2026,6,1
195-764-4,Knappstein Ackland Riesling,750,6,122.49,20.42,30.99,MAR 2026,3,1
195-927-8,Knappstein Clare Valley P/Gris,750,6,92.17,15.36,23.99,MAR 2026,6,1
195-766-2,Knappstein Cv Chardonnay,750,6,92.17,15.36,23.99,MAR 2026,6,1
195-400-4,Knappstein Cv Riesling,750,6,92.17,15.36,23.99,MAR 2026,6,1
195-762-6,Knappstein Enterprise Riesling,750,6,122.49,20.42,30.99,MAR 2026,3,1
195-765-3,Knappstein Insdier Riesling,750,6,122.49,20.42,30.99,MAR 2026,3,1
196-036-4,La Boheme Act 1 Riesling,750,6,91.71,15.29,23.99,MAR 2026,6,1
196-037-3,La Boheme Act 3 Pinot Gris &,750,6,91.71,15.29,23.99,MAR 2026,6,1
194-729-1,Lambrook Plant Chardonnay,750,6,118.87,19.81,30.99,MAR 2026,6,1
194-730-8,Lambrook Plant Pinot Noir,750,6,118.87,19.81,30.99,MAR 2026,6,1
194-731-7,Lambrook Seed Chardonnay,750,12,182.08,15.17,22.99,MAR 2026,12,1
194-732-6,Lambrook Seed Pinot Gris,750,12,182.08,15.17,22.99,MAR 2026,12,1
194-728-2,Lambrook Seed Sauvignon Blanc,750,12,182.08,15.17,22.99,MAR 2026,12,1
198-077-0,Langmeil Livewire Riesling,750,6,88.95,14.83,,MAR 2026,1,1
197-115-6,Leasingham Bin 7 Riesling,750,6,95.43,15.91,,MAR 2026,6,1
194-100-0,Leo Buring Cl/Val Dry Riesling,750,6,88.89,14.82,22.99,MAR 2026,6,1
194-254-4,Leo Buring Eden Dry Riesling,750,6,88.89,14.82,22.99,MAR 2026,6,1
196-204-0,Leogate Arrowfield Chardonnay,750,6,82.50,13.75,20.99,MAR 2026,1,1
196-195-1,Leogate Black Cluster Semillon,750,6,95.40,15.90,23.99,MAR 2026,6,1
196-185-3,Leogate Lions Pride Chardonnay,750,6,60.31,10.05,14.99,MAR 2026,1,1
196-186-2,Leogate Lions Pride P/Gris,750,6,60.31,10.05,14.99,MAR 2026,6,1
196-189-9,Leogate Lions Pride Shiraz,750,6,60.31,10.05,14.99,MAR 2026,1,1
196-188-0,Leogate Lions Pride Ssb,750,6,60.31,10.05,14.99,MAR 2026,1,1
196-110-3,Leonard Road Chardonnay,750,12,48.08,4.01,5.99,MAR 2026,12,1
196-109-6,Leonard Road Ssb,750,12,48.08,4.01,5.99,MAR 2026,12,1
196-233-5,Lillypilly Sauvignon Blanc,750,12,159.90,13.33,20.99,MAR 2026,12,1
195-962-4,Lind Bin 65 Chardonnay,750,6,37.36,6.23,9.99,MAR 2026,6,1
195-245-3,Lind Bin 85 Pinot Grigio,750,6,37.36,6.23,9.99,MAR 2026,6,1
195-966-0,Lind Bin 90 Moscato,750,6,37.36,6.23,9.99,MAR 2026,6,1
195-691-2,Lind Bin 95 Sauv/Blanc,750,6,37.36,6.23,9.99,MAR 2026,6,1
195-664-5,Lind Early Harvest C/D/W,750,6,58.79,9.80,14.99,MAR 2026,6,1
195-671-6,Lind Early Harvest Chard,750,6,58.79,9.80,14.99,MAR 2026,6,1
195-029-5,Lind Early Harvest P/Grigio,750,6,58.79,9.80,14.99,MAR 2026,6,1
195-996-4,Lind Early Harvest S/S/B,750,6,58.79,9.80,14.99,MAR 2026,6,1
194-482-8,Little Giant Barossa Shiraz,750,6,87.66,14.61,22.99,MAR 2026,6,1
194-727-3,Little Giant Buttery Chard,750,6,83.79,13.97,21.99,MAR 2026,6,1
194-570-1,Little Giant Chardonnay,750,6,87.66,14.61,22.99,MAR 2026,6,1
194-494-4,Little Giant Pinot Gris,750,6,87.66,14.61,22.99,MAR 2026,6,1
195-619-1,Little Ripples Chardonnay,750,6,88.95,14.83,22.99,MAR 2026,6,1
195-850-9,Little Ripples Moscato,750,6,88.95,14.83,22.99,MAR 2026,6,1
194-743-3,Little Sammy Chardonnay,750,12,78.39,6.53,7.99,MAR 2026,12,1
194-746-0,Little Sammy Pinot Gris,750,12,78.39,6.53,7.99,MAR 2026,12,1
194-744-2,Little Sammy Sauvignon Blanc,750,12,78.39,6.53,7.99,MAR 2026,12,1
194-720-0,Little Yering Chardonnay,750,6,89.40,14.90,17.99,MAR 2026,6,1
195-647-7,Lock & Key Chardonnay,750,12,170.22,14.19,21.99,MAR 2026,1,1
194-654-0,Lock & Key Sauvignon Blanc,750,12,170.22,14.19,21.99,MAR 2026,12,1
194-443-6,Lost Farm Chardonnay,750,6,175.76,29.29,44.99,MAR 2026,3,1
194-606-9,Lost Farm Tas Sauvignon Blanc,750,6,106.23,17.71,26.99,MAR 2026,3,1
195-908-1,Low Rider Chardonnay,750,12,42.51,3.54,4.99,MAR 2026,12,1
195-910-7,Low Rider Moscato,750,12,42.51,3.54,4.99,MAR 2026,12,1
195-909-0,Low Rider Sauvignon Blanc,750,12,42.51,3.54,4.99,MAR 2026,12,1
194-557-8,Maretti Pinot Grigio,750,6,112.17,18.70,28.99,MAR 2026,1,1
195-628-0,Martys Block Sauvignon Blanc,750,6,63.15,10.53,15.99,MAR 2026,6,1
194-590-7,Masterpeace Chardonnay,750,12,94.11,7.84,11.99,MAR 2026,12,1
194-591-6,Masterpeace Pinot Grigio,750,12,94.11,7.84,11.99,MAR 2026,12,1
194-592-5,Masterpeace Sauvignon Blanc,750,12,94.11,7.84,11.99,MAR 2026,12,1
195-790-2,Masterpeace Sem Sauv Blanc,750,12,94.11,7.84,11.99,MAR 2026,12,1
195-667-2,McGuigan Black Label Chard,750,6,43.23,7.21,10.99,MAR 2026,6,1
195-585-1,McGuigan Black Label Moscato,750,6,43.23,7.21,10.99,MAR 2026,6,1
195-150-6,McGuigan Black Label P/Grigio,750,6,43.23,7.21,10.99,MAR 2026,6,1
195-761-7,McGuigan Black Label Sau/Blanc,750,6,43.23,7.21,10.99,MAR 2026,6,1
195-668-1,McGuigan Black Label Verdelho,750,6,43.23,7.21,10.99,MAR 2026,6,1
195-452-1,McGuigan Single Batch Chard,750,6,52.53,8.76,12.99,MAR 2026,6,1
195-759-1,McGuigan Single Batch P/Grigio,750,6,52.53,8.76,12.99,MAR 2026,6,1
195-589-7,McGuigan Zero Chardonnay,750,6,45.52,7.59,11.99,MAR 2026,6,1
195-588-8,McGuigan Zero Sauv Blanc,750,6,45.52,7.59,11.99,MAR 2026,6,1
195-586-0,McGuigan Zero Shiraz,750,6,45.52,7.59,11.99,MAR 2026,6,1
194-719-3,McPherson Chardonnay,750,12,113.07,9.42,10.99,MAR 2026,12,1
194-718-4,McPherson Moscato,750,12,113.07,9.42,10.99,MAR 2026,12,1
194-717-5,McPherson Pinot Grigio,750,12,113.07,9.42,10.99,MAR 2026,12,1
194-716-6,McPherson Sauvignon Blanc,750,12,113.07,9.42,10.99,MAR 2026,12,1
195-409-5,McW 660 Tumbarumba Chardonnay,750,6,98.90,16.48,24.99,MAR 2026,3,1
196-121-0,McW Alternis Vermentino,750,6,102.81,17.14,25.99,MAR 2026,3,1
196-399-5,McW Fruitwood White,750,12,66.29,5.52,8.99,MAR 2026,12,1
196-360-0,McW Inheritance Chardonnay,750,12,66.29,5.52,8.99,MAR 2026,12,1
196-198-8,McW Inheritance Pinot Grigio,750,12,66.29,5.52,8.99,MAR 2026,12,1
196-461-8,McW Inheritance Sem/Sauv/Blanc,750,12,66.29,5.52,8.99,MAR 2026,12,1
196-013-1,McW Markview Chardonnay,750,12,71.16,5.93,8.99,MAR 2026,12,1
196-034-6,McW Markview Moscato,750,12,71.16,5.93,8.99,MAR 2026,12,1
196-012-2,McW Markview Sauv/Blanc,750,12,71.16,5.93,8.99,MAR 2026,12,1
195-593-1,McW Single Vineyard Chardonnay,750,6,160.14,26.69,40.99,MAR 2026,3,1
195-608-4,McWilliams 1877 Chardonnay,750,6,276.10,46.02,70.99,MAR 2026,3,1
194-721-9,Minks Autumn Wind Chardonnay,750,6,71.75,11.96,17.99,MAR 2026,6,1
194-724-6,Minks Autumn Wind Pinot Grigio,750,6,71.75,11.96,17.99,MAR 2026,6,1
196-228-2,Miracle On The Wire Pinot Gris,750,6,61.86,10.31,15.99,MAR 2026,6,1
196-190-6,Miracle On The Wire Sauv Blanc,750,6,61.86,10.31,15.99,MAR 2026,6,1
196-200-4,Mitchell Pinot Gris,750,12,205.05,17.09,25.99,MAR 2026,1,1
196-199-7,Mitchell Watervale Riesling,750,12,205.05,17.09,25.99,MAR 2026,1,1
194-467-7,Mojo Moscato,750,6,69.14,11.52,17.99,MAR 2026,6,1
194-476-6,Mojo Pinot Grigio,750,6,69.14,11.52,17.99,MAR 2026,6,1
194-477-5,Mojo Sauvignon Blanc,750,6,69.14,11.52,17.99,MAR 2026,6,1
195-525-4,Mollys Cradle Chardonnay,750,6,91.29,15.22,22.99,MAR 2026,6,1
195-468-3,Mollys Cradle Pinot Gris,750,6,91.29,15.22,22.99,MAR 2026,6,1
195-491-4,Mollys Cradle Verdelho,750,6,91.29,15.22,22.99,MAR 2026,6,1
196-589-5,Moondah Brook Verdelho,750,6,70.14,11.69,17.99,MAR 2026,6,1
195-047-3,Moonstruck Moscato,750,6,79.40,13.23,19.99,MAR 2026,6,1
195-046-4,Moonstruck Pinot Grigio,750,6,79.40,13.23,19.99,MAR 2026,6,1
195-066-9,Moonstruck Sauv Blanc,750,6,79.40,13.23,19.99,MAR 2026,6,1
195-873-2,Moppity Atrius Chardonnay,750,12,205.05,17.09,25.99,MAR 2026,3,1
195-035-7,Moppity Estate Chardonnay,750,12,263.10,21.93,33.99,MAR 2026,3,1
197-654-3,Mount Lawson Chardonnay,750,12,134.42,11.20,16.99,MAR 2026,12,1
197-541-0,Mount Lawson Sem Sauv Blanc,750,12,134.42,11.20,16.99,MAR 2026,12,1
195-731-4,Mr Mick Clare Valley P/Grigio,750,6,69.60,11.60,17.99,MAR 2026,6,1
196-219-3,Mr Thomas Chardonnay,750,12,56.57,4.71,6.99,MAR 2026,12,1
196-218-4,Mr Thomas Sauvignon Blanc,750,12,56.57,4.71,6.99,MAR 2026,12,1
194-579-2,Mt Monster Chardonnay,750,12,134.10,11.18,16.99,MAR 2026,12,1
196-236-2,Mt Pleasant Elizabeth Semillio,750,6,117.71,19.62,29.99,MAR 2026,1,1
196-029-3,Mt Pleasant Semillion,750,6,98.94,16.49,24.99,MAR 2026,6,1
196-226-4,Mud House Woolshed Sav Blanc,750,6,98.29,16.38,24.99,MAR 2026,6,1
194-749-7,Mullet Hard Chardonnay,750,6,65.73,10.96,16.99,MAR 2026,6,1
194-750-3,Mullet Hard Pinot Gris,750,6,65.73,10.96,16.99,MAR 2026,6,1
195-607-5,Naturalis Organic Chardonnay,750,6,67.04,11.17,16.99,MAR 2026,6,1
194-488-2,Naturalis Organic Pinot Grigio,750,6,67.04,11.17,16.99,MAR 2026,6,1
194-489-1,Naturalis Organic Sauv Blanc,750,6,67.04,11.17,16.99,MAR 2026,6,1
195-251-4,Nepenthe Altitude Chardonnay,750,6,82.83,13.81,20.99,MAR 2026,3,1
195-252-3,Nepenthe Altitude Pinot Gris,750,6,82.83,13.81,20.99,MAR 2026,3,1
195-466-5,Nepenthe Altitude Sauv Blanc,750,6,82.83,13.81,20.99,MAR 2026,3,1
196-095-2,Nericon Chardonnay,750,12,83.79,6.98,10.99,MAR 2026,12,1
196-044-4,Nericon Pinot Grigio,750,12,83.79,6.98,10.99,MAR 2026,12,1
196-045-3,Nericon Sauvignon Blanc,750,12,83.79,6.98,10.99,MAR 2026,12,1
194-605-0,Newblood Non Alc Chardonnay,750,6,63.05,10.51,15.99,MAR 2026,1,1
194-703-1,Nick Spencer Pinot Gris,750,12,215.11,17.93,20.99,MAR 2026,1,1
194-515-9,No Evil Organic Sauv/Blanc,750,6,75.40,12.57,18.99,MAR 2026,6,1
194-376-7,Nobody's Hero Sauv/Blanc,750,6,94.11,15.69,23.99,MAR 2026,6,1
196-422-6,Nottage Hill Chardonnay,750,6,47.23,7.87,11.99,MAR 2026,6,1
194-175-0,Nugan Est K/V Chardonnay,750,12,166.60,13.88,20.99,MAR 2026,1,1
194-164-3,Nugan Est K/V Pinot Grigio,750,12,166.60,13.88,20.99,MAR 2026,1,1
194-518-6,Nugan Est K/V Sauv/Blanc,750,12,166.60,13.88,20.99,MAR 2026,1,1
195-394-2,Oakridge Ots Pinot Grigio,750,6,114.75,19.13,28.99,MAR 2026,3,1
195-230-0,Odd Socks Sem/Sauv/Blanc,750,12,59.47,4.96,7.99,MAR 2026,1,1
195-027-7,Odd Socks Sweet As Moscato,750,12,45.70,3.81,5.99,MAR 2026,1,1
195-313-0,Odd Socks Sweet As Pink Mosc.,750,12,45.70,3.81,5.99,MAR 2026,12,1
194-584-5,One Good Turn Chardonnay,750,6,52.18,8.70,12.99,MAR 2026,6,1
194-581-8,One Good Turn Pinot Grigio,750,6,52.18,8.70,12.99,MAR 2026,6,1
194-580-9,One Good Turn Sem Sauv Blanc,750,6,52.18,8.70,12.99,MAR 2026,6,1
196-173-7,Orlando Hillary Chardonnay,750,6,126.77,21.13,32.99,MAR 2026,1,1
196-174-6,Orlando Lyndale Ah Chardonnay,750,6,184.77,30.80,46.99,MAR 2026,3,1
196-175-5,Orlando Steingarten Riesling,750,6,184.77,30.80,46.99,MAR 2026,3,1
195-318-5,Outback Jack Chardonnay,750,12,43.96,3.66,5.99,MAR 2026,12,1
195-319-4,Outback Jack Pinot Grigio,750,12,43.96,3.66,5.99,MAR 2026,12,1
195-314-9,Outback Jack Sem Sauv Blanc,750,12,43.96,3.66,5.99,MAR 2026,12,1
198-066-3,Oxford Landing Chardonnay,750,6,51.54,8.59,12.99,MAR 2026,1,1
196-184-4,Oxford Landing Pinot Grigio,750,6,51.54,8.59,12.99,MAR 2026,1,1
198-065-4,Oxford Landing Sauv Blanc,750,6,51.54,8.59,12.99,MAR 2026,1,1
196-042-6,P.Lehmann H & V Chardonnay,750,6,96.04,16.01,24.99,MAR 2026,6,1
196-041-7,P.Lehmann H & V Pinot Gris,750,6,96.04,16.01,24.99,MAR 2026,6,1
196-040-8,P.Lehmann H & V Riesling,750,6,96.04,16.01,24.99,MAR 2026,6,1
196-242-4,P.Lehmann Portrait Chardonnay,750,6,75.86,12.64,18.99,MAR 2026,6,1
196-214-8,P.Lehmann Portrait P/Grigio,750,6,75.86,12.64,18.99,MAR 2026,6,1
196-043-5,P.Lehmann Portrait Riesling,750,6,75.86,12.64,18.99,MAR 2026,6,1
196-213-9,P.Lehmann Portrait Sauv Blanc,750,6,75.86,12.64,18.99,MAR 2026,6,1
196-243-3,P.Lehmann The Bond P/Grigio,750,6,93.62,15.60,23.99,MAR 2026,6,1
196-046-2,P.Lehmann Wigan Riesling,750,6,173.31,28.89,43.99,MAR 2026,3,1
195-225-7,Patricia Chardonnay,750,6,226.78,37.80,57.99,MAR 2026,6,1
195-224-8,Patricia Noble Riesling,375,6,147.46,24.58,37.99,MAR 2026,6,1
194-683-5,Pazo Albarino,750,6,99.91,16.65,25.99,MAR 2026,6,1
198-076-1,Penfolds B311 Char 18 Hol Gbox,750,6,226.85,37.81,57.99,MAR 2026,3,1
198-031-5,Penfolds Bin 311 Chard 2018,750,6,226.85,37.81,57.99,MAR 2026,3,1
195-923-2,Penfolds Bin 311 Chard Gb 17,750,6,226.07,37.68,57.99,MAR 2026,6,1
195-911-6,Penfolds Bin 311 Chardonnay 20,750,6,226.85,37.81,57.99,MAR 2026,1,1
195-912-5,Penfolds Bin 311 Chardonnay 23,750,6,226.85,37.81,57.99,MAR 2026,1,1
195-848-4,Penfolds Bin 51 Ev Riesling 23,750,6,187.79,31.30,47.99,MAR 2026,1,1
195-914-3,Penfolds Bin 51 Riesling V24,750,6,187.01,31.17,47.99,MAR 2026,1,1
198-047-7,Penfolds Bin A Chardonnay 2018,750,6,514.84,85.81,131.99,MAR 2026,3,1
195-915-2,Penfolds Bin A Chardonnay V23,750,6,514.84,85.81,131.99,MAR 2026,1,1
195-849-3,Penfolds Cell Res Riesling,750,6,189.31,31.55,48.99,MAR 2026,1,1
195-084-7,Penfolds K/Hill Autumn Riesl,750,6,82.10,13.68,20.99,MAR 2026,6,1
195-568-2,Penfolds K/Hill Chardonnay,750,6,68.54,11.42,17.99,MAR 2026,6,1
195-278-3,Penfolds K/Hill Chardonnay,375,12,83.36,6.95,10.99,MAR 2026,12,1
198-022-6,Penfolds Max's Chardonnay,750,6,117.40,19.57,29.99,MAR 2026,1,1
195-845-7,Penfolds Yatt Chard 2018,750,6,900.51,150.09,230.99,MAR 2026,1,1
195-913-4,Penfolds Yattarna Chard V22,750,6,900.51,150.09,230.99,MAR 2026,1,1
195-758-2,Peninsula Panorama Chardonnay,750,12,194.73,16.23,24.99,MAR 2026,12,1
194-763-8,Pepper Tree Alluvius Semillon,750,12,394.68,32.89,50.99,MAR 2026,3,1
194-761-0,Pepper Tree Venus Block Chard,750,12,394.68,32.89,50.99,MAR 2026,3,1
197-096-9,Pepperjack Chard Pinot Noir,750,6,98.89,16.48,24.99,MAR 2026,3,1
197-076-3,Pepperjack Chardonnay,750,6,98.89,16.48,24.99,MAR 2026,3,1
197-113-8,Pepperjack Dish Chardonnay,750,6,65.21,10.87,,MAR 2026,6,1
197-114-7,Pepperjack Dish Sauv Blanc,750,6,65.21,10.87,,MAR 2026,6,1
197-097-8,Pepperjack Sauvignon Blanc,750,6,98.89,16.48,24.99,MAR 2026,3,1
197-109-4,Petaluma B.C.P Chardonnay,750,6,120.29,20.05,30.99,MAR 2026,3,1
197-027-3,Petaluma W/Label Chardonnay,750,6,103.96,17.33,26.99,MAR 2026,3,1
197-026-4,Petaluma W/Label Pinot Gris,750,6,103.96,17.33,26.99,MAR 2026,3,1
197-016-6,Petaluma W/Label Sauv Blanc,750,6,103.96,17.33,26.99,MAR 2026,3,1
197-383-1,Petaluma Yl Chardonnay,750,6,241.94,40.32,61.99,MAR 2026,6,1
197-384-0,Petaluma Yl Riesling,750,6,150.53,25.09,38.99,MAR 2026,6,1
194-639-0,Pete's Pure Chardonnay,750,12,109.59,9.13,13.99,MAR 2026,12,1
194-640-7,Pete's Pure Pinot Grigio,750,12,109.59,9.13,13.99,MAR 2026,12,1
194-641-6,Pete's Pure Sauvignon Blanc,750,12,109.59,9.13,13.99,MAR 2026,12,1
195-686-9,Petit Moscato,750,6,76.51,12.75,19.99,MAR 2026,6,1
198-079-8,Pewsey Vale 1961 Block Rieslin,750,6,131.68,21.95,25.99,MAR 2026,6,1
198-029-9,Pewsey Vale Riesling,750,6,98.04,16.34,24.99,MAR 2026,1,1
194-760-1,Philip Shaw C/Series Chard,750,6,108.94,18.16,27.99,MAR 2026,6,1
194-767-4,Philip Shaw C/Series P/Gris,750,6,108.94,18.16,27.99,MAR 2026,6,1
194-131-3,Philip Shaw C/Series P/Gris,750,12,212.79,17.73,26.99,MAR 2026,1,1
196-215-7,Pierre D'amour Pinot Gris,750,6,64.07,10.68,15.99,MAR 2026,6,1
196-191-5,Pierre D'amour Sauv Blanc,750,6,64.07,10.68,15.99,MAR 2026,6,1
195-417-5,Pikes Luccio Pinot Grigio,750,6,91.94,15.32,23.99,MAR 2026,6,1
194-985-0,Pikes Riesling,750,6,111.52,18.59,28.99,MAR 2026,3,1
195-418-4,Pikes Valleys End Sbs,750,6,87.66,14.61,22.99,MAR 2026,6,1
198-025-3,Pitchfork Chardonnay,750,6,74.76,12.46,18.99,MAR 2026,6,1
194-539-1,Plus & Minus Zero Alc P/Grigio,750,6,53.95,8.99,13.99,MAR 2026,6,1
194-103-7,Pocketwatch Chardonnay,750,12,134.43,11.20,16.99,MAR 2026,12,1
194-143-9,Pocketwatch Pinot Gris,750,12,134.43,11.20,16.99,MAR 2026,12,1
194-116-2,Pocketwatch Sauvignon Blanc,750,12,134.43,11.20,16.99,MAR 2026,12,1
195-660-9,Ponting Firsts Sauv Blanc,750,6,105.72,17.62,26.99,MAR 2026,6,1
196-282-5,Ponting Milestone 140 Chard,750,6,166.47,27.75,,MAR 2026,6,1
196-281-6,Ponting Top Order Chardonnay,750,6,105.72,17.62,,MAR 2026,6,1
194-536-4,Pooles Rock Chardonnay,750,6,174.37,29.06,44.99,MAR 2026,3,1
196-250-3,Purple Flame Moscato,750,6,97.98,16.33,18.99,MAR 2026,6,1
196-132-7,Purple Reign Classic Wht Blend,750,6,90.24,15.04,22.99,MAR 2026,6,1
197-051-2,Queen Adel. Chardonnay,750,12,59.02,4.92,7.99,MAR 2026,12,1
197-050-3,Queen Adel. Moscato,750,12,59.02,4.92,7.99,MAR 2026,12,1
198-028-0,Queen Adelaide Riesling,750,12,59.02,4.92,7.99,MAR 2026,12,1
198-027-1,Queen Adelaide Sauvignon Blanc,750,12,59.02,4.92,7.99,MAR 2026,12,1
195-870-5,Quilty & Gransden Chardonnay,750,6,68.31,11.39,17.99,MAR 2026,6,1
195-869-8,Quilty & Gransden Sauv Blanc,750,6,68.31,11.39,17.99,MAR 2026,6,1
196-176-4,Rare Penny Chardonnay,750,6,56.82,9.47,14.99,MAR 2026,6,1
196-208-6,Rare Penny Pinot Grigio,750,6,56.82,9.47,14.99,MAR 2026,6,1
196-207-7,Rare Penny Sauvignon Blanc,750,6,56.82,9.47,14.99,MAR 2026,6,1
194-298-2,Raw Vine Org Classic Dry White,750,12,161.19,13.43,20.99,MAR 2026,12,1
195-366-6,Raw Vine Org Pf Chardonnay,750,12,161.19,13.43,20.99,MAR 2026,12,1
196-100-5,Raw Vine Org Pf Riesling,750,12,161.19,13.43,20.99,MAR 2026,12,1
196-070-1,Raw Vine Org Pf Sauv/Blanc,750,12,161.19,13.43,20.99,MAR 2026,12,1
196-597-5,Rawsons Retreat Chardonnay,750,6,41.38,6.90,10.99,MAR 2026,6,1
196-030-0,Rawsons Retreat Sem/Sauv/Blanc,750,6,41.38,6.90,10.99,MAR 2026,6,1
195-824-2,Re-Write Chardonnay,750,6,68.99,11.50,17.99,MAR 2026,6,1
194-696-0,Red Claw Chardonnay,750,6,122.49,20.42,23.99,MAR 2026,1,1
194-697-9,Red Claw Chardonnay 375ml,375,12,136.68,11.39,12.99,MAR 2026,12,1
194-695-1,Red Claw Pinot Grigio,750,6,122.49,20.42,23.99,MAR 2026,1,1
194-648-9,Red Hill Estate Chardonnay,750,6,88.95,14.83,22.99,MAR 2026,6,1
194-649-8,Red Hill Estate Pinot Grigio,750,6,88.95,14.83,22.99,MAR 2026,6,1
195-599-5,Regional Reserve Chard On-Prem,750,12,128.24,10.69,15.99,MAR 2026,12,1
195-917-0,Regional Tumbarumba Chardonnay,750,6,92.18,15.36,23.99,MAR 2026,6,1
195-905-4,Remixt Alc Punch Cran Apple 1l,1000,6,69.76,11.63,17.99,MAR 2026,6,1
195-906-3,Remixt Alc Punch Tropical 1l,1000,6,69.76,11.63,17.99,MAR 2026,6,1
195-907-2,Remixt Alc Punch W/Melon 1l,1000,6,69.76,11.63,17.99,MAR 2026,6,1
195-348-9,Rhythm & Rhyme Chardonnay,750,12,82.21,6.85,10.99,MAR 2026,12,1
196-246-0,Richland Brut Cuvee 200ml,200,12,65.73,5.48,7.99,MAR 2026,12,1
196-934-7,Richland Chardonnay,750,12,108.10,9.01,13.99,MAR 2026,12,1
196-850-7,Richland Moscato N/V,750,12,108.10,9.01,13.99,MAR 2026,12,1
196-347-8,Richland Pinot Grigio,750,12,108.10,9.01,13.99,MAR 2026,12,1
196-240-6,Richland Pinot Grigio 187ml,187,12,50.25,4.19,5.99,MAR 2026,12,1
196-553-7,Richland Sauvignon Blanc,750,12,108.10,9.01,13.99,MAR 2026,12,1
196-239-9,Richland Sauvignon Blanc 187ml,187,12,50.25,4.19,5.99,MAR 2026,12,1
196-237-1,Riverlife Moscato,750,6,56.70,9.45,14.99,MAR 2026,6,1
196-238-0,Riverlife Pinot Grigio,750,6,56.70,9.45,14.99,MAR 2026,6,1
194-642-5,Robert Oatley Sig. Sbs,750,6,92.82,15.47,23.99,MAR 2026,3,1
194-528-4,Robert Oatley Sig.Chardonnay,750,6,92.82,15.47,23.99,MAR 2026,3,1
194-530-0,Robert Oatley Sig.Gs Riesling,750,6,92.82,15.47,23.99,MAR 2026,3,1
194-529-3,Robert Oatley Sig.Sauv/Blanc,750,6,92.82,15.47,23.99,MAR 2026,3,1
194-694-2,Rochford Estate Chardonnay,750,12,250.35,20.86,31.99,MAR 2026,12,1
194-693-3,Rochford Latitude Chardonnay,750,12,179.56,14.96,22.99,MAR 2026,12,1
197-108-5,Rolf Binder Ev Riesling,750,6,89.98,15.00,17.99,MAR 2026,6,1
195-621-7,Rolling Chardonnay,750,6,70.89,11.82,17.99,MAR 2026,6,1
195-592-2,Rolling Sauv Blanc Semillon,750,6,70.89,11.82,17.99,MAR 2026,6,1
197-353-7,Rosemount D.Blends Sem/Sauv/Bl,750,6,43.56,7.26,10.99,MAR 2026,6,1
197-371-5,Rosemount D.Blends Tram Ries,750,6,43.56,7.26,10.99,MAR 2026,6,1
197-312-7,Rosemount Diamond Chardonnay,750,6,53.95,8.99,13.99,MAR 2026,6,1
195-513-8,Rothbury Est Series Chardonnay,750,12,65.67,5.47,7.99,MAR 2026,12,1
195-514-7,Rothbury Est Series S/S/Bl N/V,750,12,65.67,5.47,7.99,MAR 2026,12,1
198-431-1,Rothbury Estate Sauv Blanc,750,12,65.67,5.47,7.99,MAR 2026,12,1
194-708-6,Rumours Chardonnay,750,12,44.53,3.71,3.99,MAR 2026,12,1
196-271-8,Rumours Moscato,750,12,44.53,3.71,3.99,MAR 2026,12,1
194-707-7,Rumours Pinot Grigio,750,12,44.53,3.71,3.99,MAR 2026,12,1
194-709-5,Rumours Sauvignon Blanc,750,12,44.53,3.71,3.99,MAR 2026,12,1
195-595-9,Rutherglen Est Pinot Grigio,750,6,68.85,11.48,17.99,MAR 2026,6,1
195-597-7,Rutherglen Estate Arneis,750,6,80.73,13.46,20.99,MAR 2026,6,1
195-596-8,Rutherglen Estate Fiano,750,6,80.73,13.46,20.99,MAR 2026,6,1
195-340-7,Rymill The Yearling Sauv/Blanc,750,12,146.35,12.20,18.99,MAR 2026,12,1
197-369-9,Sacred Hill Chardonnay,750,12,60.86,5.07,7.99,MAR 2026,12,1
194-700-4,Sacred Hill Moscato,750,12,60.86,5.07,7.99,MAR 2026,12,1
194-699-7,Sacred Hill Sem/Sauv/Blanc,750,12,60.86,5.07,7.99,MAR 2026,12,1
197-392-0,Sacred Hill Traminer Riesling,750,12,60.86,5.07,7.99,MAR 2026,12,1
196-203-1,Saint & Scholar Chardonnay,750,12,201.18,16.77,25.99,MAR 2026,12,1
196-202-2,Saint & Scholar Sauv Blanc,750,12,201.18,16.77,25.99,MAR 2026,12,1
196-269-2,Second Nature Pinot Gris,750,12,139.62,11.64,17.99,MAR 2026,12,1
195-553-9,Secret Stone Chardonnay,750,6,65.67,10.95,16.99,MAR 2026,6,1
197-047-9,Seppelt Drumborg Riesling,750,6,168.84,28.14,42.99,MAR 2026,3,1
194-378-5,Seppelt Great Ent Chardonnay,750,6,60.97,10.16,15.99,MAR 2026,6,1
195-665-4,Seppelt The Drives Chard,750,6,68.25,11.38,17.99,MAR 2026,6,1
194-711-1,Shadowfax Macedon Chardonnay,750,6,159.90,26.65,30.99,MAR 2026,1,1
194-521-1,Shaw & Smith M3 Chardonnay,750,6,232.20,38.70,59.99,MAR 2026,1,1
194-702-2,Shaw & Smith Sauv Blanc 375ml,375,12,161.10,13.43,15.99,MAR 2026,12,1
194-613-0,Shaw & Smith Sauvignon Blanc,750,12,285.95,23.83,36.99,MAR 2026,1,1
195-434-4,Sheep Shape Pinot Gris,750,12,91.78,7.65,11.99,MAR 2026,12,1
195-272-9,Sheep Shape Sauv Blanc,750,12,91.78,7.65,11.99,MAR 2026,12,1
196-164-8,Shy Pig Chardonnay,750,6,33.33,5.56,8.99,MAR 2026,6,1
195-679-8,Shy Pig Moscato,750,6,33.33,5.56,8.99,MAR 2026,6,1
196-120-1,Silex Riesling,750,12,198.60,16.55,24.99,MAR 2026,1,1
194-209-0,Six Foot Six Pinot Gris,750,6,100.37,16.73,25.99,MAR 2026,6,1
194-984-1,Somerton Chardonnay,750,6,30.92,5.15,7.99,MAR 2026,6,1
195-587-9,Somerton Sauv/Blanc,750,6,30.92,5.15,7.99,MAR 2026,6,1
196-248-8,Squealing Pig Mid Sauv Blanc,750,6,79.01,13.17,19.99,MAR 2026,6,1
196-217-5,Squealing Pig Pink Moscato,750,6,77.94,12.99,19.99,MAR 2026,6,1
194-692-4,Squealing Pig Sauv Blanc Cans,250,24,102.10,4.25,6.99,MAR 2026,24,1
195-904-5,St Aime Pinot Grigio,750,6,76.05,12.68,19.99,MAR 2026,6,1
195-265-8,St Huberts Chardonnay,750,6,109.50,18.25,27.99,MAR 2026,3,1
195-535-2,St Huberts L/Harvest Viognier,375,12,246.70,20.56,31.99,MAR 2026,1,1
195-563-7,St Huberts Stag Pinot Grigio,750,6,67.07,11.18,16.99,MAR 2026,6,1
195-324-7,St Huberts The Stag Vic Chard,750,6,67.07,11.18,16.99,MAR 2026,6,1
196-143-4,St Hugo Ev Chardonnay,750,6,152.99,25.50,38.99,MAR 2026,3,1
196-142-5,St Hugo Ev Riesling,750,6,152.99,25.50,38.99,MAR 2026,1,1
194-404-3,Stonegate Sauv/Blanc,750,12,82.21,6.85,10.99,MAR 2026,12,1
196-192-4,Stonehaven Chardonnay,750,12,97.59,8.13,12.99,MAR 2026,12,1
196-194-2,Stonehaven Pinot Gris,750,12,97.59,8.13,12.99,MAR 2026,12,1
196-193-3,Stonehaven Sauv Blanc,750,12,97.59,8.13,12.99,MAR 2026,12,1
194-759-4,Stonehorse Chardonnay,750,12,201.18,16.77,25.99,MAR 2026,12,1
194-757-6,Stonehorse Riesling,750,12,201.18,16.77,25.99,MAR 2026,12,1
194-349-1,Studio Series P/Grigio On Prem,750,12,82.21,6.85,10.99,MAR 2026,12,1
194-197-4,Sugar & Spice Moscato,750,12,137.84,11.49,17.99,MAR 2026,12,1
194-751-2,Sweet Caroline Pinot Grigio,750,6,61.86,10.31,15.99,MAR 2026,6,1
194-753-0,Sweet Caroline Riesling,750,6,61.86,10.31,15.99,MAR 2026,6,1
194-220-5,Sweet Lips Inf. Hibiscus,750,6,29.89,4.98,7.99,MAR 2026,6,1
194-275-9,Sweet Lips Mng Eld & Passion,750,6,29.89,4.98,7.99,MAR 2026,6,1
194-510-4,Sweet Lips P/Apple C/Nut Lime,750,6,29.89,4.98,7.99,MAR 2026,6,1
194-511-3,Sweet Lips Peach Rasp Van,750,6,29.89,4.98,7.99,MAR 2026,6,1
195-716-3,Sweetwater Semillon,750,6,108.30,18.05,27.99,MAR 2026,1,1
194-237-6,T'gallant Grace Pinot Grigio,750,6,101.86,16.98,25.99,MAR 2026,3,1
196-536-9,T'gallant Juliet Moscato 750ml,750,6,68.15,11.36,16.99,MAR 2026,6,1
194-889-7,T'gallant Juliet Pinot Grigio,750,6,68.15,11.36,16.99,MAR 2026,6,1
196-059-6,T'gallant Moscato 750ml,750,6,92.52,15.42,23.99,MAR 2026,6,1
194-372-1,T'gallant Pinot Grigio,750,6,73.79,12.30,18.99,MAR 2026,6,1
198-743-4,T'gallant Schanck Pinot Grigio,750,6,82.70,13.78,20.99,MAR 2026,6,1
194-506-0,Take It To Grave Pinot Grigio,750,6,76.05,12.68,19.99,MAR 2026,6,1
194-168-9,Talinga Park Chardonnay,750,12,96.39,8.03,11.99,MAR 2026,1,1
194-140-2,Talinga Park Moscato,750,12,96.39,8.03,11.99,MAR 2026,1,1
194-618-5,Talinga Park Sauvignon Blanc,750,12,96.39,8.03,11.99,MAR 2026,1,1
197-089-8,Tamburlaine Org Chardonnay,750,12,151.32,12.61,18.99,MAR 2026,12,1
197-090-5,Tamburlaine Org Pinot Gris,750,12,151.32,12.61,18.99,MAR 2026,12,1
197-095-0,Tamburlaine Org Sauv Blanc,750,12,151.32,12.61,18.99,MAR 2026,12,1
197-093-2,Tamburlaine Pf Sauv Blanc,750,12,167.76,13.98,21.99,MAR 2026,12,1
194-755-8,Tar & Roses Pinot Grigio,750,6,91.53,15.26,22.99,MAR 2026,6,1
197-034-4,Tatachilla House Chardonnay,750,12,74.85,6.24,9.99,MAR 2026,12,1
197-035-3,Tatachilla House Sauv Blanc,750,12,74.85,6.24,9.99,MAR 2026,12,1
197-069-2,Tatachilla White Admiral Pgrig,750,6,48.32,8.05,11.99,MAR 2026,6,1
195-931-2,Tatachilla Wht Adm Moscato,750,6,37.46,6.24,,MAR 2026,6,1
197-100-3,Tatachilla Wht Adm Sauv Blanc,750,6,48.32,8.05,11.99,MAR 2026,6,1
194-347-3,Taylor Made Chardonnay,750,6,95.27,15.88,23.99,MAR 2026,1,1
195-820-6,Taylor Made Pinot Gris,750,6,95.27,15.88,23.99,MAR 2026,3,1
197-811-3,Taylors Est. Chardonnay,750,6,84.20,14.03,21.99,MAR 2026,3,1
197-860-3,Taylors Est. Riesling,750,6,84.20,14.03,21.99,MAR 2026,3,1
197-881-8,Taylors Est. Sauvignon Blanc,750,6,84.20,14.03,21.99,MAR 2026,3,1
197-098-7,Taylors Hotelier Chardonnay,750,6,68.82,11.47,17.99,MAR 2026,6,1
195-779-7,Taylors Jaraman Chard 375 Ml,375,12,118.09,9.84,14.99,MAR 2026,12,1
195-262-1,Taylors Jaraman Chardonnay,750,6,100.88,16.81,25.99,MAR 2026,3,1
195-818-0,Taylors Jaraman Sauv Blanc,750,6,100.88,16.81,25.99,MAR 2026,3,1
197-082-5,Taylors Promised Land P/Grigio,750,6,59.44,9.91,14.99,MAR 2026,6,1
197-101-2,Taylors Promised Land S/Blanc,750,6,59.44,9.91,14.99,MAR 2026,6,1
197-141-4,Taylors Promised Land U/W Char,750,6,59.44,9.91,14.99,MAR 2026,6,1
194-133-1,Taylors St Andrews Chard 2021,750,6,160.35,26.73,40.99,MAR 2026,1,1
194-736-2,Taylors St Andrews Chard 22,750,6,160.35,26.73,40.99,MAR 2026,1,1
197-054-9,Taylors St Andrews Ries 2023,750,6,160.35,26.73,40.99,MAR 2026,3,1
194-738-0,Taylors St Andrews Riesling 24,750,6,160.35,26.73,40.99,MAR 2026,1,1
194-297-3,Ta_Ku Pink Sauvignon Blanc,750,6,63.25,10.54,15.99,MAR 2026,6,1
196-436-0,Ta_Ku Sauvignon Blanc,750,6,63.25,10.54,15.99,MAR 2026,6,1
195-857-2,Tempus Two Copper Chardonnay,750,6,102.67,17.11,25.99,MAR 2026,3,1
195-356-8,Tempus Two Copper Moscato,750,6,109.12,18.19,27.99,MAR 2026,1,1
195-682-3,Tempus Two Silver Chardonnay,750,6,47.58,7.93,11.99,MAR 2026,6,1
195-808-2,Tempus Two Silver Pinot Gris,750,6,47.58,7.93,11.99,MAR 2026,6,1
195-771-5,Tempus Two Var Sem Sauv Blanc,750,6,57.38,9.56,14.99,MAR 2026,6,1
195-336-3,Tempus Two Varietal Chard,750,6,57.38,9.56,14.99,MAR 2026,6,1
195-080-1,Tempus Two Varietal Pinot Grig,750,6,57.38,9.56,14.99,MAR 2026,6,1
195-010-6,Tempus Two Varietal Sauv Blanc,750,6,57.38,9.56,14.99,MAR 2026,6,1
195-255-0,Tempus Two Varietal Verdelho,750,6,57.38,9.56,14.99,MAR 2026,6,1
195-787-7,Tempus Two Zero Moscato,750,6,57.71,9.62,14.99,MAR 2026,6,1
195-783-1,Tempus Two Zero Pinot Grigio,750,6,57.71,9.62,14.99,MAR 2026,6,1
194-367-8,The Anchorage Sem/Sauv/Blanc,750,12,72.10,6.01,8.99,MAR 2026,12,1
197-107-6,The Aromantiques Chardonnay,750,6,117.33,19.56,,MAR 2026,3,1
195-878-7,The Aromantiques Pinot Gris,750,6,117.33,19.56,29.99,MAR 2026,3,1
196-148-9,The Drover Chardonnay,750,12,39.93,3.33,4.99,MAR 2026,12,1
196-169-3,The Drover Moscato,750,12,39.93,3.33,4.99,MAR 2026,12,1
196-212-0,The Drover Pink Moscato,750,12,39.93,3.33,4.99,MAR 2026,12,1
196-147-0,The Drover Pinot Grigio,750,12,39.93,3.33,4.99,MAR 2026,12,1
196-153-1,The Drover Sauvignon Blanc,750,12,39.93,3.33,4.99,MAR 2026,12,1
196-154-0,The Drover Sem Sauv Blanc,750,12,39.93,3.33,4.99,MAR 2026,12,1
195-369-3,The Grayling Sauvignon Blanc,750,6,71.53,11.92,17.99,MAR 2026,6,1
194-558-7,The Hero Pres/F Pinot Grigio,750,6,70.24,11.71,17.99,MAR 2026,6,1
194-495-3,The Hero Pres/F Sauv Blanc,750,6,70.24,11.71,17.99,MAR 2026,6,1
194-469-5,Three Lions Chardonnay,750,6,92.17,15.36,23.99,MAR 2026,6,1
194-470-2,Three Lions Sauvignon Blanc,750,6,92.17,15.36,23.99,MAR 2026,6,1
195-801-9,Ti Amo Fiano,750,6,77.49,12.92,19.99,MAR 2026,6,1
194-572-9,Tread Softly Chardonnay,750,6,65.73,10.96,16.99,MAR 2026,6,1
194-573-8,Tread Softly Moscato,750,6,65.73,10.96,16.99,MAR 2026,6,1
194-484-6,Tread Softly Pinot Grigio,750,6,65.73,10.96,16.99,MAR 2026,6,1
194-675-5,Tread Softly Pinot Grigio 375m,375,12,74.11,6.18,9.99,MAR 2026,12,1
194-507-9,Tread Softly Sauvignon Blanc,750,6,65.73,10.96,16.99,MAR 2026,6,1
194-714-8,Tread Softly Zero Pinot Grigio,750,6,59.45,9.91,11.99,MAR 2026,6,1
194-550-5,Tulloch Verdelho,750,6,72.10,12.02,18.99,MAR 2026,6,1
195-106-1,Twelve Signs Chardonnay,750,12,110.88,9.24,13.99,MAR 2026,1,1
195-190-8,Twelve Signs Pinot Grigio,750,12,110.88,9.24,13.99,MAR 2026,1,1
195-187-3,Twelve Signs Sauvignon Blanc,750,12,110.88,9.24,13.99,MAR 2026,12,1
197-044-2,Tyrrells Belford Semillon,750,6,146.03,24.34,36.99,MAR 2026,3,1
196-283-4,Tyrrells Estate Grown Chard,750,6,133.77,22.30,33.99,MAR 2026,6,1
196-038-2,Tyrrells Hunter Valley Chard,750,6,88.43,14.74,22.99,MAR 2026,6,1
195-163-1,Tyrrells Hunter Valley Semillo,750,6,88.43,14.74,22.99,MAR 2026,6,1
197-045-1,Tyrrells Hvd Semillon,750,6,146.03,24.34,36.99,MAR 2026,3,1
197-912-1,Tyrrells O/W Chardonnay,750,6,53.25,8.88,13.99,MAR 2026,6,1
195-325-6,Tyrrells O/W Sauv Blanc,750,6,53.25,8.88,13.99,MAR 2026,6,1
195-339-0,Tyrrells O/W Sem/Sauv/Blanc,750,6,53.25,8.88,13.99,MAR 2026,6,1
194-333-9,Tyrrells O/W Verdelho,750,6,53.25,8.88,13.99,MAR 2026,6,1
194-756-7,Tyrrells S/Release Fiano,750,12,199.95,16.66,25.99,MAR 2026,12,1
194-454-2,Tyrrells S/Release Verdelho,750,12,171.76,14.31,21.99,MAR 2026,12,1
197-038-0,Tyrrells Steven Semillon,750,6,146.03,24.34,36.99,MAR 2026,3,1
197-071-8,Tyrrells Vat 1 Semillon 2014,750,6,311.47,51.91,79.99,MAR 2026,3,1
197-074-5,Tyrrells Vat 1 Semillon 2015,750,6,323.73,53.96,82.99,MAR 2026,3,1
196-105-0,Tyrrells Vat 47 Chardonnay,750,6,323.73,53.96,82.99,MAR 2026,1,1
195-334-5,Upside Down Nz Sauvignon Blanc,750,6,53.50,8.92,13.99,MAR 2026,6,1
195-536-1,Upside Down Pinot Grigio,750,6,53.50,8.92,13.99,MAR 2026,6,1
197-631-1,Vasse Felix Classic Dry White,750,12,157.44,13.12,19.99,MAR 2026,12,1
197-106-7,Vasse Felix Filius Chardonnay,750,6,110.19,18.37,27.99,MAR 2026,3,1
198-039-7,Vidal Estate Sauvignon Blanc,750,6,76.05,12.68,19.99,MAR 2026,3,1
195-287-2,Vivo Chardonnay On-Prem,750,12,62.10,5.18,7.99,MAR 2026,12,1
194-253-5,Vivo Moscato On-Prem,750,12,62.10,5.18,7.99,MAR 2026,12,1
195-289-0,Vivo Sauv Blanc On-Prem,750,12,62.10,5.18,7.99,MAR 2026,12,1
195-799-3,Vortex Ophelia Fiano,750,6,81.28,13.55,20.99,MAR 2026,6,1
194-158-1,Warburn Estate Chardonnay,750,6,44.44,7.41,10.99,MAR 2026,6,1
194-019-0,Warburn Estate Pinot Grigio,750,6,43.00,7.17,10.99,MAR 2026,6,1
194-285-7,Warburn Estate Sauv Blanc,750,6,43.00,7.17,10.99,MAR 2026,6,1
196-096-1,Whistling Duck Chardonnay,750,12,71.50,5.96,8.99,MAR 2026,12,1
196-140-7,Whistling Duck Moscato,750,12,71.50,5.96,8.99,MAR 2026,12,1
196-097-0,Whistling Duck Ssb,750,12,71.50,5.96,8.99,MAR 2026,12,1
194-748-8,White Cloud Marlb. Sauv Blanc,750,12,98.36,8.20,12.99,MAR 2026,12,1
195-609-3,Wild Fox Organic Chardonnay,750,12,140.70,11.73,17.99,MAR 2026,12,1
196-157-7,Wild Fox Organic Moscato,750,6,72.90,12.15,18.99,MAR 2026,6,1
196-158-6,Wild Fox Organic Sauv/Blanc,750,12,140.70,11.73,17.99,MAR 2026,12,1
195-380-8,Wild Oats Chardonnay 187ml,187,24,87.66,3.65,5.99,MAR 2026,24,1
194-634-5,Wild Oats Chardonnay 6pk,750,6,76.05,12.68,,MAR 2026,6,1
194-656-8,Wild Oats Pinot Grigio,750,6,76.05,12.68,19.99,MAR 2026,6,1
194-651-3,Wild Oats Sauv Blanc Semillon,750,6,76.05,12.68,19.99,MAR 2026,6,1
194-293-7,Wild Oats Sauv/Blanc 187mL,187,24,87.66,3.65,5.99,MAR 2026,24,1
194-655-9,Wild Oats Sauvignon Blanc,750,6,76.05,12.68,19.99,MAR 2026,6,1
195-264-9,Wild Olive Organic Chardonnay,750,6,96.12,16.02,24.99,MAR 2026,6,1
195-611-9,Wild Olive Organic Faino,750,6,96.12,16.02,24.99,MAR 2026,6,1
194-672-8,Wildflower Chardonnay,750,6,80.56,13.43,20.99,MAR 2026,6,1
194-607-8,Wildflower Pinot Grigio,750,6,80.56,13.43,20.99,MAR 2026,6,1
194-674-6,Wildflower Sauv/Blanc,750,6,80.56,13.43,20.99,MAR 2026,6,1
194-598-9,Wildflower Sauvignon Blanc Sem,750,6,80.43,13.41,20.99,MAR 2026,6,1
195-304-1,Windy Peak Chardonnay,750,6,63.82,10.64,15.99,MAR 2026,6,1
195-476-3,Windy Peak Pinot Grigio,750,6,63.82,10.64,15.99,MAR 2026,6,1
195-788-6,Windy Peak Sauvignon Blanc,750,6,63.43,10.57,15.99,MAR 2026,6,1
195-034-8,Windy Peak Sauvignon Blanc,187,24,72.30,3.01,4.99,MAR 2026,24,1
194-428-5,Wine Gang Chardonnay,750,6,34.26,5.71,8.99,MAR 2026,6,1
194-363-2,Wine Gang Moscato,750,6,34.26,5.71,8.99,MAR 2026,6,1
194-436-5,Wine Gang Pinot Grigio,750,6,34.26,5.71,8.99,MAR 2026,6,1
194-317-9,Wine Gang Sauv Blanc,750,6,34.26,5.71,8.99,MAR 2026,6,1
195-511-0,Wirra Mrs Wigley Moscato 500ml,500,6,81.21,13.54,20.99,MAR 2026,6,1
197-056-7,Wirra Wirra Adel.Chardonnay,750,6,79.40,13.23,19.99,MAR 2026,1,1
198-043-1,Wirra Wirra Hiding Sauv/Blanc,750,6,104.43,17.41,26.99,MAR 2026,1,1
197-615-1,Wirra Wirra Scrubby Rise Chard,750,6,75.14,12.52,18.99,MAR 2026,1,1
197-614-2,Wirra Wirra Scrubby Rise Sauv,750,6,75.14,12.52,18.99,MAR 2026,6,1
194-597-0,Wmc Barossa Chardonnay,750,12,153.45,12.79,19.99,MAR 2026,12,1
194-596-1,Wmc Clare Valley Riesling,750,12,153.45,12.79,19.99,MAR 2026,12,1
197-099-6,Wolf Blass Grey Lbl Chardonnay,750,6,138.30,23.05,35.99,MAR 2026,3,1
198-049-5,Wolf Blass Mp Pink Pinotgrigio,750,6,65.42,10.90,16.99,MAR 2026,6,1
197-542-9,Wolf Blass Red Lbl Chardonnay,750,6,45.01,7.50,11.99,MAR 2026,6,1
197-073-6,Wolf Blass Red Lbl P/Grigio,750,6,45.01,7.50,11.99,MAR 2026,6,1
197-040-6,Wolf Blass Red Lbl Sauv/Blanc,750,6,45.01,7.50,11.99,MAR 2026,6,1
197-245-9,Wolf Blass Red Lbl Sem/Sauv,750,6,45.01,7.50,11.99,MAR 2026,6,1
197-658-9,Wolf Blass Yellow Lbl Chard,750,6,53.54,8.92,13.99,MAR 2026,6,1
197-996-0,Wolf Blass Yellow Lbl Moscato,750,6,53.54,8.92,13.99,MAR 2026,6,1
197-023-7,Wolf Blass Yellow Lbl Sauv/Bl,750,6,53.54,8.92,13.99,MAR 2026,6,1
197-085-2,Wolf Blass Zero Sauv Blanc,750,6,45.74,7.62,11.99,MAR 2026,3,1
198-350-8,Wyndham Bin 222 Chardonnay,750,6,55.64,9.27,13.99,MAR 2026,1,1
198-086-9,Wynns Black Label Chardonnay,750,6,158.52,26.42,40.99,MAR 2026,1,1
198-659-6,Wynns C/Warra Chardonnay,750,6,75.76,12.63,18.99,MAR 2026,3,1
198-651-4,Wynns C/Warra Riesling,750,6,75.76,12.63,18.99,MAR 2026,3,1
198-074-3,Wynns Reframed Fiano Pga,750,6,86.97,14.50,21.99,MAR 2026,3,1
195-902-7,Wynns The Gables Chardonnay,750,6,88.78,14.80,22.99,MAR 2026,6,1
198-202-8,Y Series Chardonnay,750,12,120.27,10.02,14.99,MAR 2026,1,1
194-883-3,Y Series Pinot Grigio,750,12,120.27,10.02,14.99,MAR 2026,1,1
196-810-6,Y Series Riesling,750,12,120.27,10.02,14.99,MAR 2026,1,1
195-792-0,Y Series Sauv Blanc,750,12,120.27,10.02,14.99,MAR 2026,1,1
194-183-0,Y Series Viognier,750,12,120.27,10.02,14.99,MAR 2026,1,1
198-038-8,Yalumba Gen Chardonnay,750,6,73.72,12.29,18.99,MAR 2026,1,1
194-524-8,Yalumba Gen Pinot Grigio,750,6,73.72,12.29,18.99,MAR 2026,1,1
194-384-7,Yalumba Gen Viognier,750,6,73.72,12.29,18.99,MAR 2026,1,1
198-044-0,Yalumba Sams Chardonnay,750,6,99.27,16.55,24.99,MAR 2026,1,1
195-825-1,Yellow Tail Buttery Chardonnay,750,12,81.75,6.81,9.99,MAR 2026,12,1
195-950-8,Yellow Tail Chardonnay,750,12,81.75,6.81,9.99,MAR 2026,12,1
195-971-3,Yellow Tail Chardonnay 187ml,187,24,65.73,2.74,3.99,MAR 2026,24,1
195-814-4,Yellow Tail Moscato N/V,750,12,81.75,6.81,9.99,MAR 2026,12,1
195-985-7,Yellow Tail Pinot Grigio,750,12,81.75,6.81,9.99,MAR 2026,12,1
195-972-2,Yellow Tail Pinot Grigio 187ml,187,24,65.73,2.74,3.99,MAR 2026,24,1
195-729-8,Yellow Tail Pure Bright Chard,750,12,81.75,6.81,9.99,MAR 2026,12,1
195-730-5,Yellow Tail Pure Bright Sauv/B,750,12,81.75,6.81,9.99,MAR 2026,12,1
195-696-7,Yellow Tail Sauv/Blanc,750,12,81.75,6.81,9.99,MAR 2026,12,1
195-973-1,Yellow Tail Sauv/Blanc 187ml,187,24,65.73,2.74,3.99,MAR 2026,24,1
195-960-6,Yellow Tail Sem Sauv Blanc,750,12,81.75,6.81,9.99,MAR 2026,1,1
195-968-8,Yellow Tail Sem/Sauv/Bl 187ml,187,24,65.73,2.74,3.99,MAR 2026,24,1
194-464-0,Young Poets Chardonnay,750,12,102.49,8.54,12.99,MAR 2026,12,1
194-465-9,Young Poets Pinot Grigio,750,12,102.49,8.54,12.99,MAR 2026,12,1
194-466-8,Young Poets Sauv/Blanc,750,12,102.49,8.54,12.99,MAR 2026,12,1
195-872-3,Ziegler Riesling,750,6,91.53,15.26,22.99,MAR 2026,6,1
194-520-2,Zilzie Btw Chardonnay,750,12,101.85,8.49,12.99,MAR 2026,12,1
198-075-2,Zilzie Btw Moscato,750,12,101.85,8.49,12.99,MAR 2026,12,1
198-062-7,Zilzie Btw Pinot Grigio,750,12,101.85,8.49,12.99,MAR 2026,12,1
196-165-7,Zilzie Btw Sauvignon Blanc,750,12,101.85,8.49,12.99,MAR 2026,12,1
194-157-2,Zilzie Reg Coll Chardonnay,750,6,77.34,12.89,19.99,MAR 2026,6,1
194-678-2,Zilzie Reg Coll Pinot Gris,750,6,77.34,12.89,19.99,MAR 2026,6,1
198-896-9,Zilzie Selection 23 Moscato,750,12,101.85,8.49,12.99,MAR 2026,12,1
198-341-0,Zilzie Selection 23 P/Grigio,750,12,101.85,8.49,12.99,MAR 2026,12,1
196-152-2,Zilzie Selection 23 Sauv Blanc,750,12,101.85,8.49,12.99,MAR 2026,12,1
196-205-9,Zonte's Apple Betty Chard,750,12,185.70,15.48,23.99,MAR 2026,12,1
197-110-1,Zonzo Estate Chardonnay 2023,750,6,108.30,18.05,,MAR 2026,6,1
205-276-2,19 Crimes Snoop Cali Sav Blanc,750,6,65.83,10.97,16.99,MAR 2026,6,1
205-027-4,3 Tales Nz Sauv Blanc,750,6,71.79,11.97,17.99,MAR 2026,6,1
205-283-3,Antares Chardonnay,750,12,92.82,7.74,11.99,MAR 2026,12,1
205-285-1,Antares Sauvignon Blanc,750,12,92.82,7.74,11.99,MAR 2026,12,1
205-209-4,Ara Single Est Pinot Gris,750,6,85.72,14.29,21.99,MAR 2026,3,1
205-137-1,Ara Single Estate Chardonnay,750,6,85.72,14.29,21.99,MAR 2026,6,1
205-193-2,Ara Single Estate Rose,750,6,85.72,14.29,21.99,MAR 2026,3,1
205-206-7,Ara Single Estate Sauv Blanc,750,6,85.72,14.29,21.99,MAR 2026,3,1
205-279-9,Artisan Mark Californian Chard,750,12,153.45,12.79,19.99,MAR 2026,12,1
205-280-6,Artisan Mark Nz Sauv Blanc,750,12,153.45,12.79,19.99,MAR 2026,12,1
205-278-0,Atawhai Bay Marlb. Sauv Blanc,750,6,64.94,10.82,16.99,MAR 2026,6,1
205-264-6,Babydoll Pinot Gris,750,6,88.95,14.83,16.99,MAR 2026,6,1
205-168-3,Babydoll Sauvignon Blanc,750,12,172.80,14.40,21.99,MAR 2026,6,1
205-031-8,Barking Hedge Riesling,750,12,119.65,9.97,14.99,MAR 2026,12,1
205-162-9,Barking Hedge Sauvignon Blanc,750,12,135.13,11.26,16.99,MAR 2026,1,1
205-203-0,Beside Broke Rd Sauv/Blanc,750,6,72.50,12.08,18.99,MAR 2026,3,1
205-256-6,Catalina Sounds Pinot Gris,750,6,130.07,21.68,32.99,MAR 2026,1,1
205-186-1,Cavaliere D'oro Pinot Grigio,750,6,92.13,15.36,23.99,MAR 2026,1,1
205-083-5,Church Road Chardonnay,750,6,102.35,17.06,25.99,MAR 2026,3,1
205-195-0,Church Road Mcd Series P/Gris,750,6,155.33,25.89,39.99,MAR 2026,1,1
205-180-7,Church Road Pinot Gris,750,6,102.35,17.06,25.99,MAR 2026,3,1
205-260-0,Craggy Range Sauvignon Blanc,750,6,131.84,21.97,33.99,MAR 2026,1,1
205-295-9,Crowded House Sauvignon Blanc,750,12,190.86,15.91,23.99,MAR 2026,12,1
205-261-9,Dog Point Sauvignon Blanc,750,6,133.24,22.21,33.99,MAR 2026,1,1
205-125-5,Dusky Sounds Pinot Gris,750,6,75.32,12.55,18.99,MAR 2026,6,1
205-121-9,Dusky Sounds Sauvignon Blanc,750,6,75.32,12.55,18.99,MAR 2026,6,1
205-287-9,Fat Bastard Chenin Blanc,750,12,138.61,11.55,,MAR 2026,12,1
205-269-1,Faustino Ru Blanco,750,12,134.10,11.18,16.99,MAR 2026,12,1
205-216-5,Flowerpot Organic Sauv Blanc,750,6,62.98,10.50,15.99,MAR 2026,3,1
205-210-1,Fontavera Pinot Grigio,750,12,184.41,15.37,23.99,MAR 2026,1,1
205-265-5,Gambellara Monopolio P. Grigio,750,6,81.72,13.62,20.99,MAR 2026,6,1
205-248-7,Gordon Ramsay Bianco,750,6,84.43,14.07,21.99,MAR 2026,6,1
205-272-6,Haha Marlborough Sauv Blanc,750,6,91.53,15.26,22.99,MAR 2026,6,1
205-147-9,J/Creek Double Barrel Chard,750,6,94.84,15.81,23.99,MAR 2026,3,1
205-282-4,Joseph Pellerin Pinot Gris,750,12,114.49,9.54,14.99,MAR 2026,12,1
205-218-3,Kim Crawford Chardonnay,750,6,69.14,11.52,17.99,MAR 2026,3,1
205-986-3,Kim Crawford Marl Sauv/Blanc,750,6,69.14,11.52,17.99,MAR 2026,3,1
205-204-9,Kim Crawford Pinot Gris,750,6,69.14,11.52,17.99,MAR 2026,3,1
205-259-3,Kir Yianni Assyrtiko,750,12,280.51,23.38,27.99,MAR 2026,1,1
205-271-7,Kopu Gisborne Chardonnay,750,12,153.45,12.79,19.99,MAR 2026,12,1
205-230-7,Kopu Gisborne Pinot Gris,750,12,153.45,12.79,19.99,MAR 2026,12,1
205-232-5,Kopu Marlborough Sauv Blanc,750,12,162.48,13.54,20.99,MAR 2026,12,1
205-262-8,La Crema Monterey Chardonnay,750,12,346.95,28.91,44.99,MAR 2026,1,1
205-294-0,Lake Road Est Gisb Pinot Gris,750,12,93.78,7.82,11.99,MAR 2026,12,1
205-293-1,Lake Road Est Gisb Sauv Blanc,750,12,93.78,7.82,11.99,MAR 2026,12,1
205-290-4,Lake Road Gisborne Chardonnay,750,12,127.71,10.64,15.99,MAR 2026,12,1
205-288-8,Lake Road Gisborne Pinot Gris,750,12,117.39,9.78,14.99,MAR 2026,12,1
205-292-2,Lake Road Marl Sauvignon Blanc,750,12,110.94,9.25,13.99,MAR 2026,12,1
205-257-5,Mandoleto Pinot Grigio,750,12,134.10,11.18,16.99,MAR 2026,1,1
205-657-1,Matua Marl Sauv Blanc 6pk,750,6,65.67,10.95,16.99,MAR 2026,3,1
205-684-8,Matua Valley 1st Frost Sauv/Bl,750,6,65.67,10.95,16.99,MAR 2026,3,1
205-762-3,Matua Valley Sauv Blanc 187ml,187,24,73.85,3.08,4.99,MAR 2026,24,1
205-258-4,Monte Tondo Mito Soave,750,12,153.45,12.79,14.99,MAR 2026,12,1
205-051-3,Mud House Marl. Sauv/Blanc,750,6,74.33,12.39,18.99,MAR 2026,6,1
205-063-9,Mud House Pinot Gris,750,6,74.33,12.39,18.99,MAR 2026,6,1
205-177-2,Mud House Sub Pinot Gris,750,6,88.11,14.69,22.99,MAR 2026,6,1
205-176-3,Mud House Sub Sauv/Blanc,750,6,88.11,14.69,22.99,MAR 2026,3,1
205-145-1,O'kiwi Bay Sauvignon Blanc,750,12,130.73,10.89,16.99,MAR 2026,12,1
205-075-5,Oyster Bay Chardonnay,750,6,85.66,14.28,21.99,MAR 2026,6,1
205-076-4,Oyster Bay Pinot Gris,750,6,85.66,14.28,21.99,MAR 2026,6,1
205-074-6,Oyster Bay Sauvignon Blanc,750,6,85.66,14.28,21.99,MAR 2026,6,1
205-234-3,Oyster Bay Sauvignon Blanc R,750,6,86.69,14.45,21.99,MAR 2026,3,1
205-200-3,Pasqua Pinot Grigio Doc,750,6,65.88,10.98,16.99,MAR 2026,1,1
205-796-3,Pikorua Sauvignon Blanc,750,12,144.42,12.04,18.99,MAR 2026,3,1
205-296-8,Pikorua Sauvignon Blanc,750,6,74.76,12.46,18.99,MAR 2026,6,1
205-845-4,Rabbit Ranch Pinot Gris,750,12,226.98,18.92,28.99,MAR 2026,12,1
205-222-7,Rob Mondavi Bourbon B Chard,750,6,84.17,14.03,21.99,MAR 2026,1,1
205-220-9,Rob Mondavi Buttery Chardonnay,750,6,84.17,14.03,21.99,MAR 2026,1,1
205-249-6,Rob Mondavi Napa Chardonnay,750,12,456.56,38.05,58.99,MAR 2026,1,1
205-301-1,Secret Stone Marl Pinot Gris,750,6,65.67,10.95,16.99,MAR 2026,3,1
205-879-3,Secret Stone Marl Sauv Blanc,750,6,65.67,10.95,16.99,MAR 2026,3,1
205-273-5,Selaks Origins Chardonnay,750,6,69.14,11.52,17.99,MAR 2026,6,1
205-274-4,Selaks Origins Pinot Gris,750,6,69.14,11.52,17.99,MAR 2026,6,1
205-275-3,Selaks Origins Sauvignon Blanc,750,6,69.14,11.52,17.99,MAR 2026,6,1
205-215-6,Squealing Pig Chardonnay,750,6,77.94,12.99,19.99,MAR 2026,3,1
205-575-0,Squealing Pig Marl Sauv Blanc,750,6,77.94,12.99,19.99,MAR 2026,3,1
205-055-9,Squealing Pig Nz Pinot Gris,750,6,77.94,12.99,19.99,MAR 2026,6,1
205-253-9,Squealing Pig Zero Nz S/Blanc,750,6,60.42,10.07,15.99,MAR 2026,6,1
205-255-7,Squealing Pig Zero S/B 375ml,375,12,93.42,7.79,11.99,MAR 2026,12,1
205-270-8,Stoneleigh Lighter Sauv/Blanc,750,6,68.73,11.46,17.99,MAR 2026,6,1
205-366-3,Stoneleigh Marl Chardonnay,750,6,68.73,11.46,17.99,MAR 2026,3,1
205-442-1,Stoneleigh Marl Pinot Gris,750,6,68.73,11.46,17.99,MAR 2026,3,1
205-344-0,Stoneleigh Marl Sauv/Blanc,750,6,68.73,11.46,17.99,MAR 2026,3,1
205-226-3,Stoneleigh Organic Sauv/Blanc,750,6,72.60,12.10,18.99,MAR 2026,3,1
205-250-2,Stoney River Marl Sauv Blanc,750,6,52.18,8.70,12.99,MAR 2026,6,1
205-252-0,Stoney River Nz Chardonnay,750,6,52.18,8.70,12.99,MAR 2026,6,1
205-251-1,Stoney River Nz Pinot Gris,750,6,52.18,8.70,12.99,MAR 2026,6,1
205-243-2,Talis Pinot Grigio,750,12,166.91,13.91,20.99,MAR 2026,12,1
205-436-9,Ta_Ku Pinot Gris,750,6,63.25,10.54,15.99,MAR 2026,3,1
205-096-0,The Crossings Pinot Gris 6pk,750,6,67.38,11.23,16.99,MAR 2026,6,1
205-050-4,The Crossings Sauvignon Blanc,750,6,67.38,11.23,16.99,MAR 2026,6,1
205-028-3,Trout Valley Sauvignon Blanc,750,6,98.23,16.37,24.99,MAR 2026,6,1
205-020-1,Twin Island Sauv Blanc,750,12,178.07,14.84,22.99,MAR 2026,1,1
205-019-4,Villa Maria P/Bin Chardonnay,750,6,88.95,14.83,22.99,MAR 2026,3,1
205-432-3,Villa Maria P/Bin Pinot Gris,750,6,88.95,14.83,22.99,MAR 2026,3,1
205-157-6,Villa Maria P/Bin Rose,750,6,88.95,14.83,22.99,MAR 2026,3,1
205-431-4,Villa Maria P/Bin Sauv Blanc,750,6,88.95,14.83,22.99,MAR 2026,3,1
205-241-4,Villa Maria P/Bin Sauv Blanc R,750,6,76.01,12.67,19.99,MAR 2026,3,1
205-281-5,Villa Teresa Pinot Grigio,750,12,145.32,12.11,18.99,MAR 2026,12,1
205-105-9,William Fevre Petit Chablis,750,12,463.05,38.59,58.99,MAR 2026,1,1
205-136-2,Winemakers Selection Chard,750,6,44.83,7.47,11.99,MAR 2026,6,1
205-179-0,Winemakers Selection P/Gri,750,6,44.83,7.47,11.99,MAR 2026,6,1
205-135-3,Winemakers Selection Sauv/Blan,750,6,44.83,7.47,11.99,MAR 2026,6,1
205-266-4,Woodbridge Calif. Chardonnay,750,6,63.66,10.61,15.99,MAR 2026,6,1
205-574-1,Yealands Est Pinot Gris,750,6,107.01,17.84,26.99,MAR 2026,6,1
205-357-4,Yealands Est Sauvignon Blanc,750,6,107.01,17.84,26.99,MAR 2026,6,1
207-000-1,West Coast Cooler 4pK,250,24,65.60,10.93,14.99,MAR 2026,24,4
215-346-7,19 Crimes Snoop Dog Cali Rose,750,6,65.83,10.97,16.99,MAR 2026,3,1
215-109-4,Angove Organic Rose,750,6,62.20,10.37,15.99,MAR 2026,6,1
215-226-2,Angove Organic Rose 187ml,187,24,77.15,3.21,4.99,MAR 2026,24,1
215-416-2,Antares Rose,750,12,92.82,7.74,11.99,MAR 2026,12,1
215-302-9,Atkins Farm P/Sofia Rosa,750,6,69.44,11.57,17.99,MAR 2026,1,1
215-298-5,Atmata Organic Rose,750,6,71.81,11.97,17.99,MAR 2026,1,1
215-378-8,Audrey Wilkinson Moscato,750,6,100.75,16.79,,MAR 2026,6,1
215-300-1,Audrey Wilkinson Rose,750,6,100.75,16.79,25.99,MAR 2026,1,1
215-188-8,Babydoll Rose,750,6,88.95,14.83,22.99,MAR 2026,6,1
215-281-4,Backline Pilou Pilou Rose,750,6,72.36,12.06,18.99,MAR 2026,1,1
215-077-2,Banrock Stat. Wh. Shiraz Rose,1000,6,45.29,7.55,11.99,MAR 2026,3,1
215-078-1,Banrock Station Pink Moscato,1000,6,45.29,7.55,11.99,MAR 2026,3,1
215-199-5,Barose Rose,750,6,66.20,11.03,16.99,MAR 2026,1,1
215-342-1,Bel Rose,750,6,85.72,14.29,21.99,MAR 2026,1,1
215-336-9,Belena Rose,750,6,87.19,14.53,21.99,MAR 2026,3,1
215-240-4,Beresford Classic Rose,750,6,82.50,13.75,20.99,MAR 2026,6,1
215-367-1,Bertaine Rose,750,12,167.64,13.97,21.99,MAR 2026,12,1
215-238-8,Berton Metal Rose,750,6,52.17,8.70,12.99,MAR 2026,1,1
215-264-5,Beside Broke Road Rose,750,6,72.50,12.08,18.99,MAR 2026,1,1
215-275-2,Bird In Hand Rose,750,6,123.78,20.63,31.99,MAR 2026,1,1
215-374-2,Bodegas Valdemar Rose,750,6,92.17,15.36,23.99,MAR 2026,6,1
215-349-4,Brise Maritime Rose,750,12,133.97,11.16,16.99,MAR 2026,12,1
215-373-3,Brokenwood Rosato,750,12,232.78,19.40,29.99,MAR 2026,1,1
215-243-1,Brown Bros Moscato One Rose Cn,250,24,91.78,3.82,5.99,MAR 2026,24,1
215-162-8,Brown Bros Moscato Rosa,750,6,75.63,12.61,18.99,MAR 2026,6,1
215-409-1,Brown Bros Moscato Rose 250ml,250,24,91.78,15.30,23.99,MAR 2026,24,4
215-405-5,Brown Bros Moscato Rose Zero,750,6,66.35,11.06,16.99,MAR 2026,6,1
215-261-8,Brown Bros Origins Dry Rose,750,6,75.63,12.61,18.99,MAR 2026,6,1
215-403-7,Brown Bros Prosecco Rose Nv,750,6,72.85,12.14,18.99,MAR 2026,6,1
215-350-0,Brown Bros Prosecco Rose Zero,750,6,72.07,12.01,18.99,MAR 2026,6,1
215-216-4,Bunnamagoo Rose,750,12,218.28,18.19,27.99,MAR 2026,1,1
215-074-5,Calabria Bros Sophie Rose,750,6,76.76,12.79,19.99,MAR 2026,3,1
215-211-9,Chaffey Bros Nyg Rose,750,6,97.98,16.33,24.99,MAR 2026,3,1
215-301-0,Cockfighter's Ghost Sv Rose,750,6,100.75,16.79,25.99,MAR 2026,1,1
215-155-7,Days Of Rose,750,6,67.35,11.23,16.99,MAR 2026,1,1
215-170-8,De Bortoli Prem Rose,2000,6,58.45,9.74,14.99,MAR 2026,6,1
215-356-4,De Bortoli Prosecco Rose Picc,200,24,84.46,14.08,,MAR 2026,24,4
215-174-4,De Bortoli Rose Rose,750,6,73.07,12.18,18.99,MAR 2026,6,1
215-249-5,De Bortoli Rose Rose Piccolo,200,24,95.23,3.97,5.99,MAR 2026,24,1
215-184-2,Deep Woods Mr Harmony Rose,750,6,69.53,11.59,17.99,MAR 2026,3,1
215-331-4,Desclans Whispering Angel Rose,750,6,192.13,32.02,48.99,MAR 2026,1,1
215-288-7,Devils Lair Fifth Leg Rose,750,6,57.21,9.54,14.99,MAR 2026,3,1
215-193-1,Devils Lair Honeybomb Rose,750,6,79.15,13.19,19.99,MAR 2026,3,1
215-100-3,Down The Lane Rose,750,6,50.41,8.40,12.99,MAR 2026,1,1
215-407-3,Elysian Springs Apple Rose,750,6,88.95,14.83,22.99,MAR 2026,6,1
215-253-8,Emeri Pink Moscato,750,6,48.48,8.08,11.99,MAR 2026,6,1
215-024-6,Emeri Pink Moscato 6x4 Pk,200,24,77.55,12.93,17.99,MAR 2026,24,4
215-315-4,Farm Hand Rose,750,6,61.21,10.20,15.99,MAR 2026,1,1
215-340-3,Fat Bird Rose,750,6,64.64,10.77,16.99,MAR 2026,3,1
215-417-1,Faustino Ru Gold Moscato,750,6,58.63,9.77,14.99,MAR 2026,6,1
215-406-4,Faustino Ru Rosado,750,12,134.10,11.18,16.99,MAR 2026,12,1
215-387-7,Feraud Cuvee Prestige Rose,750,6,121.20,20.20,30.99,MAR 2026,6,1
215-197-7,Fiore Pink Moscato 200ml,200,24,91.53,3.81,5.99,MAR 2026,24,1
215-359-1,First Creek Limit Release Rose,750,12,192.15,16.01,24.99,MAR 2026,12,1
215-339-6,Flowerpot Organic Rose,750,6,62.98,10.50,15.99,MAR 2026,3,1
215-398-4,Four Sisters Rose,750,6,63.79,10.63,,MAR 2026,6,1
215-214-6,Fourny & Fils Blanc De Blanc,750,6,412.35,68.73,105.99,MAR 2026,1,1
215-392-0,Fullylove Rose,750,12,159.90,13.33,20.99,MAR 2026,12,1
215-268-1,Giesen Est. Blush Sauv Blanc,750,6,79.27,13.21,19.99,MAR 2026,3,1
215-375-1,Gordon Ramsay Rosato,750,6,84.43,14.07,21.99,MAR 2026,6,1
215-142-3,Gossips Rose,750,6,26.83,4.47,6.99,MAR 2026,6,1
215-228-0,Green Bay Sem Sauv Blanc,750,12,134.04,11.17,16.99,MAR 2026,1,1
215-263-6,Grenache Wizardry Gren Rose,750,6,89.26,14.88,22.99,MAR 2026,6,1
215-337-8,H&L Syrah Grenache Rose,750,6,70.11,11.69,17.99,MAR 2026,6,1
215-186-0,Hardys Vr Dry Rose 1lt,1000,6,39.23,6.54,9.99,MAR 2026,1,1
215-311-8,Hungerford Classic Rose,750,12,211.50,17.63,26.99,MAR 2026,1,1
215-310-9,Hungerford Hill F/Cage Rose,750,12,159.90,13.33,20.99,MAR 2026,1,1
215-200-2,Indian Summer Rose,750,6,77.32,12.89,19.99,MAR 2026,1,1
215-206-6,Indian Summer Rose 1.5l,1500,1,41.22,41.22,62.99,MAR 2026,1,1
215-042-4,Innocent Bystander Moscato,750,6,79.40,13.23,19.99,MAR 2026,6,1
215-043-3,Innocent Bystander Moscato 4pk,275,24,94.26,15.71,23.99,MAR 2026,24,4
215-106-7,Innocent Bystander Rose,750,6,89.31,14.89,22.99,MAR 2026,6,1
215-770-2,J/Creek Cool H'vest Sh/Rose,750,6,58.63,9.77,14.99,MAR 2026,3,1
215-068-3,J/Creek Le Petit Rose,750,6,65.52,10.92,16.99,MAR 2026,3,1
215-368-0,Jacobs Creek Rose Spk Moscato,750,6,49.07,8.18,12.99,MAR 2026,6,1
215-759-7,Jacobs Creek Shiraz Rose,750,12,82.30,6.86,10.99,MAR 2026,3,1
215-163-7,Jim Barry Annabells Rose,750,6,105.07,17.51,26.99,MAR 2026,1,1
215-235-1,Julia Hill Cabernet Rose,750,12,134.10,11.18,16.99,MAR 2026,1,1
215-091-4,Kim Crawford Rose,750,6,69.14,11.52,17.99,MAR 2026,1,1
215-388-6,Kindred Rose,750,12,95.40,7.95,11.99,MAR 2026,12,1
215-334-1,Knappstein Cv Rose,750,6,92.17,15.36,23.99,MAR 2026,3,1
215-284-1,Kylie Signature Rose,750,6,93.46,15.58,23.99,MAR 2026,6,1
215-038-0,La Boheme Act 2 P/Noir Rose,750,6,91.71,15.29,23.99,MAR 2026,6,1
215-053-0,La Vieille Ferme Rose,750,12,166.19,13.85,20.99,MAR 2026,3,1
215-404-6,Lambrook Seed Pinot Noir Rose,750,12,182.08,15.17,22.99,MAR 2026,12,1
215-260-9,Le Chat Noir Pale Rose,750,12,154.09,12.84,19.99,MAR 2026,1,1
215-316-3,Leogate Lions Pride Rose,750,6,60.31,10.05,14.99,MAR 2026,3,1
215-259-2,Les Peyrautins Gren Rose,750,12,171.97,14.33,21.99,MAR 2026,3,1
215-363-5,Lillypilly Red Velvet,750,12,159.90,13.33,20.99,MAR 2026,12,1
215-231-5,Lind Early Harvest Rose,750,6,58.79,9.80,14.99,MAR 2026,3,1
215-370-6,Little Ripples Rose,750,6,88.95,14.83,22.99,MAR 2026,6,1
215-412-6,Little Sammy Rose,750,12,78.39,6.53,7.99,MAR 2026,12,1
215-397-5,Little Yering Dry Rose,750,6,89.40,14.90,17.99,MAR 2026,6,1
215-634-8,Lock & Key Rose,750,12,170.22,14.19,21.99,MAR 2026,12,1
215-389-5,Lumiere Provence Rose,750,12,198.60,16.55,24.99,MAR 2026,12,1
215-000-4,Luna Rosa Rosado,750,12,135.39,11.28,16.99,MAR 2026,3,1
215-401-9,M. De Pennautier Rose,750,12,157.96,13.16,19.99,MAR 2026,12,1
215-380-4,Maison Saint Aix Rose,750,12,305.77,25.48,29.99,MAR 2026,1,1
215-393-9,Maison Saint Aix Rose 375ml,375,6,110.36,18.39,21.99,MAR 2026,6,1
215-408-2,Marley Farm Goat Rose,750,6,69.60,11.60,17.99,MAR 2026,6,1
215-280-5,Martys Block Rose,750,6,63.15,10.53,15.99,MAR 2026,1,1
215-341-2,Masterpeace Rose,750,12,94.11,7.84,11.99,MAR 2026,1,1
215-034-4,Mateus Kanga Pk N/V 750m+187ml,937,6,67.66,11.28,16.99,MAR 2026,3,1
215-212-8,Mateus Rose (6pk) N/V,750,6,64.44,10.74,16.99,MAR 2026,3,1
215-157-5,McGuigan Single Batch Rose,750,6,52.53,8.76,12.99,MAR 2026,3,1
215-258-3,McGuigan Zero Rose,750,6,45.52,7.59,11.99,MAR 2026,3,1
215-396-6,McPherson Rose,750,12,113.07,9.42,10.99,MAR 2026,12,1
215-377-9,Metala White Label Rose,750,6,78.63,13.11,19.99,MAR 2026,6,1
215-330-5,Minuty M Rose,750,6,134.92,22.49,34.99,MAR 2026,1,1
215-332-3,Miracle On The Wire Rose,750,6,61.86,10.31,15.99,MAR 2026,1,1
215-204-8,Mollys Cradle Rose,750,6,91.29,15.22,22.99,MAR 2026,1,1
215-391-1,Mosaique Organic French Rose,750,12,172.80,14.40,21.99,MAR 2026,12,1
215-057-6,Mount Lawson Rose,750,12,134.42,11.20,16.99,MAR 2026,1,1
215-317-2,Mr Mick C/Valley Rose,750,6,69.60,11.60,17.99,MAR 2026,1,1
215-242-2,Mt Pleasant Isabelle Rose,750,6,98.94,16.49,24.99,MAR 2026,3,1
215-283-2,Mud House Core Rose,750,6,74.33,12.39,18.99,MAR 2026,6,1
215-166-4,Mud House Sub Region Rose,750,6,105.02,17.50,26.99,MAR 2026,6,1
215-265-4,Naturalis Organic Rose,750,6,67.04,11.17,16.99,MAR 2026,1,1
215-118-3,Nepenthe Altitude Rose,750,6,82.83,13.81,20.99,MAR 2026,3,1
215-153-9,Nericon Rose,750,12,83.79,6.98,10.99,MAR 2026,12,1
215-352-8,Newblood Non Alc Rose,750,6,63.05,10.51,15.99,MAR 2026,1,1
215-394-8,Nick Spencer Rose,750,12,215.11,17.93,20.99,MAR 2026,1,1
215-286-9,No Evil Organic Rose,750,6,75.40,12.57,18.99,MAR 2026,6,1
215-419-9,Nugan Est Third Gen Rose,750,12,96.39,8.03,11.99,MAR 2026,12,1
215-209-3,Organic Hill Pres Free Rose,750,12,198.60,16.55,24.99,MAR 2026,1,1
215-108-5,Oyster Bay Rose,750,6,85.66,14.28,21.99,MAR 2026,1,1
215-146-9,P.Lehmann Portrait Gren/Rose,750,6,75.86,12.64,18.99,MAR 2026,1,1
215-384-0,Paddington Lane No 1 Dry Rose,750,6,90.88,15.15,22.99,MAR 2026,1,1
215-385-9,Paddington Lane No 2 Sav Rose,750,6,90.88,15.15,22.99,MAR 2026,1,1
215-383-1,Paddington Lane No 3 Soft Rose,750,6,90.88,15.15,22.99,MAR 2026,1,1
215-357-3,Penfolds Max's Rose Geu,750,6,117.40,19.57,29.99,MAR 2026,1,1
215-313-6,Pepperjack Grenache Rose,750,6,98.89,16.48,24.99,MAR 2026,1,1
215-104-9,Petaluma W/Label Rose,750,6,103.96,17.33,26.99,MAR 2026,1,1
215-192-2,Pierre D'amour Rose,750,6,64.07,10.68,15.99,MAR 2026,1,1
215-116-5,Pikes Luccio Sangiovese Rose,750,6,91.94,15.32,23.99,MAR 2026,3,1
215-303-8,Plus & Minus Zero Alc Rose,750,6,53.95,8.99,13.99,MAR 2026,6,1
215-420-6,Ponting Rianna Rose,750,6,105.72,17.62,,MAR 2026,6,1
215-376-0,Quilty & Gransden Rose,750,6,68.31,11.39,17.99,MAR 2026,6,1
215-086-1,Raw Vine Org Pf Rose,750,6,83.14,13.86,20.99,MAR 2026,3,1
215-360-8,Red Hill Estate Rose,750,6,88.95,14.83,22.99,MAR 2026,6,1
215-657-0,Richland Pink Moscato N/V,750,12,108.10,9.01,13.99,MAR 2026,1,1
215-304-7,Rosabel Rose,750,6,85.59,14.27,21.99,MAR 2026,3,1
215-217-3,Rumours Rose,750,12,44.53,3.71,5.99,MAR 2026,12,1
215-035-3,Sacred Hill Rose,750,12,60.86,5.07,7.99,MAR 2026,12,1
215-333-2,Saint & Scholar Rose,750,12,201.18,16.77,25.99,MAR 2026,1,1
215-395-7,Second Nature Rose,750,12,139.62,11.64,17.99,MAR 2026,12,1
215-130-7,Sheep Shape Rose,750,12,91.78,7.65,11.99,MAR 2026,6,1
215-324-3,Squealing Pig P/Noir Rose 1.5l,1500,6,178.57,29.76,45.99,MAR 2026,1,1
215-059-4,Squealing Pig Rose,750,6,77.94,12.99,19.99,MAR 2026,1,1
215-399-3,Squealing Pig Rose Can,250,24,102.10,17.02,,MAR 2026,24,4
215-382-2,Squealing Pig Zero Rose 375ml,375,12,93.42,7.79,11.99,MAR 2026,12,1
215-402-8,St Aime Rose,750,6,76.05,12.68,19.99,MAR 2026,6,1
215-105-8,St Hallett Rose,750,6,74.29,12.38,18.99,MAR 2026,1,1
215-219-1,St Huberts Stag Rose,750,6,67.07,11.18,16.99,MAR 2026,3,1
215-323-4,Stonehaven Rose,750,12,97.59,8.13,12.99,MAR 2026,3,1
215-047-9,Stoneleigh Rose,750,6,68.73,11.46,17.99,MAR 2026,3,1
215-422-4,Stoney River Hawkes Bay Rose,750,6,64.76,10.79,16.99,MAR 2026,6,1
215-418-0,Sweet Caroline Pinot Rose,750,6,61.86,10.31,15.99,MAR 2026,6,1
215-071-8,T'gallant Cape Schanck Rose,750,6,82.70,13.78,20.99,MAR 2026,3,1
215-278-9,Take It To Grave Rose,750,6,76.05,12.68,19.99,MAR 2026,6,1
215-345-8,Tamburlaine Org Rose,750,12,151.32,12.61,18.99,MAR 2026,12,1
215-423-3,Tar & Roses Rose,750,12,192.15,16.01,24.99,MAR 2026,12,1
215-220-8,Tatachilla White Admiral Rose,750,6,48.32,8.05,11.99,MAR 2026,1,1
215-097-8,Taylor Made Pinot Noir Rose,750,6,95.27,15.88,23.99,MAR 2026,3,1
215-083-4,Taylors Estate Rose,750,6,84.20,14.03,,MAR 2026,3,1
215-365-3,Taylors Promised Land Rose,750,6,59.44,9.91,14.99,MAR 2026,6,1
215-297-6,Tempus Two Silver Rose,750,6,47.58,7.93,11.99,MAR 2026,3,1
215-054-9,Tempus Two Varietal Rose,750,6,57.38,9.56,14.99,MAR 2026,3,1
215-358-2,Tempus Two Varietals Rose,1500,6,117.35,19.56,29.99,MAR 2026,3,1
215-413-5,Terres De St Louis Rose,750,12,166.35,13.86,20.99,MAR 2026,12,1
215-381-3,The Aromantiques Rose,750,6,117.33,19.56,29.99,MAR 2026,3,1
215-299-4,The Drover Rose,750,12,39.93,3.33,4.99,MAR 2026,12,1
215-314-5,The Hero Pres/F Rose,750,6,70.24,11.71,17.99,MAR 2026,6,1
215-279-8,Tread Softly Rose,750,6,65.73,10.96,16.99,MAR 2026,6,1
215-379-7,Twelve Signs Rose,750,12,110.88,9.24,13.99,MAR 2026,12,1
215-139-8,Upside Down Rose,750,6,53.50,8.92,13.99,MAR 2026,1,1
215-239-7,Vasse Felix Classic Dry Rose,750,12,157.44,13.12,19.99,MAR 2026,12,1
215-415-3,Villa Teresa Rose,750,12,145.32,12.11,18.99,MAR 2026,12,1
215-325-2,Vine Hill Rose,750,12,185.70,15.48,23.99,MAR 2026,1,1
215-113-8,Warburn Estate Rose,750,6,43.00,7.17,10.99,MAR 2026,6,1
215-296-7,Wild Fox Organic Rose,750,6,72.90,12.15,18.99,MAR 2026,6,1
215-361-7,Wild Oats Rose,750,6,76.05,12.68,19.99,MAR 2026,6,1
215-267-2,Wild Olive Organic Rose,750,6,96.12,16.02,24.99,MAR 2026,3,1
215-366-2,Wildflower Rose,750,6,80.56,13.43,20.99,MAR 2026,6,1
215-191-3,Willowglen Rose,750,12,57.26,4.77,6.99,MAR 2026,1,1
215-117-4,Wine Gang Rose,750,6,34.26,5.71,8.99,MAR 2026,6,1
215-232-4,Wolf Blass Mp Reserve Rose,750,6,93.80,15.63,23.99,MAR 2026,3,1
215-348-5,Wolf Blass Zero Alc Rose,750,6,45.74,7.62,11.99,MAR 2026,3,1
215-390-2,X Provence Rose,750,12,198.60,16.55,24.99,MAR 2026,12,1
215-210-0,Y Series Rose,750,12,120.27,10.02,14.99,MAR 2026,1,1
215-137-0,Yellow Tail Rose,750,12,81.75,6.81,9.99,MAR 2026,1,1
215-294-9,Zilzie Btw Rose,750,12,101.85,8.49,12.99,MAR 2026,12,1
215-194-0,Zilzie Reg Coll Rose,750,6,77.34,12.89,19.99,MAR 2026,6,1
215-781-9,Zilzie Selection 23 Rose,750,12,101.85,8.49,12.99,MAR 2026,12,1
215-335-0,Zonte's Ladybird Rose,750,6,95.40,15.90,23.99,MAR 2026,1,1
220-186-0,Brown Bros Dry Red N/V,10000,1,56.28,56.28,71.99,MAR 2026,1,1
220-152-0,Brown Bros Dry White N/V,10000,1,50.09,50.09,63.99,MAR 2026,1,1
220-159-3,De Bortoli G/Seal Dry Red,15000,1,48.84,48.84,62.99,MAR 2026,1,1
220-157-5,De Bortoli G/Seal Fresh D/W,15000,1,48.84,48.84,62.99,MAR 2026,1,1
220-001-3,De Bortoli Prem Col/Chard 15lt,15000,1,66.14,66.14,84.99,MAR 2026,1,1
220-005-9,De Bortoli Tawny Port 15 Ltr,15000,1,73.78,73.78,113.99,MAR 2026,1,1
225-063-7,Banrock Stat. Cabernet Merlot,2000,6,61.67,10.28,13.99,MAR 2026,6,1
225-064-6,Banrock Stat. Chardonnay,2000,6,61.67,10.28,13.99,MAR 2026,6,1
225-056-6,Banrock Stat. Crim Cabernet,2000,6,61.67,10.28,13.99,MAR 2026,6,1
225-058-4,Banrock Stat. Rose,2000,6,61.67,10.28,13.99,MAR 2026,6,1
225-057-5,Banrock Stat. Sauv Blanc,2000,6,61.67,10.28,13.99,MAR 2026,6,1
225-060-0,Banrock Stat. Shiraz,2000,6,61.67,10.28,13.99,MAR 2026,6,1
225-059-3,Banrock Stat. Shiraz Cabernet,2000,6,61.67,10.28,13.99,MAR 2026,6,1
225-041-4,Banrock Stat. Still Moscato,2000,6,61.67,10.28,15.99,MAR 2026,6,1
225-226-1,Banta Box Chardonnay,2000,6,59.82,9.97,13.99,MAR 2026,6,1
225-166-3,Banta Box Pinot Grigio,2000,6,59.82,9.97,14.99,MAR 2026,6,1
225-168-1,Banta Box Sauvignon Blanc,2000,6,59.82,9.97,14.99,MAR 2026,6,1
225-164-5,Banta Box Shiraz,2000,6,59.82,9.97,14.99,MAR 2026,6,1
225-175-2,Berri Classic Dry White NeW,5000,2,31.67,15.84,21.99,MAR 2026,2,1
225-176-1,Berri Crisp Dry White NeW,5000,2,31.67,15.84,21.99,MAR 2026,2,1
225-177-0,Berri Dolce Bianco NeW,5000,2,31.67,15.84,21.99,MAR 2026,2,1
225-178-9,Berri Dolce Rosso NeW,5000,2,31.67,15.84,21.99,MAR 2026,2,1
225-179-8,Berri Fresh Dry White NeW,5000,2,31.67,15.84,21.99,MAR 2026,2,1
225-185-0,Berri Fruity Gordo NeW,5000,2,31.67,15.84,21.99,MAR 2026,2,1
225-180-5,Berri Rose NeW,5000,2,31.67,15.84,21.99,MAR 2026,2,1
225-172-5,Berri Traditional Dry Red NeW,5000,2,31.67,15.84,21.99,MAR 2026,2,1
225-197-6,Coolabah Crisp Dry White 5l,5000,2,27.75,13.88,18.99,MAR 2026,2,1
225-234-1,Coolabah Dolce Rosso 5l,5000,2,27.75,13.88,18.99,MAR 2026,2,1
225-199-4,Coolabah Dry Red 5l,5000,2,27.75,13.88,18.99,MAR 2026,2,1
225-196-7,Coolabah Fresh Dry White 5l,5000,2,27.75,13.88,18.99,MAR 2026,2,1
225-194-9,Coolabah Soft Frt/White 5l,5000,2,27.75,13.88,18.99,MAR 2026,2,1
225-193-0,Coolabah Sweet Fruity White 5l,5000,2,27.75,13.88,18.99,MAR 2026,2,1
225-107-5,De Bortoli G/Seal Dry Red,4000,3,47.52,15.84,21.99,MAR 2026,3,1
225-109-3,De Bortoli G/Seal Fresh D/W,4000,3,47.52,15.84,21.99,MAR 2026,3,1
225-106-6,De Bortoli Prem Cab/Merlot,4000,3,51.38,17.13,23.99,MAR 2026,3,1
225-105-7,De Bortoli Prem Chardonnay,4000,3,51.38,17.13,23.99,MAR 2026,3,1
225-095-9,De Bortoli Prem Colomb/Chard,4000,3,51.38,17.13,23.99,MAR 2026,3,1
225-096-8,De Bortoli Prem Pinot Grigio,4000,3,51.38,17.13,23.99,MAR 2026,3,1
225-141-3,De Bortoli Prem Res Cab/Merlot,2000,6,58.45,9.74,13.99,MAR 2026,6,1
225-112-8,De Bortoli Prem Res Cab/Sauv,2000,6,58.45,9.74,13.99,MAR 2026,6,1
225-214-5,De Bortoli Prem Res Chardonnay,2000,6,58.45,9.74,13.99,MAR 2026,6,1
225-345-7,De Bortoli Prem Res Merlot,2000,6,58.45,9.74,13.99,MAR 2026,6,1
225-181-4,De Bortoli Prem Res P/Grigio,2000,6,58.45,9.74,13.99,MAR 2026,6,1
225-001-2,De Bortoli Prem Res S/Blanc,2000,6,58.45,9.74,14.99,MAR 2026,6,1
225-151-0,De Bortoli Prem Res S/S/Blanc,2000,6,58.45,9.74,13.99,MAR 2026,6,1
225-131-5,De Bortoli Prem Res Shiraz,2000,6,58.45,9.74,13.99,MAR 2026,6,1
225-321-5,De Bortoli Prem Res Verdelho,2000,6,58.45,9.74,13.99,MAR 2026,6,1
225-097-7,De Bortoli Prem Sem Chard,4000,3,51.38,17.13,23.99,MAR 2026,3,1
225-098-6,De Bortoli Prem Sem/Sauv/Blanc,4000,3,51.38,17.13,23.99,MAR 2026,3,1
225-099-5,De Bortoli Prem Shiraz Press 4,4000,3,51.38,17.13,23.99,MAR 2026,3,1
225-094-0,De Bortoli Prem Shiraz/Cab,4000,3,51.38,17.13,23.99,MAR 2026,3,1
225-103-9,De Bortoli Prem Tram Ries,4000,3,51.38,17.13,23.99,MAR 2026,3,1
225-104-8,De Bortoli Prem Verdelho,4000,3,51.38,17.13,23.99,MAR 2026,3,1
225-150-1,Dee Vine Classic Dry Red Cask,4000,4,33.09,8.27,11.99,MAR 2026,4,1
225-152-9,Dee Vine Crisp Dry White Cask,4000,4,33.09,8.27,11.99,MAR 2026,4,1
225-154-7,Dee Vine Fruity Lexia Cask,4000,4,33.09,8.27,11.99,MAR 2026,4,1
225-155-6,Dee Vine Soft Fruity Red Cask,4000,4,33.09,8.27,11.99,MAR 2026,4,1
225-156-5,Dee Vine Soft Fruity Whte Cask,4000,4,33.09,8.27,11.99,MAR 2026,4,1
225-235-0,Fat Bastard Chardonnay Bagnum,1500,6,140.55,23.43,,MAR 2026,6,1
225-210-9,Hardys Vr Cab Sauv 3l Cask,3000,4,49.07,12.27,18.99,MAR 2026,4,1
225-208-3,Hardys Vr Chardonnay 3l Cask,3000,4,49.07,12.27,18.99,MAR 2026,4,1
225-209-2,Hardys Vr Sauv Blanc 3l Cask,3000,4,49.07,12.27,18.99,MAR 2026,4,1
225-563-2,Jimberoo Valley Crisp Dry Wht,4500,4,43.64,10.91,14.99,MAR 2026,4,1
225-047-8,Jimberoo Valley Fruity Lexia,4500,4,43.64,10.91,14.99,MAR 2026,4,1
225-013-8,Jimberoo Valley Soft Dry Red,4500,4,43.64,10.91,14.99,MAR 2026,4,1
225-493-7,Jimberoo Valley Soft Frt/Wht,4500,4,43.64,10.91,14.99,MAR 2026,4,1
225-006-7,Kooba Crisp Dry White,4000,4,35.68,8.92,11.99,MAR 2026,4,1
225-012-9,Kooba Dry Red,4000,4,35.68,8.92,11.99,MAR 2026,4,1
225-011-0,Kooba Fruity Lexia,4000,4,35.68,8.92,11.99,MAR 2026,4,1
225-014-7,Kooba Soft Fruity Red,4000,4,35.68,8.92,11.99,MAR 2026,4,1
225-009-4,Kooba Soft Fruity White,4000,4,35.68,8.92,11.99,MAR 2026,4,1
225-007-6,Kooba Sweet Fruity White,4000,4,35.68,8.92,11.99,MAR 2026,4,1
225-233-2,Mimi Crisp Dry White 5l,5000,2,25.77,12.89,17.99,MAR 2026,2,1
225-230-5,Mimi Dolce Bianco 5l,5000,2,25.77,12.89,17.99,MAR 2026,2,1
225-232-3,Mimi Dry Red 5l,5000,2,25.77,12.89,17.99,MAR 2026,2,1
225-229-8,Mimi Fresh Dry White 5l,5000,2,25.77,12.89,17.99,MAR 2026,2,1
225-227-0,Mimi Soft Fruity White 5l,5000,2,25.77,12.89,17.99,MAR 2026,2,1
225-799-8,Sovereign Pt Classic Dry Red,4400,4,39.90,9.98,13.99,MAR 2026,4,1
225-998-7,Sovereign Pt Crisp Dry White,4400,4,39.90,9.98,13.99,MAR 2026,4,1
225-989-8,Sovereign Pt Fruity Lexia 4.4l,4400,4,39.90,9.98,13.99,MAR 2026,4,1
225-788-1,Sovereign Pt Soft Fruity Red,4400,4,39.90,9.98,13.99,MAR 2026,4,1
225-999-6,Sovereign Pt Soft Fruity White,4400,4,39.90,9.98,13.99,MAR 2026,4,1
225-035-2,Spring Rock Crisp Dr White,4000,4,38.24,9.56,14.99,MAR 2026,4,1
225-036-1,Spring Rock Fruity White,4000,4,38.24,9.56,14.99,MAR 2026,4,1
225-034-3,Spring Rock Med.Dr White,4000,4,38.24,9.56,14.99,MAR 2026,4,1
225-037-0,Spring Rock Smooth Dr Red,4000,4,38.24,9.56,14.99,MAR 2026,4,1
225-184-1,Stanley Chardonnay New,4000,4,50.40,12.60,17.99,MAR 2026,4,1
225-186-9,Stanley Classic Dry White New,4000,4,50.40,12.60,17.99,MAR 2026,4,1
225-188-7,Stanley Fresh Dry White New,4000,4,50.40,12.60,17.99,MAR 2026,4,1
225-187-8,Stanley Red Dolce Rosso New,4000,4,50.40,12.60,17.99,MAR 2026,4,1
225-189-6,Stanley Trad Dry Red New,4000,4,50.40,12.60,17.99,MAR 2026,4,1
225-032-5,Warburn Prem. Cabernet Merlot,4000,2,27.71,13.86,18.99,MAR 2026,2,1
225-044-1,Warburn Prem. Chardonnay,4000,2,27.71,13.86,18.99,MAR 2026,2,1
225-033-4,Warburn Prem. Sem Sauv Blanc,4000,2,27.71,13.86,18.99,MAR 2026,2,1
225-038-9,Warburn Prem. Shiraz Cabernet,4000,2,27.71,13.86,18.99,MAR 2026,2,1
225-973-6,Winesmiths Premium Cab Merlot,2000,6,71.67,11.95,16.99,MAR 2026,6,1
225-970-9,Winesmiths Premium Cab Sauv,2000,6,71.67,11.95,16.99,MAR 2026,6,1
225-967-4,Winesmiths Premium Chardonnay,2000,6,71.67,11.95,16.99,MAR 2026,6,1
225-972-7,Winesmiths Premium Merlot,2000,6,71.67,11.95,16.99,MAR 2026,6,1
225-928-2,Winesmiths Premium P/Grigio,2000,6,71.67,11.95,16.99,MAR 2026,6,1
225-965-6,Winesmiths Premium Riesling,2000,6,71.67,11.95,16.99,MAR 2026,6,1
225-118-2,Winesmiths Premium Rose,2000,6,71.67,11.95,17.99,MAR 2026,6,1
225-008-5,Winesmiths Premium Sauv Blanc,2000,6,71.67,11.95,16.99,MAR 2026,6,1
225-971-8,Winesmiths Premium Shiraz,2000,6,71.67,11.95,16.99,MAR 2026,6,1
225-968-3,Winesmiths Premium Ssb,2000,6,71.67,11.95,16.99,MAR 2026,6,1
225-982-5,Winesmiths Traditional Cdr,2000,6,65.08,10.85,14.99,MAR 2026,6,1
225-978-1,Winesmiths Traditional Cdw,2000,6,65.08,10.85,14.99,MAR 2026,6,1
225-054-8,Winesmiths Traditional Col/Crd,2000,6,65.08,10.85,14.99,MAR 2026,6,1
225-053-9,Winesmiths Traditional F/White,2000,6,65.08,10.85,14.99,MAR 2026,6,1
230-392-9,19 Crimes Blanc De Blanc,750,6,63.98,10.66,15.99,MAR 2026,3,1
230-555-2,19 Crimes Cali Gold Spk 750ml,750,6,65.83,10.97,16.99,MAR 2026,6,1
230-675-7,19 Crimes Sparkling,750,6,63.98,10.66,15.99,MAR 2026,6,1
230-111-9,A.Garrett Nv Spk Shiraz,750,6,66.24,11.04,16.99,MAR 2026,6,1
230-453-5,A.Garrett Nv Spk Shiraz 200ml,200,24,99.73,12.47,18.99,MAR 2026,24,3
230-382-1,A.Garrett Sparkling Rose,750,6,66.24,11.04,16.99,MAR 2026,6,1
230-595-4,Allegiance Fortuity Prosecco,750,12,159.90,13.33,20.99,MAR 2026,12,1
230-598-1,Allegiance Fortuity Sparkling,750,12,159.90,13.33,20.99,MAR 2026,12,1
230-597-2,Allegiance Fortuity Spk Shz,750,12,159.90,13.33,20.99,MAR 2026,12,1
230-613-2,Allegra Prosecco,750,6,73.47,12.25,13.99,MAR 2026,6,1
230-169-0,Angas Brut Nv,750,6,50.53,8.42,12.99,MAR 2026,1,1
230-314-4,Angove Long Row Cuvee Brut,750,12,83.48,6.96,10.99,MAR 2026,12,1
230-119-1,Angove Long Row Spk Cuvee Brut,200,24,73.36,3.06,4.99,MAR 2026,24,1
230-322-4,Angove Organic Cuvee,200,24,82.21,3.43,4.99,MAR 2026,24,1
230-133-3,Angove Organic Cuvee,750,6,62.20,10.37,15.99,MAR 2026,6,1
230-418-9,Arras Blanc De Blanc Nv Onprem,750,6,170.54,28.42,43.99,MAR 2026,3,1
230-018-3,Arras Brut Elite,750,6,229.36,38.23,58.99,MAR 2026,3,1
230-608-9,Arras Brut Rose,750,6,231.81,38.64,45.99,MAR 2026,6,1
230-186-9,Arras Grand Vintage,750,6,459.76,76.63,117.99,MAR 2026,3,1
230-559-8,Atmata Organic Sparkling,750,6,71.81,11.97,17.99,MAR 2026,6,1
230-316-2,Aurelia Prosecco,750,6,81.21,13.54,20.99,MAR 2026,3,1
230-358-1,Aurelia Prosecco Piccolo,200,24,109.59,4.57,6.99,MAR 2026,24,1
230-315-3,Babydoll Sparkling Blush,750,6,107.65,17.94,27.99,MAR 2026,6,1
230-640-9,Belena Arancia Spritz,750,6,87.19,14.53,21.99,MAR 2026,6,1
230-639-2,Belena Limoncello Spritz,750,6,87.19,14.53,21.99,MAR 2026,6,1
230-646-3,Belena Passionfruit Spritz,750,6,87.19,14.53,21.99,MAR 2026,6,1
230-590-9,Belena Prosecco,750,6,87.19,14.53,21.99,MAR 2026,1,1
230-648-1,Belena Raspberry Spritz,750,6,87.19,14.53,21.99,MAR 2026,6,1
230-506-2,Berton Metal Brut Cuvee 200ml,200,24,79.95,3.33,4.99,MAR 2026,24,1
230-385-8,Bird In Hand Sparkling,750,6,123.78,20.63,31.99,MAR 2026,6,1
230-386-7,Bird In Hand Sparkling Piccolo,200,24,163.77,20.47,31.99,MAR 2026,24,3
230-006-7,Brown Bros Mosc/Rosa Spk 4pk,200,24,90.49,15.08,22.99,MAR 2026,24,4
230-008-5,Brown Bros Moscato Spk N/V 4pk,200,24,90.49,15.08,22.99,MAR 2026,24,4
230-454-4,Brown Bros Origins Prosecco,750,6,75.63,12.61,18.99,MAR 2026,6,1
230-619-6,Brown Bros P/Fruit Van/Lim Spz,750,6,81.88,13.65,20.99,MAR 2026,6,1
230-673-9,Brown Bros Pas/Van/Lim Spz Can,250,24,91.78,15.30,23.99,MAR 2026,24,4
230-244-9,Brown Bros Prem Cuvee Rose Nv,750,6,100.40,16.73,25.99,MAR 2026,6,1
230-025-4,Brown Bros Premium Cuvee N/V,750,6,100.40,16.73,25.99,MAR 2026,6,1
230-680-0,Brown Bros Prosecco 4pk Zero,200,24,90.35,15.06,22.99,MAR 2026,24,4
230-618-7,Brown Bros Prosecco Mid Nv,750,6,89.31,14.89,22.99,MAR 2026,6,1
230-685-5,Brown Bros Prosecco Mid Nv Can,250,24,91.78,15.30,23.99,MAR 2026,24,4
230-472-2,Brown Bros Prosecco Nv,750,6,72.85,12.14,18.99,MAR 2026,6,1
230-055-7,Brown Bros Prosecco Nv 4pk,200,24,90.49,15.08,22.99,MAR 2026,24,4
230-615-0,Brown Bros Prosecco Nv Cans,250,24,91.78,3.82,5.99,MAR 2026,24,1
230-404-5,Brown Bros Prosecco Prem Brut,750,6,92.97,15.50,23.99,MAR 2026,6,1
230-457-1,Brown Bros Prosecco Rose 4pk,200,24,90.49,15.08,22.99,MAR 2026,24,4
230-267-1,Brown Bros Prosecco Spritz,750,6,72.85,12.14,18.99,MAR 2026,6,1
230-455-3,Brown Bros Prosecco Zero,750,6,66.07,11.01,16.99,MAR 2026,6,1
230-824-7,Brown Bros Spark Moscato Rosa,750,6,75.63,12.61,18.99,MAR 2026,6,1
230-731-9,Brown Bros Sparkling Moscato,750,6,75.63,12.61,18.99,MAR 2026,6,1
230-132-4,Brown Bros Zibibbo N/V,750,6,71.92,11.99,17.99,MAR 2026,6,1
230-342-0,Brown Bros Zibibbo Rosa N/V,750,6,71.92,11.99,17.99,MAR 2026,6,1
230-369-8,Bunnamagoo Pinot Chardonnay,750,6,134.03,22.34,33.99,MAR 2026,1,1
230-073-5,Chalk Hill Bubble On Premise,750,12,72.10,6.01,8.99,MAR 2026,12,1
230-184-1,Chandon Blanc De Blanc Nv,750,6,138.61,23.10,35.99,MAR 2026,3,1
230-044-1,Chandon Brut Non Vintage,750,6,138.61,23.10,35.99,MAR 2026,3,1
230-465-1,Chandon Garden Spritz,750,6,137.91,22.99,34.99,MAR 2026,3,1
230-421-4,Chandon Non Vintage Rose,750,6,138.61,23.10,35.99,MAR 2026,3,1
230-447-4,Chandon Vintage Brut,750,6,224.72,37.45,57.99,MAR 2026,1,1
230-534-8,Cow Punk Natural Pet Nat,750,6,112.17,18.70,28.99,MAR 2026,3,1
230-068-2,Craigmoor Nv Sparkling 200ml,200,24,90.24,3.76,5.99,MAR 2026,24,1
230-157-4,Craigmoor Spk P/Noir Chard N/V,750,12,125.07,10.42,15.99,MAR 2026,3,1
230-165-4,Craigmoor Spk. Rose 200mL,200,24,90.24,3.76,5.99,MAR 2026,24,1
230-754-1,Croser Nv,750,6,116.00,19.33,29.99,MAR 2026,3,1
230-581-0,Croser Nv Blanc De Blanc,750,6,148.18,24.70,37.99,MAR 2026,3,1
230-195-8,Croser Rose Nv,750,6,116.00,19.33,29.99,MAR 2026,3,1
230-037-0,Croser Vintage,750,6,168.50,28.08,42.99,MAR 2026,3,1
230-406-3,Dal Zotto Pucino Prosecco,750,6,95.98,16.00,24.99,MAR 2026,1,1
230-659-7,Dalwood Hunter River Sparkling,750,12,198.60,16.55,24.99,MAR 2026,12,1
230-572-1,Db Sparkling Pinot Noir,750,6,99.41,16.57,25.99,MAR 2026,3,1
230-575-8,Db Winemakers Sparkling,750,6,44.45,7.41,10.99,MAR 2026,3,1
230-139-7,De Bortoli K/V Prosecco,750,6,76.51,12.75,19.99,MAR 2026,6,1
230-318-0,De Bortoli K/V Prosecco Picc,200,24,84.46,3.52,4.99,MAR 2026,24,1
230-393-8,De Bortoli Prosecco Rose,750,6,76.51,12.75,19.99,MAR 2026,6,1
230-241-2,De Bortoli Woodfired Sk Shiraz,750,6,91.36,15.23,22.99,MAR 2026,3,1
230-187-8,Dee Vine Estate Brut Cuvee Nv,750,12,61.86,5.16,7.99,MAR 2026,12,1
230-477-7,Devils Corner Nv Sparkling,750,6,107.26,17.88,27.99,MAR 2026,6,1
230-077-1,Divici Prosecco,750,6,108.73,18.12,27.99,MAR 2026,3,1
230-533-9,Divici Prosecco Rose,750,6,108.73,18.12,27.99,MAR 2026,3,1
230-679-3,Drop Of Sunshine Prosecco,750,6,68.25,11.38,17.99,MAR 2026,6,1
230-784-5,Dunes Spark Chard Pn 200ml,200,24,82.16,3.42,4.99,MAR 2026,12,1
230-105-7,Emeri Chard Pinot Noir 6x4pk,200,24,77.55,12.93,17.99,MAR 2026,24,4
230-566-9,Este Cuvee,750,6,99.78,16.63,25.99,MAR 2026,3,1
230-435-8,Farm Hand Blanc De Blanc,750,6,61.21,10.20,15.99,MAR 2026,1,1
230-544-6,Fiumara Pink Velvet,750,6,82.50,13.75,20.99,MAR 2026,6,1
230-374-1,Fizzero Zero Alcohol Spk Rose,750,6,53.01,8.84,13.99,MAR 2026,6,1
230-375-0,Fizzero Zero Alcohol Spk White,750,6,53.01,8.84,13.99,MAR 2026,6,1
230-609-8,Four Sisters Prosecco,750,6,63.79,10.63,,MAR 2026,6,1
230-412-5,G/Burge Petite Bubbles Rose Nv,750,6,75.49,12.58,18.99,MAR 2026,3,1
230-149-5,Georg Jensen Hallmark Cuvee,750,6,157.52,26.25,39.99,MAR 2026,1,1
230-400-9,Georg Jensen Sparkling Rose,750,6,151.80,25.30,38.99,MAR 2026,3,1
230-353-6,Ghm Bubbly Sparkling,750,12,74.76,6.23,9.99,MAR 2026,12,1
230-629-4,Gossips Brut Cuvee,750,6,34.47,5.75,8.99,MAR 2026,6,1
230-238-7,Grandin Brut,750,6,80.56,13.43,20.99,MAR 2026,3,1
230-365-2,Grant Burge P/N Chard 750ml Nv,750,6,93.31,15.55,23.99,MAR 2026,3,1
230-371-4,Grant Burge P/N Chard Nv Picc,200,24,163.48,6.81,9.99,MAR 2026,24,1
230-347-5,Grant Burge P/N Chard Rose Nv,750,6,93.31,15.55,23.99,MAR 2026,3,1
230-228-9,Grant Burge Petite Bubbles,750,6,75.49,12.58,18.99,MAR 2026,3,1
230-436-7,Grant Burge Prosecco Nv,750,6,87.40,14.57,21.99,MAR 2026,6,1
230-437-6,Grant Burge Prosecco Rose Nv,750,6,87.40,14.57,21.99,MAR 2026,6,1
230-580-1,Grant Burge Spkl Shiraz Nv,750,6,93.31,15.55,23.99,MAR 2026,6,1
230-623-0,Grant Burge Zero Alc Prosecco,750,6,91.56,15.26,23.99,MAR 2026,6,1
230-602-5,H&L Nv Cuvee Blanc,750,12,136.68,11.39,17.99,MAR 2026,12,1
230-591-8,Hare And Tortoise Prosecco,750,12,154.09,12.84,19.99,MAR 2026,1,1
230-095-9,Head Over Heels Brut Cuvee Nv,750,12,63.69,5.31,7.99,MAR 2026,3,1
230-007-6,Houghton Sparkling Classic,750,6,50.72,8.45,12.99,MAR 2026,6,1
230-198-5,Innocent Bystander Prosecco Nv,750,6,89.31,14.89,22.99,MAR 2026,6,1
230-366-1,J/Creek Chard P/Noir Picc N/V,200,24,73.43,3.06,4.99,MAR 2026,24,1
230-527-7,J/Creek Spk Chapin Nv 200ml 3p,200,24,73.43,9.18,13.99,MAR 2026,24,3
230-301-9,Jacobs Creek Chard Pinot Noir,750,6,49.07,8.18,12.99,MAR 2026,3,1
230-130-6,Jacobs Creek Prosecco,750,6,67.14,11.19,16.99,MAR 2026,6,1
230-000-3,Jacobs Creek Res Chard P/Noir,750,6,67.14,11.19,16.99,MAR 2026,3,1
230-311-7,Jacobs Creek Spark Rose,750,6,49.07,8.18,12.99,MAR 2026,3,1
230-498-2,Jacobs Creek Spk Mos/Rose8x3nv,200,24,73.43,9.18,13.99,MAR 2026,24,3
230-622-1,Jacobs Creek Spk Moswht 8x3 Nv,200,24,73.43,9.18,13.99,MAR 2026,24,3
230-864-8,Jansz N/V Cuvee,750,6,135.98,22.66,34.99,MAR 2026,3,1
230-388-5,Jansz Rose Non Vintage,750,6,135.98,22.66,34.99,MAR 2026,6,1
230-080-6,Jean Pierre Brut,750,6,39.16,6.53,9.99,MAR 2026,6,1
230-403-6,Jean Pierre Classique,750,6,39.16,6.53,9.99,MAR 2026,6,1
230-599-0,Kindred Sparkling,750,12,95.40,7.95,11.99,MAR 2026,12,1
230-190-3,La Boheme Cuvee,750,6,91.71,15.29,23.99,MAR 2026,3,1
230-329-7,La Boheme Cuvee Rose,750,6,91.71,15.29,23.99,MAR 2026,6,1
230-450-8,La Gioiosa Prosecco,750,6,128.29,21.38,,MAR 2026,3,1
230-523-1,La Gioiosa Prosecco Treviso,200,12,78.63,6.55,9.99,MAR 2026,12,1
230-518-8,La Maschera Prosecco,750,6,92.17,15.36,23.99,MAR 2026,3,1
230-398-3,La Sagra Prosecco,750,6,67.02,11.17,16.99,MAR 2026,6,1
230-617-8,Lambrook Emerson Spkl P/Noir,750,6,182.08,30.35,46.99,MAR 2026,6,1
230-616-9,Lambrook Spark Spkl P/Noir Nv,750,6,103.07,17.18,25.99,MAR 2026,6,1
230-676-6,Lemsecco Blood Orange Spritz,750,6,66.71,11.12,16.99,MAR 2026,6,1
230-636-5,Lemsecco Spritz,750,6,66.71,11.12,16.99,MAR 2026,6,1
230-350-9,Leonard Road Sparkling,750,6,34.19,5.70,8.99,MAR 2026,1,1
230-621-2,Limoncello Spritz,750,6,91.71,15.29,23.99,MAR 2026,6,1
230-672-0,Limoncello Spritz Piccolo,200,24,102.13,4.26,6.99,MAR 2026,24,1
230-556-1,Little Ripples Spk White Wine,750,6,100.56,16.76,25.99,MAR 2026,6,1
230-154-7,Lock & Key Sparkling,750,12,170.22,14.19,21.99,MAR 2026,12,1
230-348-4,Lost Farm Spk Pinot/Chard Nv,750,6,116.35,19.39,29.99,MAR 2026,3,1
230-652-4,Lucky Lips Prosecco,750,6,61.06,10.18,15.99,MAR 2026,6,1
230-651-5,Lucky Lips Prosecco S.Berry,750,6,61.06,10.18,15.99,MAR 2026,6,1
230-390-1,Martys Block Brut Nv,750,6,63.15,10.53,15.99,MAR 2026,1,1
230-490-0,Masterpeace Blanc De Blanc,750,12,94.11,7.84,11.99,MAR 2026,12,1
230-492-8,Masterpeace Blanc De Blanc Pic,200,24,79.92,3.33,4.99,MAR 2026,24,1
230-491-9,Masterpeace Moscato Spritz Pic,200,24,79.92,3.33,4.99,MAR 2026,24,1
230-458-0,McGuigan Black Label Spk Chard,750,6,43.23,7.21,10.99,MAR 2026,6,1
230-002-1,McGuigan Black Label Spk Shira,750,6,43.23,7.21,10.99,MAR 2026,3,1
230-359-0,McGuigan Zero Sparkling,750,6,45.52,7.59,11.99,MAR 2026,6,1
230-479-5,McGuigan Zero Sparkling Rose,750,6,45.52,7.59,11.99,MAR 2026,3,1
230-606-1,McPherson Sparkling Brut,750,12,113.07,9.42,10.99,MAR 2026,12,1
230-050-2,McW Markview Brut,750,12,78.39,6.53,9.99,MAR 2026,6,1
230-540-0,McW Markview Prosecco,750,12,71.16,5.93,8.99,MAR 2026,12,1
230-611-4,Minks Autumn Wind Cuvee Brut,750,6,71.75,11.96,17.99,MAR 2026,6,1
230-637-4,Mio Capello Prosecco,750,6,69.60,11.60,17.99,MAR 2026,6,1
230-361-6,Mojo Fizz Chard P/Noir Nv,750,6,78.63,13.11,19.99,MAR 2026,1,1
230-612-3,Mojo Prosecco,750,6,69.14,11.52,17.99,MAR 2026,6,1
230-236-9,Mollys Cradle Nv Premium Spark,750,6,91.29,15.22,22.99,MAR 2026,1,1
230-041-4,Mount Lawson Cuvee,750,12,134.42,11.20,16.99,MAR 2026,1,1
230-440-1,Mr Mick Clare Blanc De Blanc,750,6,69.60,11.60,17.99,MAR 2026,1,1
230-587-4,Mr Thomas Cuvee Blanc,750,12,67.66,5.64,8.99,MAR 2026,12,1
230-683-7,Mullet Hard Lemon,750,6,65.73,10.96,16.99,MAR 2026,6,1
230-665-9,Mullet Hard Moscato,750,6,65.73,10.96,16.99,MAR 2026,6,1
230-664-0,Mullet Hard Sparkly,750,6,65.73,10.96,16.99,MAR 2026,6,1
230-522-2,Mumm Tas Brut Nv,750,6,166.50,27.75,42.99,MAR 2026,3,1
230-411-6,Naturalis Organic Cuvee Brut,750,6,67.04,11.17,16.99,MAR 2026,3,1
230-138-8,Nepenthe Spark Prestige Cuvee,750,6,92.63,15.44,23.99,MAR 2026,1,1
230-452-6,Nugan Estate Sparkling Nv,750,6,85.86,14.31,21.99,MAR 2026,1,1
230-471-3,Oldbury Rd Chard P/Noir Nv,750,12,196.53,16.38,24.99,MAR 2026,3,1
230-459-9,Omni Blue,750,6,41.29,6.88,10.99,MAR 2026,6,1
230-654-2,Omni Non Vintage,750,6,41.29,6.88,10.99,MAR 2026,6,1
230-424-1,Organic Hill Pres Free Sk Rose,750,12,198.60,16.55,24.99,MAR 2026,1,1
230-331-3,Organic Hill Pres Free Sprklng,750,12,198.60,16.55,24.99,MAR 2026,1,1
230-419-8,Organic Hill Sparkling Shiraz,750,6,127.65,21.28,32.99,MAR 2026,3,1
230-733-7,Oyster Bay Spk Cuvee Brut N/V,750,6,97.63,16.27,24.99,MAR 2026,3,1
230-734-6,Oyster Bay Spk Cuvee Rose N/V,750,6,97.63,16.27,24.99,MAR 2026,3,1
230-269-9,Palliser Estate Pinot Noir,750,12,437.25,36.44,55.99,MAR 2026,1,1
230-114-6,Patricia Pinot Chardonnay Brut,750,6,226.78,37.80,57.99,MAR 2026,6,1
230-626-7,Penfolds Champagne Brut,750,6,333.40,55.57,85.99,MAR 2026,6,1
230-628-5,Penfolds Champagne Brut Gb,750,6,333.40,55.57,85.99,MAR 2026,6,1
230-536-6,Penfolds Thienot Champ Rose Gb,750,6,422.81,70.47,108.99,MAR 2026,1,1
230-600-7,Petaluma Second Bloom Pet Nat,750,6,97.25,16.21,18.99,MAR 2026,6,1
230-539-3,Pete's Pure Moscato,750,12,109.59,9.13,13.99,MAR 2026,12,1
230-538-4,Pete's Pure Prosecco,750,12,109.59,9.13,13.99,MAR 2026,12,1
230-473-1,Pirie Sparkling Non Vintage,750,6,141.32,23.55,35.99,MAR 2026,6,1
230-478-6,Plus & Minus Zero Alc Pros Can,250,24,76.95,12.83,19.99,MAR 2026,24,4
230-552-5,Plus & Minus Zero Alc Prosecco,750,6,53.95,8.99,13.99,MAR 2026,6,1
230-410-7,Plus & Minus Zero Alc Spkling,750,6,53.95,8.99,13.99,MAR 2026,1,1
230-271-5,Pol Roger Nv,750,6,556.57,92.76,142.99,MAR 2026,1,1
230-391-0,Pol Roger Sir Winston,750,3,1120.95,373.65,574.99,MAR 2026,1,1
230-500-8,Press & Bloom Prosecco,750,6,76.56,12.76,19.99,MAR 2026,6,1
230-409-0,Purple Flame Premium Brut,750,6,97.98,16.33,24.99,MAR 2026,3,1
230-126-2,Queen Adelaide Brut Nv,750,6,34.96,5.83,8.99,MAR 2026,6,1
230-483-9,Rare Penny Prosecco,750,6,56.82,9.47,14.99,MAR 2026,1,1
230-259-1,Raw Vine Org Pf Spk Bl D Blanc,750,6,83.14,13.86,20.99,MAR 2026,3,1
230-260-8,Raw Vine Org Pf Spk. Shiraz,750,6,83.14,13.86,20.99,MAR 2026,3,1
230-541-9,Red Hill Estate Prosecco,750,6,88.95,14.83,22.99,MAR 2026,6,1
230-514-2,Redbank Emily Brut Cuvee,750,6,59.51,9.92,14.99,MAR 2026,1,1
230-931-7,Richland Chard/Pinot Noir Spk,750,6,56.61,9.44,14.99,MAR 2026,3,1
230-594-5,Rochford Latitude Prosecco,750,12,166.91,13.91,20.99,MAR 2026,12,1
230-024-5,Rothbury Est Spk Cuvee N/V,750,6,35.38,5.90,8.99,MAR 2026,3,1
230-145-9,Sacred Hill Brut,750,6,33.85,5.64,8.99,MAR 2026,3,1
230-481-1,Saint & Scholar Sparkling,750,6,127.00,21.17,32.99,MAR 2026,1,1
230-287-7,Seaview Brut N/V,750,6,35.94,5.99,8.99,MAR 2026,3,1
230-282-2,Seaview Sparkling Shiraz,750,6,35.94,5.99,8.99,MAR 2026,3,1
230-367-0,Seppelt Fleur De Lys Nv P/Ch,750,6,52.55,8.76,12.99,MAR 2026,3,1
230-242-1,Seppelt Great Ent Pino/N/Ch/Nv,750,6,60.97,10.16,15.99,MAR 2026,3,1
230-276-0,Seppelt Great Ent Prosecco Nv,750,6,60.97,10.16,15.99,MAR 2026,3,1
230-249-4,Seppelt Original Spk Shiraz,750,6,104.66,17.44,26.99,MAR 2026,3,1
230-582-9,Seppelt Pierlot Brut Cuvee,750,6,122.14,20.36,30.99,MAR 2026,1,1
230-560-5,Seppelt Pierlot Spk Rose,750,6,121.07,20.18,30.99,MAR 2026,1,1
230-389-4,Seppelt Salinger Non Vintage,750,6,94.31,15.72,23.99,MAR 2026,3,1
230-094-0,Seppelt The Drives Sparkling,750,6,68.25,11.38,17.99,MAR 2026,1,1
230-152-9,Six Foot Six Prosecco,750,6,100.37,16.73,25.99,MAR 2026,6,1
230-468-8,Sobriety Society Blanc D Blanc,750,6,62.95,10.49,15.99,MAR 2026,1,1
230-671-1,Solara Prosecco,750,12,162.48,13.54,20.99,MAR 2026,12,1
230-584-7,Squealing Pig Mid Prosecco Nv,750,6,79.01,13.17,19.99,MAR 2026,3,1
230-335-9,Squealing Pig Prosecco,750,6,77.94,12.99,19.99,MAR 2026,3,1
230-593-6,Squealing Pig Prosecco Cans,250,24,102.10,4.25,6.99,MAR 2026,24,1
230-294-8,Squealing Pig Sparkling Rose,750,6,77.94,12.99,19.99,MAR 2026,3,1
230-630-1,Squealing Pig Squealini Lemon,750,6,77.94,12.99,19.99,MAR 2026,6,1
230-635-6,Squealing Pig Squealini Peach,750,6,77.94,12.99,19.99,MAR 2026,6,1
230-476-8,St Huberts Stag Blanc De Blanc,750,6,67.07,11.18,16.99,MAR 2026,3,1
230-310-8,Stonegate Chard/Pinot/Spark,750,12,82.21,6.85,10.99,MAR 2026,3,1
230-485-7,Strelley Farm Sparkling Pnc Nv,750,6,119.63,19.94,30.99,MAR 2026,3,1
230-610-5,T'gallant Aus Dry Prosecco Nv,750,6,78.06,13.01,14.99,MAR 2026,6,1
230-677-5,T'gallant Prosecco Nv 200ml,200,24,89.98,15.00,22.99,MAR 2026,24,4
230-426-9,T'gallant Prosecco Rose,750,6,78.06,13.01,19.99,MAR 2026,3,1
230-177-0,T'gallant Spark Pink Moscato,750,6,78.06,13.01,19.99,MAR 2026,3,1
230-179-8,T'gallant Sparkling Cpn,750,6,78.06,13.01,19.99,MAR 2026,3,1
230-164-5,Taltarni T Series Brut,750,6,83.79,13.97,21.99,MAR 2026,3,1
230-495-5,Tamburlaine Org High&Dry Spark,750,12,167.76,13.98,21.99,MAR 2026,12,1
230-494-6,Tamburlaine Pf Au Naturel Spar,750,12,180.21,15.02,22.99,MAR 2026,12,1
230-160-9,Tatachilla House Brut Nv,750,12,74.85,6.24,9.99,MAR 2026,1,1
230-004-9,Taylors Estate Sparkling,750,6,84.20,14.03,21.99,MAR 2026,3,1
230-414-3,Temple Bruer P/F Cuvee,750,6,93.59,15.60,23.99,MAR 2026,6,1
230-313-5,Tempus Silver Sp. Chard/P/Noir,750,6,47.58,7.93,11.99,MAR 2026,3,1
230-043-2,Tempus Two Blanc De Blanc 200m,200,24,89.68,3.74,5.99,MAR 2026,24,1
230-486-6,Tempus Two Copper Cuvee,750,6,102.67,17.11,25.99,MAR 2026,3,1
230-417-0,Tempus Two Lighten Up Prosecco,750,6,76.60,12.77,19.99,MAR 2026,3,1
230-480-2,Tempus Two Prosecco Mini,200,24,89.68,3.74,5.99,MAR 2026,24,1
230-090-4,Tempus Two Varietal Brut Rose,750,6,57.38,9.56,14.99,MAR 2026,3,1
230-291-1,Tempus Two Varietal Prosecco,750,6,57.38,9.56,14.99,MAR 2026,3,1
230-488-4,Tempus Two Zero Prosecco,750,6,57.71,9.62,14.99,MAR 2026,3,1
230-214-5,The Anchorage Bubbles,750,12,72.10,6.01,8.99,MAR 2026,3,1
230-429-6,Tread Softly Chard Pinot Brut,750,6,65.73,10.96,16.99,MAR 2026,1,1
230-684-6,Tread Softly Lemon Sorbet,750,6,65.73,10.96,16.99,MAR 2026,6,1
230-660-4,Tread Softly Peach Bellini,750,6,65.73,10.96,16.99,MAR 2026,6,1
230-370-5,Tread Softly Prosecco,750,6,65.73,10.96,16.99,MAR 2026,1,1
230-428-7,Tread Softly Prosecco Cans,250,24,86.37,14.40,21.99,MAR 2026,24,4
230-568-7,Tread Softly Prosecco Rose,750,6,65.73,10.96,16.99,MAR 2026,1,1
230-624-9,Trilogy Cuvee Brut N/V,750,6,56.70,9.45,14.99,MAR 2026,3,1
230-092-2,Twelve Signs Sparkling,750,12,110.88,9.24,13.99,MAR 2026,12,1
230-649-0,Twist'd Blood Orange Spritz,750,6,90.24,15.04,22.99,MAR 2026,6,1
230-650-6,Twist'd Lemon Spritz,750,6,90.24,15.04,22.99,MAR 2026,6,1
230-548-2,Tyrrells Hunter Vly P/Brut Nv,750,6,88.43,14.74,22.99,MAR 2026,3,1
230-427-8,Upside Down Prosecco,750,6,53.50,8.92,13.99,MAR 2026,3,1
230-243-0,Upside Down Sparkling Nv,750,6,53.50,8.92,13.99,MAR 2026,3,1
230-158-3,Vivo Chard Pinot Noir 6pk,750,6,33.64,5.61,8.99,MAR 2026,6,1
230-588-3,Wildflower Brut Cuvee,750,6,80.56,13.43,20.99,MAR 2026,6,1
230-449-2,Wildflower Prosecco,750,6,80.56,13.43,20.99,MAR 2026,3,1
230-464-2,Wine Of Fire Miracle Apple,750,6,94.11,15.69,23.99,MAR 2026,3,1
230-463-3,Wine Of Fire Rose S'berry,750,6,94.11,15.69,23.99,MAR 2026,3,1
230-462-4,Wine Of Fire Sky Blueberry,750,6,94.11,15.69,23.99,MAR 2026,3,1
230-460-6,Wine Of Fire Volcano Citrus,750,6,94.11,15.69,23.99,MAR 2026,3,1
230-739-1,Wolf Blass Red Lbl P/N Chd N/V,750,6,45.01,7.50,11.99,MAR 2026,3,1
230-755-0,Wolf Blass Red Lbl Pink Mos N/,750,6,45.01,7.50,11.99,MAR 2026,3,1
230-467-9,Wolf Blass Zero Cuvee,750,6,45.74,7.62,11.99,MAR 2026,3,1
230-176-1,Yarra Burn 200ml Prem Cuvee,200,24,96.04,4.00,5.99,MAR 2026,24,1
230-405-4,Yarra Burn Nv Prosecco Rose,750,6,62.23,10.37,15.99,MAR 2026,3,1
230-204-7,Yarra Burn Premium Cuvee,750,6,59.15,9.86,14.99,MAR 2026,3,1
230-332-2,Yarra Burn Premium Cuvee Rose,750,6,59.15,9.86,14.99,MAR 2026,3,1
230-666-8,Yarra Burn Prosc Nv Cans 250ml,250,24,98.71,16.45,24.99,MAR 2026,24,4
230-304-6,Yarra Burn Prosecco,750,6,62.23,10.37,15.99,MAR 2026,3,1
230-420-5,Yarra Burn Spk P/N Chard,750,6,104.14,17.36,26.99,MAR 2026,3,1
230-343-9,Yellow Tail Bubbles N/V,750,12,81.75,6.81,9.99,MAR 2026,3,1
230-744-4,Yellow Tail Bubbles Piccolo,200,24,65.73,2.74,3.99,MAR 2026,24,1
230-340-2,Yellow Tail Bubbles Rose N/V,750,12,81.75,6.81,9.99,MAR 2026,3,1
230-746-2,Yellow Tail Pink Bubbles Picc,200,24,65.73,2.74,3.99,MAR 2026,24,1
230-264-4,Yellow Tail Prosecco Nv,750,6,58.79,9.80,14.99,MAR 2026,3,1
230-496-4,Yellow Tail Prosecco Rose Nv,750,6,58.79,9.80,14.99,MAR 2026,6,1
230-439-4,Yellow Tail Pure Bright Spk.,750,12,81.75,6.81,9.99,MAR 2026,1,1
230-036-1,Yellowglen Pink 65 Nv 6%,750,6,43.29,7.22,10.99,MAR 2026,3,1
230-308-2,Yellowglen Pink Clus N/V 6x4pk,200,24,77.30,12.88,19.99,MAR 2026,24,4
230-752-3,Yellowglen Pink N/V,750,6,43.29,7.22,10.99,MAR 2026,3,1
230-638-3,Yellowglen Pink N/V Singles,200,24,77.30,77.30,118.99,MAR 2026,24,24
230-573-0,Yellowglen Red N/V,750,6,43.29,7.22,10.99,MAR 2026,3,1
230-038-9,Yellowglen Yellow 65 Nv 6%,750,6,43.29,7.22,10.99,MAR 2026,3,1
230-302-8,Yellowglen Yellow Clus N/V 6x4,200,24,77.30,12.88,19.99,MAR 2026,24,4
230-570-3,Yellowglen Yellow N/V,750,6,43.29,7.22,10.99,MAR 2026,3,1
230-049-6,Yellowglen Yellow Screwcap Nv,750,6,43.29,7.22,10.99,MAR 2026,3,1
230-445-6,Yves Premium Sparkling,750,6,91.53,15.26,22.99,MAR 2026,3,1
230-585-6,Zilzie Btw Cuvee Blanc,750,12,101.85,8.49,12.99,MAR 2026,12,1
230-401-8,Zilzie Btw Prosecco,750,12,101.85,8.49,12.99,MAR 2026,12,1
230-605-2,Zilzie Selection 23 Cuv Blanc,750,12,101.85,8.49,9.99,MAR 2026,12,1
230-180-5,Zilzie Selection 23 Prosecco,750,12,101.85,8.49,12.99,MAR 2026,12,1
230-669-5,Zonzo Bellini Di Cristina,750,6,101.85,16.98,,MAR 2026,6,1
230-667-7,Zonzo Est. Limoncello Spritz,750,6,92.16,15.36,23.99,MAR 2026,6,1
230-668-6,Zonzo Pistachio Spritz,750,6,101.85,16.98,,MAR 2026,6,1
235-181-3,Anna Spinato Brut Prosecco,750,12,192.15,16.01,24.99,MAR 2026,12,1
235-130-5,Anna Spinato Brut Prosecco,750,6,98.49,16.42,24.99,MAR 2026,6,1
235-179-7,Anna Spinato Rose Prosecco'21,750,6,98.62,16.44,24.99,MAR 2026,6,1
235-180-4,Anna Spinato Val Superiore,750,6,147.00,24.50,37.99,MAR 2026,6,1
235-155-5,Armand De Brignac Gold Champ,750,6,2496.41,416.07,640.99,MAR 2026,1,1
235-020-8,Bollinger Special Cuvee N/V,750,6,535.29,89.22,136.99,MAR 2026,1,1
235-025-3,Campo Veijo Cava,750,6,84.17,14.03,21.99,MAR 2026,3,1
235-186-8,Canti Asti Liberty Docg,750,6,94.11,15.69,23.99,MAR 2026,6,1
235-122-5,Canti Organic (Bio) Prosecco,750,6,103.14,17.19,25.99,MAR 2026,3,1
235-121-6,Canti Prosecco,200,12,76.05,6.34,9.99,MAR 2026,12,1
235-012-8,Canti Sparkling Prosecco,750,6,94.11,15.69,23.99,MAR 2026,3,1
235-007-5,Charles Pelletier Brut De Brut,750,6,87.27,14.55,21.99,MAR 2026,1,1
235-139-6,Charles Pelletier Spark Rose,750,6,87.27,14.55,21.99,MAR 2026,1,1
235-134-1,Cloudy Bay Pelorus Nv,750,6,203.39,33.90,51.99,MAR 2026,1,1
235-096-7,Da Luca Prosecco,750,6,74.46,12.41,18.99,MAR 2026,6,1
235-117-2,Deutz Brut Classic Nv,750,6,521.77,86.96,133.99,MAR 2026,1,1
235-116-3,Deutz Brut Classic Nv,375,12,407.69,33.97,51.99,MAR 2026,1,1
235-118-1,Deutz Brut Rose,750,6,575.44,95.91,147.99,MAR 2026,1,1
235-136-9,Dom Perignon,750,6,2100.57,350.10,538.99,MAR 2026,1,1
235-159-1,Dom Perignon Vintage Champ Gb,750,6,2075.51,345.92,532.99,MAR 2026,1,1
235-107-4,Duval-Leroy Blanc De Blancs,750,6,534.80,89.13,136.99,MAR 2026,1,1
235-112-7,Duval-Leroy Brut Nv Organic,750,6,400.79,66.80,102.99,MAR 2026,1,1
235-113-6,Duval-Leroy Brut Reserve Nv,750,6,390.68,65.11,99.99,MAR 2026,1,1
235-114-5,Duval-Leroy Femme De Champagne,750,6,501.93,83.66,128.99,MAR 2026,1,1
235-115-4,Duval-Leroy Rose Prestige,750,6,534.80,89.13,136.99,MAR 2026,1,1
235-183-1,Ernest Rapeneau Champagne Nv,750,6,236.52,39.42,60.99,MAR 2026,3,1
235-101-0,H.Lanvin & Fils Champagne,750,6,299.22,49.87,76.99,MAR 2026,1,1
235-090-3,Henkell Trocken 750ml,750,6,87.01,14.50,21.99,MAR 2026,3,1
235-080-5,Henkell Trocken Piccolo N/V,200,24,92.82,11.60,17.99,MAR 2026,24,3
235-133-2,Henkell Trocken Rose 200ml 3pk,200,24,92.82,11.60,17.99,MAR 2026,24,3
235-040-4,Krug Grande Cuvee Gb 750ml,750,6,2181.97,363.66,559.99,MAR 2026,1,1
235-126-1,Kylie Signature Prosecco Rose,750,6,106.36,17.73,26.99,MAR 2026,3,1
235-176-0,Louis Roederer Brut Nv Champ,750,6,494.01,82.34,126.99,MAR 2026,1,1
235-152-8,Luc Belaire Bleu Nv,750,6,134.68,22.45,34.99,MAR 2026,3,1
235-149-4,Luc Belaire Gold Nv,750,6,201.89,33.65,51.99,MAR 2026,3,1
235-150-0,Luc Belaire Luxe Nv,750,6,201.89,33.65,51.99,MAR 2026,3,1
235-151-9,Luc Belaire Luxe Rose Nv,750,6,201.89,33.65,51.99,MAR 2026,3,1
235-153-7,Luc Belaire Rose Nv,750,6,201.89,33.65,51.99,MAR 2026,3,1
235-167-1,Madame Coco Sparkling,750,12,193.44,16.12,24.99,MAR 2026,12,1
235-002-0,Martini Prosecco,750,6,71.80,11.97,17.99,MAR 2026,1,1
235-054-7,Mionetto Prosecco Doc 750ml,750,6,99.27,16.55,24.99,MAR 2026,3,1
235-120-7,Moet & Chandon Grand Vint Gb,750,6,627.39,104.57,160.99,MAR 2026,1,1
235-041-3,Moet & Chandon Ice Imperial,750,6,473.75,78.96,121.99,MAR 2026,1,1
235-163-5,Moet & Chandon Rose Imp Naked,750,6,452.18,75.36,115.99,MAR 2026,1,1
235-047-7,Moet & Chandon Rose Nv G/Box,750,6,464.18,77.36,118.99,MAR 2026,1,1
235-104-7,Moet Brut Imp Mini G/Box,200,24,606.75,25.28,38.99,MAR 2026,24,1
235-175-1,Moet Brut Imp Nv Mini,200,24,589.21,24.55,37.99,MAR 2026,24,1
235-145-8,Moet Brut Imperial G/Box,750,6,392.87,65.48,100.99,MAR 2026,1,1
235-140-3,Moet Brut Imperial G/Box R,750,6,326.18,54.36,83.99,MAR 2026,1,1
235-043-1,Moet Brut Imperial Magnum G/B,1500,3,457.42,152.47,234.99,MAR 2026,1,1
235-430-2,Moet Brut Imperial N/V,750,6,382.03,63.67,97.99,MAR 2026,1,1
235-173-3,Mumm Central Otago Bd Noir Gb,750,6,211.30,35.22,53.99,MAR 2026,1,1
235-174-2,Mumm Central Otago Bd Noir Op,750,6,211.30,35.22,53.99,MAR 2026,1,1
235-168-0,Mumm Cordon Rouge,750,6,327.80,54.63,83.99,MAR 2026,1,1
235-026-2,Mumm Cordon Rouge Nv 375ml,375,12,408.75,34.06,51.99,MAR 2026,1,1
235-411-5,Mumm Cordon Rouge Nv Gift Box,750,6,315.08,52.51,80.99,MAR 2026,1,1
235-188-6,Mumm Cordon Rouge R,750,6,290.83,48.47,74.99,MAR 2026,1,1
235-071-6,Mumm Grand Cordon Nv,750,6,454.48,75.75,116.99,MAR 2026,1,1
235-070-7,Mumm Grand Cordon Nv Rose,750,6,422.98,70.50,108.99,MAR 2026,1,1
235-094-9,Mumm Grand Cordon Rose G/Box,750,6,422.98,70.50,108.99,MAR 2026,1,1
235-099-4,Mumm Marlborough Brut Prestige,750,6,166.50,27.75,42.99,MAR 2026,1,1
235-129-8,Mumm Marlborough Rose Brut,750,6,166.50,27.75,42.99,MAR 2026,1,1
235-028-0,Mumm Millesime Vintage,750,6,568.53,94.76,145.99,MAR 2026,1,1
235-187-7,Mumm Napa Brut Nv,750,6,166.50,27.75,42.99,MAR 2026,1,1
235-091-2,Mumm Rsrv Blanc De Blanc,750,6,871.98,145.33,223.99,MAR 2026,1,1
235-124-3,Penfolds Thienot Champ Rose,750,6,422.81,70.47,,MAR 2026,1,1
235-097-6,Perrier Jouet B/Epoque Rose,750,6,1901.15,316.86,487.99,MAR 2026,1,1
235-103-8,Perrier Jouet Grand Brut,750,6,537.53,89.59,137.99,MAR 2026,1,1
235-158-2,Piper Heidsieck Cuvee Brut N/V,750,6,300.89,50.15,76.99,MAR 2026,1,1
235-154-6,Pizzolato Prosecco Doc Brut,750,6,103.70,17.28,26.99,MAR 2026,3,1
235-084-1,Ruinart Blanc De Blanc Gb,750,6,940.09,156.68,240.99,MAR 2026,1,1
235-039-7,Ruinart Champ Brut 750ml,750,6,682.09,113.68,174.99,MAR 2026,1,1
235-048-6,Ruinart Rose Gb 750ml,750,6,963.46,160.58,246.99,MAR 2026,1,1
235-521-2,Taittinger Nv Brut Reserve,750,6,482.38,80.40,123.99,MAR 2026,1,1
235-189-5,Tenute Del Neccio Prosecco Doc,750,6,67.98,11.33,16.99,MAR 2026,6,1
235-049-5,Veuve Clicquot Nv Rose Gb,750,6,572.64,95.44,146.99,MAR 2026,1,1
235-125-2,Veuve Clicquot Rose Nv,750,6,553.35,92.23,141.99,MAR 2026,1,1
235-046-8,Veuve Clicquot Vintage Gb,750,6,657.11,109.52,168.99,MAR 2026,1,1
235-132-3,Veuve Clicquot Y/Lab Nv Box R,750,6,398.73,66.46,101.99,MAR 2026,1,1
235-098-5,Veuve Clicquot Y/Lab Nv Giftb,750,6,466.40,77.73,119.99,MAR 2026,1,1
235-045-9,Veuve Clicquot Y/Label Magnum,1500,3,545.09,181.70,279.99,MAR 2026,1,1
235-190-2,Veuve Clicquot Y/Label Nv,750,6,448.60,74.77,114.99,MAR 2026,1,1
235-015-5,Villa Jolanda Prosecco,750,6,102.44,17.07,25.99,MAR 2026,1,1
235-088-7,Villa Jolanda Prosecco 200ml,200,24,158.06,6.59,9.99,MAR 2026,24,1
235-184-0,Villa Teresa Prosecco,750,6,82.24,13.71,20.99,MAR 2026,6,1
235-185-9,Villa Teresa Spk Rose,750,6,82.50,13.75,20.99,MAR 2026,6,1
240-003-9,Cavaliere D'oro Prosecco,750,6,105.73,17.62,26.99,MAR 2026,1,1
240-776-4,Golden Gate Spumante,750,6,34.11,5.69,8.99,MAR 2026,6,1
240-513-2,Trevi Original,750,6,32.12,5.35,7.99,MAR 2026,6,1
245-002-9,Riccadonna Prosecco,750,6,57.93,9.66,14.99,MAR 2026,1,1
250-349-1,Passion Pop Mixed Berry,750,6,34.11,5.69,8.99,MAR 2026,6,1
250-342-8,Passion Pop Original,750,6,34.11,5.69,8.99,MAR 2026,6,1
250-003-8,Passion Pop Peach,750,6,34.11,5.69,8.99,MAR 2026,6,1
250-361-4,Passion Pop Pink,750,6,34.11,5.69,8.99,MAR 2026,3,1
250-004-7,Passion Pop Strawberry,750,6,29.01,4.84,6.99,MAR 2026,6,1
250-000-1,Passion Pop Watermelon,750,6,34.11,5.69,8.99,MAR 2026,6,1
260-011-7,Anna Spinato Zero Blush N/Alc,750,6,78.95,13.16,19.99,MAR 2026,6,1
260-010-8,Anna Spinato Zero Non Alc,750,6,78.95,13.16,19.99,MAR 2026,6,1
260-003-7,Lyre's Classico Grande 750ml,750,6,70.09,11.68,17.99,MAR 2026,1,1
260-006-4,Non 1 Salted R/Berry Chamomile,750,6,129.95,21.66,32.99,MAR 2026,1,1
260-009-1,Non 3 Toasted Cinnamon & Yuzu,750,6,129.95,21.66,32.99,MAR 2026,1,1
260-008-2,Non 5 Lemon M/Lade & Hibiscus,750,6,129.95,21.66,32.99,MAR 2026,1,1
260-007-3,Non 7 Stewed Cherry & Coffee,750,6,129.95,21.66,32.99,MAR 2026,1,1
260-005-5,Not Guilty Lime & Elderflower,250,24,60.71,10.12,15.99,MAR 2026,24,4
260-004-6,Not Guilty Spritz Rose,250,24,60.71,10.12,15.99,MAR 2026,24,4
265-014-3,Barsol Pisco Quebranta,700,6,423.15,70.53,89.99,MAR 2026,3,1
265-092-8,Black Bottle Brandy,700,12,393.72,32.81,41.99,MAR 2026,1,1
265-131-1,Chateau Tanunda Brandy,700,6,267.53,44.59,56.99,MAR 2026,1,1
265-045-6,Chateau Tanunda Brandy,1125,6,404.15,67.36,85.99,MAR 2026,1,1
265-000-9,Chateau Tanunda Brandy 150 Ml,150,30,358.15,11.94,14.99,MAR 2026,3,1
265-026-9,Chateau Tanunda Brandy 375ml,375,12,314.35,26.20,33.99,MAR 2026,3,1
270-045-6,Chatelle Napoleon Brandy Vsop,700,6,272.33,45.39,57.99,MAR 2026,1,1
265-007-2,Francoli Grappa Limousin,700,6,371.35,61.89,78.99,MAR 2026,1,1
270-000-9,Metaxa 12 Star,700,6,348.95,58.16,73.99,MAR 2026,1,1
270-169-6,Metaxa 5 Star,700,6,238.75,39.79,50.99,MAR 2026,1,1
270-126-8,Metaxa 7 Star,700,6,286.65,47.78,60.99,MAR 2026,1,1
265-025-0,Pisco Alto Del Carmen 40,750,6,315.15,52.53,66.99,MAR 2026,1,1
265-024-1,Pisco Mistral 35,750,12,533.15,44.43,56.99,MAR 2026,1,1
265-100-8,St Agnes 3 Star Brandy 150ml,150,12,116.65,9.72,11.99,MAR 2026,6,1
265-001-8,St Agnes 3 Star Brandy 375ml,375,12,236.65,19.72,24.99,MAR 2026,6,1
265-320-2,St Agnes 3 Star Brandy 700ml,700,12,396.40,33.03,41.99,MAR 2026,1,1
265-016-1,St Agnes Bartenders Cut,700,6,320.65,53.44,67.99,MAR 2026,1,1
265-005-4,St Agnes Vsop 5yo Brandy,750,6,244.65,40.78,51.99,MAR 2026,1,1
265-015-2,St Agnes Xo 15yo Brandy,700,3,307.65,102.55,130.99,MAR 2026,1,1
270-231-0,St Remy Brandy,1000,6,329.95,54.99,69.99,MAR 2026,1,1
265-020-5,St Remy Brandy,700,6,224.95,37.49,47.99,MAR 2026,1,1
265-019-8,St Remy Signature,700,6,321.55,53.59,68.99,MAR 2026,1,1
265-008-1,St Remy Xo Brandy,700,6,281.85,46.98,59.99,MAR 2026,1,1
265-018-9,Vecchia Romagna Brandy,700,6,312.75,52.13,66.99,MAR 2026,1,1
275-034-8,Courvoisier Vs Cognac 40%,700,6,395.42,65.90,83.99,MAR 2026,1,1
275-026-8,Courvoisier Xo Cognac 40%,700,6,893.11,148.85,190.99,MAR 2026,1,1
275-214-0,H By Hine V.S.O.P. Cognac,700,6,480.15,80.03,101.99,MAR 2026,1,1
275-121-2,Hennessy Cognac V.S. Naked,700,6,374.15,62.36,79.99,MAR 2026,1,1
275-037-5,Hennessy Cognac V.S. Naked R,700,6,356.37,59.40,75.99,MAR 2026,1,1
275-213-1,Hennessy Cognac V.S.O.P.,700,6,515.75,85.96,109.99,MAR 2026,1,1
275-029-5,Hennessy Cognac V.S.O.P. R,700,6,498.33,83.06,105.99,MAR 2026,1,1
275-218-6,Hennessy Cognac X.O.,700,6,1500.39,250.07,319.99,MAR 2026,1,1
275-039-3,Hennessy Vsop Cny 2025,700,6,669.15,111.53,,MAR 2026,1,1
275-038-4,Hennessy Xo Cny 2025,700,6,1770.15,295.03,,MAR 2026,1,1
275-314-9,Louis Xiii Cognac,700,1,4702.65,4702.65,6018.99,MAR 2026,1,1
275-153-3,Martell Cordon Bleu Cognac,700,12,2878.84,239.90,306.99,MAR 2026,1,1
275-158-8,Martell V.S. Cognac,700,6,373.03,62.17,79.99,MAR 2026,1,1
275-017-9,Martell Vsop Blue Swift,700,6,534.70,89.12,113.99,MAR 2026,1,1
275-157-9,Martell Vsop Red Barrel,700,6,499.43,83.24,106.99,MAR 2026,1,1
275-156-0,Martell X.O. Superior Cognac,700,12,3348.18,279.02,356.99,MAR 2026,1,1
275-600-2,Remy Martin V.S.O.P.,700,6,510.65,85.11,128.99,MAR 2026,1,1
275-221-1,Remy Martin Xo Excellence 40%,700,6,1431.15,238.53,304.99,MAR 2026,1,1
275-033-9,St Remy Xo Cafe Glass Pack,700,6,281.85,46.98,59.99,MAR 2026,1,1
280-044-6,23rd St Mulberry Gin,700,6,258.85,43.14,54.99,MAR 2026,1,1
280-035-7,23rd St Red Citrus Gin,700,6,324.59,54.10,68.99,MAR 2026,1,1
280-008-0,23rd St Signature Gin,700,6,324.59,54.10,68.99,MAR 2026,1,1
280-045-5,23rd St Tropical Gin,700,6,324.59,54.10,68.99,MAR 2026,1,1
280-031-1,23rd St Violet Gin,700,6,324.59,54.10,68.99,MAR 2026,1,1
280-013-3,23rd St Vodka,700,6,285.17,47.53,60.99,MAR 2026,1,1
280-043-7,23rd St Yuzu Gin,700,6,254.90,42.48,53.99,MAR 2026,1,1
285-295-1,Ahd 78 Deg Sunshine State Gin,700,6,386.75,64.46,82.99,MAR 2026,1,1
285-066-8,Ahd 78 Degrees Classic Gin,700,6,368.23,61.37,78.99,MAR 2026,1,1
285-076-6,Ahd 78 Degrees Sunset Gin,700,6,386.39,64.40,81.99,MAR 2026,1,1
285-191-6,Ahd 78 Degrees Vodka 38%,700,6,295.60,49.27,62.99,MAR 2026,1,1
285-190-7,Alize Pineapple 750ml,750,6,260.17,43.36,55.99,MAR 2026,1,1
285-342-4,Ampersand Gin,500,6,172.15,28.69,36.99,MAR 2026,1,1
285-341-5,Ampersand Pink Gin,500,6,172.15,28.69,36.99,MAR 2026,1,1
280-016-0,Arcane Generous Gin,700,6,497.07,82.85,105.99,MAR 2026,1,1
285-223-8,Archie Rose Bone Dry Gin,700,6,353.95,58.99,75.99,MAR 2026,1,1
285-213-0,Archie Rose Dist Strgth Gin,700,6,440.82,73.47,93.99,MAR 2026,1,1
285-214-9,Archie Rose Signature Dry Gin,700,6,338.89,56.48,71.99,MAR 2026,1,1
285-296-0,Archie Rose Straight Dry Gin,700,6,263.70,43.95,55.99,MAR 2026,1,1
285-197-0,Aust. Dist. Rhapsody Ruby Gin,200,12,328.31,27.36,34.99,MAR 2026,1,1
285-196-1,Aust. Distilling Sydney Gin,200,12,314.48,26.21,33.99,MAR 2026,1,1
285-199-8,Aviation Gin 700ml,700,6,378.21,63.04,85.99,MAR 2026,1,1
285-362-9,Banks & Solander Fig Gin,700,6,364.77,60.80,77.99,MAR 2026,1,1
285-117-7,Beefeater 1ltr London Dry Gin,1000,6,377.80,62.97,80.99,MAR 2026,1,1
285-163-0,Beefeater Blood Orange Gin,700,6,304.42,50.74,64.99,MAR 2026,1,1
285-046-3,Beefeater Gin 24,700,6,348.67,58.11,73.99,MAR 2026,1,1
285-027-6,Beefeater London Dry Gin,700,6,243.80,40.63,51.99,MAR 2026,1,1
285-078-4,Beefeater Pink Gin,700,6,304.42,50.74,64.99,MAR 2026,1,1
285-356-7,Blind Tiger Rare Dry Gin,700,6,336.65,56.11,71.99,MAR 2026,1,1
285-019-6,Bombay Dry Gin,700,6,333.07,55.51,70.99,MAR 2026,1,1
285-271-9,Bombay Presse 37.5% Gin,700,6,294.16,49.03,62.99,MAR 2026,1,1
285-179-2,Bombay Sapphire Gin,1000,6,382.82,63.80,81.99,MAR 2026,1,1
285-021-2,Bombay Sapphire Gin,700,6,286.96,47.83,60.99,MAR 2026,1,1
285-267-5,Bombay Sapphire Gin R,700,6,269.79,44.97,57.99,MAR 2026,1,1
285-257-7,Bombay Sapphire Premier Cru,700,6,330.55,55.09,70.99,MAR 2026,1,1
285-228-3,Brockmans Gin,700,6,314.63,52.44,,MAR 2026,1,1
285-084-6,Brookie's Byron Dry Gin,700,6,366.75,61.13,77.99,MAR 2026,1,1
285-083-7,Brookie's Byron Slow Gin,700,6,333.51,55.59,70.99,MAR 2026,1,1
285-009-8,Bulldog Gin,700,6,275.40,45.90,58.99,MAR 2026,1,1
280-046-4,Burly Berry Gin,700,6,420.15,70.03,,MAR 2026,1,1
280-047-3,Burly Citrus Gin,700,6,420.15,70.03,,MAR 2026,1,1
280-048-2,Burly Cucumber Gin,700,6,420.15,70.03,,MAR 2026,1,1
285-319-3,City Of London Dry Gin 700ml,700,12,441.76,36.81,46.99,MAR 2026,1,1
285-293-3,Cmd Poltergeist Barrelaged Gin,700,6,410.93,68.49,87.99,MAR 2026,1,1
285-292-4,Cmd Poltergeist Citrus Gin,700,6,365.93,60.99,77.99,MAR 2026,1,1
285-291-5,Cmd Poltergeist Unfiltered Gin,700,6,365.93,60.99,77.99,MAR 2026,1,1
285-181-8,Drumshanbo Gin Glass Gift Pack,700,6,375.65,62.61,79.99,MAR 2026,1,1
285-065-9,Drumshanbo Gper Irish Gin,700,6,375.65,62.61,79.99,MAR 2026,1,1
285-361-0,Drumshanbo Irish Citrus Gin,700,6,375.65,62.61,79.99,MAR 2026,1,1
285-281-7,East Pole Gin Pink Grapefruit,700,6,278.39,46.40,58.99,MAR 2026,1,1
285-258-6,Edinburgh Classic Gin,700,6,328.59,54.77,69.99,MAR 2026,1,1
285-364-7,Fellow Gin,700,6,261.15,43.53,55.99,MAR 2026,1,1
285-130-0,Fords Gin,700,6,310.44,51.74,65.99,MAR 2026,1,1
285-222-9,Forty Spotted Citrus Gin,700,6,347.65,57.94,73.99,MAR 2026,1,1
285-219-4,Forty Spotted Classic Gin,700,6,347.65,57.94,73.99,MAR 2026,1,1
285-218-5,Forty Spotted Pinot Noir Gin,700,6,391.25,65.21,82.99,MAR 2026,1,1
285-365-6,Four Pillars Bandwagon N/A Gin,700,6,162.15,27.03,34.99,MAR 2026,1,1
285-366-5,Four Pillars Bloody Bwagon N/A,700,6,162.15,27.03,34.99,MAR 2026,1,1
285-040-9,Four Pillars Bloody Shiraz Gin,700,6,435.15,72.53,92.99,MAR 2026,1,1
285-082-8,Four Pillars Christmas Gin,700,6,438.15,73.03,92.99,MAR 2026,1,1
285-259-5,Four Pillars Fresh Yuzu Gin,700,6,381.15,63.53,80.99,MAR 2026,1,1
285-235-4,Four Pillars Navy Strength,700,6,522.15,87.03,110.99,MAR 2026,1,1
285-148-0,Four Pillars Olive Leaf Gin,700,6,435.15,72.53,92.99,MAR 2026,1,1
285-013-2,Four Pillars Rare Dry Gin,700,6,381.15,63.53,80.99,MAR 2026,1,1
285-089-1,Four Pillars Spiced Negroni,700,6,435.15,72.53,92.99,MAR 2026,1,1
285-313-9,Freshwater Blush Gin,700,6,329.31,54.89,69.99,MAR 2026,1,1
285-315-7,Freshwater Gin 500ml,500,6,284.33,47.39,60.99,MAR 2026,1,1
285-067-7,G'vine Floraison Gin,700,6,403.93,67.32,85.99,MAR 2026,1,1
285-063-1,Gilbeys Gin (Au),700,12,467.84,38.99,49.99,MAR 2026,1,1
285-220-1,Gin Mare,700,6,382.15,63.69,81.99,MAR 2026,1,1
285-308-6,Gin Mare Capri,700,6,425.15,70.86,90.99,MAR 2026,1,1
285-203-2,Gordons Alc Free 700ml,700,6,154.55,25.76,32.99,MAR 2026,1,1
285-074-8,Gordons Dry Gin 350ml,350,12,324.68,27.06,34.99,MAR 2026,3,1
285-410-1,Gordons London Dry Gin,1000,6,338.46,56.41,71.99,MAR 2026,1,1
285-121-1,Gordons London Dry Gin,700,12,502.03,41.84,53.99,MAR 2026,1,1
285-329-1,Gordons Med Orange 37%,700,6,266.24,44.37,56.99,MAR 2026,1,1
285-334-4,Gordons Pink Gin 1 Ltr,1000,6,354.85,59.14,75.99,MAR 2026,1,1
285-335-3,Gordons Pink Gin 700ml,700,6,266.32,44.39,56.99,MAR 2026,1,1
285-273-7,Gordons Tropical P/Fruit 700ml,700,6,266.37,44.40,56.99,MAR 2026,1,1
285-437-0,Hayman's London Dry Gin,700,6,313.65,52.28,66.99,MAR 2026,1,1
285-436-1,Hayman's Old Tom Gin,700,6,340.87,56.81,72.99,MAR 2026,1,1
285-438-9,Hayman's Sloe Gin,700,6,296.46,49.41,62.99,MAR 2026,1,1
285-202-3,Hemp Gin 700ml,700,6,396.15,66.03,84.99,MAR 2026,1,1
285-201-4,Hemp Pink Gin 700ml,700,6,396.15,66.03,84.99,MAR 2026,1,1
285-322-8,Hendricks Flora Adora Gin,700,6,437.40,72.90,92.99,MAR 2026,1,1
285-521-7,Hendricks Gin,700,6,390.59,65.10,82.99,MAR 2026,1,1
285-333-5,Hendricks Gin R,700,6,351.20,58.53,74.99,MAR 2026,1,1
285-351-2,Hendricks Grand Cabaret Gin,700,6,443.18,73.86,94.99,MAR 2026,1,1
285-244-3,Hendricks Lunar Gin,700,6,434.42,72.40,92.99,MAR 2026,1,1
285-250-4,Hendricks Neptunia Gin,700,6,436.93,72.82,92.99,MAR 2026,1,1
285-249-8,Hickson House Aus Dry Gin,700,6,373.61,62.27,79.99,MAR 2026,1,1
285-248-9,Hickson House Classic Dry Gin,700,6,356.63,59.44,,MAR 2026,1,1
285-355-8,Hickson House Oyster Shell Gin,700,6,402.83,67.14,85.99,MAR 2026,1,1
285-345-1,Hickson House Rose Summer Cup,700,6,246.15,41.03,52.99,MAR 2026,1,1
285-279-1,Ink Art Series Gin,700,6,377.19,62.87,79.99,MAR 2026,1,1
285-338-0,Ink Bitter Orange Gin,700,6,396.73,66.12,84.99,MAR 2026,1,1
285-095-3,Ink Gin 700ml 43%,700,6,402.14,67.02,85.99,MAR 2026,1,1
285-139-1,Ink Sloe Berry Gin,700,6,318.05,53.01,67.99,MAR 2026,1,1
285-357-6,Jance Dist. Dry Gin,700,6,228.15,38.03,48.99,MAR 2026,1,1
285-303-1,Karu Affinity Gin,700,6,360.15,60.03,76.99,MAR 2026,1,1
285-304-0,Karu Lightning Gin,700,6,432.15,72.03,91.99,MAR 2026,1,1
285-262-0,Ki No Bi Dry Gin 700ml,700,6,538.30,89.72,114.99,MAR 2026,1,1
285-307-7,Kis Mulberry Gin,700,6,477.21,79.54,101.99,MAR 2026,1,1
285-360-1,Lady Juniper Non Alc Gin,700,6,140.25,23.38,29.99,MAR 2026,1,1
285-306-8,Land Under Desert Gin 700ml,700,6,309.89,51.65,65.99,MAR 2026,1,1
285-247-0,Larios Gin 37.5% Refresh,700,6,256.88,42.81,54.99,MAR 2026,1,1
285-096-2,Lyre's Dry London Non/Alc,700,6,203.83,33.97,42.99,MAR 2026,1,1
285-245-2,Lyre's Pink London Spirit,700,6,203.83,33.97,42.99,MAR 2026,1,1
285-310-2,Malfy Con Amarena,700,6,326.53,54.42,69.99,MAR 2026,1,1
285-081-9,Malfy Con Arancia,700,6,326.53,54.42,69.99,MAR 2026,1,1
285-231-8,Malfy Giftpack 4x50ml,200,12,245.61,20.47,,MAR 2026,1,1
285-080-0,Malfy Gin Originale,700,6,326.53,54.42,69.99,MAR 2026,1,1
285-079-3,Malfy Gin Rosa,700,6,326.53,54.42,69.99,MAR 2026,1,1
285-036-5,Malfy Lemon Gin,700,6,326.53,54.42,69.99,MAR 2026,1,1
285-105-1,Manly Spirits Aust Dry Gin,700,6,376.46,62.74,79.99,MAR 2026,1,1
285-106-0,Manly Spirits Barrel Aged Gin,700,6,486.35,81.06,103.99,MAR 2026,1,1
285-107-9,Manly Spirits Coast Citrus Gin,700,6,402.59,67.10,85.99,MAR 2026,1,1
285-265-7,Manly Spirits Lilly Pilly Zero,700,6,188.87,31.48,39.99,MAR 2026,1,1
285-133-7,Manly Spirits Pink Gin,700,6,435.56,72.59,92.99,MAR 2026,1,1
285-100-6,Martin Miller Original Gin,700,6,342.35,57.06,72.99,MAR 2026,1,1
285-350-3,Melbourne Gin Co Dry Gin,700,6,326.13,54.36,69.99,MAR 2026,1,1
285-348-8,Melbourne Gin Co Negroni,700,6,306.15,51.03,64.99,MAR 2026,1,1
285-349-7,Melbourne Gin Co Single Shot,700,6,378.15,63.03,80.99,MAR 2026,1,1
285-043-6,Monkey 47 Dry Gin,500,6,435.62,72.60,92.99,MAR 2026,1,1
285-045-4,Monkey 47 Sloe Dry Gin,500,6,435.62,72.60,92.99,MAR 2026,1,1
285-363-8,Nikka Coffey Gin,700,6,420.41,70.07,89.99,MAR 2026,1,1
285-340-6,Nikka Coffey Gin,700,6,425.98,71.00,90.99,MAR 2026,1,1
285-200-5,Nudo Premium Non Alc Gin,700,6,144.15,24.03,30.99,MAR 2026,1,1
285-241-6,Ondina Gin,700,6,394.60,65.77,83.99,MAR 2026,1,1
285-311-1,Orchard Rd Dry Gin,700,6,288.15,48.03,60.99,MAR 2026,1,1
285-339-9,Orsa Coffee Gin Liqueur,500,6,270.15,45.03,57.99,MAR 2026,1,1
285-316-6,Papa Salt Coastal Gin,700,6,416.15,69.36,88.99,MAR 2026,1,1
285-137-3,Patient Wolf Melb Dry Gin,700,6,335.15,55.86,71.99,MAR 2026,1,1
285-136-4,Patient Wolf Summer Thyme Gin,700,6,335.15,55.86,71.99,MAR 2026,1,1
285-023-0,Plymouth Gin,700,6,374.84,62.47,79.99,MAR 2026,1,1
285-233-6,Plymouth Sloe Gin 6pK,700,6,382.18,63.70,81.99,MAR 2026,1,1
285-289-9,Poor Toms First Pour Gin,700,6,346.59,57.77,73.99,MAR 2026,1,1
285-284-4,Poor Toms Fools Cut Gin,700,6,398.58,66.43,84.99,MAR 2026,1,1
285-290-6,Poor Toms Imbroglio Amaro,500,6,201.30,33.55,42.99,MAR 2026,1,1
285-229-2,Poor Toms Strawberry Gin,700,6,380.84,63.47,80.99,MAR 2026,1,1
285-230-9,Poor Toms Sydney Dry Gin,700,6,355.62,59.27,75.99,MAR 2026,1,1
280-049-1,Prince Albert Gin,700,12,479.95,40.00,50.99,MAR 2026,3,1
285-302-2,Renegade Gin,700,6,396.15,66.03,84.99,MAR 2026,1,1
285-075-7,Roku Japanese Gin 43%,700,6,329.75,54.96,69.99,MAR 2026,1,1
285-210-3,Roku Japanese Gin 43% 1ltr,1000,6,444.34,74.06,94.99,MAR 2026,1,1
285-240-7,Roku Japanese Gin Giftbox 43%,200,12,272.04,22.67,28.99,MAR 2026,1,1
285-246-1,Scapegrace Black Gin,700,6,375.93,62.66,79.99,MAR 2026,1,1
285-208-7,Seedlip Grove 42 Non Alc,700,6,210.51,35.09,44.99,MAR 2026,1,1
285-242-5,Seven Seasons Bush Apple Gin,700,6,454.01,75.67,,MAR 2026,1,1
285-243-4,Seven Seasons Green Ant Gin,700,6,454.01,75.67,,MAR 2026,1,1
285-344-2,Silent Pool Gin,700,6,406.46,67.74,86.99,MAR 2026,1,1
285-050-6,Sipsmith Gin 41.6% 700ml,700,6,348.41,58.07,73.99,MAR 2026,1,1
285-048-1,Sipsmith London Cup 29.5% Gin,700,6,321.42,53.57,68.99,MAR 2026,1,1
285-103-3,Squealing Pig Rose Gin,700,6,241.91,40.32,51.99,MAR 2026,1,1
285-309-5,Strange Nature Gin,700,6,418.15,69.69,88.99,MAR 2026,1,1
285-314-8,Sweetwater Gin 500ml,500,6,284.33,47.39,60.99,MAR 2026,1,1
285-170-1,Tanqueray Gin,700,6,295.39,49.23,62.99,MAR 2026,1,1
285-038-3,Tanqueray Gin 1ltr,1000,6,401.12,66.85,85.99,MAR 2026,1,1
285-010-5,Tanqueray No. Ten Gin,700,6,426.99,71.17,90.99,MAR 2026,1,1
285-073-9,Tanqueray Sevilla Gin,700,6,312.46,52.08,66.99,MAR 2026,1,1
285-328-2,Tarsier Oriental Khao Gin,700,6,411.89,68.65,87.99,MAR 2026,1,1
285-298-8,Tarsier Oriental Pink Gin,700,6,411.89,68.65,87.99,MAR 2026,1,1
285-297-9,Tarsier S.E. Asian Dry Gin,700,6,411.89,68.65,87.99,MAR 2026,1,1
285-264-8,Tempus Two Copper Gin Prosecco,700,6,386.31,64.39,81.99,MAR 2026,1,1
285-263-9,Tempus Two Copper Gin Shiraz,700,6,386.31,64.39,81.99,MAR 2026,1,1
285-269-3,Tempus Two Copper Gin W/Botani,700,6,386.31,64.39,81.99,MAR 2026,1,1
285-294-2,Tenjaku Gin,700,6,329.27,54.88,69.99,MAR 2026,1,1
285-134-6,The Botanist Gin 46%,200,12,255.35,21.28,26.99,MAR 2026,1,1
285-017-8,The Botanist Islay Dry Gin,700,6,407.45,67.91,86.99,MAR 2026,1,1
285-131-9,Verano Gin Lemon,700,6,318.32,53.05,67.99,MAR 2026,1,1
285-132-8,Verano Gin Watermelon,700,6,318.29,53.05,67.99,MAR 2026,1,1
280-130-1,Vickers Gin,700,12,408.72,34.06,43.99,MAR 2026,1,1
280-006-2,Vickers Gin Mr Collins,700,6,161.04,26.84,33.99,MAR 2026,1,1
280-014-2,Vickers Pink Gin,700,6,222.44,37.07,46.99,MAR 2026,1,1
280-038-4,Vickers Purple Gin,700,6,222.44,37.07,46.99,MAR 2026,1,1
285-260-2,White Oat Berry Pink Gin,700,6,390.15,65.03,82.99,MAR 2026,1,1
285-277-3,White Oat Chilli Mango Gin,700,6,390.15,65.03,82.99,MAR 2026,1,1
285-261-1,White Oat London Dry Gin,700,6,390.15,65.03,82.99,MAR 2026,1,1
285-278-2,White Oat Mango Gin,700,6,390.15,65.03,82.99,MAR 2026,1,1
285-155-0,Whitley Neil Pink G/Fruit Gin,700,6,317.89,52.98,67.99,MAR 2026,1,1
285-330-8,Whitley Neill Black Cherry Gin,700,6,310.46,51.74,,MAR 2026,1,1
285-160-3,Whitley Neill Blackberry Gin,700,6,317.74,52.96,67.99,MAR 2026,1,1
285-159-6,Whitley Neill Blood Orange Gin,700,6,318.81,53.14,67.99,MAR 2026,1,1
285-274-6,Whitley Neill Cut Lon Dry Gin,700,6,261.19,43.53,55.99,MAR 2026,1,1
285-276-4,Whitley Neill Pineapple Gin,700,6,317.98,53.00,67.99,MAR 2026,1,1
285-153-2,Whitley Neill Raspberry Gin,700,6,318.81,53.14,67.99,MAR 2026,1,1
285-152-3,Whitley Neill Rh/Ginger Gin,700,6,318.81,53.14,67.99,MAR 2026,1,1
280-039-3,Wild One Organic Gin,700,6,355.24,59.21,75.99,MAR 2026,1,1
280-040-0,Wild One Organic Pink Gin,700,6,398.88,66.48,84.99,MAR 2026,1,1
300-341-2,23rd St Australian Whisky,700,6,344.02,57.34,72.99,MAR 2026,1,1
300-296-7,23rd St Single Malt Whiskey,700,6,478.47,79.75,101.99,MAR 2026,1,1
295-078-3,Aberfeldy 12yo Single Malt,700,6,405.78,67.63,86.99,MAR 2026,1,1
295-133-6,Aberlour 12yo Dbl Cask,700,3,259.24,86.41,110.99,MAR 2026,1,1
295-107-8,Aberlour A'bunadh Single Malt,700,6,693.62,115.60,147.99,MAR 2026,1,1
295-279-0,Aerstone Land 10yo Whisky,700,6,313.91,52.32,66.99,MAR 2026,1,1
295-278-1,Aerstone Sea 10yo Whisky,700,6,313.97,52.33,66.99,MAR 2026,1,1
300-276-1,Ahd 78 Degrees Whisky,700,6,472.51,78.75,100.99,MAR 2026,1,1
295-274-5,Ailsa Bay Single Malt Whisky,700,6,494.76,82.46,105.99,MAR 2026,1,1
295-441-3,Amahagan Wm No.4 Yamazakura,700,6,690.15,115.03,146.99,MAR 2026,1,1
295-440-4,Amahagan Wm No.5 Sherry Cask,700,6,744.15,124.03,158.99,MAR 2026,1,1
300-371-5,Ampersand Whiskey Smooth,500,6,172.15,28.69,36.99,MAR 2026,1,1
295-424-4,Archie Rose Double Malt Whisky,700,6,350.85,58.48,74.99,MAR 2026,1,1
295-420-8,Archie Rose Rye Malt Whisky,700,6,442.50,73.75,93.99,MAR 2026,1,1
295-419-1,Archie Rose Single Malt Whisky,700,6,529.33,88.22,112.99,MAR 2026,1,1
295-167-5,Ardbeg Corryvreckan Gb,700,6,941.07,156.85,200.99,MAR 2026,1,1
295-151-3,Ardbeg Old Gb Scotch 10yo,700,6,547.95,91.33,116.99,MAR 2026,1,1
295-166-6,Ardbeg Uigeadail Gb,700,6,824.45,137.41,175.99,MAR 2026,1,1
295-090-7,Auchentoshan 12yo,700,6,412.51,68.75,87.99,MAR 2026,1,1
295-089-0,Auchentoshan Three Wood,700,6,510.81,85.14,108.99,MAR 2026,1,1
295-075-6,Aultmore 12yo Single Malt,700,6,525.95,87.66,111.99,MAR 2026,1,1
300-235-1,Balcones Baby Blue Corn Whisky,700,6,526.15,87.69,111.99,MAR 2026,1,1
300-237-9,Balcones Brimstone Whisky,700,6,621.15,103.53,132.99,MAR 2026,1,1
295-017-7,Ballantines Scotch,1000,6,388.43,64.74,82.99,MAR 2026,1,1
295-012-2,Ballantines Scotch,700,6,247.40,41.23,52.99,MAR 2026,1,1
295-103-2,Ballantines Scotch 12yo,700,6,332.36,55.39,70.99,MAR 2026,1,1
295-263-8,Balvenie 12yo Malt,700,6,568.99,94.83,120.99,MAR 2026,1,1
295-320-9,Balvenie 12yo Stories,700,6,646.67,107.78,137.99,MAR 2026,1,1
295-490-3,Balvenie 14yo Bourbon Barrel,700,6,888.56,148.09,189.99,MAR 2026,1,1
295-060-3,Balvenie 14yo Caribbean Cask,700,6,702.45,117.08,149.99,MAR 2026,1,1
295-323-6,Balvenie 14yo Stories Peat,700,6,945.42,157.57,201.99,MAR 2026,1,1
295-484-1,Balvenie 16yo Pineau Cask,700,6,1408.07,234.68,299.99,MAR 2026,1,1
295-322-7,Balvenie 19yo Stories Burnhead,700,3,1032.25,344.08,439.99,MAR 2026,1,1
295-319-2,Balvenie 21yo Whisky,700,3,992.60,330.87,423.99,MAR 2026,1,1
295-360-0,Benriach 12yo,700,6,452.10,75.35,95.99,MAR 2026,1,1
295-461-8,Benriach 16yo,700,6,759.19,126.53,161.99,MAR 2026,1,1
295-361-9,Benriach 21yo,700,6,1123.60,187.27,239.99,MAR 2026,1,1
295-195-1,Benriach Original 10yo,700,6,399.09,66.52,84.99,MAR 2026,1,1
295-401-1,Benriach Smoke Season 52.8%,700,6,531.55,88.59,112.99,MAR 2026,1,1
295-196-0,Benriach Smoky 10yo,700,6,444.14,74.02,94.99,MAR 2026,1,1
295-374-4,Benriach Smoky 12yo,700,6,493.05,82.18,104.99,MAR 2026,1,1
300-370-6,Black Douglas 12yo,700,6,324.38,54.06,68.99,MAR 2026,1,1
300-368-0,Black Douglas Scotch,700,12,501.13,41.76,52.99,MAR 2026,1,1
300-242-2,Black Douglas Scotch,700,12,495.47,41.29,52.99,MAR 2026,1,1
300-369-9,Black Douglas Scotch 1125ml,1125,6,366.15,61.03,77.99,MAR 2026,1,1
300-244-0,Black Douglas Scotch 1125ml,1125,6,361.94,60.32,76.99,MAR 2026,1,1
295-418-2,Blackwood Malt Spirit 500ml,500,6,488.85,81.48,103.99,MAR 2026,1,1
300-228-0,Bladnoch Samsara,700,6,686.15,114.36,145.99,MAR 2026,1,1
300-303-8,Bladnoch Vinaya S Malt 46.7%,700,6,501.15,83.53,106.99,MAR 2026,1,1
295-093-4,Bowmore 12yo,700,6,473.86,78.98,100.99,MAR 2026,1,1
295-091-6,Bowmore 18yo,700,6,922.23,153.71,196.99,MAR 2026,1,1
295-158-6,Bowmore Sherry Cask 15yo,700,6,546.65,91.11,116.99,MAR 2026,1,1
295-006-0,Bruichladdich Laddie Classic,700,6,514.65,85.78,109.99,MAR 2026,1,1
295-457-4,Burnt Ends Smokey Whiskey,500,6,364.95,60.83,,MAR 2026,1,1
300-060-1,Bushmills 10 Yo,700,6,361.48,60.25,76.99,MAR 2026,1,1
300-062-9,Bushmills Black Bush Irish Wky,700,6,296.26,49.38,62.99,MAR 2026,1,1
300-356-4,Bushmills Sg Malt Whiskey 21yo,700,6,1461.15,243.53,,MAR 2026,1,1
300-314-5,Cameronbridge 26yo Sr F23,700,1,428.85,428.85,548.99,MAR 2026,1,1
295-117-6,Caol Ila Single Malt 12yo,700,6,614.14,102.36,130.99,MAR 2026,1,1
295-414-6,Cape Byron The Original Whisky,700,6,575.49,95.92,122.99,MAR 2026,1,1
295-038-2,Cardhu 12yo,700,6,413.63,68.94,87.99,MAR 2026,1,1
295-406-6,Cardhu 16yo Sr F23,700,6,1252.17,208.70,266.99,MAR 2026,1,1
295-480-5,Cardhu 18yo Single Malt,700,6,1069.68,178.28,227.99,MAR 2026,1,1
295-351-1,Chivas Extra 13yo Bourbon Cask,700,6,339.61,56.60,71.99,MAR 2026,1,1
300-563-3,Chivas Regal 12yo 1ltr,1000,6,422.61,70.44,89.99,MAR 2026,1,1
295-403-9,Chivas Regal 12yo Scotch 6pk,700,6,313.36,52.23,66.99,MAR 2026,1,1
295-413-7,Chivas Regal 12yo Scotch 6pk R,700,6,264.86,44.14,56.99,MAR 2026,1,1
295-050-5,Chivas Regal 18yo Scotch,700,6,614.23,102.37,130.99,MAR 2026,1,1
295-193-3,Chivas Regal 25yo Scotch,700,3,1365.30,455.10,582.99,MAR 2026,1,1
295-499-4,Chivas Regal 4.5lt With Cradle,4500,1,382.67,382.67,489.99,MAR 2026,1,1
295-421-7,Chivas Regal 4.5lt With Cradle,4500,2,733.80,366.90,469.99,MAR 2026,1,1
295-061-2,Chivas Regal Extra Aged 13 Yr,700,6,339.61,56.60,71.99,MAR 2026,1,1
295-160-2,Chivas Regal Ultis 3pk,700,3,630.47,210.16,268.99,MAR 2026,1,1
295-252-1,Chivas Regal Xv 15yo,700,6,426.79,71.13,90.99,MAR 2026,1,1
295-439-7,Chiyomusubi Mizunara Malt Whky,700,6,648.15,108.03,137.99,MAR 2026,1,1
300-338-7,Clynelish Whiskey 10yo S&R,700,6,1015.79,169.30,216.99,MAR 2026,1,1
300-311-8,Clynelish Whiskey 12yo Sr F23,700,6,1461.99,243.67,311.99,MAR 2026,1,1
295-396-8,Cmd Afusion S/Malt Whisky,700,6,558.42,93.07,118.99,MAR 2026,1,1
295-398-6,Cmd El Sol Single Malt Whisky,700,6,676.65,112.78,143.99,MAR 2026,1,1
295-395-9,Cmd Emulsion S/Malt Whisky,700,6,497.06,82.84,105.99,MAR 2026,1,1
295-399-5,Cmd Fusion Single Malt Whisky,700,6,676.65,112.78,143.99,MAR 2026,1,1
295-397-7,Cmd Invicta S/Malt Whisky,700,6,676.65,112.78,143.99,MAR 2026,1,1
300-329-8,Coastal Stone Smw Nor'easter,700,6,466.98,77.83,99.99,MAR 2026,1,1
300-330-5,Coastal Stone Xplore Whisky,700,6,363.00,60.50,76.99,MAR 2026,1,1
300-143-2,Copper Dog Whisky,700,6,293.36,48.89,62.99,MAR 2026,1,1
300-227-1,Crabbies Yardhead Single Malt,700,6,291.28,48.55,61.99,MAR 2026,1,1
295-047-1,Cragganmore Whisky 40%,700,6,518.47,86.41,110.99,MAR 2026,1,1
295-077-4,Craigellachie 13yo Single Malt,700,6,534.86,89.14,113.99,MAR 2026,1,1
295-470-7,D'yavol Inception Gb Malt Whky,750,6,557.63,92.94,118.99,MAR 2026,1,1
300-875-6,Dalmore 12yo Whisky,700,6,660.15,110.03,140.99,MAR 2026,1,1
300-220-8,Dalwhinnie 15yo 43%,700,6,626.17,104.36,133.99,MAR 2026,1,1
295-524-3,Dewars 12 Year Old,700,6,348.47,58.08,73.99,MAR 2026,1,1
295-377-1,Dewars White Label 1ltr,1000,6,363.70,60.62,77.99,MAR 2026,1,1
295-269-2,Dewars White Label 700ml,700,6,284.27,47.38,60.99,MAR 2026,1,1
295-265-6,Dimple 12 Y.O.,1000,6,382.30,63.72,81.99,MAR 2026,1,1
295-051-4,Dimple 12 Y.O.,700,6,306.37,51.06,64.99,MAR 2026,1,1
295-478-9,Dimple 12 Y.O. R,700,6,275.62,45.94,58.99,MAR 2026,1,1
295-049-9,Dimple 15 Y.O.,700,6,382.27,63.71,81.99,MAR 2026,1,1
300-348-5,Fettercairn 12yr Single Malt,700,6,519.15,86.53,110.99,MAR 2026,1,1
300-124-5,Fireball Cinnamon Whisky 1l,1000,6,356.71,59.45,75.99,MAR 2026,1,1
300-214-6,Fireball Cinnamon Whisky 200ml,200,12,168.07,14.01,17.99,MAR 2026,3,1
300-622-2,Fireball Cinnamon Whisky 700ml,700,6,259.06,43.18,54.99,MAR 2026,1,1
300-331-4,Fuji Single Blend Whisky,700,6,594.15,99.03,126.99,MAR 2026,1,1
300-007-7,George Dickel No 8 Classic Rc,1000,12,712.54,59.38,75.99,MAR 2026,1,1
300-032-6,George Dickel No. 12,750,6,358.67,59.78,76.99,MAR 2026,1,1
300-033-5,George Dickel No. 8,750,6,334.17,55.70,70.99,MAR 2026,1,1
295-412-8,Glasgow 1770 S/Malt Original,700,6,447.29,74.55,94.99,MAR 2026,1,1
295-410-0,Glasgow 1770 S/Malt Td Whisky,700,6,447.29,74.55,94.99,MAR 2026,1,1
300-256-5,Glen Grant 10yo Gift Box,700,6,384.52,64.09,81.99,MAR 2026,1,1
300-941-6,Glen Grant 10yr Old 40%,700,6,384.52,64.09,81.99,MAR 2026,1,1
300-269-0,Glen Grant 15yo,700,6,548.56,91.43,,MAR 2026,1,1
300-142-3,Glen Grant 18yo,700,3,451.31,150.44,192.99,MAR 2026,1,1
300-364-4,Glen Grant 21yo,700,6,1597.92,266.32,340.99,MAR 2026,1,1
300-204-8,Glen Grant Arboralis,700,6,341.43,56.91,72.99,MAR 2026,1,1
295-687-6,Glendronach 12 Yo Single Malt,700,6,550.42,91.74,116.99,MAR 2026,1,1
295-434-2,Glendronach 15yo Revival,700,6,752.65,125.44,160.99,MAR 2026,1,1
295-204-0,Glendronach 21yo Parliament,700,6,1738.97,289.83,370.99,MAR 2026,1,1
295-471-6,Glendronach Csk Str Batch 10,700,6,624.58,104.10,132.99,MAR 2026,1,1
295-203-1,Glendronach Peated 700ml,700,6,654.51,109.09,139.99,MAR 2026,1,1
295-339-8,Glenfarclas 21yo,700,6,968.65,161.44,206.99,MAR 2026,1,1
295-340-5,Glenfarclas Whisky 105 Cask,700,6,842.65,140.44,179.99,MAR 2026,1,1
295-337-0,Glenfarclas Whisky 10yo,700,6,508.65,84.78,108.99,MAR 2026,1,1
295-338-9,Glenfarclas Whisky 12yo,700,6,633.65,105.61,134.99,MAR 2026,1,1
295-489-6,Glenfarclas Whisky 15yo,700,6,833.65,138.94,177.99,MAR 2026,1,1
295-487-8,Glenfarclas Whisky 17yo,700,6,948.65,158.11,201.99,MAR 2026,1,1
295-488-7,Glenfarclas Whisky 25yo,700,6,1893.65,315.61,403.99,MAR 2026,1,1
295-336-1,Glenfarclas Whisky 8yo,700,6,463.65,77.28,98.99,MAR 2026,1,1
295-404-8,Glenfiddich 14yo Bourbon Cask,700,6,576.88,96.15,122.99,MAR 2026,1,1
295-502-9,Glenfiddich 15yo Solera,700,3,323.94,107.98,137.99,MAR 2026,1,1
295-348-7,Glenfiddich 18yo,700,3,462.31,154.10,196.99,MAR 2026,1,1
295-511-8,Glenfiddich 21yo Grand Reserve,700,3,796.28,265.43,339.99,MAR 2026,1,1
295-485-0,Glenfiddich 26 Grande Couronne,700,3,2149.20,716.40,916.99,MAR 2026,1,1
295-282-5,Glenfiddich Fire & Cane,700,6,462.10,77.02,98.99,MAR 2026,1,1
295-341-4,Glenfiddich Grand Cru 23yo,700,3,1146.20,382.07,488.99,MAR 2026,1,1
295-308-5,Glenfiddich Malt 12yo,700,6,425.76,70.96,90.99,MAR 2026,1,1
295-156-8,Glenfiddich Twenty (Xx),700,6,690.88,115.15,146.99,MAR 2026,1,1
295-425-3,Glenglassaugh 12yo 700ml,700,6,513.97,85.66,109.99,MAR 2026,1,1
295-427-1,Glenglassaugh Portsoy 49.1%,700,6,608.88,101.48,129.99,MAR 2026,1,1
295-426-2,Glenglassaugh Sandend 50.5%,700,6,558.98,93.16,118.99,MAR 2026,1,1
300-295-8,Glenkinchie 12yo Whiskey 43%,700,6,580.72,96.79,123.99,MAR 2026,1,1
300-334-1,Glenkinchie 27yo S&R,700,1,417.15,417.15,533.99,MAR 2026,1,1
295-253-0,Glenlivet 12yo,700,6,392.06,65.34,83.99,MAR 2026,1,1
295-447-7,Glenlivet 12yo Glass Pack,700,6,469.72,78.29,99.99,MAR 2026,1,1
295-104-1,Glenlivet 18 Y.O.,700,6,932.63,155.44,198.99,MAR 2026,1,1
295-366-4,Glenlivet Caribbean Res 700ml,700,6,345.10,57.52,,MAR 2026,1,1
295-448-6,Glenlivet Found/Res Glass Pack,700,6,396.87,66.15,84.99,MAR 2026,1,1
295-073-8,Glenlivet Founders Reserve,700,6,348.37,58.06,73.99,MAR 2026,1,1
295-106-9,Glenlivet French Oak 15yo,700,6,778.55,129.76,165.99,MAR 2026,1,1
295-153-1,Glenmorangie Lasanta Gb,700,6,569.50,94.92,120.99,MAR 2026,1,1
295-154-0,Glenmorangie Nectar Dor Gb,700,6,625.53,104.26,132.99,MAR 2026,1,1
295-152-2,Glenmorangie Quinta Ruban Gb,700,6,613.20,102.20,130.99,MAR 2026,1,1
295-600-0,Glenmorangie Scotch 10yo,700,6,526.40,87.73,111.99,MAR 2026,1,1
295-479-8,Glenmorangie Scotch 10yo R,700,6,390.15,65.03,82.99,MAR 2026,1,1
295-169-3,Glenmorangie Scotch 18yo,700,6,953.75,158.96,202.99,MAR 2026,1,1
295-165-7,Glenmorangie Signet Gb,700,4,1105.95,276.49,353.99,MAR 2026,1,1
300-190-4,Gospel Solera Rye,700,6,414.15,69.03,87.99,MAR 2026,1,1
300-270-7,Gospel Straight Rye,700,6,480.15,80.03,,MAR 2026,1,1
300-134-3,Grants Scotch Triple Wood,1000,6,333.23,55.54,70.99,MAR 2026,1,1
300-132-5,Grants Scotch Triple Wood,700,12,470.91,39.24,49.99,MAR 2026,1,1
300-181-5,Grants Triple Wood Smoky,700,6,260.59,43.43,55.99,MAR 2026,1,1
295-459-2,Hakushu 12yo Whisky,700,3,855.86,285.29,364.99,MAR 2026,1,1
295-194-2,Hibiki Harmony Jap Whisky,700,3,476.26,158.75,202.99,MAR 2026,1,1
295-179-1,Highland Park 12yo,700,6,492.65,82.11,104.99,MAR 2026,1,1
295-391-3,Indri Single Malt Whiskey,700,6,446.15,74.36,94.99,MAR 2026,1,1
295-122-9,Iron Mask Whisky,700,12,401.15,33.43,42.99,MAR 2026,1,1
295-417-3,Ironbark Red Malt Spirit 500ml,500,6,366.15,61.03,77.99,MAR 2026,1,1
295-416-4,Ironbark Yellow Malt Spirit,500,6,353.85,58.98,74.99,MAR 2026,1,1
295-048-0,J & B Rare Scotch,700,12,497.51,41.46,52.99,MAR 2026,1,1
300-092-3,J.Walker Aged 18 Years 700ml,700,6,762.20,127.03,162.99,MAR 2026,1,1
295-241-5,J.Walker Black 1ltr,1000,6,424.34,70.72,90.99,MAR 2026,1,1
295-120-1,J.Walker Black 700ml,700,12,634.24,52.85,67.99,MAR 2026,1,1
295-393-1,J.Walker Black 700ml R,700,12,548.42,45.70,58.99,MAR 2026,1,1
295-127-4,J.Walker Black Bis 200ml,200,12,246.46,20.54,25.99,MAR 2026,1,1
295-352-0,J.Walker Black H/Ball Mixer Pk,200,6,146.96,24.49,30.99,MAR 2026,1,1
295-483-2,J.Walker Black Ibc Gift 700ml,700,12,634.24,52.85,67.99,MAR 2026,1,1
295-473-4,J.Walker Black Ruby,700,6,341.14,56.86,72.99,MAR 2026,1,1
295-948-1,J.Walker Blue,700,6,1341.67,223.61,285.99,MAR 2026,1,1
295-384-2,J.Walker Blue Ghost Portdundas,750,3,1187.28,395.76,506.99,MAR 2026,1,1
295-383-3,J.Walker Blue Gift Pack 2023,700,3,699.38,233.13,297.99,MAR 2026,1,1
295-482-3,J.Walker Blue Ice Chalet Le,750,6,2260.78,376.80,481.99,MAR 2026,1,1
295-306-7,J.Walker Blue King George V,750,4,2557.30,639.33,817.99,MAR 2026,1,1
295-390-4,J.Walker Blue Lny 23 Rabbit,750,4,994.32,248.58,317.99,MAR 2026,1,1
295-481-4,J.Walker Blue Lny Snake F25 Le,750,4,1051.56,262.89,336.99,MAR 2026,1,1
295-381-5,J.Walker Blue R,700,6,1171.50,195.25,,MAR 2026,1,1
295-446-8,J.Walker Blue Umami,750,3,1043.55,347.85,444.99,MAR 2026,1,1
295-389-7,J.Walker Cny King George F23,750,4,2631.18,657.80,841.99,MAR 2026,1,1
295-843-7,J.Walker Double Black 700ml,700,6,350.89,58.48,74.99,MAR 2026,1,1
295-214-8,J.Walker Gold Reserve 700ml,700,6,528.20,88.03,112.99,MAR 2026,1,1
295-072-9,J.Walker Green Label,700,6,498.58,83.10,105.99,MAR 2026,1,1
300-012-0,J.Walker Red Bis 1125ml 6 Pk,1125,6,505.83,84.31,107.99,MAR 2026,1,1
300-559-9,J.Walker Red Bis 1lt,1000,6,339.08,56.51,71.99,MAR 2026,1,1
300-577-7,J.Walker Red Bis 200ml,200,24,407.24,16.97,21.99,MAR 2026,3,1
300-588-4,J.Walker Red Bis 375ml,375,12,334.94,27.91,35.99,MAR 2026,1,1
300-590-0,J.Walker Red Bis 700ml,700,12,506.88,42.24,53.99,MAR 2026,1,1
300-305-6,J.Walker Red Bis 700ml R,700,12,450.98,37.58,47.99,MAR 2026,1,1
300-233-3,J.Walker&Sons 28yo Bicent,750,4,4155.59,4155.59,5318.99,MAR 2026,1,4
295-415-5,Jarrah Malt Spirit 500ml,500,6,329.33,54.89,69.99,MAR 2026,1,1
295-433-3,Johnnie Walker Cny Dragon F24,750,4,1026.89,256.72,328.99,MAR 2026,1,1
300-775-7,Jura 10yo Scotch Whisky,700,6,390.15,65.03,82.99,MAR 2026,1,1
300-183-3,Jura 12yo Scotch Whisky,700,6,453.15,75.53,96.99,MAR 2026,1,1
300-355-5,Jura Bourbon Cask Whisky,700,6,387.15,64.53,82.99,MAR 2026,1,1
300-185-1,Jura Journey Scotch Whiskey,700,6,376.15,62.69,79.99,MAR 2026,1,1
300-347-6,Jura Red Wine Cask Whisky,700,6,396.15,66.03,84.99,MAR 2026,1,1
295-456-5,Kaijin Original Whisky,700,6,378.15,63.03,,MAR 2026,1,1
295-409-3,Kamiki Japanese Whisky Orig,500,6,559.27,93.21,118.99,MAR 2026,1,1
295-408-4,Kamiki Japanese Whisky Sakura,500,6,639.72,106.62,135.99,MAR 2026,1,1
300-026-4,Knob Creek Small Batch 50%,700,6,479.70,79.95,101.99,MAR 2026,1,1
295-453-8,Kujira Ryukyu 10yo Japan Whsky,700,6,882.15,147.03,187.99,MAR 2026,1,1
295-454-7,Kujira Ryukyu 15yo Japan Whsk,700,6,1344.15,224.03,286.99,MAR 2026,1,1
295-455-6,Kujira Ryukyu 5yo Japanese Wky,700,6,648.15,108.03,137.99,MAR 2026,1,1
295-452-9,Kujira Ryukyu Inari Whisky,700,6,558.15,93.03,118.99,MAR 2026,1,1
300-203-9,Kurayoshi Pure Malt,700,6,487.94,81.32,103.99,MAR 2026,1,1
300-202-0,Kurayoshi Pure Malt 8yo,700,6,760.01,126.67,161.99,MAR 2026,1,1
300-200-2,Kurayoshi Sherry Cask,700,6,569.66,94.94,121.99,MAR 2026,1,1
300-336-9,Lagavulin 12yo S&R,700,6,935.32,155.89,199.99,MAR 2026,1,1
300-315-4,Lagavulin 12yo Sr F23,700,6,970.84,161.81,206.99,MAR 2026,1,1
300-361-7,Lagavulin 12yo Sr F23 200ml,200,24,1366.78,56.95,72.99,MAR 2026,1,1
300-321-6,Lagavulin De F23,700,6,1010.42,168.40,215.99,MAR 2026,1,1
300-650-7,Lagavulin Whiskey 16yo 43%,700,6,979.17,163.20,208.99,MAR 2026,1,1
300-075-4,Lagavulin Whisky 8yo 48%,700,6,519.13,86.52,110.99,MAR 2026,1,1
300-003-1,Laphroaig Quarter Cask Tubed,700,6,722.64,120.44,153.99,MAR 2026,1,1
300-034-4,Laphroaig Select 40%,700,6,455.52,75.92,96.99,MAR 2026,1,1
300-537-6,Laphroaig Single Malt 10yo,700,6,531.46,88.58,112.99,MAR 2026,1,1
300-263-6,Lark Cask Strength,500,6,1088.45,181.41,231.99,MAR 2026,1,1
300-264-5,Lark Classic Cask,500,6,869.65,144.94,185.99,MAR 2026,1,1
300-268-1,Lark Classic Flight Gift Pack,300,4,441.95,110.49,140.99,MAR 2026,1,1
300-304-7,Lark Rare Cask Tokay + 100ml,800,1,733.42,733.42,938.99,MAR 2026,1,1
300-309-2,Lark Rebellion 500mL,500,6,869.65,144.94,185.99,MAR 2026,1,1
300-317-2,Lark Rebellion S.Malt 100ml,100,12,524.71,43.73,55.99,MAR 2026,12,1
300-259-2,Lark Sherry Aged & Sherry Fin.,500,6,1097.01,182.84,233.99,MAR 2026,1,1
300-297-6,Lark Slainte Whiskey Liqueur,350,9,409.65,45.52,57.99,MAR 2026,1,1
300-258-3,Lark Symphony No.1,500,6,651.65,108.61,138.99,MAR 2026,1,1
300-318-1,Lark Tasmanian Peated 100ml,100,12,524.71,43.73,55.99,MAR 2026,12,1
300-310-9,Lark Tasmanian Peated 500mL,500,6,869.65,144.94,185.99,MAR 2026,1,1
300-171-7,Lyre's Traditional Reserve,700,6,203.83,33.97,42.99,MAR 2026,1,1
295-449-5,Masahiro 12yo Sherry Whisky,700,6,906.15,151.03,192.99,MAR 2026,1,1
295-451-0,Masahiro Pure Malt 3yo Whisky,700,6,600.15,100.03,127.99,MAR 2026,1,1
300-199-5,Matsui Tottori 532,700,6,430.70,71.78,91.99,MAR 2026,1,1
300-702-5,McCallums Scotch,700,12,463.58,38.63,48.99,MAR 2026,1,1
300-021-9,Monkey Shoulder Scotch Whiskey,700,6,323.42,53.90,68.99,MAR 2026,1,1
300-271-6,Morris Muscat Sgle Malt Whisky,700,6,696.15,116.03,148.99,MAR 2026,1,1
300-272-5,Morris Signature Sgl Mlt Whsky,700,6,453.15,75.53,,MAR 2026,1,1
295-491-2,Mortlach 12yo,700,6,991.61,165.27,211.99,MAR 2026,1,1
295-462-7,Mortlach 13yo Fy22,750,6,1108.14,184.69,235.99,MAR 2026,1,1
295-458-3,Mortlach 16yo,750,6,1583.25,263.88,337.99,MAR 2026,1,1
295-291-4,Mortlach 20yo,750,6,2444.26,407.38,520.99,MAR 2026,1,1
295-407-5,Mortlach Sr F23,700,6,1788.95,298.16,381.99,MAR 2026,1,1
295-176-4,Naked Malt Blended,700,6,313.35,52.23,66.99,MAR 2026,1,1
295-492-1,Nikka 'from The Barrel',500,6,401.31,66.89,85.99,MAR 2026,1,1
295-020-2,Nikka 'from The Barrel',500,6,398.73,66.46,84.99,MAR 2026,1,1
295-497-6,Nikka Pumalt Whisky Taketsuru,700,6,617.65,102.94,131.99,MAR 2026,1,1
295-494-9,Nikka Sgl Malt Whisky Yoichi,700,6,1275.11,212.52,271.99,MAR 2026,1,1
295-465-4,Nikka Sgl Malt Whisky Yoichi,700,6,709.39,118.23,150.99,MAR 2026,1,1
295-495-8,Nikka Smalt Whisky Miyagikyo,700,6,705.28,117.55,149.99,MAR 2026,1,1
295-498-5,Nikka Whisky Coffey Grain,700,6,615.72,102.62,130.99,MAR 2026,1,1
295-493-0,Nikka Whisky Coffey Malt,700,6,604.29,100.72,128.99,MAR 2026,1,1
295-468-1,Nikka Whisky Coffey Malt,700,6,606.74,101.12,128.99,MAR 2026,1,1
295-496-7,Nikka Whisky Days Blended,700,6,396.95,66.16,84.99,MAR 2026,1,1
295-464-5,Nikka Whisky Days Blended,700,6,396.90,66.15,84.99,MAR 2026,1,1
300-890-7,Oban Whiskey 14yo 43%,700,6,813.32,135.55,173.99,MAR 2026,1,1
300-316-3,Oban Whisky 10yo Sr F23,700,6,763.66,127.28,162.99,MAR 2026,1,1
300-337-8,Oban Whisky 11yo S&R,700,6,837.04,139.51,178.99,MAR 2026,1,1
295-247-9,Port Charlotte 10yo,700,6,576.65,96.11,122.99,MAR 2026,1,1
300-139-8,Proper No.12 Irish Whiskey,700,6,301.48,50.25,63.99,MAR 2026,1,1
300-340-3,Proper No.12 Irish Whiskey 1l,1000,6,415.89,69.32,88.99,MAR 2026,1,1
300-231-5,Pure Scot Signature 700ml,700,6,378.15,63.03,80.99,MAR 2026,1,1
300-339-6,Roseisle 12yo S&R,700,6,724.32,120.72,154.99,MAR 2026,1,1
300-280-5,Royal Lochnagar 16yo Sr 700ml,700,6,1503.24,250.54,320.99,MAR 2026,1,1
295-021-1,Royal Salute 21yo Sig Blend,700,6,1213.61,202.27,258.99,MAR 2026,1,1
300-232-4,Sazerac Rye Whiskey,700,6,435.90,72.65,92.99,MAR 2026,1,1
300-292-1,Sexton S.Malt Irish Whiskey,700,6,358.11,59.69,,MAR 2026,1,1
300-130-7,Shackeltons Blended Malt,700,6,362.15,60.36,76.99,MAR 2026,1,1
295-437-9,Shinobu Daimyo-No Whisky,700,6,330.15,55.03,69.99,MAR 2026,1,1
295-435-1,Shinobu Pure Malt 10yo Whisky,700,6,894.15,149.03,190.99,MAR 2026,1,1
295-438-8,Shinobu Pure Malt 15yo Whisky,700,6,1146.15,191.03,244.99,MAR 2026,1,1
295-442-2,Shinobu Pure Malt Light Peated,700,6,612.15,102.03,130.99,MAR 2026,1,1
300-335-0,Singleton 14yo Special Release,700,6,720.25,120.04,153.99,MAR 2026,1,1
300-327-0,Singleton 40yo,700,1,4149.11,4149.11,5310.99,MAR 2026,1,1
300-069-2,Singleton Dufftown 12yo,700,6,386.14,64.36,81.99,MAR 2026,1,1
300-128-1,Singleton Dufftown 15yo,700,6,557.54,92.92,118.99,MAR 2026,1,1
300-281-4,Singleton Gl 19yo Sr 700ml,700,6,1051.81,175.30,223.99,MAR 2026,1,1
300-312-7,Singleton Go 15yo Sr F23,700,6,898.53,149.76,191.99,MAR 2026,1,1
300-125-4,Singleton Malt Master,700,6,316.92,52.82,67.99,MAR 2026,1,1
300-048-8,Singleton Spey Cascade,700,6,337.13,56.19,71.99,MAR 2026,1,1
295-373-5,Suntory Chita Japanese Whisky,700,3,257.61,85.87,,MAR 2026,1,1
295-372-6,Suntory Toki Japanese Whisky,700,6,350.73,58.46,,MAR 2026,1,1
300-313-6,Talisker 11yo Sr F23,700,6,840.51,140.09,178.99,MAR 2026,1,1
300-333-2,Talisker 18yo,700,6,1562.43,260.41,332.99,MAR 2026,1,1
300-293-0,Talisker 44yo,700,1,4733.71,4733.71,6058.99,MAR 2026,1,1
300-325-2,Talisker Dist Edt 2023,700,6,692.77,115.46,147.99,MAR 2026,1,1
300-342-1,Talisker Nad S&R Le,700,6,763.14,127.19,162.99,MAR 2026,1,1
300-049-7,Talisker Skye,700,6,456.54,76.09,96.99,MAR 2026,1,1
300-359-1,Talisker Storm,700,6,482.29,80.38,102.99,MAR 2026,1,1
300-900-5,Talisker Whiskey 10yo,700,6,484.05,80.68,102.99,MAR 2026,1,1
300-129-0,Tamnavulin Single Malt,700,6,372.15,62.03,78.99,MAR 2026,1,1
295-402-0,Tenjaku Pure Malt Whisky,700,6,419.87,69.98,89.99,MAR 2026,1,1
300-346-7,The Dalmore 12yo Sherry Cask,700,6,798.15,133.03,169.99,MAR 2026,1,1
295-177-3,The Famous Grouse,700,6,248.95,41.49,52.99,MAR 2026,1,1
295-149-8,The Irishman Single Malt,700,6,371.15,61.86,78.99,MAR 2026,1,1
300-031-7,The John Walker,750,1,3692.06,3692.06,4725.99,MAR 2026,1,1
300-087-0,The Macallan 12yo Double Cask,700,6,628.35,104.73,133.99,MAR 2026,1,1
300-345-8,The Macallan 15yo Double Cask,700,6,1319.65,219.94,281.99,MAR 2026,1,1
300-246-8,The Macallan 18yo Double Cask,700,6,2581.07,430.18,550.99,MAR 2026,1,1
300-172-6,The Macallan Sherry Oak 12yo,700,6,722.35,120.39,153.99,MAR 2026,1,1
295-267-4,Vat 69,700,12,487.08,40.59,51.99,MAR 2026,1,1
300-238-8,Whistlepig Rye Whiskey 10yo,700,6,621.15,103.53,132.99,MAR 2026,1,1
300-239-7,Whistlepig Rye Whiskey 12yo,750,6,726.15,121.03,154.99,MAR 2026,1,1
300-240-4,Whistlepig Rye Whiskey 15yo,700,3,681.15,227.05,290.99,MAR 2026,1,1
300-084-3,Writers Tears Copper Pot,700,6,413.63,68.94,87.99,MAR 2026,1,1
300-194-0,Writers Tears Double Oak,700,6,444.89,74.15,94.99,MAR 2026,1,1
300-195-9,Writers Tears Marsala Cask,700,6,514.67,85.78,109.99,MAR 2026,1,1
295-392-2,Yamazaki 12yo Whisky 43%,700,3,872.14,290.71,371.99,MAR 2026,1,1
295-460-9,Yamazaki Distiller Whisky 43%,700,3,379.93,126.64,161.99,MAR 2026,1,1
305-156-5,23rd St Hybrid Whiskey 42.3%,700,6,366.06,61.01,77.99,MAR 2026,1,1
305-354-5,5 Square Mile Bourbon Whiskey,700,6,245.42,40.90,51.99,MAR 2026,1,1
305-335-9,5 Square Mile Rye Whiskey,700,6,241.85,40.31,51.99,MAR 2026,1,1
305-362-5,Angels Envy Bourbon,750,6,457.15,76.19,97.99,MAR 2026,1,1
305-299-3,Baker's 7 Y.O. Bourbon 53.5%,750,3,269.00,89.67,114.99,MAR 2026,1,1
305-341-1,Balcones Tx Bourbon 46%,700,6,486.15,81.03,103.99,MAR 2026,1,1
305-381-2,Bardstown Origin Serie Bourbon,750,6,606.15,101.03,,MAR 2026,1,1
305-324-2,Basil Hayden Bourbon 40%,700,6,335.83,55.97,71.99,MAR 2026,1,1
305-371-4,Basil Hayden R/Wine Csk Finish,750,6,539.46,89.91,114.99,MAR 2026,1,1
305-239-6,Bearded Lady 37% 700ml,700,6,235.84,39.31,49.99,MAR 2026,1,1
305-298-4,Benchmark Bourbon 37%,700,12,433.82,36.15,45.99,MAR 2026,1,1
305-364-3,Bookers Bourbon 2023 63.30%,750,6,627.82,104.64,133.99,MAR 2026,1,1
305-404-5,Bookers Bourbon 2024 62.2%,750,6,592.84,98.81,125.99,MAR 2026,1,1
305-194-9,Buffalo Trace Bourbon 40%,700,6,299.76,49.96,63.99,MAR 2026,1,1
305-242-1,Bulleit Bourbon 45%,700,6,299.59,49.93,63.99,MAR 2026,1,1
305-076-2,Bulleit Rye,700,6,351.28,58.55,74.99,MAR 2026,1,1
305-096-8,Confederate Bourbon,700,12,432.15,36.01,45.99,MAR 2026,1,1
305-383-0,Corowa Ben Buckler,700,6,420.15,70.03,89.99,MAR 2026,1,1
305-398-3,Cougar Bourbon 12pk Green Lbl,700,12,501.13,41.76,52.99,MAR 2026,3,1
305-285-9,Cougar Bourbon 12pk Green Lbl,700,12,495.37,41.28,52.99,MAR 2026,3,1
305-402-7,Cougar Bourbon 6pk 1125ml,1125,6,368.12,61.35,78.99,MAR 2026,1,1
305-399-2,Cougar Bourbon Black,700,6,324.38,54.06,68.99,MAR 2026,1,1
305-028-1,Eagle Rare Bourbon 10yo,700,6,430.67,71.78,91.99,MAR 2026,1,1
305-209-2,Elijah Craig Small Batch,700,6,458.09,76.35,97.99,MAR 2026,1,1
305-385-8,Elijah Craig Straight Rye,700,6,458.09,76.35,97.99,MAR 2026,1,1
305-044-1,Evan Williams Black Bourbon,700,12,596.11,49.68,63.99,MAR 2026,1,1
305-045-0,Evan Williams Single Barrel,700,6,470.39,78.40,99.99,MAR 2026,1,1
305-376-9,Four Roses Bourbon Whisky,700,6,336.15,56.03,71.99,MAR 2026,1,1
305-382-1,Four Roses Small Batch B/Whsky,700,6,450.15,75.03,95.99,MAR 2026,1,1
305-368-9,Gentleman Jack & 2 Glasses,700,6,376.00,62.67,79.99,MAR 2026,6,1
305-482-0,Gentleman Jack 1750ml,1750,6,805.50,134.25,171.99,MAR 2026,1,1
305-246-7,Gentleman Jack 1l,1000,6,462.69,77.12,98.99,MAR 2026,1,1
305-251-9,Gentleman Jack 200ml,200,24,456.13,19.01,23.99,MAR 2026,3,1
305-405-4,Gentleman Jack 700ml,700,6,325.23,54.21,68.99,MAR 2026,1,1
305-403-6,Gentleman Jack 700ml,700,6,312.15,52.03,66.99,MAR 2026,1,1
305-379-6,Green River Kentucky Bourbon,750,6,486.15,81.03,,MAR 2026,1,1
305-380-3,Green River Wheated Bourbon,750,6,486.15,81.03,,MAR 2026,1,1
305-283-1,High West Double Rye,700,6,552.58,92.10,117.99,MAR 2026,1,1
305-343-9,High West Praire Bourbon,700,6,552.58,92.10,117.99,MAR 2026,1,1
305-282-2,High West Rendezvous Rye,700,6,673.13,112.19,143.99,MAR 2026,1,1
305-353-6,Howler Head Banana Bourbon,700,6,284.65,47.44,60.99,MAR 2026,1,1
305-325-1,Jack Daniels Bonded 700ml,700,6,393.50,65.58,83.99,MAR 2026,1,1
305-280-4,Jack Daniels Bottled In Bond,1000,6,451.33,75.22,95.99,MAR 2026,1,1
305-691-7,Jack Daniels Bourbon,500,12,430.84,35.90,45.99,MAR 2026,1,1
305-066-4,Jack Daniels Bourbon,1750,6,691.56,115.26,147.99,MAR 2026,1,1
305-060-0,Jack Daniels Bourbon,700,12,573.82,47.82,60.99,MAR 2026,1,1
305-059-3,Jack Daniels Bourbon,350,12,302.62,25.22,31.99,MAR 2026,3,1
305-043-2,Jack Daniels Bourbon,200,24,381.79,15.91,19.99,MAR 2026,3,1
305-019-2,Jack Daniels Bourbon,1000,6,412.91,68.82,87.99,MAR 2026,1,1
305-217-2,Jack Daniels Bourbon 1136ml,1136,6,468.92,78.15,99.99,MAR 2026,1,1
305-102-0,Jack Daniels Bourbon 3l Cradle,3000,1,318.53,318.53,407.99,MAR 2026,1,1
305-083-3,Jack Daniels Bourbon 3ltr,3000,1,204.01,204.01,260.99,MAR 2026,1,1
305-337-7,Jack Daniels Bourbon R,700,12,519.38,43.28,54.99,MAR 2026,1,1
305-336-8,Jack Daniels Bourbon R,1000,6,358.65,59.78,76.99,MAR 2026,1,1
305-340-2,Jack Daniels Guitar Case,700,6,429.15,71.53,91.99,MAR 2026,6,1
305-357-2,Jack Daniels Mclaren Lim Ed V2,700,6,324.33,54.06,68.99,MAR 2026,1,1
305-323-3,Jack Daniels Music Le,700,6,377.96,62.99,80.99,MAR 2026,1,1
305-125-3,Jack Daniels Sinatra Select 3p,1000,3,598.55,199.52,254.99,MAR 2026,1,1
305-067-3,Jack Daniels Single Barrel,700,6,495.76,82.63,105.99,MAR 2026,1,1
305-065-5,Jack Daniels Tennesse Honey,700,6,274.99,45.83,58.99,MAR 2026,1,1
305-302-8,Jack Daniels Tennessee Apple,700,6,274.99,45.83,58.99,MAR 2026,1,1
305-129-9,Jack Daniels Tennessee Fire,700,6,274.99,45.83,58.99,MAR 2026,1,1
305-213-6,Jack Daniels Tennessee Rye,700,6,371.36,61.89,78.99,MAR 2026,1,1
305-378-7,Jack Daniels Triple Mash,700,6,471.65,78.61,100.99,MAR 2026,1,1
305-208-3,Jack Daniels W 1 Glass,700,6,314.27,52.38,66.99,MAR 2026,6,1
305-303-7,Jack Daniels W Cradle 1750ml,1750,1,266.98,266.98,341.99,MAR 2026,1,1
305-313-5,Jd Single Barrel W/Glencairn,700,6,588.23,98.04,124.99,MAR 2026,6,1
305-358-1,Jeffersons Vsb Bourbon 750ml,750,6,348.33,58.06,73.99,MAR 2026,1,1
305-259-1,Jim Beam Black Bourbon 40%,1000,6,382.94,63.82,81.99,MAR 2026,1,1
305-047-8,Jim Beam Bourbon Black,700,12,561.07,46.76,59.99,MAR 2026,1,1
305-199-4,Jim Beam Bourbon White,1750,6,576.58,96.10,122.99,MAR 2026,1,1
305-080-6,Jim Beam Bourbon White (Pet),375,24,512.47,21.35,26.99,MAR 2026,1,1
305-075-3,Jim Beam Bourbon White (Pet),200,48,720.14,15.00,18.99,MAR 2026,3,1
305-256-4,Jim Beam Bourbon White 37%,700,12,484.84,40.40,51.99,MAR 2026,1,1
305-018-3,Jim Beam Bourbon White 37%1lt,1000,6,336.03,56.01,71.99,MAR 2026,1,1
305-155-6,Jim Beam Devils Cut 40%,700,6,296.16,49.36,62.99,MAR 2026,1,1
305-145-9,Jim Beam Rye 40%,700,12,583.39,48.62,61.99,MAR 2026,1,1
305-369-8,Jim Beam White 1125ml 6pk,1125,6,393.15,65.53,83.99,MAR 2026,1,1
305-227-0,Lyre's American Malt,700,6,203.83,33.97,42.99,MAR 2026,1,1
305-152-9,Makers Mark 1ltr 40%,1000,6,405.71,67.62,86.99,MAR 2026,1,1
305-344-8,Makers Mark 46 700ml New,700,6,377.64,62.94,80.99,MAR 2026,1,1
305-234-1,Makers Mark Bourbon 40%,700,6,303.82,50.64,64.99,MAR 2026,1,1
305-377-8,Makers Mark Cask Strength Lto,700,3,252.74,84.25,107.99,MAR 2026,1,1
305-260-8,Matsui Bourbon Barrel,700,6,443.83,73.97,94.99,MAR 2026,1,1
305-375-0,Michter's Us 1 American Whisky,700,6,549.65,91.61,116.99,MAR 2026,1,1
305-373-2,Michter's Us 1 Bourbon Whisky,700,6,549.65,91.61,116.99,MAR 2026,1,1
305-374-1,Michter's Us 1 Rye Whisky,700,6,549.65,91.61,116.99,MAR 2026,1,1
305-372-3,Michter's Us 1 Sour Mash Whsky,700,6,549.65,91.61,116.99,MAR 2026,1,1
305-359-0,Misunderstood Ginger 750ml,750,6,343.46,57.24,72.99,MAR 2026,1,1
305-389-4,Ned Aust Whisky Golden Bickie,700,6,246.15,41.03,52.99,MAR 2026,1,1
305-347-5,Ned Aust Whisky Gwp Glass,700,6,262.62,43.77,55.99,MAR 2026,1,1
305-321-5,Ned Australian Whisky,700,6,262.62,43.77,55.99,MAR 2026,1,1
305-348-4,Ned Australian Whisky 200ml,200,12,205.15,17.10,21.99,MAR 2026,12,1
305-352-7,Ned Green Sash,700,6,322.15,53.69,68.99,MAR 2026,1,1
305-322-4,Old #15 Honey Bourbon,750,6,249.15,41.53,52.99,MAR 2026,1,1
305-176-1,Old Forester Statesman 750ml,750,6,425.00,70.83,90.99,MAR 2026,1,1
305-108-4,Old Forester Whiskey,700,6,304.19,50.70,64.99,MAR 2026,1,1
305-333-1,Onikishi Japanese Whisky 43%,700,6,448.15,74.69,95.99,MAR 2026,1,1
305-300-0,Real McCoy Bourbon 37%,700,12,428.02,35.67,45.99,MAR 2026,1,1
305-105-7,Russells Reserve Single Barrel,750,6,451.53,75.26,95.99,MAR 2026,1,1
305-393-8,Southern Belle Non Alc Bourbon,700,6,140.25,23.38,29.99,MAR 2026,1,1
305-144-0,Southern Comfort 100 Proof 1l,1000,12,869.38,72.45,92.99,MAR 2026,1,1
305-104-8,Southern Comfort 1l,1000,6,316.02,52.67,66.99,MAR 2026,1,1
305-305-5,Southern Comfort 30% 200ml,200,24,318.05,13.25,16.99,MAR 2026,3,1
305-210-9,Southern Comfort 700ml,700,12,454.60,37.88,47.99,MAR 2026,1,1
305-304-6,Southern Comfort Black 200ml,200,24,396.18,16.51,20.99,MAR 2026,3,1
305-164-5,Southern Comfort Black 40%,700,6,268.03,44.67,56.99,MAR 2026,1,1
305-292-0,Starward Fortis Whisky 700ml,700,6,577.65,96.28,122.99,MAR 2026,1,1
305-119-1,Starward Nova Whisky 700ml,700,6,444.54,74.09,94.99,MAR 2026,1,1
305-185-0,Starward Old Fashioned,500,6,212.70,35.45,44.99,MAR 2026,1,1
305-214-5,Starward Two-Fold Whisky 700ml,700,6,313.29,52.22,66.99,MAR 2026,1,1
305-351-8,Tenjaku Blended Whisky,700,6,359.21,59.87,76.99,MAR 2026,1,1
305-365-2,The Wiseman Bourbon,700,6,558.53,93.09,118.99,MAR 2026,1,1
305-366-1,The Wiseman Rye Whiskey,700,6,589.31,98.22,125.99,MAR 2026,1,1
305-394-7,Traveller Whiskey,700,6,352.02,58.67,74.99,MAR 2026,1,1
305-406-3,Virginia Black America Whiskey,750,6,468.15,78.03,99.99,MAR 2026,1,1
305-390-1,West Of Kentucky Bourbon #2,750,6,319.11,53.19,67.99,MAR 2026,1,1
305-317-1,Westward Pinot Cask,700,6,666.15,111.03,141.99,MAR 2026,1,1
305-254-6,Westward Single Malt Whiskey,700,6,588.15,98.03,124.99,MAR 2026,1,1
305-316-2,Westward Stout Cask,700,6,666.15,111.03,141.99,MAR 2026,1,1
305-318-0,Westward Whiskey Cask Strength,700,6,876.15,146.03,186.99,MAR 2026,1,1
305-370-5,Whiskey Row 18th Century B'bon,750,6,351.21,58.54,74.99,MAR 2026,1,1
305-331-3,Whistle Pig Piggyback 6yo Rye,700,6,486.15,81.03,103.99,MAR 2026,1,1
305-507-1,Wild Turkey 101 Proof,700,6,355.70,59.28,75.99,MAR 2026,1,1
305-396-5,Wild Turkey 101 Proof Gift Pk,700,6,347.26,57.88,73.99,MAR 2026,1,1
305-328-8,Wild Turkey 12 Yo,700,6,597.72,99.62,127.99,MAR 2026,1,1
305-327-9,Wild Turkey Bourbon 81 Proof,700,12,571.14,47.60,60.99,MAR 2026,1,1
305-326-0,Wild Turkey Bourbon 81 Proof,1000,6,379.66,63.28,80.99,MAR 2026,1,1
305-138-8,Wild Turkey Kentucky Spirit,750,3,366.34,122.11,155.99,MAR 2026,1,1
305-182-3,Wild Turkey Longbranch,700,6,354.58,59.10,75.99,MAR 2026,1,1
305-170-7,Wild Turkey Rare Breed 58.4%,700,6,506.78,84.46,107.99,MAR 2026,1,1
305-003-0,Wild Turkey Russells Reserve,750,6,343.75,57.29,72.99,MAR 2026,1,1
305-023-6,Wild Turkey Rye 40.5%,700,6,324.40,54.07,68.99,MAR 2026,1,1
305-062-8,Woodford Reserve Bourbon,700,6,344.65,57.44,73.99,MAR 2026,1,1
305-120-8,Woodford Reserve Double Oaked,700,6,468.08,78.01,99.99,MAR 2026,1,1
305-257-3,Woodford Reserve Malt 45.20%,700,6,437.64,72.94,92.99,MAR 2026,1,1
305-142-2,Woodford Reserve Rye,700,6,431.64,71.94,91.99,MAR 2026,1,1
305-392-9,Woodford Reserve With Syrup,375,6,233.42,38.90,49.99,MAR 2026,6,1
305-400-9,Woodstock Straight Bourbon,700,12,467.22,38.94,49.99,MAR 2026,1,1
305-035-2,Woodstock Straight Bourbon,700,12,461.41,38.45,48.99,MAR 2026,1,1
305-387-6,Wt Masters Keep Triumph,750,3,829.48,276.49,353.99,MAR 2026,1,1
305-244-9,Yellow Rose Outlaw Bourbon,700,6,460.55,76.76,97.99,MAR 2026,1,1
305-245-8,Yellow Rose Rye Whiskey,700,6,404.45,67.41,85.99,MAR 2026,1,1
310-013-8,Bearface Canadian Whisky,700,6,417.15,69.53,88.99,MAR 2026,1,1
310-124-4,Canadian Club 12yo,700,6,323.68,53.95,68.99,MAR 2026,1,1
310-006-7,Canadian Club 20yo,750,6,464.92,77.49,98.99,MAR 2026,1,1
310-121-7,Canadian Club Whiskey 37%,1000,6,337.67,56.28,71.99,MAR 2026,1,1
310-010-1,Canadian Club Whisky,700,12,484.71,40.39,51.99,MAR 2026,1,1
310-002-1,Crown Royal Whisky,750,6,330.75,55.13,70.99,MAR 2026,1,1
310-009-4,Seagram's Vo Canadian Whisky,700,6,238.14,39.69,50.99,MAR 2026,1,1
315-007-5,Connemara 40% Irish Whiskey,700,6,467.81,77.97,99.99,MAR 2026,1,1
315-050-1,Drumshanbo Single Pot Whiskey,700,6,501.65,83.61,106.99,MAR 2026,1,1
315-016-4,Dubliner Irish Whisk Liqueur,700,6,266.08,44.35,56.99,MAR 2026,1,1
315-012-8,Jameson Black Barrel Whiskey,700,6,348.40,58.07,73.99,MAR 2026,1,1
315-029-9,Jameson Caskmates Ipa Edition,700,6,313.43,52.24,66.99,MAR 2026,1,1
315-015-5,Jameson Caskmates Stout Edit,700,6,313.43,52.24,66.99,MAR 2026,1,1
315-006-6,Jameson Irish Whiskey,700,6,282.90,47.15,59.99,MAR 2026,1,1
315-313-4,Jameson Irish Whiskey 1ltr,1000,6,374.53,62.42,79.99,MAR 2026,1,1
315-047-7,Jameson Irish Whiskey Cradle,4500,1,319.18,319.18,408.99,MAR 2026,1,1
315-053-8,Jameson Irish Whiskey Glass Pk,700,6,318.35,53.06,67.99,MAR 2026,1,1
315-044-0,Jameson Orange 700ml,700,6,282.90,47.15,59.99,MAR 2026,1,1
315-025-3,Jameson Red Breast 12 Yo,700,3,342.65,114.22,145.99,MAR 2026,1,1
315-048-6,Jameson Single Pot Still,700,6,511.29,85.22,108.99,MAR 2026,1,1
315-052-9,Jameson Sock Pack 2x50ml Gb,100,12,193.05,16.09,20.99,MAR 2026,1,1
315-008-4,Kilbeggan 40% Irish Whiskey,700,6,306.12,51.02,64.99,MAR 2026,1,1
315-037-9,Pogues Irish Whiskey,700,6,287.41,47.90,60.99,MAR 2026,1,1
315-026-2,Slane Irish Whiskey,700,6,276.64,46.11,58.99,MAR 2026,1,1
315-038-8,The Busker Blend Triple Cask,700,6,303.65,50.61,64.99,MAR 2026,1,1
315-046-8,The Busker S Grain Irish Whisk,700,6,344.95,57.49,73.99,MAR 2026,1,1
315-045-9,The Busker S Malt Irish Whisky,700,6,345.55,57.59,73.99,MAR 2026,1,1
315-039-7,The Busker Single Pot Still,700,6,345.45,57.58,73.99,MAR 2026,1,1
315-034-2,The Dead Rabbit Irish Whisky,700,6,430.22,71.70,91.99,MAR 2026,1,1
315-021-7,Tullamore Dew,700,6,272.57,45.43,57.99,MAR 2026,1,1
315-051-0,Tullamore Dew 12yo,700,6,418.26,69.71,88.99,MAR 2026,1,1
330-270-4,23rd St Classic Vodka 1l,1000,6,308.61,51.44,65.99,MAR 2026,1,1
330-269-7,23rd St Classic Vodka 700ml,700,6,226.77,37.80,47.99,MAR 2026,1,1
330-242-9,23rd St Pomegranate Vodka,700,6,287.67,47.95,60.99,MAR 2026,1,1
330-122-4,23rd St Rose Vodka,700,6,253.85,42.31,53.99,MAR 2026,1,1
330-198-3,42 Below Pure,700,6,263.02,43.84,55.99,MAR 2026,1,1
330-038-7,Absolut Citron Vodka,700,6,256.47,42.75,54.99,MAR 2026,1,1
330-110-8,Absolut Lime Vodka,700,6,256.47,42.75,54.99,MAR 2026,1,1
330-193-8,Absolut Passionfruit Vodka,700,6,256.47,42.75,,MAR 2026,1,1
330-041-2,Absolut Peach,700,6,256.47,42.75,54.99,MAR 2026,1,1
330-133-1,Absolut Raspberri Vodka,700,6,256.47,42.75,54.99,MAR 2026,1,1
330-306-2,Absolut Vanilla,700,6,256.47,42.75,54.99,MAR 2026,1,1
330-233-0,Absolut Vodka,200,24,349.83,14.58,18.99,MAR 2026,1,1
330-104-6,Absolut Vodka,1000,6,343.80,57.30,72.99,MAR 2026,1,1
330-039-6,Absolut Vodka,700,6,256.47,42.75,54.99,MAR 2026,1,1
330-302-6,Absolut Vodka R,700,6,246.15,41.03,,MAR 2026,1,1
330-296-4,Absolut Warhol Le Vodka,700,6,286.65,47.78,60.99,MAR 2026,1,1
330-194-7,Absolut Watermelon Vodka,700,6,256.47,42.75,,MAR 2026,1,1
330-277-7,Absolut Wild Berri Vodka,700,6,256.47,42.75,54.99,MAR 2026,1,1
330-260-6,Aether Vodka,700,6,321.15,53.53,68.99,MAR 2026,1,1
330-287-5,Ampersand Vdk P/Fruit 500ml,500,6,160.05,26.68,33.99,MAR 2026,1,1
330-286-6,Ampersand Vdk/Watermelon 500ml,500,6,170.95,28.49,35.99,MAR 2026,1,1
330-179-6,Ampersand Vodka 37.5% 500ml,500,6,172.15,28.69,36.99,MAR 2026,1,1
330-184-9,Archie Native Botanical Vodka,700,6,311.24,51.87,65.99,MAR 2026,1,1
330-241-0,Archie Rose True Cut Vodka,700,6,246.15,41.03,52.99,MAR 2026,1,1
330-294-6,Aria Vodka R,1000,6,294.40,49.07,,MAR 2026,1,1
330-293-7,Aria Vodka R,700,6,192.40,32.07,,MAR 2026,1,1
330-223-2,Ariane Vodka,700,6,300.15,50.03,63.99,MAR 2026,1,1
325-063-5,Arktika Hazelnut Vodka,700,6,214.15,35.69,45.99,MAR 2026,1,1
330-248-3,Baller Chilli Bacon Vodka,700,6,340.95,56.83,72.99,MAR 2026,1,1
330-247-4,Baller Vodka,700,6,318.15,53.03,67.99,MAR 2026,1,1
330-283-9,Baxter Vodka 700ml,700,6,262.95,43.83,55.99,MAR 2026,1,1
330-130-4,Beluga Gold Line Vodka,700,6,1026.15,171.03,218.99,MAR 2026,1,1
330-118-0,Beluga Noble Vodka,700,6,390.15,65.03,82.99,MAR 2026,1,1
330-522-0,Belvedere Vodka,700,6,346.45,57.74,73.99,MAR 2026,1,1
330-097-5,Belvedere Vodka Pure Magnum,1750,6,779.79,129.97,165.99,MAR 2026,1,1
330-235-8,Belvedere Vodka R,700,6,315.10,52.52,66.99,MAR 2026,1,1
330-174-1,Bubblegum Vodka,700,6,253.21,42.20,53.99,MAR 2026,1,1
330-310-6,Cheeky Pineapple Vodka,700,6,253.65,42.28,53.99,MAR 2026,1,1
330-309-9,Cheeky Vodka,700,6,253.65,42.28,53.99,MAR 2026,1,1
330-053-7,Ciroc Snap Frost Vodka,1750,6,1004.49,167.42,213.99,MAR 2026,1,1
330-089-5,Ciroc Snap Frost Vodka 200ml,200,12,287.86,23.99,30.99,MAR 2026,1,1
330-282-0,Ciroc Vodka 700ml,700,6,329.29,54.88,69.99,MAR 2026,1,1
330-204-5,Copper Plate Vodka,700,12,415.17,34.60,43.99,MAR 2026,1,1
325-066-2,Crystal Head Onyx Agave Vodka,700,6,503.63,83.94,106.99,MAR 2026,1,1
325-065-3,Crystal Head Pride,700,6,503.63,83.94,106.99,MAR 2026,1,1
325-655-9,Crystal Head Vodka,700,6,503.63,83.94,106.99,MAR 2026,1,1
325-036-9,Crystal Head Vodka Aurora,700,6,527.63,87.94,112.99,MAR 2026,1,1
330-281-1,D'yavol Vodka,750,6,399.48,66.58,84.99,MAR 2026,1,1
330-093-9,Effen Vodka,750,6,321.92,53.65,68.99,MAR 2026,1,1
330-108-2,Eristoff Original Vodka,700,6,221.36,36.89,46.99,MAR 2026,1,1
330-256-2,Eristoff Vodka 1 Ltr,1000,6,286.80,47.80,60.99,MAR 2026,1,1
330-173-2,Fairy Floss Vodka,700,6,253.21,42.20,53.99,MAR 2026,1,1
330-303-5,Fellow Vodka,700,6,242.15,40.36,51.99,MAR 2026,1,1
330-176-9,Fris Vodka 37.5%,700,12,440.30,36.69,46.99,MAR 2026,1,1
330-205-4,Grainshaker Aust Vodka Corn,700,6,241.15,40.19,50.99,MAR 2026,1,1
330-246-5,Greater Whitsunday Vodka,1125,6,318.15,53.03,67.99,MAR 2026,1,1
330-245-6,Greater Whitsunday Vodka 700ml,700,6,212.07,35.35,,MAR 2026,1,1
330-304-4,Greenside Premium Tas Vodka,700,6,193.66,32.28,40.99,MAR 2026,1,1
330-307-1,Greenside Premium Tas Vodka 1l,1000,6,212.03,35.34,44.99,MAR 2026,1,1
330-071-5,Grey Goose Vodka,1750,6,933.16,155.53,198.99,MAR 2026,1,1
330-070-6,Grey Goose Vodka,200,12,224.37,18.70,23.99,MAR 2026,1,1
330-015-4,Grey Goose Vodka,700,6,352.51,58.75,74.99,MAR 2026,1,1
330-169-8,Grey Goose Vodka 1lt,1000,6,456.88,76.15,96.99,MAR 2026,1,1
330-291-9,Grey Goose Vodka 4.5l Single,4500,1,530.63,530.63,,MAR 2026,1,1
330-229-6,Grey Goose Vodka R,700,6,344.80,57.47,73.99,MAR 2026,1,1
330-252-6,Grey Gum Vodka,700,6,287.55,47.93,60.99,MAR 2026,1,1
330-163-4,Hartshorn Vodka,500,6,398.85,66.48,84.99,MAR 2026,1,1
330-182-1,Hemp Vodka 700ml,700,6,336.15,56.03,71.99,MAR 2026,1,1
330-187-6,Idle Hour Rye Vodka Filtered,700,6,261.90,43.65,,MAR 2026,1,1
330-186-7,Idle Hour Unfiltered Rye Vodka,700,6,272.10,45.35,57.99,MAR 2026,1,1
330-290-0,Jance Dist. Wheat Vodka,700,6,204.15,34.03,43.99,MAR 2026,1,1
325-742-4,Ketel One Citron Vodka,700,6,293.64,48.94,62.99,MAR 2026,1,1
325-064-4,Ketel One Vodka 1l,1000,6,388.92,64.82,82.99,MAR 2026,1,1
325-752-1,Ketel One Vodka 700ml,700,6,294.72,49.12,62.99,MAR 2026,1,1
325-052-8,Koyomi Shochu 25%,700,6,235.96,39.33,49.99,MAR 2026,1,1
330-185-8,Mango Vodka 700ml,700,6,253.21,42.20,53.99,MAR 2026,1,1
330-191-0,Manly Spirits Grapegrain Vodka,700,6,279.17,46.53,,MAR 2026,1,1
330-149-3,Manly Spirits Marine Vodka,700,6,405.13,67.52,85.99,MAR 2026,1,1
330-236-7,Mont Blanc Vodka,700,6,387.96,64.66,82.99,MAR 2026,1,1
330-234-9,Mont Blanc Vodka Tube,700,6,387.96,64.66,82.99,MAR 2026,1,1
330-238-5,Mont Blanc Vodka Vap Shots,700,4,260.71,65.18,82.99,MAR 2026,1,1
330-237-6,Mont Blanc Voyage,700,6,452.15,75.36,95.99,MAR 2026,1,1
330-249-2,Morita Chipotle Vodka,700,6,318.15,53.03,67.99,MAR 2026,1,1
330-148-4,Moskovskaya Vodka,700,6,257.27,42.88,54.99,MAR 2026,1,1
330-275-9,Moskovskaya Vodka R,700,6,203.25,33.88,42.99,MAR 2026,1,1
330-299-1,Nikka Coffey Vodka,700,6,394.04,65.67,83.99,MAR 2026,1,1
330-278-6,Nikka Coffey Vodka,700,6,395.11,65.85,83.99,MAR 2026,1,1
330-424-9,Oriloff Vodka,700,12,394.15,32.85,41.99,MAR 2026,1,1
330-425-8,Oriloff Vodka 200ml Pet,200,12,159.75,13.31,16.99,MAR 2026,1,1
330-244-7,Oriloff Vodka Pet Flask,375,12,245.55,20.46,25.99,MAR 2026,1,1
330-272-2,Pau Maui Hawaiian Vodka 40%,750,12,553.39,46.12,58.99,MAR 2026,1,1
330-232-1,Poor Toms First Pour Vodka,700,6,272.93,45.49,57.99,MAR 2026,1,1
330-268-8,Potocki Polish Rye Vodka,700,6,507.45,84.58,107.99,MAR 2026,1,1
330-047-6,Reyka Vodka,700,6,324.52,54.09,68.99,MAR 2026,1,1
325-019-0,Russian Standard Gold 40%,700,6,277.86,46.31,58.99,MAR 2026,1,1
325-072-4,Russian Standard Orig.38% R,700,6,223.03,37.17,47.99,MAR 2026,1,1
325-020-7,Russian Standard Original 38%,700,6,240.76,40.13,50.99,MAR 2026,1,1
330-219-8,Rusty Barrel Flav Vodka Stack,750,6,366.15,61.03,77.99,MAR 2026,1,1
330-262-4,Rusty Barrell Jerry Can Gbox,700,3,276.15,92.05,117.99,MAR 2026,1,1
330-220-5,Rusty Barrell Vodka,700,6,333.42,55.57,70.99,MAR 2026,1,1
330-146-6,Sausage Tree Irish Vodka,700,6,333.65,55.61,70.99,MAR 2026,1,1
330-197-4,Seven Seasons Native Yam Vodka,700,6,403.15,67.19,,MAR 2026,1,1
330-250-8,Shit The Bed Vodka,500,6,256.15,42.69,54.99,MAR 2026,1,1
330-695-1,Skyy Vodka,700,6,231.70,38.62,48.99,MAR 2026,1,1
330-689-9,Skyy Vodka (6pk),1000,6,301.96,50.33,63.99,MAR 2026,1,1
325-043-0,Smirnoff Infus Cuc/Lm/Mint 20%,700,6,168.02,28.00,35.99,MAR 2026,1,1
325-056-4,Smirnoff Mango Pfruit Twist,700,6,245.01,40.84,51.99,MAR 2026,1,1
325-057-3,Smirnoff Raspberry Crush,700,6,248.11,41.35,52.99,MAR 2026,1,1
325-044-9,Smirnoff Red Vodka 37% 1125ml,1125,12,755.29,62.94,80.99,MAR 2026,1,1
325-045-8,Smirnoff Red Vodka 37% 1l,1000,6,325.14,54.19,68.99,MAR 2026,1,1
325-046-7,Smirnoff Red Vodka 37% 700ml,700,12,483.88,40.32,51.99,MAR 2026,1,1
325-067-1,Smirnoff Red Vodka 37% 700ml R,700,12,424.62,35.39,44.99,MAR 2026,1,1
325-230-3,Smirnoff Vodka 375ml,375,24,664.94,27.71,34.99,MAR 2026,1,1
330-284-8,Southern Spirits Co.Vodka,700,6,425.91,70.99,90.99,MAR 2026,1,1
330-105-5,Stolichnaya Elit Vodka 700ml,700,6,416.63,69.44,88.99,MAR 2026,1,1
330-107-3,Stolichnaya Salted Karamel,700,6,271.67,45.28,57.99,MAR 2026,1,1
330-025-2,Stolichnaya Vodka,700,6,271.67,45.28,57.99,MAR 2026,1,1
330-054-6,Stolichnaya Vodka 1 Ltr,1000,6,375.77,62.63,79.99,MAR 2026,1,1
330-156-3,Stolichnaya Vodka Cucumber,700,6,271.67,45.28,57.99,MAR 2026,1,1
330-147-5,Stolichnaya Vodka Vanilla,700,6,271.67,45.28,57.99,MAR 2026,1,1
325-038-7,Suntory Haku Vodka 40%,700,6,296.38,49.40,62.99,MAR 2026,1,1
325-053-7,Suntory Haku Vodka Giftbox 40%,200,12,257.13,21.43,26.99,MAR 2026,1,1
330-295-5,Three Olives Vodka 1l,1000,6,292.30,48.72,61.99,MAR 2026,1,1
330-167-0,Tito's Handmade Vodka,700,6,360.15,60.03,76.99,MAR 2026,1,1
330-175-0,Tito's Handmade Vodka 1lt,1000,12,908.15,75.68,96.99,MAR 2026,1,1
330-279-5,Tito's Handmade Vodka 200ml,200,24,536.15,22.34,28.99,MAR 2026,1,1
330-308-0,Vanishing Point Vodka,700,6,303.15,50.53,64.99,MAR 2026,1,1
330-438-3,Vodka O,1000,6,311.52,51.92,65.99,MAR 2026,1,1
330-297-3,Vodka O,1000,6,314.12,52.35,66.99,MAR 2026,1,1
330-989-6,Vodka O 700mL,700,12,468.32,39.03,49.99,MAR 2026,1,1
330-298-2,Vodka O 700mL,700,12,474.22,39.52,50.99,MAR 2026,1,1
330-292-8,Vodka O R,700,12,423.69,35.31,,MAR 2026,1,1
330-180-3,Wheatley Vodka 41%,700,6,299.54,49.92,63.99,MAR 2026,1,1
330-207-2,Wild One Organic Vodka,700,6,311.61,51.94,65.99,MAR 2026,1,1
330-125-1,Wyborowa Polish Vodka 37.5%,700,6,245.57,40.93,51.99,MAR 2026,1,1
330-088-6,Wyborowa Polish Vodka 37.5% 1l,1000,6,300.27,50.05,63.99,MAR 2026,1,1
334-001-2,Bearded Lady Moonshine G/Pack,500,6,211.38,35.23,44.99,MAR 2026,1,1
334-002-1,Melbourne Moonshine Apple Pie,700,6,315.15,52.53,66.99,MAR 2026,1,1
335-060-7,Arcane Pineapple Rum,700,6,426.15,71.03,90.99,MAR 2026,1,1
335-015-3,Beenleigh Copper Pot 2yo,700,6,230.14,38.36,48.99,MAR 2026,1,1
335-014-4,Beenleigh Double Barrel 5yo,700,6,267.27,44.55,56.99,MAR 2026,1,1
335-050-9,Brix Cane Spirit,700,6,355.30,59.22,75.99,MAR 2026,1,1
335-052-7,Brix Rum,700,6,355.47,59.25,75.99,MAR 2026,1,1
335-053-6,Brix Spiced Rum,700,6,355.30,59.22,75.99,MAR 2026,1,1
335-056-3,Bundaberg Bourbon Barrel,700,6,251.77,41.96,53.99,MAR 2026,1,1
335-054-5,Bundaberg Distillers No3,700,6,308.23,51.37,65.99,MAR 2026,1,1
335-068-9,Bundaberg Pineapple Rum,700,6,242.85,40.48,51.99,MAR 2026,1,1
335-040-2,Bundaberg Rum Ball,700,6,258.57,43.10,54.99,MAR 2026,1,1
335-530-9,Bundaberg Rum Red,1000,6,340.45,56.74,72.99,MAR 2026,1,1
335-125-0,Bundaberg Rum Red,700,12,492.86,41.07,52.99,MAR 2026,1,1
335-070-5,Bundaberg Rum U.P.,1125,12,764.39,63.70,81.99,MAR 2026,1,1
335-061-6,Bundaberg Rum U.P.,700,12,496.75,41.40,52.99,MAR 2026,1,1
335-011-7,Bundaberg Rum U.P.,1000,6,340.42,56.74,72.99,MAR 2026,1,1
335-055-4,Bundaberg Rum U.P. (Pet),375,12,335.91,27.99,35.99,MAR 2026,1,1
335-063-4,Bundaberg Select Vat,700,6,271.84,45.31,57.99,MAR 2026,1,1
335-071-4,Bundaberg Sml Batch Silver,700,6,407.60,67.93,86.99,MAR 2026,1,1
335-057-2,Bundaberg Xmas Pudding,700,6,248.99,41.50,52.99,MAR 2026,1,1
335-059-0,Bundy Campfire Lamington,700,6,245.62,40.94,51.99,MAR 2026,1,1
335-067-0,Burdekin Premium Aged Rum,700,6,387.99,64.67,82.99,MAR 2026,1,1
335-062-5,Burdekin Vintage Cane Spirit,700,6,387.99,64.67,82.99,MAR 2026,1,1
335-064-3,Burdekin Virgin Cane Spirit,700,6,387.99,64.67,82.99,MAR 2026,1,1
335-045-7,Capt Morgan Tropical Coc/Water,700,6,242.48,40.41,51.99,MAR 2026,1,1
335-017-1,Captain Morgan Sp Gold Aus 35%,1000,6,339.16,56.53,71.99,MAR 2026,1,1
335-016-2,Captain Morgan Sp Gold Aus 35%,700,6,247.47,41.25,52.99,MAR 2026,1,1
335-047-5,Captain Morgan Sp Gold Aus R,700,6,227.72,37.95,48.99,MAR 2026,1,1
335-037-7,Captain Morgan Tropical,700,6,242.48,40.41,51.99,MAR 2026,1,1
335-033-1,Croc Piss Clear Rum,700,6,294.15,49.03,62.99,MAR 2026,1,1
335-024-2,Goslings Gold Seal Rum,700,6,368.15,61.36,78.99,MAR 2026,1,1
335-009-1,Matusalem Gran Reserva 15yo,700,6,431.15,71.86,91.99,MAR 2026,1,1
335-038-6,Mount Gay Xo 43%,700,6,478.25,79.71,101.99,MAR 2026,1,1
335-042-0,Reeftip Spiced Rum,700,6,302.49,50.42,64.99,MAR 2026,1,1
340-007-3,23rd St Signature Rum,700,6,381.27,63.55,80.99,MAR 2026,1,1
340-003-7,Beenleigh Double Barrel Rum,200,12,159.93,13.33,16.99,MAR 2026,1,1
340-005-5,Beenleigh Spiced Rum 40%,700,6,259.77,43.30,54.99,MAR 2026,1,1
340-066-1,Bundaberg Rum O.P.,1125,6,662.97,110.50,140.99,MAR 2026,1,1
340-052-7,Bundaberg Rum O.P.,700,6,353.16,58.86,74.99,MAR 2026,1,1
340-010-8,Husk Botanic 40%,700,6,347.20,57.87,73.99,MAR 2026,1,1
340-017-1,Husk Coconut,700,6,278.77,46.46,58.99,MAR 2026,1,1
340-009-1,Husk Pure Cane 40%,700,6,332.79,55.47,70.99,MAR 2026,1,1
340-014-4,Husk Rare Blend Rum,700,6,332.10,55.35,70.99,MAR 2026,1,1
340-008-2,Husk Spiced Bam Bam,700,6,370.90,61.82,78.99,MAR 2026,1,1
340-015-3,Karu Outcask Rum,700,6,516.15,86.03,109.99,MAR 2026,1,1
345-785-0,Angostura Butterfly Anejo 7yo,700,6,331.10,55.18,70.99,MAR 2026,1,1
345-057-1,Appleton Est Rare Blend,700,6,411.71,68.62,87.99,MAR 2026,1,1
345-040-1,Appleton Est Sign. Blend,700,6,279.77,46.63,59.99,MAR 2026,1,1
345-104-4,Appleton Estate 15yo Rum,700,6,633.69,105.62,,MAR 2026,1,1
345-081-1,Appleton Estate 8yo Reserve,700,6,361.26,60.21,76.99,MAR 2026,1,1
345-045-6,Baron Samedi Spiced Rum,700,6,262.85,43.81,55.99,MAR 2026,1,1
345-048-3,Bati Fiji Dark Rum 2yo 37.5%,700,6,265.96,44.33,56.99,MAR 2026,1,1
345-062-4,Beach House Spiced Rum,700,6,415.25,69.21,88.99,MAR 2026,1,1
345-071-3,Black Bart Spiced Rum,700,6,351.15,58.53,74.99,MAR 2026,1,1
345-098-2,Black Tears Dry Spiced Rum,700,6,351.09,58.52,74.99,MAR 2026,1,1
345-085-7,Bumbu Rum Xo,700,6,435.60,72.60,92.99,MAR 2026,1,1
345-086-6,Bumbu Rum,700,6,392.03,65.34,83.99,MAR 2026,1,1
345-087-5,Bumbu Rum Cream,700,6,239.23,39.87,50.99,MAR 2026,1,1
345-028-7,Bundaberg Blenders Edition,700,6,462.95,77.16,98.99,MAR 2026,1,1
345-076-8,Bundaberg Mdc Solera 40%,700,6,891.16,148.53,189.99,MAR 2026,1,1
345-021-4,Bundaberg Reserve Small Batch,700,6,346.58,57.76,73.99,MAR 2026,1,1
345-065-1,Bundaberg Sml Batch Spiced 40%,700,6,346.59,57.77,73.99,MAR 2026,1,1
345-020-5,Captain Morgan Spiced Black,700,6,285.65,47.61,60.99,MAR 2026,1,1
345-066-0,Cargo Cult Banana,700,6,332.03,55.34,70.99,MAR 2026,1,1
345-030-3,Cargo Cult Spiced Rum,700,6,331.99,55.33,70.99,MAR 2026,1,1
345-090-0,Deadmans Fingers Spiced Rum,700,6,263.98,44.00,,MAR 2026,1,1
345-095-5,Diplomatico Mantuano Rum,700,6,366.15,61.03,77.99,MAR 2026,1,1
345-096-4,Diplomatico Reserva Rum,700,6,453.15,75.53,96.99,MAR 2026,1,1
345-097-3,Flor De Cana 4yo Rum,700,6,312.15,52.03,66.99,MAR 2026,1,1
345-099-1,Flor De Cana 7yo Gran Reserva,700,6,333.15,55.53,70.99,MAR 2026,1,1
345-072-2,Flordecana Spresso Coffee Rum,700,6,276.45,46.08,58.99,MAR 2026,1,1
345-623-6,Goslings Black Seal Rum 6pk,700,6,374.15,62.36,79.99,MAR 2026,1,1
345-073-1,Inner Cir.Cask Str. Black Rum,700,6,521.40,86.90,110.99,MAR 2026,1,1
345-074-0,Inner Cir.Navy Str. Green Rum,700,6,425.15,70.86,90.99,MAR 2026,1,1
345-100-8,Kraken Black Cherry Vanilla,700,6,314.50,52.42,66.99,MAR 2026,1,1
345-036-7,Kraken Black Spiced Rum,700,6,314.50,52.42,66.99,MAR 2026,1,1
345-080-2,Kraken Black Spiced Rum 1ltr,1000,6,437.72,72.95,92.99,MAR 2026,1,1
345-093-7,Kraken Roast Coffee Spiced Rum,700,6,314.50,52.42,66.99,MAR 2026,1,1
345-075-9,Lyre's Dark Cane Non/Alc,700,6,203.83,33.97,42.99,MAR 2026,1,1
345-089-3,Mount Gay Black Barrel Rum,700,6,394.65,65.78,,MAR 2026,1,1
345-358-7,Mount Gay Eclipse Rum,700,6,264.65,44.11,55.99,MAR 2026,1,1
345-094-6,Pacific Drifter Spiced Cane,700,6,269.11,44.85,56.99,MAR 2026,1,1
345-103-5,Plantation Original Dark Rum,700,6,327.05,54.51,69.99,MAR 2026,1,1
345-102-6,Plantation P/Apple Fancy Rum,700,6,376.22,62.70,79.99,MAR 2026,1,1
345-047-4,Ratu Fiji Dark Rum 5yo 40%,700,6,323.50,53.92,68.99,MAR 2026,1,1
345-563-8,Sailor Jerry Spiced Rum,700,6,259.47,43.25,54.99,MAR 2026,1,1
345-038-5,Sailor Jerry Spiced Rum 1 Ltr,1000,6,382.20,63.70,81.99,MAR 2026,1,1
345-261-3,Zacapa Centenario 23yo Rum,700,6,566.68,94.45,120.99,MAR 2026,1,1
345-273-9,Zacapa Centenario Xo Rum,700,6,1040.07,173.35,221.99,MAR 2026,1,1
355-123-0,Angostura 1919 Rum,700,6,376.21,62.70,79.99,MAR 2026,1,1
355-687-8,Angostura B/Fly Anejo 5yo Rum,700,6,302.97,50.50,64.99,MAR 2026,1,1
355-008-0,Angostura Reserva Rum,700,6,285.51,47.59,60.99,MAR 2026,1,1
355-016-0,Bacardi '8',700,6,301.03,50.17,63.99,MAR 2026,1,1
355-031-1,Bacardi Carta Bl (White Sup),700,12,513.63,42.80,54.99,MAR 2026,1,1
355-084-7,Bacardi Carta Bl (White Sup)R,700,12,492.15,41.01,52.99,MAR 2026,1,1
355-069-6,Bacardi Carta Blanca 37.5%,1000,6,343.43,57.24,72.99,MAR 2026,1,1
355-001-7,Bacardi Carta Oro (Gold),700,12,472.68,39.39,49.99,MAR 2026,1,1
355-082-9,Bacardi Coconut Rum 27%,700,6,216.48,36.08,45.99,MAR 2026,1,1
355-056-1,Bacardi Spiced Rum,700,6,221.24,36.87,46.99,MAR 2026,1,1
355-038-4,Bati Fiji Spiced Rum 2yo 37.5%,700,6,266.14,44.36,56.99,MAR 2026,1,1
355-037-5,Bati Fiji White Rum 2yo 37.5%,700,6,265.87,44.31,56.99,MAR 2026,1,1
355-010-6,Beenleigh White Rum,700,6,239.43,39.91,50.99,MAR 2026,1,1
355-070-3,Deadmans Fingers Coconut Rum,700,6,263.98,44.00,55.99,MAR 2026,1,1
355-058-9,Deadmans Fingers Coffee Rum,700,6,272.08,45.35,57.99,MAR 2026,1,1
355-057-0,Deadmans Fingers Hemp Rum,700,6,272.34,45.39,57.99,MAR 2026,1,1
355-071-2,Deadmans Fingers Lime Rum 38%,700,6,263.96,43.99,,MAR 2026,1,1
355-076-7,Deadmans Fingers Mango Rum 38%,700,6,263.98,44.00,55.99,MAR 2026,1,1
355-062-3,Deadmans Fingers Pineapple Rum,700,6,272.12,45.35,57.99,MAR 2026,1,1
355-081-0,Diplomatico Planas Rum,700,6,366.15,61.03,77.99,MAR 2026,1,1
355-040-0,Germana Soul Cachana,700,6,360.69,60.12,76.99,MAR 2026,1,1
355-601-1,Havana Anejo Especial,700,6,311.90,51.98,66.99,MAR 2026,1,1
355-005-3,Havana Club 1ltr 3yo.,1000,6,352.77,58.80,74.99,MAR 2026,1,1
355-161-3,Havana Club 7 Anos 6pK,700,6,370.14,61.69,78.99,MAR 2026,1,1
355-055-2,Havana Club 700ml 3yo.,700,6,295.20,49.20,62.99,MAR 2026,1,1
355-065-0,Havana Club Spiced Rum,700,6,282.28,47.05,59.99,MAR 2026,1,1
355-045-5,Lyre's White Cane Non/Alc,700,6,203.83,33.97,42.99,MAR 2026,1,1
355-080-1,Pampero Blanco 37.5%,700,6,303.78,50.63,64.99,MAR 2026,1,1
355-039-3,Ratu Fiji Spiced Rum 5yo 40%,700,6,323.88,53.98,68.99,MAR 2026,1,1
355-043-7,Ratu White Rum 10yo 40%,700,6,322.85,53.81,68.99,MAR 2026,1,1
355-050-7,Rebellion Bay Spiced Rum 35%,700,6,226.88,37.81,47.99,MAR 2026,1,1
355-083-8,Senorita Bianco Non Alc Rum,700,6,140.25,23.38,29.99,MAR 2026,1,1
355-034-8,Stolen Gold Rum,700,6,269.27,44.88,56.99,MAR 2026,1,1
355-035-7,Stolen Smoked Rum,700,6,269.27,44.88,56.99,MAR 2026,1,1
355-030-2,Stolen White Rum,700,6,269.27,44.88,56.99,MAR 2026,1,1
355-075-8,Tanduay Asian Rum Gold,700,6,321.80,53.63,68.99,MAR 2026,1,1
355-074-9,Tanduay Asian Rum Silver,700,6,300.89,50.15,63.99,MAR 2026,1,1
355-073-0,Tanduay Especia Spiced Rum,700,6,321.80,53.63,68.99,MAR 2026,1,1
360-026-8,1800 Anejo Tequila,700,6,411.95,68.66,87.99,MAR 2026,1,1
360-152-4,1800 Coconut Tequila,700,6,370.27,61.71,78.99,MAR 2026,1,1
360-219-5,1800 Cristalino Anejo Tequila,700,6,486.30,81.05,103.99,MAR 2026,1,1
360-006-2,1800 Reposado Tequila,700,6,389.61,64.94,82.99,MAR 2026,1,1
360-019-7,1800 Silver Tequila,700,6,370.27,61.71,78.99,MAR 2026,1,1
360-171-1,400 Conejos Mezcal Joven,750,6,408.70,68.12,86.99,MAR 2026,1,1
360-226-6,818 Tequila Anejo,700,6,596.63,99.44,126.99,MAR 2026,1,1
360-228-4,818 Tequila Blanco,700,6,458.63,76.44,97.99,MAR 2026,1,1
360-227-5,818 Tequila Reposado,700,6,506.63,84.44,107.99,MAR 2026,1,1
360-267-6,Act Of Treason Blanco,700,6,322.15,53.69,68.99,MAR 2026,1,1
360-001-7,Agavero Tequila Liqueur,750,6,365.54,60.92,77.99,MAR 2026,1,1
360-225-7,Batanga Blanco Tequila,750,6,369.15,61.53,78.99,MAR 2026,1,1
360-066-9,Calle 23 Blanco Tequila,700,6,432.15,72.03,91.99,MAR 2026,1,1
360-163-1,Casamigos Anejo Tequila,700,6,585.06,97.51,124.99,MAR 2026,1,1
360-159-7,Casamigos Blanco Tequila,700,6,432.74,72.12,91.99,MAR 2026,1,1
360-212-2,Casamigos Blanco Tequila 1l,1000,6,643.57,107.26,136.99,MAR 2026,1,1
360-276-5,Casamigos Blanco Tequila R,700,6,324.15,54.03,,MAR 2026,1,1
360-164-0,Casamigos Mezcal Tequila,700,6,599.03,99.84,127.99,MAR 2026,1,1
360-160-4,Casamigos Reposado Tequila,700,6,496.52,82.75,105.99,MAR 2026,1,1
360-286-3,Casamigos Reposado Tequila 1l,1000,6,688.87,114.81,146.99,MAR 2026,1,1
360-098-1,Cazadores Anejo Tequila,750,6,445.28,74.21,94.99,MAR 2026,1,1
360-666-3,Cazadores Blanco Tequila,750,12,718.13,59.84,76.99,MAR 2026,1,1
360-005-3,Cazadores Reposado Tequila,750,12,787.68,65.64,83.99,MAR 2026,1,1
360-284-5,Cincoro Anejo Tequila Gb,750,6,1320.30,220.05,281.99,MAR 2026,1,1
360-282-7,Cincoro Blanco Tequila Gb,750,6,720.30,120.05,153.99,MAR 2026,1,1
360-281-8,Cincoro Blanco Tequila Magnum,1750,4,1356.30,339.08,433.99,MAR 2026,1,1
360-283-6,Cincoro Gold Tequila,750,6,1980.30,330.05,421.99,MAR 2026,1,1
360-280-9,Cincoro Reposado Tequila Gb,750,6,960.30,160.05,204.99,MAR 2026,1,1
360-274-7,Clase Azul Tequila Reposado,750,6,1560.75,260.13,,MAR 2026,1,1
360-252-3,Codigo Tequila Rosa,750,6,594.20,99.03,126.99,MAR 2026,1,1
360-136-5,Corazon Anejo Tequila,700,6,408.54,68.09,86.99,MAR 2026,1,1
360-134-7,Corazon Reposado Tequila,700,6,377.08,62.85,79.99,MAR 2026,1,1
360-133-8,Corazon Silver Tequila,700,6,354.97,59.16,75.99,MAR 2026,1,1
360-278-3,Coyote Tequila,700,12,506.54,42.21,53.99,MAR 2026,1,1
360-149-0,Coyote Tequila,700,12,500.76,41.73,52.99,MAR 2026,1,1
360-179-3,Deadmans Fingers Tequila Repo,700,6,282.31,47.05,59.99,MAR 2026,1,1
360-253-2,Del Maguey Vida Mezcal,750,6,497.20,82.87,105.99,MAR 2026,1,1
360-106-1,Don Julio Anejo Tequila,750,6,700.66,116.78,148.99,MAR 2026,1,1
360-116-9,Don Julio Blanco Tequila,750,6,442.17,73.70,93.99,MAR 2026,1,1
360-161-3,Don Julio Real Tequila,750,3,1217.03,405.68,518.99,MAR 2026,1,1
360-162-2,Don Julio Reposado Tequila 38,750,6,560.77,93.46,119.99,MAR 2026,1,1
360-264-9,Don Julio Rosado,750,6,1054.35,175.73,224.99,MAR 2026,1,1
360-123-0,Don Julio Tequila 1942,750,6,1257.44,209.57,267.99,MAR 2026,1,1
360-265-8,Don Julio Tequila 1942 1.75l,1750,4,2029.37,507.34,648.99,MAR 2026,1,1
360-210-4,Don Julio Ultima Reserva,750,3,1574.38,524.79,671.99,MAR 2026,1,1
360-052-5,El Jimador Anejo,700,6,350.46,58.41,74.99,MAR 2026,1,1
360-031-1,El Jimador Blanco,700,6,287.69,47.95,60.99,MAR 2026,1,1
360-025-9,El Jimador Reposado 100% Agave,700,6,309.82,51.64,65.99,MAR 2026,1,1
360-167-7,El Toro Blanco Tequila,700,6,279.23,46.54,59.99,MAR 2026,1,1
360-195-3,El Toro Cafe De Grano,700,6,279.18,46.53,59.99,MAR 2026,1,1
360-183-7,El Toro Jalepeno Tequila,700,6,279.23,46.54,59.99,MAR 2026,1,1
360-182-8,El Toro Limon Y Sal Tequila,700,6,279.23,46.54,59.99,MAR 2026,1,1
360-216-8,Espolon Anejo 40%,750,6,401.71,66.95,85.99,MAR 2026,1,1
360-040-0,Espolon Blanco 40% 700ml,700,6,313.21,52.20,66.99,MAR 2026,1,1
360-412-0,Espolon Reposado 40%,700,6,330.78,55.13,70.99,MAR 2026,1,1
360-273-8,Espolon Tequila Gift Pack,700,6,346.95,57.83,,MAR 2026,1,1
360-178-4,Ghost Tequila Spicy 100% Agave,700,6,440.15,73.36,93.99,MAR 2026,1,1
360-010-6,Gran Centenario Reposado,700,6,381.54,63.59,80.99,MAR 2026,1,1
360-181-9,Gran Centenario Tequila Anejo,700,6,430.04,71.67,91.99,MAR 2026,1,1
360-180-0,Gran Centenario Tequila Plata,700,6,366.99,61.17,77.99,MAR 2026,1,1
360-129-4,Gran Patron Burdeos Tequila,750,3,2311.83,770.61,985.99,MAR 2026,1,1
360-122-1,Gran Patron Piedra Tequila,750,4,1691.56,422.89,540.99,MAR 2026,1,1
360-428-2,Herradura Anejo Tequila,700,6,530.54,88.42,112.99,MAR 2026,1,1
360-239-1,Herradura Legend Anejo Tequila,750,4,854.63,213.66,272.99,MAR 2026,1,1
360-251-4,Herradura Plata S'ver Tequila,700,6,464.14,77.36,98.99,MAR 2026,1,1
360-241-7,Herradura Reposado Tequila,700,6,490.42,81.74,104.99,MAR 2026,1,1
360-177-5,Herradura Selcion Suprema,750,3,1351.25,450.42,576.99,MAR 2026,1,1
360-076-7,Herradura Ultra Anejo Tequila,700,6,801.98,133.66,170.99,MAR 2026,1,1
360-148-1,Ilegal Joven Mezcal,700,6,576.15,96.03,122.99,MAR 2026,1,1
360-068-7,Jose Cuervo Esp Reposado Gold,700,6,295.04,49.17,62.99,MAR 2026,1,1
360-065-0,Jose Cuervo Esp Reposado Gold,1000,6,375.94,62.66,79.99,MAR 2026,1,1
360-041-9,Jose Cuervo Especial Silver,700,6,295.04,49.17,62.99,MAR 2026,1,1
360-218-6,Jose Cuervo Especial Silver 1l,1000,6,375.94,62.66,79.99,MAR 2026,1,1
360-045-5,Jose Cuervo Res De La Familia,750,3,626.95,208.98,267.99,MAR 2026,1,1
360-064-1,Jose Cuervo Trad. Silver,700,6,331.59,55.27,70.99,MAR 2026,1,1
360-080-1,Jose Cuervo Tradition Rep Gold,700,6,331.59,55.27,70.99,MAR 2026,1,1
360-203-3,Kah Tequila Blanco,700,6,404.63,67.44,85.99,MAR 2026,1,1
360-204-2,Kah Tequila Reposado,700,6,434.63,72.44,92.99,MAR 2026,1,1
360-255-0,Los Sundays Tequila Blanco,700,6,412.83,68.81,87.99,MAR 2026,1,1
360-256-9,Los Sundays Tequila Coconut,700,6,401.43,66.91,85.99,MAR 2026,1,1
360-257-8,Los Sundays Tequila Reposado,700,6,473.07,78.85,100.99,MAR 2026,1,1
360-229-3,Los Vecinos Espadin,750,6,458.14,76.36,97.99,MAR 2026,1,1
360-172-0,Lyre's Agave Blanco,700,6,203.83,33.97,42.99,MAR 2026,1,1
360-170-2,Maestro Dobel Anejo Tequila,750,6,588.15,98.03,124.99,MAR 2026,1,1
360-168-6,Maestro Dobel Diamante Tequila,750,6,515.40,85.90,109.99,MAR 2026,1,1
360-169-5,Maestro Dobel Smoked Tequila,750,6,442.65,73.78,93.99,MAR 2026,1,1
360-237-3,Mango Shotta Tequila,750,6,237.72,39.62,50.99,MAR 2026,1,1
360-197-1,Mijenta Tequila Blanco,700,6,500.55,83.43,106.99,MAR 2026,1,1
360-196-2,Mijenta Tequila Reposado,700,6,607.35,101.23,129.99,MAR 2026,1,1
360-028-6,Milagro Anejo Tequila,700,6,479.62,79.94,101.99,MAR 2026,1,1
360-126-7,Milagro Reposado Tequila,700,6,399.93,66.66,84.99,MAR 2026,1,1
360-127-6,Milagro Silver Tequila,700,6,356.72,59.45,75.99,MAR 2026,1,1
360-268-5,Miss Agave Non Alc Tequila,700,6,140.25,23.38,29.99,MAR 2026,1,1
360-109-8,Monte Alban Tequila,700,6,350.33,58.39,74.99,MAR 2026,1,1
360-176-6,Montelobos Espadin,700,6,519.84,86.64,110.99,MAR 2026,1,1
360-258-7,Ojala Blanco Tequila,700,6,300.03,50.01,63.99,MAR 2026,1,1
360-062-3,Olmeca Altos Plata 38%,700,6,326.50,54.42,69.99,MAR 2026,1,1
360-061-4,Olmeca Altos Reposado 38%,700,6,348.32,58.05,73.99,MAR 2026,1,1
360-588-8,Olmeca Reposado Tequila,700,6,285.07,47.51,60.99,MAR 2026,1,1
360-079-4,Patron Anejo 700ml,700,6,519.41,86.57,110.99,MAR 2026,1,1
360-272-9,Patron El Alto Tequila Bar Pk,750,6,1135.20,189.20,241.99,MAR 2026,1,1
360-285-4,Patron El Alto Tequila G/Box,750,6,1135.20,189.20,241.99,MAR 2026,1,1
360-220-2,Patron El Cielo Tequila 700ml,700,6,809.28,134.88,172.99,MAR 2026,1,1
360-224-8,Patron Multi Pack 3x3x200ml,600,3,192.45,64.15,81.99,MAR 2026,1,1
360-077-6,Patron Reposado 700ml,700,6,461.06,76.84,97.99,MAR 2026,1,1
360-275-6,Patron Reposado Tequila R,700,6,426.15,71.03,,MAR 2026,1,1
360-070-3,Patron Silver Tequila,700,6,457.73,76.29,97.99,MAR 2026,1,1
360-270-1,Patron Silver Tequila 1l,1000,6,657.03,109.51,139.99,MAR 2026,1,1
360-269-4,Patron Silver Tequila R,700,6,411.15,68.53,87.99,MAR 2026,1,1
360-271-0,Patron Xo Cafe,750,6,406.53,67.76,86.99,MAR 2026,1,1
360-238-2,Pueblo Viejo Tequila Blanco,700,6,327.75,54.63,69.99,MAR 2026,1,1
360-165-9,Rooster Rojo Smoked Pineapple,700,6,380.63,63.44,80.99,MAR 2026,1,1
360-132-9,Rooster Rojo Tequila Anejo,700,6,386.27,64.38,81.99,MAR 2026,1,1
360-131-0,Rooster Rojo Tequila Blanco,700,6,332.45,55.41,70.99,MAR 2026,1,1
360-130-1,Rooster Rojo Tequila Reposado,700,6,347.87,57.98,73.99,MAR 2026,1,1
360-194-4,Se Busca Mezcal Anejo,700,6,557.63,92.94,118.99,MAR 2026,1,1
360-192-6,Se Busca Mezcal Joven,700,6,467.63,77.94,99.99,MAR 2026,1,1
360-193-5,Se Busca Mezcal Reposado,700,6,527.63,87.94,112.99,MAR 2026,1,1
360-156-0,Sesion Blanco Tequila,750,6,448.24,74.71,95.99,MAR 2026,1,1
360-155-1,Sesion Mocha Tequila,750,6,436.12,72.69,92.99,MAR 2026,1,1
360-154-2,Sesion Reposado Tequila,750,6,446.25,74.38,94.99,MAR 2026,1,1
360-242-6,Siempre Tequila Anejo,700,6,660.15,110.03,140.99,MAR 2026,1,1
360-249-9,Siempre Tequila Plata,700,6,510.15,85.03,108.99,MAR 2026,1,1
360-243-5,Siempre Tequila Reposado,700,6,552.15,92.03,117.99,MAR 2026,1,1
360-208-8,Sierra Antiguo Anejo 40%,700,6,381.45,63.58,80.99,MAR 2026,1,1
360-209-7,Sierra Antiguo Plata 40%,700,6,372.85,62.14,79.99,MAR 2026,1,1
360-632-4,Sierra Tequila Blanco,700,6,271.85,45.31,57.99,MAR 2026,1,1
360-552-0,Sierra Tequila Blanco,1000,6,363.95,60.66,77.99,MAR 2026,1,1
360-223-9,Sierra Tequila Blanco 350ml 6p,350,6,172.65,28.78,36.99,MAR 2026,1,1
360-861-6,Sierra Tequila Reposado,1000,6,363.95,60.66,77.99,MAR 2026,1,1
360-855-4,Sierra Tequila Reposado,700,6,271.85,45.31,57.99,MAR 2026,1,1
360-259-6,Sierra Tequila Tropical Chilli,700,6,185.55,30.93,39.99,MAR 2026,1,1
360-230-0,Soldada Cafe Expres Tequila,700,6,262.30,43.72,55.99,MAR 2026,1,1
360-207-9,Soldada Tequila Blanco,700,6,256.81,42.80,54.99,MAR 2026,1,1
360-277-4,Tequila Blu Reposado,700,6,304.18,50.70,64.99,MAR 2026,1,1
360-047-3,Tequila Blu Reposado,700,6,305.94,50.99,64.99,MAR 2026,1,1
360-262-1,Teremana Tequila Anejo,700,6,440.65,73.44,93.99,MAR 2026,1,1
360-263-0,Teremana Tequila Blanco,700,6,381.15,63.53,80.99,MAR 2026,1,1
360-260-3,Teremana Tequila Reposado,700,6,402.05,67.01,85.99,MAR 2026,1,1
360-153-3,Tres Agaves Org Tequila Blanco,750,6,430.65,71.78,91.99,MAR 2026,1,1
360-199-9,Tres Tribus Mezcal Cuishe,700,6,669.35,111.56,142.99,MAR 2026,1,1
360-144-5,Tromba Anejo Tequila,750,6,607.63,101.27,129.99,MAR 2026,1,1
360-142-7,Tromba Blanco Tequila,750,6,442.75,73.79,93.99,MAR 2026,1,1
360-143-6,Tromba Reposado Tequila,750,6,512.98,85.50,108.99,MAR 2026,1,1
360-150-6,Volando Tequila Blanco,750,6,426.15,71.03,90.99,MAR 2026,1,1
360-211-3,Volcan Blanco Tequila,700,6,400.05,66.68,84.99,MAR 2026,1,1
365-010-5,Green Fairy Absinth 40% 500ml,500,6,286.11,47.69,60.99,MAR 2026,1,1
365-356-7,Green Fairy Absinth 60% 500ml,500,8,485.79,60.72,77.99,MAR 2026,1,1
365-258-6,Green Fairy Dabel 70% 500ml,500,8,640.07,80.01,101.99,MAR 2026,1,1
365-007-0,La Fee Absinthe Parisienne,700,6,724.25,120.71,154.99,MAR 2026,1,1
365-025-8,Lyre's Italian Orange Non/Alc,700,6,203.83,33.97,42.99,MAR 2026,1,1
365-027-6,Lyre's Italian Spritz Non/Alc,700,6,203.83,33.97,42.99,MAR 2026,1,1
365-024-9,Lyre's Orange Tri Sec Non/Alc,700,6,203.83,33.97,42.99,MAR 2026,1,1
365-423-6,Steinbok Butterscotch Schnapps,700,6,153.15,25.53,32.99,MAR 2026,1,1
365-424-5,Steinbok Peach Schnapps,700,6,153.15,25.53,32.99,MAR 2026,1,1
365-124-8,Teichenne Butterscotch Schnapp,700,6,245.15,40.86,51.99,MAR 2026,1,1
365-134-6,Teichenne Peach Schnapps,700,6,245.15,40.86,51.99,MAR 2026,1,1
365-028-5,Vok Butterscotch Schnapps 17%,500,6,129.00,21.50,,MAR 2026,1,1
365-012-3,Wenneker Butterscotch Schnapps,700,6,218.39,36.40,46.99,MAR 2026,1,1
365-011-4,Wenneker Peach Schnapps,700,6,218.39,36.40,46.99,MAR 2026,1,1
370-023-0,Gekkeikan Junmai Nigori Sake,720,6,242.07,40.35,51.99,MAR 2026,1,1
370-003-4,Gekkeikan Sake,720,6,136.56,22.76,28.99,MAR 2026,1,1
380-027-5,Akropolis Ouzo 700ml,700,6,262.31,43.72,55.99,MAR 2026,1,1
380-007-9,Akropolis Ouzo 700ml,700,6,259.16,43.19,54.99,MAR 2026,1,1
380-018-6,Metaxa Ouzo,700,6,256.65,42.78,54.99,MAR 2026,1,1
380-016-8,Mini Ouzo 200ml,200,48,674.05,14.04,17.99,MAR 2026,1,1
380-014-0,Mini Ouzo 700ml,700,12,440.00,36.67,46.99,MAR 2026,1,1
380-015-9,Mini Ouzo 700ml Glass Gft Pk,700,6,249.00,41.50,52.99,MAR 2026,1,1
380-134-5,Ouzo 12,700,6,227.50,37.92,48.99,MAR 2026,1,1
380-026-6,Plomari Ouzo,700,6,252.15,42.03,53.99,MAR 2026,1,1
390-014-9,Ahd The Bitter Orange Aperitif,700,6,305.13,50.86,64.99,MAR 2026,1,1
390-943-5,Angostura Bitters,473,12,482.91,40.24,60.99,MAR 2026,1,1
390-021-0,Angostura Bitters 200ml 12pk R,200,12,181.15,15.10,,MAR 2026,1,1
390-000-5,Angostura Bitters 200ml 24 Pk,200,24,444.59,18.52,27.99,MAR 2026,1,1
390-500-0,Angostura Orange Bitters,100,12,171.05,14.25,21.99,MAR 2026,1,1
390-001-4,Aromatic Bitters,250,12,227.51,18.96,28.99,MAR 2026,1,1
390-023-8,Convict Bitters,250,12,169.83,14.15,,MAR 2026,1,1
390-136-2,Fee Bros Aztec Choc Bitters,150,12,249.55,20.80,31.99,MAR 2026,1,1
390-002-3,Fee Bros Black Walnut Bitters,150,12,249.55,20.80,26.99,MAR 2026,1,1
390-007-8,Fee Bros Celery Bitters,150,12,249.55,20.80,26.99,MAR 2026,1,1
390-138-0,Fee Bros Cherry Bitters,150,12,249.55,20.80,31.99,MAR 2026,1,1
390-133-5,Fee Bros Grapefruit Bitters,150,12,249.55,20.80,31.99,MAR 2026,1,1
390-122-8,Fee Bros Old Fashioned Bitters,150,12,249.55,20.80,31.99,MAR 2026,1,1
390-121-9,Fee Bros Orange Bitters,150,12,249.55,20.80,31.99,MAR 2026,1,1
390-131-7,Fee Bros Peach Bitters,150,12,249.55,20.80,31.99,MAR 2026,1,1
390-003-2,Fee Bros Plum Bitters,150,12,249.55,20.80,26.99,MAR 2026,1,1
390-139-9,Fee Bros Rhubarb Bitters,150,12,249.55,20.80,31.99,MAR 2026,1,1
390-022-9,Fee Brothers Fee Foam,150,12,325.15,27.10,34.99,MAR 2026,1,1
390-024-7,Hellfire Chilli Bitters,250,12,306.15,25.51,32.99,MAR 2026,1,1
390-008-7,Peychaud's Aromatic Bitters,148,12,228.79,19.07,23.99,MAR 2026,1,1
395-678-5,Aperol,700,6,157.68,26.28,33.99,MAR 2026,1,1
395-020-0,Aperol 1lt,1000,6,241.98,40.33,51.99,MAR 2026,1,1
395-033-5,Aperol R,700,6,152.13,25.36,31.99,MAR 2026,1,1
395-023-7,Braulio 21%,700,6,210.95,35.16,44.99,MAR 2026,1,1
395-102-1,Campari Aperitif 25%,700,6,216.25,36.04,45.99,MAR 2026,1,1
395-026-4,Campari Negroni,500,6,235.32,39.22,49.99,MAR 2026,1,1
395-029-1,Cipriani Bellini,750,6,151.09,25.18,31.99,MAR 2026,1,1
395-030-8,Doppelganger Aperitiivo,700,12,462.15,38.51,48.99,MAR 2026,1,1
395-018-4,Dubonnet Rouge Apertif,750,6,153.14,25.52,38.99,MAR 2026,1,1
395-016-6,Italicus Risolio Aperitif,700,6,386.39,64.40,81.99,MAR 2026,1,1
395-004-0,Lillet Blanc Aperitif,750,6,195.98,32.66,41.99,MAR 2026,1,1
395-010-2,Lillet Rose Aperitif,750,6,195.98,32.66,41.99,MAR 2026,1,1
395-009-5,Lillet Rouge Aperitif,750,6,195.98,32.66,41.99,MAR 2026,1,1
395-070-9,Pernod,700,6,261.10,43.52,55.99,MAR 2026,1,1
395-008-6,Pimms No 1 Cup (Aust),700,6,234.54,39.09,49.99,MAR 2026,1,1
395-200-2,Ricard (Aperitif),700,6,274.97,45.83,58.99,MAR 2026,1,1
395-024-6,Select Aperitivo,700,6,149.65,24.94,31.99,MAR 2026,1,1
398-450-3,Bundaberg Rum U.P.,20000,1,1023.74,1023.74,1309.99,MAR 2026,1,1
398-004-4,J.Walker Red Bis (Drum),20000,1,1105.38,1105.38,1414.99,MAR 2026,1,1
398-007-1,Jim Beam White Bourbon 20l,20000,1,1046.22,1046.22,1338.99,MAR 2026,1,1
398-003-5,Smirnoff Red Vodka 37% 20l,20000,1,988.35,988.35,1264.99,MAR 2026,1,1
400-028-0,J.Walker Discov G/Pack 4x50ml,200,12,285.42,23.79,29.99,MAR 2026,12,1
400-047-7,Rusty Barrel Vodka,100,12,120.15,10.01,12.99,MAR 2026,12,1
405-024-3,23rd St Not Your Nannas Brandy,700,6,257.90,42.98,54.99,MAR 2026,1,1
405-135-9,Aubrey Coffee Liqueur,700,6,202.95,33.83,42.99,MAR 2026,1,1
405-129-7,Aubrey Elderflower Liqueur,700,6,202.95,33.83,42.99,MAR 2026,1,1
405-132-2,Aubrey Lychee Liqueur,700,6,202.95,33.83,42.99,MAR 2026,1,1
405-128-8,Aubrey Mango Liqueur,700,6,202.95,33.83,42.99,MAR 2026,1,1
405-126-0,Aubrey Passionfruit Liqueur,700,6,202.95,33.83,42.99,MAR 2026,1,1
405-130-4,Aubrey Triple Sec Liqueur,700,6,202.95,33.83,42.99,MAR 2026,1,1
405-127-9,Aubrey Watermelon Liqueur,700,6,202.95,33.83,42.99,MAR 2026,1,1
406-009-0,Banks & Solander Limecello,700,6,316.17,52.70,66.99,MAR 2026,1,1
406-008-1,Banks & Solander Limoncello,700,6,316.17,52.70,66.99,MAR 2026,1,1
405-113-5,Chingu Blueberry Liqueur,360,20,114.45,5.72,6.99,MAR 2026,20,1
405-112-6,Chingu Green Grape Liqueur,360,20,114.45,5.72,6.99,MAR 2026,20,1
405-111-7,Chingu Lychee Liqueur,360,20,114.45,5.72,6.99,MAR 2026,20,1
405-149-3,Chingu Mango Liqueur,360,20,114.45,5.72,6.99,MAR 2026,20,1
405-108-2,Chingu Original Liqueur,360,20,114.45,5.72,6.99,MAR 2026,20,1
405-107-3,Chingu Peach Liqueur,360,20,114.45,5.72,6.99,MAR 2026,20,1
405-114-4,Chingu Tropical Liqueur,360,20,114.45,5.72,6.99,MAR 2026,20,1
405-136-8,Chingu Yoghurt Liqueur,360,20,114.45,5.72,6.99,MAR 2026,20,1
405-106-4,Chinola Passionfruit Liqueur,700,6,312.15,52.03,66.99,MAR 2026,1,1
405-146-6,Contin. Brown Creme De Cacao,500,6,164.12,27.35,34.99,MAR 2026,1,1
405-147-5,Contin. Creme De Menthe Green,500,6,164.12,27.35,34.99,MAR 2026,1,1
405-052-8,Contin. Creme De Menthe Green,500,6,160.49,26.75,33.99,MAR 2026,1,1
405-143-9,Contin. White Creme De Cacao,500,6,164.12,27.35,34.99,MAR 2026,1,1
405-141-1,Continental Blue Curacao,500,6,164.12,27.35,34.99,MAR 2026,1,1
405-045-8,Continental Blue Curacao,500,6,160.46,26.74,33.99,MAR 2026,1,1
405-144-8,Continental Cassis,500,6,164.12,27.35,34.99,MAR 2026,1,1
405-047-6,Continental Cassis,500,6,160.46,26.74,33.99,MAR 2026,1,1
405-145-7,Continental Peach,500,6,164.12,27.35,34.99,MAR 2026,1,1
405-051-9,Continental Peach,500,6,160.49,26.75,33.99,MAR 2026,1,1
405-142-0,Continental Strawberry,500,6,164.12,27.35,34.99,MAR 2026,1,1
405-050-0,Continental Strawberry,500,6,160.46,26.74,33.99,MAR 2026,1,1
405-137-7,Continental Triple Sec,500,6,164.12,27.35,34.99,MAR 2026,1,1
405-049-4,Continental Triple Sec,500,6,160.46,26.74,33.99,MAR 2026,1,1
405-139-5,Cruiser Midproof Boysenberry,700,6,144.07,24.01,30.99,MAR 2026,1,1
405-117-1,Cruiser Midproof Boysenberry,700,6,140.17,23.36,29.99,MAR 2026,1,1
405-138-6,Cruiser Midproof Passionfruit,700,6,144.07,24.01,30.99,MAR 2026,1,1
405-115-3,Cruiser Midproof Passionfruit,700,6,140.17,23.36,29.99,MAR 2026,1,1
405-140-2,Cruiser Midproof Watermelon,700,6,144.07,24.01,30.99,MAR 2026,1,1
405-116-2,Cruiser Midproof Watermelon,700,6,140.17,23.36,29.99,MAR 2026,1,1
405-068-0,Elderflower Gin Liqueur,500,6,179.01,29.84,37.99,MAR 2026,6,1
405-005-6,Hellyers Rd Whisky Cream Liq.,700,6,232.01,38.67,49.99,MAR 2026,1,1
405-562-1,Kilkenny Butterscotch,750,6,80.43,13.41,16.99,MAR 2026,3,1
406-763-6,Kilkenny Cream 6pk,750,6,80.43,13.41,16.99,MAR 2026,3,1
406-007-2,Lady Marmalade Non Alc T/Sec,700,6,140.25,23.38,29.99,MAR 2026,1,1
405-118-0,Little Fat Lamb B/Scotch 2l,2000,6,125.59,20.93,26.99,MAR 2026,1,1
405-120-6,Little Fat Lamb B/Scotch Cream,700,6,76.51,12.75,15.99,MAR 2026,1,1
405-121-5,Little Fat Lamb Banana Cream,700,6,76.51,12.75,15.99,MAR 2026,1,1
405-122-4,Little Fat Lamb Choc Cream,700,6,76.51,12.75,15.99,MAR 2026,1,1
405-123-3,Little Fat Lamb Jamdonut Cream,700,6,76.51,12.75,15.99,MAR 2026,1,1
405-124-2,Little Fat Lamb Qf Melon Cream,700,6,76.51,12.75,15.99,MAR 2026,1,1
405-125-1,Little Fat Lamb Salt Caramel,700,6,76.51,12.75,15.99,MAR 2026,1,1
405-119-9,Little Fat Lamb Salt Caramel,2000,6,125.59,20.93,26.99,MAR 2026,1,1
405-035-0,Lyre's Coffee Liqueur Non/Alc,700,6,203.83,33.97,42.99,MAR 2026,1,1
405-041-2,Manly Spirits Blk/Fin Coffee,700,6,298.76,49.79,63.99,MAR 2026,1,1
406-001-8,Manly Spirits Zesty Limoncello,700,6,298.48,49.75,63.99,MAR 2026,1,1
405-053-7,Marionette Blue Curcao,500,6,276.15,46.03,58.99,MAR 2026,1,1
405-093-9,Mr Black Coffee Liqueur 500ml,500,6,246.17,41.03,52.99,MAR 2026,1,1
405-095-7,Mr Black Coffee Liqueur 700ml,700,6,289.89,48.32,61.99,MAR 2026,1,1
405-067-1,Rhubarb & Ginger Gin Liqueur,500,6,179.01,29.84,37.99,MAR 2026,6,1
405-110-8,Rhubi Mistelle Rhubarb Liqueur,700,6,288.15,48.03,60.99,MAR 2026,1,1
405-080-4,Seven Season Honey Coffee Liq,700,6,296.75,49.46,62.99,MAR 2026,1,1
405-184-9,Sheep Dog P/Butter Whiskey 35%,700,6,268.62,44.77,56.99,MAR 2026,1,1
405-055-5,Sheep Dog P/Butter Whiskey 35%,200,12,163.56,13.63,16.99,MAR 2026,1,1
406-006-3,Solbevi Limoncello Liqueur,700,6,206.15,34.36,43.99,MAR 2026,1,1
405-034-1,Sortilege Whisky Liqueur,750,6,306.15,51.03,64.99,MAR 2026,1,1
405-148-4,Steinbok Banana Liqueur,700,6,154.26,25.71,32.99,MAR 2026,1,1
405-039-6,Steinbok Blue Curacao 700ml,700,6,153.15,25.53,32.99,MAR 2026,1,1
405-104-6,Steinbok Coconut Liqueur,700,6,154.27,25.71,32.99,MAR 2026,1,1
405-097-5,Steinbok Elderflower Liqueur,700,6,154.27,25.71,32.99,MAR 2026,1,1
405-064-4,Steinbok Lychee Liqueur,700,6,153.15,25.53,32.99,MAR 2026,1,1
405-037-8,Steinbok Mango 700ml,700,6,153.15,25.53,32.99,MAR 2026,1,1
405-098-4,Steinbok Parfait Amour,700,6,154.27,25.71,32.99,MAR 2026,1,1
405-065-3,Steinbok Passionfruit Liqueur,700,6,153.15,25.53,32.99,MAR 2026,1,1
405-105-5,Steinbok Sour Apple,700,6,136.15,22.69,28.99,MAR 2026,1,1
405-036-9,Steinbok Strawberry 700ml,700,6,153.15,25.53,32.99,MAR 2026,1,1
405-040-3,Steinbok Triple Sec 700ml,700,6,153.15,25.53,32.99,MAR 2026,1,1
405-066-2,Steinbok Watermelon Liqueur,700,6,153.15,25.53,32.99,MAR 2026,1,1
405-099-3,Steinbok White Choc Liqueur,700,6,154.27,25.71,32.99,MAR 2026,1,1
405-781-6,Vok Advokaat 17%,500,6,129.00,21.50,27.99,MAR 2026,1,1
405-073-3,Vok Banana Liqueur 17%,500,6,129.00,21.50,,MAR 2026,1,1
405-074-2,Vok Blue Curacao 17%,500,6,129.00,21.50,27.99,MAR 2026,1,1
405-086-8,Vok Brown Creme De Cacao 17%,500,6,129.00,21.50,27.99,MAR 2026,1,1
405-075-1,Vok Cherry Brandy 17%,500,6,129.00,21.50,,MAR 2026,1,1
406-004-5,Vok Creme De Menthe Green 17%,500,6,129.00,21.50,27.99,MAR 2026,1,1
405-061-7,Vok Guava,500,6,129.00,21.50,27.99,MAR 2026,1,1
405-079-7,Vok Lychee 17%,500,6,129.00,21.50,27.99,MAR 2026,1,1
405-060-8,Vok Mango,500,6,129.00,21.50,27.99,MAR 2026,1,1
405-087-7,Vok Melon 17%,500,6,129.00,21.50,27.99,MAR 2026,1,1
405-088-6,Vok Parfait Amour 17%,500,6,129.00,21.50,27.99,MAR 2026,1,1
405-089-5,Vok Passionfruit 17%,500,6,129.00,21.50,27.99,MAR 2026,1,1
405-076-0,Vok Peach Liqueur 17%,500,6,129.00,21.50,,MAR 2026,1,1
405-063-5,Vok Pineapple,500,6,129.00,21.50,27.99,MAR 2026,1,1
405-090-2,Vok Strawberry 17%,500,6,129.00,21.50,27.99,MAR 2026,1,1
406-002-7,Vok Triple Sec 17%,500,6,129.00,21.50,,MAR 2026,1,1
405-062-6,Vok Vanilla,500,6,129.00,21.50,27.99,MAR 2026,1,1
405-091-1,Vok Watermelon 17%,500,6,129.00,21.50,27.99,MAR 2026,1,1
405-092-0,Vok White Creme De Cacao 17%,500,6,129.00,21.50,27.99,MAR 2026,1,1
410-321-3,Agwa Coca Leaf Liqueur,700,6,319.53,53.26,67.99,MAR 2026,1,1
410-433-8,Alize Bleu 18% 700ml,700,6,248.85,41.48,52.99,MAR 2026,1,1
410-272-2,Alize Bleu 1l,1000,6,327.63,54.61,69.99,MAR 2026,1,1
410-308-0,Alize Bleu 200ml,200,24,345.11,14.38,17.99,MAR 2026,1,1
410-899-5,Alize Bleu 750ml,750,6,286.17,47.70,60.99,MAR 2026,1,1
410-290-0,Alize Rose 750ml,750,6,260.17,43.36,55.99,MAR 2026,1,1
410-100-0,Amaretto Galliano 500ml,500,12,429.36,35.78,45.99,MAR 2026,1,1
410-926-2,Amaro Averna 700ml,700,6,264.22,44.04,55.99,MAR 2026,1,1
410-309-9,Amaro Montenegro Liqueur,700,6,253.65,42.28,53.99,MAR 2026,1,1
410-340-0,Ancho Reyes Verde,700,6,355.00,59.17,75.99,MAR 2026,1,1
410-435-6,Baileys Chocolate,700,6,204.58,34.10,43.99,MAR 2026,1,1
410-034-1,Baileys Chocolate Luxe,500,6,187.82,31.30,39.99,MAR 2026,1,1
410-364-1,Baileys Hot Choc G/Mug G/Pack,700,6,167.53,27.92,35.99,MAR 2026,1,1
410-591-6,Baileys Irish Cream,200,12,181.61,15.13,18.99,MAR 2026,3,1
410-055-5,Baileys Irish Cream,1000,6,276.53,46.09,58.99,MAR 2026,1,1
410-050-0,Baileys Irish Cream,700,12,392.92,32.74,41.99,MAR 2026,1,1
410-330-2,Batched C/Tail Esp Martini,725,6,231.10,38.52,,MAR 2026,1,1
410-066-2,Bols Blue,500,6,156.38,26.06,32.99,MAR 2026,1,1
410-169-8,Bols Creme De Cacao White,500,6,156.64,26.11,32.99,MAR 2026,1,1
410-619-4,Bols Creme De Cassis Liqueur,500,6,156.06,26.01,32.99,MAR 2026,1,1
410-165-2,Bols Lychee,500,6,155.97,26.00,32.99,MAR 2026,1,1
410-163-4,Bols Peach Liqueur,500,6,156.10,26.02,32.99,MAR 2026,1,1
410-168-9,Bols Strawberry Liqueur,500,6,156.11,26.02,32.99,MAR 2026,1,1
410-622-9,Bols Triple Sec Curacao,500,6,156.88,26.15,32.99,MAR 2026,1,1
410-431-0,Buffalo Trace Bourbon Cream,700,6,205.43,34.24,43.99,MAR 2026,1,1
410-195-6,Caffe Borghetti Espresso,750,6,276.23,46.04,58.99,MAR 2026,1,1
410-940-4,Chambord,700,6,299.37,49.90,63.99,MAR 2026,1,1
410-004-7,Chambord 6pK,500,6,217.06,36.18,45.99,MAR 2026,1,1
410-982-3,Chambord Liqueur 200ml,200,6,97.49,16.25,20.99,MAR 2026,1,1
410-249-2,Chartreuse Green,700,6,532.65,88.78,113.99,MAR 2026,1,1
410-247-4,Chartreuse Yellow,700,6,472.65,78.78,100.99,MAR 2026,1,1
410-406-1,Cherry Heering Liqueur,700,6,254.12,42.35,53.99,MAR 2026,1,1
410-775-4,Cointreau,700,6,312.70,52.12,66.99,MAR 2026,1,1
410-774-5,Cointreau,1000,6,425.85,70.98,90.99,MAR 2026,1,1
410-120-6,Cointreau,350,12,335.55,27.96,35.99,MAR 2026,1,1
410-129-7,Cynar Liqueur,700,6,206.35,34.39,43.99,MAR 2026,1,1
410-361-4,De Kuyper Apple Schnapps,700,6,223.88,37.31,47.99,MAR 2026,1,1
410-349-1,De Kuyper Apricot Brandy,500,6,175.35,29.23,36.99,MAR 2026,1,1
410-345-5,De Kuyper Blue Curacao,500,6,175.35,29.23,36.99,MAR 2026,1,1
410-348-2,De Kuyper Butterscotch Schnapp,700,6,224.43,37.41,47.99,MAR 2026,1,1
410-350-7,De Kuyper Creme De Bananes,500,6,173.41,28.90,,MAR 2026,1,1
410-352-5,De Kuyper Creme De Cacao White,500,6,175.74,29.29,,MAR 2026,1,1
410-346-4,De Kuyper Creme De Cafe,500,6,175.15,29.19,36.99,MAR 2026,1,1
410-363-2,De Kuyper Mango,500,6,174.15,29.03,36.99,MAR 2026,1,1
410-362-3,De Kuyper Passionfruit,500,6,173.85,28.98,36.99,MAR 2026,1,1
410-360-5,De Kuyper Peach Schnapps,700,6,224.43,37.41,47.99,MAR 2026,1,1
410-357-0,De Kuyper Sour Apple Pucker,700,6,238.52,39.75,50.99,MAR 2026,1,1
410-359-8,De Kuyper Triple Sec,500,6,175.05,29.18,36.99,MAR 2026,1,1
410-353-4,De Kuyper Watermelon,500,6,173.85,28.98,36.99,MAR 2026,1,1
410-344-6,De Kuyper Wild Strawberry,500,6,174.15,29.03,36.99,MAR 2026,1,1
410-423-0,Deadmans Fingers Mango Teq Liq,700,6,149.44,24.91,31.99,MAR 2026,1,1
410-422-1,Deadmans Fingers S/Berry Teq,700,6,149.44,24.91,31.99,MAR 2026,1,1
410-602-3,Disaronno (Amaretto),700,6,257.05,42.84,54.99,MAR 2026,1,1
410-206-3,Dom Benedictine,700,6,332.25,55.38,70.99,MAR 2026,1,1
410-355-2,Domaine De Canton Ginger Liq.,750,6,385.79,64.30,81.99,MAR 2026,1,1
410-284-8,Don Santiago Pisco Mosto Verde,500,6,379.37,63.23,80.99,MAR 2026,1,1
410-069-9,Drambuie Liqueur,700,6,348.10,58.02,73.99,MAR 2026,1,1
410-183-0,Fiorente Liqueur,700,6,247.55,41.26,52.99,MAR 2026,1,1
410-337-5,Five Farms Irish Cream Liqueur,700,9,372.15,41.35,52.99,MAR 2026,1,1
410-266-0,Frangelico Liqueur,700,6,226.68,37.78,47.99,MAR 2026,1,1
410-264-2,Frangelico Liqueur,350,12,249.29,20.77,26.99,MAR 2026,3,1
410-052-8,Galliano Blk Sambuca 350ml 30%,350,12,318.59,26.55,33.99,MAR 2026,1,1
410-327-7,Galliano Blk Sambuca 500ml 30%,500,12,429.48,35.79,,MAR 2026,1,1
410-071-5,Galliano Blk Sambuca 700ml 30%,700,6,292.26,48.71,61.99,MAR 2026,1,1
410-224-1,Galliano Van Liq 700ml 30% Yel,700,6,292.25,48.71,61.99,MAR 2026,1,1
410-083-1,Galliano Wht Sambuca 350ml 30%,350,12,318.60,26.55,33.99,MAR 2026,1,1
410-326-8,Galliano Wht Sambuca 500ml 30%,500,12,429.42,35.79,,MAR 2026,1,1
410-081-3,Galliano Wht Sambuca 700ml 30%,700,6,292.18,48.70,61.99,MAR 2026,1,1
410-922-6,Glayva Scotch Liqueur,500,6,285.15,47.53,60.99,MAR 2026,1,1
410-310-6,Grand Marnier,700,6,327.30,54.55,69.99,MAR 2026,1,1
410-438-3,Grind Coffee Liqueur,700,6,193.60,32.27,40.99,MAR 2026,1,1
410-131-3,Hpnotiq Liqueur Original,750,6,300.53,50.09,63.99,MAR 2026,1,1
410-019-0,Jagermeister,1000,6,352.15,58.69,74.99,MAR 2026,1,1
410-420-3,Jagermeister 2 X 12 X 200ml,200,24,332.15,13.84,17.99,MAR 2026,12,1
410-890-4,Jagermeister 700ml,700,6,257.15,42.86,54.99,MAR 2026,1,1
410-336-6,Jagermeister Cold Brew,700,6,277.15,46.19,58.99,MAR 2026,1,1
410-578-3,Joseph Cartron Apricot Brandy,700,6,296.15,49.36,62.99,MAR 2026,1,1
410-289-3,Joseph Cartron Banana,700,6,296.15,49.36,62.99,MAR 2026,1,1
410-014-5,Joseph Cartron Blue Curaco,700,6,296.15,49.36,62.99,MAR 2026,1,1
410-214-3,Joseph Cartron Brown Creme/Cac,700,6,296.15,49.36,62.99,MAR 2026,1,1
410-697-9,Joseph Cartron Caramel,700,6,260.15,43.36,55.99,MAR 2026,1,1
410-691-5,Joseph Cartron Creme De Cassis,700,6,260.15,43.36,55.99,MAR 2026,1,1
410-694-2,Joseph Cartron Creme De Fraise,700,6,260.15,43.36,55.99,MAR 2026,1,1
410-692-4,Joseph Cartron Creme De Mure,700,6,260.15,43.36,55.99,MAR 2026,1,1
410-693-3,Joseph Cartron Creme De Peche,700,6,260.15,43.36,55.99,MAR 2026,1,1
410-695-1,Joseph Cartron Creme Framboise,700,6,260.15,43.36,55.99,MAR 2026,1,1
410-085-9,Joseph Cartron Elderflower,700,6,260.15,43.36,55.99,MAR 2026,1,1
410-687-1,Joseph Cartron Lychee,700,6,296.15,49.36,62.99,MAR 2026,1,1
410-285-7,Joseph Cartron Mango,700,6,296.15,49.36,62.99,MAR 2026,1,1
410-193-8,Joseph Cartron Passion,700,6,296.15,49.36,62.99,MAR 2026,1,1
410-293-7,Joseph Cartron Poire William,700,6,296.15,49.36,62.99,MAR 2026,1,1
410-696-0,Joseph Cartron Pomme Verte,700,6,260.15,43.36,55.99,MAR 2026,1,1
410-426-7,Joseph Cartron Triple Sec,700,6,296.15,49.36,62.99,MAR 2026,1,1
410-279-5,Joseph Cartron Violette,700,6,260.15,43.36,55.99,MAR 2026,1,1
410-698-8,Joseph Cartron Watermelon,700,6,260.15,43.36,55.99,MAR 2026,1,1
410-251-7,Joseph Cartron White Creme/Cac,700,6,296.15,49.36,62.99,MAR 2026,1,1
410-383-8,Kahlua,700,6,186.65,31.11,39.99,MAR 2026,1,1
410-394-5,Kahlua 1 Ltr 6pk,1000,6,244.71,40.79,51.99,MAR 2026,1,1
410-265-1,Licor 43,700,6,274.45,45.74,58.99,MAR 2026,1,1
410-185-8,Licor 43,1000,6,344.65,57.44,73.99,MAR 2026,1,1
410-440-9,Licor 43 Creme Brulee,700,6,228.65,38.11,48.99,MAR 2026,1,1
410-295-5,Licor 43 Horchata,700,6,187.95,31.33,39.99,MAR 2026,1,1
410-282-0,Licor 43 Minibeer Gift Pack,700,6,274.45,45.74,58.99,MAR 2026,1,1
410-278-6,Lyre's Amaretto Non/Alc,700,6,203.83,33.97,42.99,MAR 2026,1,1
410-277-7,Mac By Brookie's Liqueur,700,6,304.65,50.78,64.99,MAR 2026,1,1
410-202-7,Malibu 1ltr,1000,6,244.93,40.82,51.99,MAR 2026,1,1
410-199-2,Malibu 700ml,700,6,186.84,31.14,39.99,MAR 2026,1,1
410-439-2,Mandarine Napoleon Orange,700,6,338.16,56.36,71.99,MAR 2026,1,1
410-419-6,Marie Brizard Anisette Liqueur,700,6,235.48,39.25,49.99,MAR 2026,1,1
410-416-9,Marie Brizard B/Berry Liqueur,700,6,214.38,35.73,45.99,MAR 2026,1,1
410-228-7,Marie Brizard Blue Curacao,700,6,214.38,35.73,45.99,MAR 2026,1,1
410-417-8,Marie Brizard Cassis Liqueur,700,6,214.38,35.73,45.99,MAR 2026,1,1
410-229-6,Marie Brizard Coffee Liqueur,700,6,214.38,35.73,45.99,MAR 2026,1,1
410-236-7,Marie Brizard Elderflower Liqu,700,6,214.38,35.73,45.99,MAR 2026,1,1
410-428-5,Marie Brizard Falernum,700,6,214.38,35.73,45.99,MAR 2026,1,1
410-341-9,Marie Brizard Lychee Liqueur,700,6,214.38,35.73,45.99,MAR 2026,1,1
410-427-6,Marie Brizard Passionfruit,700,6,214.38,35.73,45.99,MAR 2026,1,1
410-343-7,Marie Brizard Peach Liqueur,700,6,214.38,35.73,45.99,MAR 2026,1,1
410-239-4,Marie Brizard Triple Sec,700,6,214.38,35.73,45.99,MAR 2026,1,1
410-430-1,Marie Brizard Triple Sec 5l,5000,4,964.36,241.09,308.99,MAR 2026,1,1
410-415-0,Marie Brizard Vanilla Liqueur,700,6,214.38,35.73,45.99,MAR 2026,1,1
410-429-4,Marie Brizard Watermelon,700,6,214.38,35.73,45.99,MAR 2026,1,1
410-418-7,Marie Brizard White Cocoa Liq,700,6,214.38,35.73,45.99,MAR 2026,1,1
410-437-4,Midori Melon Liqueur 1 Litre,1000,6,321.38,53.56,68.99,MAR 2026,1,1
410-407-0,Midori Melon Liquor 700ml 6pk,700,6,222.32,37.05,46.99,MAR 2026,1,1
410-164-3,Midori Melon Liquor Usa 500ml,500,12,336.97,28.08,35.99,MAR 2026,1,1
410-158-1,Mozart Chocolate Cream (Gold),500,6,191.95,31.99,40.99,MAR 2026,1,1
410-160-7,Mozart Dark Chocolate Liqueur,500,6,191.95,31.99,40.99,MAR 2026,1,1
410-188-5,Mozart Strawberry Cream,500,6,191.95,31.99,40.99,MAR 2026,1,1
410-159-0,Mozart White Choc Van Cream,500,6,191.95,31.99,40.99,MAR 2026,1,1
410-595-2,Opal Bianca,700,6,258.25,43.04,54.99,MAR 2026,1,1
410-041-2,Opal Nera,500,6,201.45,33.58,42.99,MAR 2026,1,1
410-493-5,Opal Nera Sambuca,700,6,258.25,43.04,54.99,MAR 2026,1,1
410-374-9,Opal Nera Sambuca R,700,6,246.25,41.04,52.99,MAR 2026,1,1
410-650-4,Pama Pomegranate Liqueur,750,6,302.15,50.36,63.99,MAR 2026,1,1
410-242-9,Pampelle Ruby L'apero,700,6,216.95,36.16,45.99,MAR 2026,1,1
410-095-7,Paraiso Lychee Liqueur,700,6,271.31,45.22,57.99,MAR 2026,1,1
410-456-0,Passoa Passionfruit Liqueur,700,6,186.65,31.11,39.99,MAR 2026,1,1
410-097-5,Pavan Liqueur,700,6,290.64,48.44,61.99,MAR 2026,1,1
410-333-9,Pawn Star,700,6,133.33,22.22,,MAR 2026,1,1
410-123-3,Pisco Santiago Quebranta,700,12,746.71,62.23,79.99,MAR 2026,1,1
410-179-6,Ratu Fiji Signature Liq. 35%,700,6,329.74,54.96,69.99,MAR 2026,1,1
410-256-2,Sagatiba Christalina (White),700,6,316.61,52.77,67.99,MAR 2026,1,1
410-156-3,Sailor Jerry Savage Apple,700,6,250.80,41.80,53.99,MAR 2026,1,1
410-404-3,Shanky's Whip Liqueur,700,6,274.49,45.75,58.99,MAR 2026,1,1
410-432-9,Skrewball Peanut Butter Whisky,750,6,282.83,47.14,59.99,MAR 2026,1,1
410-501-5,Soho Lychee Liqueur,700,6,169.74,28.29,35.99,MAR 2026,1,1
410-331-1,Sour Puss Apple,700,6,133.33,22.22,,MAR 2026,1,1
410-425-8,Sour Puss Cola,700,6,133.33,22.22,27.99,MAR 2026,1,1
410-338-4,Sour Puss Grape,700,6,133.33,22.22,27.99,MAR 2026,1,1
410-339-3,Sour Puss Watermelon,700,6,133.33,22.22,27.99,MAR 2026,1,1
410-040-3,St Germain Elderflower Liqueur,750,6,281.50,46.92,59.99,MAR 2026,1,1
410-216-1,Tia Maria Dk Coffee Liqueur,1000,6,248.15,41.36,52.99,MAR 2026,1,1
410-032-3,Tia Maria Dk Coffee Liqueur,700,6,178.45,29.74,37.99,MAR 2026,1,1
410-920-8,Toschi Lemoncello,700,6,277.87,46.31,58.99,MAR 2026,1,1
410-082-2,Toschi Nocello,700,6,277.87,46.31,58.99,MAR 2026,1,1
410-872-6,Tuaca Liqueur,700,6,224.67,37.45,47.99,MAR 2026,1,1
410-042-1,Villa Massa Limoncello,500,6,233.76,38.96,49.99,MAR 2026,1,1
410-314-2,Wet Kitty,700,6,133.33,22.22,27.99,MAR 2026,1,1
410-386-5,Wet Pussy R,700,6,105.45,17.58,22.99,MAR 2026,1,1
410-142-0,Wild Turkey Amer.Honey Sting,750,6,274.72,45.79,58.99,MAR 2026,1,1
410-203-6,Wild Turkey American Honey,1000,6,345.03,57.51,73.99,MAR 2026,1,1
410-201-8,Wild Turkey American Honey,700,6,274.92,45.82,58.99,MAR 2026,1,1
410-302-6,Wild Turkey American Honey G/P,700,6,268.97,44.83,56.99,MAR 2026,1,1
410-248-3,Zucca Rabarbaro,700,6,281.25,46.88,59.99,MAR 2026,1,1
420-030-4,Aperol Spritz Pack 750ml+700ml,1450,3,98.21,32.74,44.99,MAR 2026,1,1
420-044-8,Bombora,750,6,70.43,11.74,16.99,MAR 2026,3,1
420-072-3,Crown Crusader 28 Shot Bucket,30,112,98.23,24.56,33.99,MAR 2026,112,28
420-054-5,Finbar O'learys Espresso,745,6,75.08,12.51,,MAR 2026,6,1
420-055-4,Finbar O'learys Salted Caramel,745,6,75.08,12.51,,MAR 2026,6,1
420-053-6,Finbar O'learys Velvet Cream,745,6,75.08,12.51,,MAR 2026,6,1
420-074-1,Jelly Shots Vodka 5pk X 24 R,34,120,152.95,6.37,8.99,MAR 2026,120,5
420-004-6,Party Mini Shot Bucket 8x16pk,30,128,130.38,16.30,21.99,MAR 2026,128,16
420-019-9,Party Shot Bucket 4x28pk,30,112,121.21,30.30,41.99,MAR 2026,112,28
420-081-2,Rumba,750,6,63.79,10.63,14.99,MAR 2026,6,1
426-308-6,-196 Double Grape 6% 10pk Can,330,30,113.80,37.93,51.99,MAR 2026,30,10
426-307-7,-196 Double Grape 6% 4pk,330,24,102.90,17.15,23.99,MAR 2026,24,4
426-647-6,-196 Double Peach 6% 10pk,330,30,113.80,37.93,51.99,MAR 2026,30,10
426-646-7,-196 Double Peach 6% 4pk,330,24,103.80,17.30,23.99,MAR 2026,24,4
426-029-4,-196 Lemon & Vodka 6% Can,330,24,103.80,17.30,23.99,MAR 2026,24,4
426-703-7,-196 Lemon & Vodka 6% Can 3x10,330,30,113.80,37.93,51.99,MAR 2026,30,10
426-724-2,-196 Mixed 10pk 6% Cans,330,30,113.80,37.93,51.99,MAR 2026,30,10
426-649-4,23rd St Aust Whisky & Cola 5%,375,24,106.21,17.70,23.99,MAR 2026,24,4
426-650-0,23rd St Aust Whisky & Cola 8%,375,24,141.35,23.56,31.99,MAR 2026,24,4
426-221-0,23rd St Non Alc G&T Cans 4pk,300,24,46.41,7.74,,MAR 2026,24,4
425-860-8,23rd St Rose Vodka&Soda 4pk,300,24,110.07,18.35,24.99,MAR 2026,24,4
426-239-0,23rd St Signature G&T 5% Can,300,24,102.71,17.12,19.99,MAR 2026,24,4
426-523-5,23rd St Tropical Gin & Soda,300,24,102.71,17.12,22.99,MAR 2026,24,4
426-148-0,23rd St Violet Gin & Tonic,300,24,102.71,17.12,19.99,MAR 2026,24,4
426-522-6,23rd St Vodka & Pine Lime,300,24,102.71,17.12,22.99,MAR 2026,24,4
426-521-7,23rd St Vodka & Pom R/Berry,300,24,102.71,17.12,22.99,MAR 2026,24,4
426-051-5,23rd St Vodka & Soda B/Orange,300,24,109.47,18.25,24.99,MAR 2026,24,4
426-511-9,Absolut Lime Soda Fest 10pk,250,30,124.32,41.44,66.99,MAR 2026,30,10
426-279-1,Absolut Passionfruit Martini,250,24,97.57,16.26,20.99,MAR 2026,24,4
426-435-2,Alchemy & Tonic G/Fruit & Thym,250,24,44.82,7.47,11.99,MAR 2026,24,4
426-436-1,Alchemy & Tonic Hibis Pink Lem,250,24,44.82,7.47,11.99,MAR 2026,24,4
426-437-0,Alchemy & Tonic Indian Tonic,250,24,44.82,7.47,11.99,MAR 2026,24,4
426-445-0,Alchemy & Tonic Orange & Bit,250,24,44.82,7.47,11.99,MAR 2026,24,4
426-438-9,Alchemy & Tonic Rhubarb & Mand,250,24,44.82,7.47,11.99,MAR 2026,24,4
425-430-9,American Honey&Cola 4.8% Cans,375,24,114.23,19.04,25.99,MAR 2026,24,4
426-477-1,Ampersand Pink Gin Soda 4%,330,16,65.75,16.44,25.99,MAR 2026,16,4
426-645-8,Ampersand Sunset 330ml 4x9pk,330,36,130.53,32.63,44.99,MAR 2026,36,9
426-748-4,Ampersand Vdk & Lemonade 4%,330,16,65.75,16.44,25.99,MAR 2026,16,4
426-479-9,Ampersand Vdk & Soda Og 4%,330,16,65.75,16.44,25.99,MAR 2026,16,4
426-651-9,Ampersand Vdk Grab & Go Mix Pk,330,30,108.05,36.02,48.99,MAR 2026,30,10
426-562-7,Ampersand Vdk Martini Pass 4%,330,16,65.75,16.44,25.99,MAR 2026,16,4
426-563-6,Ampersand Vdk Soda P/Fruit 6%,330,16,75.05,18.76,29.99,MAR 2026,16,4
426-476-2,Ampersand Vdk Soda P/Lime 4%,330,16,65.75,16.44,25.99,MAR 2026,16,4
426-565-4,Ampersand Vdk Soda P/Lime 6%,330,16,75.05,18.76,29.99,MAR 2026,16,4
426-664-4,Ampersand Vdk Soda Tropical 4%,330,16,65.75,16.44,18.99,MAR 2026,16,4
426-564-5,Ampersand Vdk Soda W/Melon 6%,330,16,75.05,18.76,29.99,MAR 2026,16,4
426-595-8,Ampersand Vdka & Espresso Mart,200,24,124.35,20.73,27.99,MAR 2026,24,4
426-478-0,Ampersand Vodka & Soda 6%,330,16,75.05,18.76,29.99,MAR 2026,16,4
426-493-1,Ampersand Vodka Pine Extra 9%,250,24,122.55,20.43,32.99,MAR 2026,24,4
426-560-9,Ampersand Vodka Soda Grape 6%,330,16,75.05,18.76,29.99,MAR 2026,16,4
426-666-2,Ampersand Whisky/Dry Lime 6%,330,16,75.05,18.76,29.99,MAR 2026,16,4
426-665-3,Ampersand Whisky/Dry Lime 9%,250,24,122.55,20.43,32.99,MAR 2026,24,4
426-527-1,Aperol Spritz Rtd 6x4pk 200ml,200,24,109.13,18.19,24.99,MAR 2026,24,4
426-556-5,Archie Rose Malt & Dry Ginger,330,24,113.73,28.43,38.99,MAR 2026,24,6
426-555-6,Archie Rose Malt & Smoked Cola,330,24,113.73,28.43,38.99,MAR 2026,24,6
426-672-4,Ariane Vodka Limoncello,330,16,67.73,16.93,22.99,MAR 2026,16,4
426-568-1,Ariane Vodka Lychee & Lime,330,16,67.73,16.93,26.99,MAR 2026,16,4
426-824-1,Barry Guava & Prickly Pear,330,16,75.63,18.91,23.99,MAR 2026,16,4
426-825-0,Barry Papaya & Lime,330,16,75.63,18.91,23.99,MAR 2026,16,4
426-826-9,Barry Pineapple & Lime,330,16,73.69,18.42,23.99,MAR 2026,16,4
426-823-2,Barry Tropical Mango,330,16,73.69,18.42,23.99,MAR 2026,16,4
426-518-2,Batched Cocktails Gin Sour S/R,230,24,108.27,18.05,,MAR 2026,24,4
426-519-1,Batched Cocktails Sg Margarita,230,24,108.27,18.05,,MAR 2026,24,4
426-399-6,Batlow Apple & Rhubarb Seltzer,330,24,84.05,14.01,22.99,MAR 2026,24,4
425-947-5,Bearded Lady B'bon & Cola 10%,375,24,143.58,23.93,32.99,MAR 2026,24,4
425-290-8,Bearded Lady B'bon & Cola 8%,375,24,127.04,21.17,28.99,MAR 2026,24,4
425-687-9,Bearded Lady B'bon 5% Cans,375,24,81.24,20.31,27.99,MAR 2026,24,6
426-430-7,Bearded Lady B'bon&Cola 8% 10p,375,30,148.12,49.37,78.99,MAR 2026,30,10
425-341-7,Bearded Lady Bourbon 12% Cans,330,24,151.52,25.25,34.99,MAR 2026,24,4
425-191-8,Beenleigh Dbl Barrel&Cola 6%,375,24,115.28,19.21,25.99,MAR 2026,24,4
426-422-7,Beenleigh Dk Rum & Cola 4.5%,375,24,95.01,15.84,24.99,MAR 2026,24,4
426-421-8,Beenleigh Dk Rum & Cola 8% 4pk,375,24,125.82,20.97,33.99,MAR 2026,24,4
426-712-6,Beenleigh Wht Rum P/Apple 4.5%,375,24,95.01,15.84,24.99,MAR 2026,24,4
426-704-6,Big Crazy Lemon H/Ball Shochu,375,16,64.05,16.01,21.99,MAR 2026,16,4
425-321-1,Bigshot Berry Lime 10% 4pk Can,250,24,46.87,7.81,10.99,MAR 2026,24,4
425-325-7,Bigshot F-Passion 10% 4pk Can,250,24,46.87,7.81,10.99,MAR 2026,24,4
425-827-0,Bigshot Gold Ginger 10% Cans,250,24,46.87,7.81,10.99,MAR 2026,24,4
425-326-6,Bigshot Margarita 10% 4pk Cans,250,24,46.87,7.81,10.99,MAR 2026,24,4
426-673-3,Billsons Dbl Vdk & Bad Apple,250,24,102.65,17.11,22.99,MAR 2026,24,4
426-843-8,Billsons Dbl Vdk Mixed 10pk 6%,250,30,113.23,37.74,,MAR 2026,30,10
426-840-1,Billsons Dbl Vodka & Tangle 6%,250,24,98.05,16.34,,MAR 2026,24,4
426-344-2,Billsons Retro Fizz Vodka Mix,355,24,102.65,17.11,27.99,MAR 2026,24,4
426-852-6,Billsons Vdk & Creamy 3.5%,355,24,97.80,16.30,,MAR 2026,24,4
426-854-4,Billsons Vdk & Grape 3.5%,355,24,97.80,16.30,,MAR 2026,24,4
426-853-5,Billsons Vdk & Portello 3.5%,355,24,97.80,16.30,,MAR 2026,24,4
426-851-7,Billsons Vdk & Sarsaparilla,355,24,97.80,16.30,,MAR 2026,24,4
426-841-0,Billsons Vdk P/Fruit & Or L/S,355,24,97.80,16.30,,MAR 2026,24,4
426-714-4,Billsons Vdk Tangle Low Sugar,355,24,114.05,19.01,30.99,MAR 2026,24,4
426-848-3,Billsons Vodka & Tropical 3.5%,355,24,97.80,16.30,,MAR 2026,24,4
426-845-6,Billsons Vodka Mixed 10pk 3.5%,355,30,112.91,37.64,,MAR 2026,30,10
426-659-1,Billsons Vodka Sour Blueberry,355,24,102.65,17.11,22.99,MAR 2026,24,4
426-791-0,Black Douglas & Cola Can 4x6pk,375,24,86.49,21.62,29.99,MAR 2026,24,6
425-853-7,Black Douglas & Cola Can 4x6pk,375,24,79.00,19.75,26.99,MAR 2026,24,6
426-581-4,Blackflag Blu/Berry Bounce 4p,330,16,67.65,16.91,22.99,MAR 2026,16,4
426-580-5,Blackflag Fruit Blast Vdka 4p,330,16,67.65,16.91,22.99,MAR 2026,16,4
426-579-8,Blackflag Pina Colada Vdka 4p,330,16,67.65,16.91,22.99,MAR 2026,16,4
426-582-3,Blackflag R/Berry Spark Vdk 4p,330,16,67.65,16.91,22.99,MAR 2026,16,4
426-314-8,Blind Tiger Gin & Tonic Cans,250,24,100.42,16.74,,MAR 2026,24,4
425-693-1,Bombay Gin & Tonic D/Serv 10%,250,24,130.47,21.75,29.99,MAR 2026,24,4
425-411-2,Bombay Sapphire Gin & Tonic,275,24,107.98,18.00,24.99,MAR 2026,24,4
426-675-1,Brick Lane Nitro Cola Cans,330,16,61.35,15.34,20.99,MAR 2026,16,4
426-120-2,Brix Peach & Grapefruit,330,16,81.56,20.39,,MAR 2026,16,4
426-119-5,Brix Spiced Blood Orange,330,16,81.56,20.39,,MAR 2026,16,4
426-121-1,Brix Spiced Ginger Beer Lime,330,16,81.56,20.39,,MAR 2026,16,4
426-572-5,Brookie's Dry Gin And Tonic,275,24,104.95,17.49,,MAR 2026,24,4
426-573-4,Brookie's Native Plum Spritz,275,24,104.95,17.49,,MAR 2026,24,4
426-760-7,Brookvale U Lem/Lim/Bitters R,330,24,82.43,13.74,,MAR 2026,24,4
426-795-6,Brookvale Union B/Bon/Cola Can,330,24,100.28,16.71,22.99,MAR 2026,24,4
426-605-6,Brookvale Union B/Bon/Cola Can,330,24,93.78,15.63,20.99,MAR 2026,24,4
426-786-7,Brookvale Union Rum & Cola Can,330,24,100.28,16.71,22.99,MAR 2026,24,4
426-606-5,Brookvale Union Rum & Cola Can,330,24,93.78,15.63,20.99,MAR 2026,24,4
426-800-9,Brookvale Union Whisky/Dry Can,330,24,100.28,16.71,22.99,MAR 2026,24,4
426-604-7,Brookvale Union Whisky/Dry Can,330,24,93.78,15.63,20.99,MAR 2026,24,4
425-720-8,Bulleit B/Bon & Cola 6% 10pk,375,30,128.43,42.81,58.99,MAR 2026,30,10
425-716-4,Bulleit B/Bon & Cola 6% Can,375,24,117.43,19.57,26.99,MAR 2026,24,4
426-417-4,Bundaberg & Cola 8% 4pk 250ml,250,24,105.05,17.51,27.99,MAR 2026,24,4
426-110-4,Bundaberg Ginger Beer 4% Cans,375,24,93.36,15.56,17.99,MAR 2026,24,4
426-343-3,Bundaberg Ginger Beer Mid 3.5%,375,24,83.92,3.50,5.99,MAR 2026,24,1
426-264-8,Bundaberg Lemon Lime Bitters,375,24,98.03,16.34,18.99,MAR 2026,24,4
426-622-5,Bundy Campfire & Cola Bourbon,375,24,115.48,19.25,25.99,MAR 2026,24,4
426-629-8,Bundy Campfire/Cola B/Bon 10pk,375,30,125.14,41.71,56.99,MAR 2026,30,10
426-822-3,Bundy Campfire/Cola Bourbon 8%,375,24,131.96,21.99,27.99,MAR 2026,24,4
426-251-3,Bundy Ginger Beer 4% 10pk,375,30,123.98,41.33,63.99,MAR 2026,30,10
425-870-6,Bundy Lazybear 3.5% Bottles,330,24,80.84,20.21,27.99,MAR 2026,24,6
425-382-7,Bundy Op & Cola 3x10pK 6% Can,375,30,130.35,43.45,59.99,MAR 2026,30,10
425-077-7,Bundy Op & Cola Cans 6% 6pK,375,24,116.57,29.14,40.99,MAR 2026,24,6
426-726-0,Bundy P/Apple Rum Lime&Soda,375,24,84.76,14.13,18.99,MAR 2026,24,4
426-758-1,Bundy Pineapple 10l,10000,1,365.01,365.01,587.99,MAR 2026,1,1
425-078-6,Bundy Red & Cola 3x10pK 4.6%,375,30,124.92,41.64,57.99,MAR 2026,30,10
425-079-5,Bundy Red & Cola Cans 4.6% 6pK,375,24,94.17,23.54,32.99,MAR 2026,24,6
425-082-0,Bundy Red & Cola Cube 4.6%,375,24,92.24,92.24,105.99,MAR 2026,24,24
426-733-1,Bundy Rum & Cola 4.6% 440ml,440,24,108.78,18.13,24.99,MAR 2026,24,4
426-819-8,Bundy Rum Dry & Lime 4.5% 6pk,375,24,89.30,22.33,30.99,MAR 2026,24,6
426-324-6,Bundy Up & Cola 3.5% Mid,375,24,83.92,3.50,4.99,MAR 2026,24,1
425-046-5,Bundy Up & Cola 3x10p 4.6% Can,375,30,124.92,41.64,57.99,MAR 2026,30,10
425-957-2,Bundy Up & Cola 4.6% 640ml,640,12,108.28,9.02,12.99,MAR 2026,12,1
425-085-7,Bundy Up & Cola Cans 4.6% 6pK,375,24,94.17,23.54,32.99,MAR 2026,24,6
425-086-6,Bundy Up & Cola Cube Can 4.6%,375,24,92.24,92.24,105.99,MAR 2026,24,24
425-598-7,Bundy Up & Zero 3x10p 4.6% Can,375,30,124.92,41.64,57.99,MAR 2026,30,10
425-067-9,Bundy Up & Zero 4x6pk 4.6%,375,24,94.17,23.54,32.99,MAR 2026,24,6
425-215-0,Bundy Up/Cola 4.6% Bottles,345,24,96.96,24.24,33.99,MAR 2026,24,6
425-202-5,Bundy Vat Cola Can 6% 4pK,375,24,132.77,22.13,33.99,MAR 2026,24,4
426-457-5,Campari Soda 98ml 4pk,98,24,76.73,12.79,20.99,MAR 2026,24,4
425-812-7,Canadian Club & Cola 4.8% 10pk,375,30,111.41,37.14,50.99,MAR 2026,30,10
425-727-1,Canadian Club & Cola 4.8% 6pk,375,24,94.63,23.66,31.99,MAR 2026,24,6
425-809-2,Canadian Club & Dry 4.8% 10pk,375,30,111.41,37.14,50.99,MAR 2026,30,10
425-668-2,Canadian Club & Dry 4.8% 6pk,375,24,94.63,23.66,32.99,MAR 2026,24,6
425-699-5,Canadian Club & Dry 4.8% Stubs,330,24,96.01,16.00,21.99,MAR 2026,24,4
425-300-6,Canadian Club & Dry 500mL Bott,500,12,78.10,6.51,9.99,MAR 2026,12,1
425-486-2,Canadian Club & Dry Cube 4.8%,375,24,87.55,3.65,4.99,MAR 2026,24,1
425-418-5,Canadian Club & Dry Loose,330,24,93.15,3.88,4.99,MAR 2026,24,1
425-368-5,Canadian Club & Dry Zero 10pk,375,30,111.41,37.14,50.99,MAR 2026,30,10
425-205-2,Canadian Club & Dry Zero 4.8%,375,24,94.63,23.66,31.99,MAR 2026,24,6
425-902-8,Canadian Club & P/Dry 3x10p 6%,375,30,124.20,41.40,56.99,MAR 2026,30,10
425-632-5,Canadian Club Dry Zero Cube,375,24,87.55,3.65,3.99,MAR 2026,24,1
426-227-4,Canadian Club Soda & Lime 3x10,375,30,111.41,37.14,50.99,MAR 2026,30,10
426-723-3,Canadian Club Soda & Lime Cube,375,24,87.55,3.65,4.99,MAR 2026,24,1
426-053-3,Canadian Club Soda&Lime 4.8%,375,24,94.63,23.66,31.99,MAR 2026,24,6
425-698-6,Canadian Club/Cola 4.8% Bottle,330,24,96.01,16.00,21.99,MAR 2026,24,4
425-097-3,Canadian Club/Dry 3.5% Mid Can,375,24,84.09,3.50,4.99,MAR 2026,24,1
426-655-5,Canadian Club/Dry Prem 6% 6pk,375,24,104.86,26.22,35.99,MAR 2026,24,6
426-715-3,Capital B/Berry Hard Lemonade,330,16,59.99,15.00,20.99,MAR 2026,16,4
426-633-2,Capital Brewing Ginger Beer,330,16,59.29,14.82,23.99,MAR 2026,16,4
426-068-6,Capt Morgan Tropical Pine/Man,330,24,97.82,16.30,21.99,MAR 2026,24,4
426-415-6,Capt Morgn Cola 8% 4pk 250ml,250,24,105.04,17.51,27.99,MAR 2026,24,4
425-688-8,Captain Morgan & Cola 4.5% 6p,375,24,84.91,21.23,28.99,MAR 2026,24,6
425-471-9,Captain Morgan & Cola 6% 10pk,375,30,134.31,44.77,61.99,MAR 2026,30,10
425-343-5,Captain Morgan & Cola 6% 4pk,375,24,115.94,19.32,25.99,MAR 2026,24,4
425-451-3,Captain Morgan & Cola Mid 3.5%,375,24,83.92,3.50,4.99,MAR 2026,24,1
426-742-0,Clean Collect P/Fruit & Mango,250,24,80.49,13.42,17.99,MAR 2026,24,4
426-741-1,Clean Collect Pear/Elderflower,250,24,80.49,13.42,17.99,MAR 2026,24,4
426-740-2,Clean Collect Pineapple Vodka,250,24,74.34,12.39,16.99,MAR 2026,24,4
426-739-5,Clean Collect Vodka Mixed Pack,250,36,113.32,37.77,51.99,MAR 2026,36,12
426-701-9,Coastal Stone Whisky & Cola 4p,330,24,141.20,23.53,31.99,MAR 2026,24,4
426-700-0,Coastal Stone Whisky & Dry 4pk,330,24,141.20,23.53,31.99,MAR 2026,24,4
426-702-8,Coastal Whisky Cola Dbl Barrel,330,24,160.81,26.80,36.99,MAR 2026,24,4
426-238-1,Crodino 175ml 4pk,175,24,69.49,11.58,18.99,MAR 2026,24,4
426-802-7,Cruiser Black Cherry Cola 4.6%,275,24,95.29,15.88,21.99,MAR 2026,24,4
426-600-1,Cruiser Black Cherry Cola 4.6%,275,24,84.52,14.09,18.99,MAR 2026,24,4
426-796-5,Cruiser Bold Berry 4.6% 4p,275,24,95.29,15.88,23.99,MAR 2026,24,4
425-253-3,Cruiser Bold Berry 4.6% 4p,275,24,84.52,14.09,21.99,MAR 2026,24,4
426-806-3,Cruiser Dbl Green Apple 6.8%,375,24,119.07,19.85,26.99,MAR 2026,24,4
426-602-9,Cruiser Dbl Green Apple 6.8%,375,24,112.68,18.78,25.99,MAR 2026,24,4
426-792-9,Cruiser Dbl Guava 6.8% 4pk,375,24,119.07,19.85,31.99,MAR 2026,24,4
426-385-2,Cruiser Dbl Guava 6.8% 4pk,375,24,112.68,18.78,29.99,MAR 2026,24,4
426-817-0,Cruiser Dbl L/S B/Currant 6.8%,375,24,119.07,19.85,26.99,MAR 2026,24,4
426-603-8,Cruiser Dbl L/S B/Currant 6.8%,375,24,112.68,18.78,25.99,MAR 2026,24,4
426-834-9,Cruiser Dbl L/S Grape 6.8%,375,24,117.46,19.58,26.99,MAR 2026,24,4
426-803-6,Cruiser Dbl L/S P/Fruit 6.8%,375,24,119.07,19.85,31.99,MAR 2026,24,4
426-552-9,Cruiser Dbl L/S P/Fruit 6.8%,375,24,112.68,18.78,29.99,MAR 2026,24,4
426-386-1,Cruiser Dbl Lemon Lime 6.8% 4p,375,24,112.68,18.78,29.99,MAR 2026,24,4
426-793-8,Cruiser Dbl Raspberry 6.8% 4pk,375,24,119.07,19.85,31.99,MAR 2026,24,4
426-387-0,Cruiser Dbl Raspberry 6.8% 4pk,375,24,112.68,18.78,29.99,MAR 2026,24,4
426-810-7,Cruiser Dbl Vanilla Cola 6.8%,375,24,119.07,19.85,26.99,MAR 2026,24,4
426-692-0,Cruiser Dbl Vanilla Cola 6.8%,375,24,112.68,18.78,25.99,MAR 2026,24,4
426-815-2,Cruiser Free Mang/Rasp 4pk Can,275,24,90.58,15.10,20.99,MAR 2026,24,4
426-816-1,Cruiser Free Mix Berry 4pk Can,275,24,90.58,15.10,20.99,MAR 2026,24,4
426-696-6,Cruiser Free Mix Berry 4pk Can,275,24,85.67,14.28,19.99,MAR 2026,24,4
426-818-9,Cruiser Free Mixed 10pk Cans,275,30,105.58,35.19,47.99,MAR 2026,30,10
426-812-5,Cruiser Free Pineapple 4pk Can,275,24,90.58,15.10,20.99,MAR 2026,24,4
426-774-1,Cruiser Lush Guava 4.6% 4p,275,24,95.29,15.88,23.99,MAR 2026,24,4
425-247-2,Cruiser Lush Guava 4.6% 4p,275,24,84.52,14.09,21.99,MAR 2026,24,4
426-773-2,Cruiser Mixed 4.6% 3x10pk,275,30,105.58,35.19,53.99,MAR 2026,30,10
425-255-1,Cruiser Mixed 4.6% 3x10pk,275,30,99.60,33.20,50.99,MAR 2026,30,10
426-808-1,Cruiser Mudshake Chocolate,270,24,95.29,15.88,21.99,MAR 2026,24,4
425-925-1,Cruiser Mudshake Chocolate,270,24,84.50,14.08,19.99,MAR 2026,24,4
426-779-6,Cruiser Pure P/Apple 4.6% 4p,275,24,95.29,15.88,23.99,MAR 2026,24,4
425-248-1,Cruiser Pure P/Apple 4.6% 4p,275,24,84.52,14.09,21.99,MAR 2026,24,4
426-798-3,Cruiser Sour Grape,275,24,95.29,15.88,25.99,MAR 2026,24,4
426-480-6,Cruiser Sour Grape,275,24,84.52,14.09,22.99,MAR 2026,24,4
426-807-2,Cruiser Vanilla Cola 4.6% 4pk,275,24,95.29,15.88,21.99,MAR 2026,24,4
426-601-0,Cruiser Vanilla Cola 4.6% 4pk,275,24,84.52,14.09,18.99,MAR 2026,24,4
426-772-3,Cruiser Watermelon 4.6% 4p,275,24,95.29,15.88,21.99,MAR 2026,24,4
425-427-4,Cruiser Watermelon 4.6% 4p,275,24,84.52,14.09,19.99,MAR 2026,24,4
426-431-6,Cruiser Watermelon 4.6% 4p R,275,24,76.17,12.70,16.99,MAR 2026,24,4
426-771-4,Cruiser Wild R/Berry 4.6% 4p,275,24,95.29,15.88,23.99,MAR 2026,24,4
425-250-6,Cruiser Wild R/Berry 4.6% 4p,275,24,84.52,14.09,21.99,MAR 2026,24,4
426-778-7,Cruiser Zesty Lemon 4.6% 4p,275,24,95.29,15.88,23.99,MAR 2026,24,4
425-242-7,Cruiser Zesty Lemon 4.6% 4p,275,24,84.52,14.09,21.99,MAR 2026,24,4
426-306-8,Curatif Barbambi Amaretto Sour,130,24,191.05,31.84,43.99,MAR 2026,24,4
425-636-1,Curatif Espresso Martini 120ml,120,24,191.05,31.84,43.99,MAR 2026,24,4
426-325-5,Curatif Jacoby Tradors Mai Ta,130,24,191.05,31.84,43.99,MAR 2026,24,4
425-779-8,Curatif Margarita 4pk Cans,130,24,191.05,31.84,43.99,MAR 2026,24,4
425-637-0,Curatif Negroni 140ml Cans,140,24,191.05,31.84,43.99,MAR 2026,24,4
425-781-4,Curatif P/Apple Daiquiri 4p,120,24,191.05,31.84,43.99,MAR 2026,24,4
426-699-3,Curatif Pina Colada Cans,130,24,191.05,31.84,43.99,MAR 2026,24,4
426-397-8,Curatif Spicy Margarita Cans,130,24,191.05,31.84,50.99,MAR 2026,24,4
425-245-4,Divas Diamond Passion P/Fruit,330,24,69.05,11.51,15.99,MAR 2026,24,4
426-089-1,Divas Pink Topaz Watermelon,330,24,69.05,11.51,15.99,MAR 2026,24,4
425-244-5,Divas Retro Ruby Raspberry 330,330,24,69.05,11.51,15.99,MAR 2026,24,4
425-314-0,Divas Sapphire Blueberry Botts,330,24,69.05,11.51,15.99,MAR 2026,24,4
425-555-8,Divas Sugilite Pomegranate 330,330,24,69.05,11.51,15.99,MAR 2026,24,4
426-274-6,Divas Vcr Cans 375ml,375,24,76.14,12.69,16.99,MAR 2026,24,4
426-670-6,Doozy H&H Vdk Ice Tea/Lem/Pch,330,24,125.15,20.86,23.99,MAR 2026,24,4
426-669-9,Doozy H&H Vdk Ice Tea/Lem/Rasp,330,24,125.15,20.86,23.99,MAR 2026,24,4
426-482-4,Doozy Mango Seltzer 4pk,330,24,104.45,17.41,27.99,MAR 2026,24,4
426-483-3,Doozy Twisted Lemon Vodka Soda,330,24,116.87,19.48,30.99,MAR 2026,24,4
426-484-2,Doozy Watermelon Seltzer 4pk,330,24,104.45,17.41,27.99,MAR 2026,24,4
426-485-1,Doozy Wild R/Berry Vodka&Soda,330,24,116.87,19.48,30.99,MAR 2026,24,4
425-835-0,Double Jack & Cola 2 X 10pk,375,20,107.04,53.52,72.99,MAR 2026,20,10
425-045-6,Double Jack & Cola 4pk Bottles,330,24,137.81,22.97,30.99,MAR 2026,24,4
425-470-0,Double Jack Cola 6.9% Cans 4pk,375,24,137.81,22.97,31.99,MAR 2026,24,4
425-761-8,Double Jack No Sugar Cola 4pk,375,24,137.81,22.97,31.99,MAR 2026,24,4
426-080-0,Double Jack&Cola No Sugar 10pk,375,20,107.04,53.52,72.99,MAR 2026,20,10
426-756-3,Eagle Ridge Alcoholic Cola,200,24,96.81,16.14,21.99,MAR 2026,24,4
426-100-6,El Toro Grapefruit Paloma,330,24,92.90,15.48,20.99,MAR 2026,24,4
426-101-5,El Toro Mango Margarita,330,24,92.90,15.48,20.99,MAR 2026,24,4
426-099-9,El Toro Ranch Water,330,24,92.90,15.48,20.99,MAR 2026,24,4
426-710-8,Espolon Sparkling Margarita,330,24,105.02,17.50,23.99,MAR 2026,24,4
426-711-7,Espolon Sparkling Paloma,330,24,105.02,17.50,23.99,MAR 2026,24,4
426-494-0,Fellr Dbl Alc Green Apple Soda,330,24,101.55,16.93,26.99,MAR 2026,24,4
426-495-9,Fellr Dbl Alc Lem Squash Soda,330,24,101.55,16.93,26.99,MAR 2026,24,4
426-497-7,Fellr Dbl Alc P/Fruit Soda,330,24,101.55,16.93,26.99,MAR 2026,24,4
426-747-5,Fellr Dbl Alc Watermelon Soda,330,24,101.55,16.93,26.99,MAR 2026,24,4
426-499-5,Fellr Dbl Alcoholic Mixed 10pk,330,30,124.05,41.35,66.99,MAR 2026,30,10
426-498-6,Fellr Mixed 10pk,330,30,114.05,38.02,60.99,MAR 2026,30,10
426-303-1,Fellr Seltzer Mango,330,24,91.55,15.26,20.99,MAR 2026,24,4
426-304-0,Fellr Seltzer P/Apple/Coconut,330,24,91.55,15.26,20.99,MAR 2026,24,4
426-052-4,Fellr Seltzer Passionfruit,330,24,91.55,15.26,20.99,MAR 2026,24,4
426-652-8,Fellr Seltzer Peach,330,24,91.55,15.26,20.99,MAR 2026,24,4
425-710-0,Fellr Seltzer Watermelon 4pk,330,24,91.55,15.26,20.99,MAR 2026,24,4
426-276-4,Fireball & Apple 6.6%,355,16,75.23,18.81,,MAR 2026,16,4
426-289-9,Fireball & Cola 10%,250,16,75.29,18.82,,MAR 2026,16,4
426-275-5,Fireball & Cola 6.6%,355,16,75.23,18.81,,MAR 2026,16,4
426-626-1,Fizzer Juicy Apple & Raspberry,330,24,72.96,12.16,19.99,MAR 2026,24,4
426-627-0,Fizzer Juicy Summer Pash,330,24,72.96,12.16,19.99,MAR 2026,24,4
426-018-7,Fizzer Piney Lime Cans,330,24,72.89,18.22,24.99,MAR 2026,24,6
426-450-2,Fizzer Selter R/Berry Sorbet,330,24,72.89,18.22,28.99,MAR 2026,24,6
426-451-1,Fizzer Seltzer Guava Splash,330,24,72.89,18.22,28.99,MAR 2026,24,6
426-449-6,Fizzer Seltzer Mega Mixed 10pk,330,30,89.59,29.86,47.99,MAR 2026,30,10
426-453-9,Fizzer Seltzer Tropical Crush,330,24,72.89,18.22,28.99,MAR 2026,24,6
426-625-2,Fizzer Sour Apple,330,24,71.93,11.99,18.99,MAR 2026,24,4
426-623-4,Fizzer Sour Grape,330,24,71.93,11.99,18.99,MAR 2026,24,4
426-624-3,Fizzer Sour Watermelon,330,24,72.96,12.16,19.99,MAR 2026,24,4
426-159-6,Flashback Peaches & Cream,330,24,84.96,21.24,26.99,MAR 2026,24,6
426-122-0,Flashback Sour Grape 500ml,500,12,82.03,6.84,7.99,MAR 2026,12,1
426-094-4,Flashback Vodka Pine Lime,330,24,84.96,14.16,21.99,MAR 2026,24,4
426-059-7,Flashback Vodka Pink Lemonade,330,24,84.96,21.24,32.99,MAR 2026,24,6
426-058-8,Flashback Vodka Sour Grape,330,24,84.96,21.24,32.99,MAR 2026,24,6
426-258-6,Flashback Vodka Sour Grape 8%,330,24,120.34,30.09,45.99,MAR 2026,24,6
426-234-5,Four Pillars Bloody Shiraz G&T,250,24,123.20,20.53,27.99,MAR 2026,24,4
426-235-4,Four Pillars Fresh Yuzu G&S,250,24,123.20,20.53,27.99,MAR 2026,24,4
426-512-8,Four Pillars Navy Gin & Ginger,250,24,129.20,21.53,34.99,MAR 2026,24,4
426-096-2,Four Pillars Rare Gin&Tonic,250,24,123.20,20.53,27.99,MAR 2026,24,4
426-663-5,Gee Up Bubble G Burst Zero Sgr,275,24,86.66,14.44,19.99,MAR 2026,24,4
426-419-2,Gee Up Cotton Candy,275,24,86.66,14.44,22.99,MAR 2026,24,4
426-418-3,Gee Up Grape,275,24,86.66,14.44,,MAR 2026,24,4
426-720-6,Gee Up Green Apple,275,24,86.66,14.44,19.99,MAR 2026,24,4
426-757-2,Gee Up Peach Sugar Free,275,24,86.66,14.44,19.99,MAR 2026,24,4
426-420-9,Gee Up Raspberry,275,24,86.66,14.44,,MAR 2026,24,4
426-722-4,Gee Up Vodka Mixed 10pk,275,30,118.26,39.42,53.99,MAR 2026,30,10
425-725-3,Gentleman Jack/Cola 4pk 6% Bot,330,24,137.81,22.97,30.99,MAR 2026,24,4
425-891-1,Gentleman Jack/Cola 4pk 6% Can,375,24,137.81,22.97,30.99,MAR 2026,24,4
426-799-2,Good Tides Lemon Lime Seltzer,330,24,93.91,15.65,21.99,MAR 2026,24,4
425-729-9,Good Tides Lemon Lime Seltzer,330,24,87.00,14.50,19.99,MAR 2026,24,4
426-797-4,Good Tides Mixed 10pk,330,30,104.48,34.83,,MAR 2026,30,10
426-811-6,Good Tides Raspberry Seltzer,330,24,93.91,15.65,21.99,MAR 2026,24,4
426-801-8,Good Tides Trip P/Fruit Seltz,330,24,93.91,15.65,19.99,MAR 2026,24,4
426-155-0,Good Tides Trip P/Fruit Seltz,330,24,87.00,14.50,18.99,MAR 2026,24,4
426-245-2,Goodday Soju Lychee,360,20,115.22,5.76,6.99,MAR 2026,20,1
426-246-1,Goodday Soju Mango,360,20,115.22,5.76,6.99,MAR 2026,20,1
426-247-0,Goodday Soju Peach,360,20,115.22,5.76,6.99,MAR 2026,20,1
425-412-1,Gordons G/Tonic 4.5% 375ml Can,375,24,94.93,23.73,32.99,MAR 2026,24,6
426-505-7,Gordons Med Orange 4pk,250,24,84.22,14.04,22.99,MAR 2026,24,4
425-212-3,Gordons Pink & Soda 4pk Bott,330,24,103.64,17.27,23.99,MAR 2026,24,4
426-187-2,Gordons Pink & Soda 4pk Cans,250,24,84.22,14.04,19.99,MAR 2026,24,4
426-689-5,Gordons Pink Alc Free 4pk Can,250,24,45.87,7.65,9.99,MAR 2026,24,4
426-067-7,Gordons Pink Dbl Serve 10pk 6%,375,30,132.20,44.07,59.99,MAR 2026,30,10
426-066-8,Gordons Pink Dbl Serve 4pk 6%,375,24,114.62,19.10,25.99,MAR 2026,24,4
426-507-5,Gordons Sicil Lemon 4pk,250,24,84.22,14.04,22.99,MAR 2026,24,4
426-019-6,Gordons Tonic 10pk Cans,375,30,115.90,38.63,53.99,MAR 2026,30,10
426-502-0,Gordons Trop P/Fruit 4pk,250,24,84.22,14.04,22.99,MAR 2026,24,4
426-685-9,Gravity Hard Soda Vdk L/Cello,330,16,61.62,15.41,20.99,MAR 2026,16,4
426-465-5,Gravity Seltzer Blood Orange,330,16,58.51,14.63,19.99,MAR 2026,16,4
426-746-6,Gravity Seltzer Lime&Cucumber,330,16,58.51,14.63,19.99,MAR 2026,16,4
426-574-3,Gravity Seltzer Mixed 3x10 Pk,330,30,98.55,32.85,44.99,MAR 2026,30,10
426-464-6,Gravity Seltzer W/Melon Lemon,330,16,58.51,14.63,19.99,MAR 2026,16,4
426-619-0,Grog Grape 6% 4pk,330,16,75.31,18.83,25.99,MAR 2026,16,4
426-656-4,Grog Lemon Ice 6% 4pk,330,16,75.31,18.83,25.99,MAR 2026,16,4
426-618-1,Grog Peach 6% 4pk,330,16,75.31,18.83,25.99,MAR 2026,16,4
426-725-1,Hard Fizz Ext Cola,330,16,72.37,18.09,24.99,MAR 2026,16,4
426-506-6,Hard Fizz Ext Grape,330,16,72.37,18.09,28.99,MAR 2026,16,4
426-504-8,Hard Fizz Ext Lemon Lime,330,16,72.37,18.09,28.99,MAR 2026,16,4
426-751-8,Hard Fizz Ext Passionfruit,330,16,70.37,17.59,27.99,MAR 2026,16,4
426-503-9,Hard Fizz Ext Raspberry,330,16,72.37,18.09,28.99,MAR 2026,16,4
426-134-6,Hard Fizz Lychee/Apple Seltzer,330,16,60.59,15.15,18.99,MAR 2026,16,4
426-219-4,Hard Fizz Mixed 10pk,330,30,107.14,35.71,45.99,MAR 2026,30,10
425-869-9,Hard Fizz Orange Mango Seltzer,330,16,60.59,15.15,23.99,MAR 2026,16,4
426-030-1,Hard Fizz P/Fruit Guava Seltze,330,16,60.59,15.15,23.99,MAR 2026,16,4
426-311-1,Hard Fizz Pina Colada,330,16,60.59,15.15,23.99,MAR 2026,16,4
426-858-0,Hard Fizz Tropical P/Apple,330,16,62.67,15.67,24.99,MAR 2026,16,4
425-862-6,Hard Fizz Wmelon Berry Seltzer,330,16,60.59,15.15,23.99,MAR 2026,16,4
426-109-7,Hard Fizz Xcaff Grape S/Berry,250,24,85.76,14.29,17.99,MAR 2026,24,4
426-766-1,Hard Rated 4.5% 10pk 375ml Can,375,30,108.26,36.09,48.99,MAR 2026,30,10
426-782-1,Hard Rated 4.5% 30pk Cans,375,30,95.80,95.80,153.99,MAR 2026,30,30
426-764-3,Hard Rated 4.5% 4pk 375ml Can,375,24,97.58,16.26,21.99,MAR 2026,24,4
426-790-1,Hard Rated Lem Lime Zero 10pk,375,30,103.22,34.41,46.99,MAR 2026,30,10
426-775-0,Hard Rated Zero 4.5% 10pk Cans,375,30,108.26,36.09,48.99,MAR 2026,30,10
426-776-9,Hard Rated Zero 4.5% 4pk Cans,375,24,97.58,16.26,21.99,MAR 2026,24,4
426-768-9,Hard Rated Zs Lem/Lime 4pk Can,375,24,97.58,16.26,21.99,MAR 2026,24,4
426-693-9,Hard Rated Zs Lem/Lime 4pk Can,375,24,90.58,15.10,20.99,MAR 2026,24,4
426-805-4,Highland & Cola 3x10pK 4.8%,375,30,104.08,34.69,47.99,MAR 2026,30,10
425-942-0,Highland & Cola 3x10pK 4.8%,375,30,98.27,32.76,45.99,MAR 2026,30,10
426-804-5,Highland Scotch/Cola 6pk 4.8%,375,24,90.29,22.57,30.99,MAR 2026,24,6
426-403-0,Highr Gin & Tonic 0% Alc,345,16,67.62,16.91,26.99,MAR 2026,16,4
426-402-1,Highr Negroni Spritz 0% Alc,345,16,67.62,16.91,26.99,MAR 2026,16,4
426-611-8,Homegrown Orange & Mandarin,250,16,84.55,21.14,33.99,MAR 2026,16,4
426-610-9,Homegrown Pink Hibsicus Spritz,250,16,84.55,21.14,33.99,MAR 2026,16,4
426-617-2,Howler Head & Cola 6% 4pk,330,24,114.26,19.04,25.99,MAR 2026,24,4
426-319-3,Island Mist Gf 4% Lime Seltzer,300,12,49.47,4.12,4.99,MAR 2026,12,1
426-321-9,Island Mist Gf 4% Pfruit Seltz,300,12,49.47,4.12,4.99,MAR 2026,12,1
426-318-4,Island Mist Gf 4% Trop Seltzer,300,12,49.47,4.12,4.99,MAR 2026,12,1
426-348-8,Island Mist Gf 6% Lime Seltzer,300,12,54.93,18.31,22.99,MAR 2026,12,4
426-182-7,Island Mist Gf 6% Mixed Box,300,12,54.93,18.31,22.99,MAR 2026,12,4
426-349-7,Island Mist Gf 6% Pfruit Seltz,300,12,54.93,18.31,22.99,MAR 2026,12,4
426-350-3,Island Mist Gf 6% Trop Seltzer,300,12,54.93,18.31,22.99,MAR 2026,12,4
426-351-2,Island Mist Gf 6% Wmelon Seltz,300,12,54.93,18.31,22.99,MAR 2026,12,4
426-320-0,Island Mist Gf Wmelon 4% Seltz,300,12,49.47,4.12,4.99,MAR 2026,12,1
426-196-1,Izzi Passionfruit Mojito,330,12,57.30,19.10,25.99,MAR 2026,12,4
426-195-2,Izzi Watermelon Margarita,330,12,57.30,19.10,25.99,MAR 2026,12,4
426-382-5,J.Squire Gngr Spiced Rum 6pk,330,24,103.32,25.83,41.99,MAR 2026,24,6
425-106-2,J.Walker & Cola 3x10pK 4.6%,375,30,124.91,41.64,57.99,MAR 2026,30,10
425-103-5,J.Walker & Cola Can 4.6% 6pK,375,24,94.17,23.54,32.99,MAR 2026,24,6
425-102-6,J.Walker & Cola Cube Can 4.6%,375,24,92.24,92.24,105.99,MAR 2026,24,24
425-335-5,J.Walker & Cola Mid/Sth 3.5%,375,24,98.15,24.54,33.99,MAR 2026,24,6
425-950-9,J.Walker & Cola Prem 6.5% Can,375,24,129.49,21.58,29.99,MAR 2026,24,4
426-744-8,J.Walker Black & Cola 10pk 6%,375,30,144.00,48.00,66.99,MAR 2026,30,10
426-745-7,J.Walker Black & Cola 4pk 6%,375,24,137.67,22.95,31.99,MAR 2026,24,4
425-953-6,J.Walker Highball Lemon 4pk,275,24,112.27,18.71,25.99,MAR 2026,24,4
425-198-1,J.Walker Red&Cola 6.5% 10pk,375,30,132.21,44.07,60.99,MAR 2026,30,10
426-721-5,Jack Daniels & Cola 4pk,250,24,84.08,14.01,18.99,MAR 2026,24,4
425-136-6,Jack Daniels &Cola Mid 3.5% 6p,375,24,112.88,28.22,38.99,MAR 2026,24,6
425-542-4,Jack Daniels No Sugar 10pk,375,20,88.71,44.36,60.99,MAR 2026,20,10
425-805-6,Jack Daniels No Sugar Cola 4pk,375,24,112.96,18.83,25.99,MAR 2026,24,4
425-643-2,Jack Daniels/Cola 18pk Cans,375,18,76.86,76.86,106.99,MAR 2026,18,18
425-156-1,Jack Daniels/Cola 4.8% 2x12pk,500,24,168.72,84.36,135.99,MAR 2026,24,12
425-270-2,Jack Daniels/Cola 4.8% Cubecan,330,24,92.56,92.56,105.99,MAR 2026,24,24
425-707-5,Jack Daniels/Cola 4pk Bott,330,24,112.96,18.83,25.99,MAR 2026,24,4
425-152-5,Jack Daniels/Cola 4pk Cans,375,24,112.96,18.83,25.99,MAR 2026,24,4
425-711-9,Jack Daniels/Cola 6pk Bottle,330,24,112.96,28.24,38.99,MAR 2026,24,6
425-207-0,Jack Daniels/Cola Can 2x10 Pk,375,20,88.71,44.36,61.99,MAR 2026,20,10
425-444-3,Jack Daniels/Cola Can 6pk,375,24,112.96,28.24,38.99,MAR 2026,24,6
425-714-6,Jack Daniels/Cola Loose Bottle,330,24,122.46,5.10,6.99,MAR 2026,24,1
425-919-9,Jack Daniels/Dry Can 6x4pk,375,24,112.96,18.83,25.99,MAR 2026,24,4
425-927-9,Jack Daniels/Lem Can 6x4pk,375,24,112.96,18.83,25.99,MAR 2026,24,4
426-709-1,Jameson & Cola 4.8% 4pk,330,24,95.25,15.88,21.99,MAR 2026,24,4
426-022-1,Jameson 6.3% Raw Cola 10pk,375,30,128.07,42.69,57.99,MAR 2026,30,10
426-708-2,Jameson Dry & Lime 4.8% 4pk,330,24,95.25,15.88,21.99,MAR 2026,24,4
425-837-8,Jameson Dry & Lime 6.3% 4pk,375,24,109.79,18.30,24.99,MAR 2026,24,4
426-458-4,Jameson Dry Lime 3.5% Fest Ed,375,24,84.93,3.54,5.99,MAR 2026,24,1
425-149-1,Jameson Raw Cola 5% 4pack,333,24,96.32,16.05,21.99,MAR 2026,24,4
425-838-7,Jameson Raw Cola 6.3% 4pk,375,24,109.79,18.30,24.99,MAR 2026,24,4
425-952-7,Jameson Smooth Dry & Lime 10pk,375,30,128.07,42.69,57.99,MAR 2026,30,10
425-890-2,Jameson Smooth Dry & Lime 6x4,333,24,96.32,16.05,21.99,MAR 2026,24,4
425-005-4,Jd American Serve Cola 10 Pack,250,20,108.29,54.15,73.99,MAR 2026,20,10
425-892-0,Jd American Serve Cola 4 Pack,250,24,145.56,24.26,32.99,MAR 2026,24,4
426-049-0,Jd American Serve No Sugar 4pk,250,24,145.56,24.26,32.99,MAR 2026,24,4
425-155-2,Jim Beam Blck Dbl Serve 4p Can,375,24,129.62,21.60,29.99,MAR 2026,24,4
425-550-3,Jim Beam Blk Dbl Serve 10pk 7%,375,30,139.59,46.53,63.99,MAR 2026,30,10
425-109-9,Jim Beam Double Serve 10pk Can,375,30,127.49,42.50,57.99,MAR 2026,30,10
425-476-4,Jim Beam Wh & Cola Cube 4.8%,375,24,87.55,3.65,3.99,MAR 2026,24,1
425-611-0,Jim Beam White & Cola 4.8% 6pk,375,24,94.63,23.66,32.99,MAR 2026,24,6
425-304-2,Jim Beam White & Cola 500mL,500,12,78.10,6.51,9.99,MAR 2026,12,1
426-161-2,Jim Beam White Dbs 6.7% 6pk,375,24,106.57,26.64,33.99,MAR 2026,24,6
426-228-3,Jim Beam White Ds Zero 6.7%,375,24,106.57,26.64,36.99,MAR 2026,24,6
425-631-6,Jim Beam White Zero Cube 4.8%,375,24,87.55,3.65,3.99,MAR 2026,24,1
425-599-6,Jim Beam Wht & Cola 4.8% Loose,330,24,93.15,3.88,4.99,MAR 2026,24,1
425-966-1,Jim Beam Wht&Cola 6x4p 4.8% B,330,24,96.01,16.00,21.99,MAR 2026,24,4
425-816-3,Jim Beam Wht/Cola 4.8% 3x10pkc,375,30,111.41,37.14,50.99,MAR 2026,30,10
425-817-2,Jim Beam Wht/Zero 4.8% 10pk,375,30,111.41,37.14,50.99,MAR 2026,30,10
425-704-8,Jim Beam Wht/Zero 4.8% 6pk,375,24,94.63,23.66,31.99,MAR 2026,24,6
426-341-5,Jinro Chamisui Soju,360,20,220.40,11.02,13.99,MAR 2026,20,1
426-338-0,Jinro Green Grape Soju,360,20,207.85,10.39,12.99,MAR 2026,20,1
426-654-6,Jinro Peach Soju,360,20,207.85,10.39,12.99,MAR 2026,20,1
426-339-9,Jinro Plum Soju,360,20,207.85,10.39,12.99,MAR 2026,20,1
426-340-6,Jinro Strawberry Soju,360,20,207.85,10.39,12.99,MAR 2026,20,1
426-263-9,Jose Cuervo Spark Marg W/Melon,330,24,110.25,18.38,,MAR 2026,24,4
426-085-5,Jose Cuervo Spark Margarita,330,24,110.25,18.38,24.99,MAR 2026,24,4
425-318-6,Kahlua Espresso Martini 4p Can,200,24,115.69,19.28,21.99,MAR 2026,24,4
426-820-5,Kirin Hyoketsu Green Apple,330,24,99.72,16.62,26.99,MAR 2026,24,4
426-750-9,Kirin Hyoketsu Lychee 24pk,330,24,99.78,16.63,22.99,MAR 2026,24,4
426-644-9,Kirin Hyoketsu Peach,330,24,99.78,16.63,,MAR 2026,24,4
426-718-0,Kirin Hyoketsu Pineapple 24pk,330,24,99.78,16.63,22.99,MAR 2026,24,4
426-643-0,Kirin Hyoketsu Variety 30pk,330,30,118.60,39.53,,MAR 2026,30,10
426-509-3,Kirin Hyoketsu Vdk Lemon 24pk,330,24,99.78,16.63,26.99,MAR 2026,24,4
426-508-4,Kirin Hyoketsu Vdk Lemon 30pk,330,30,118.60,39.53,63.99,MAR 2026,30,10
426-632-3,Klassik Margarita,275,24,98.47,24.62,39.99,MAR 2026,24,6
426-691-1,Kraken Rum & Cola Dbl Serve 4p,320,24,139.08,23.18,31.99,MAR 2026,24,4
426-513-7,Kraken Spiced Rum/Cola Cans,330,24,117.04,19.51,30.99,MAR 2026,24,4
426-515-5,Kraken Spiced Rum/Dry Cans,330,24,117.04,19.51,30.99,MAR 2026,24,4
426-021-2,Little Dragon Alc Ginger Beer,330,24,74.96,18.74,25.99,MAR 2026,24,6
426-631-4,Long Island Tea,275,24,137.13,34.28,54.99,MAR 2026,24,6
425-979-6,Lyre's Classico 4pk Cans,250,24,75.86,12.64,16.99,MAR 2026,24,4
425-981-2,Lyre's Gin & Tonic 4pk Cans,250,24,75.86,12.64,16.99,MAR 2026,24,4
426-749-3,Lyre's Pink London Spritz 4pk,250,24,75.86,12.64,16.99,MAR 2026,24,4
425-254-2,Malibu & Cola Cans,250,24,73.48,12.25,16.99,MAR 2026,24,4
426-008-9,Malibu & Passionfruit Cans,250,24,73.48,12.25,16.99,MAR 2026,24,4
426-277-3,Malibu Pina Colada 250ml,250,24,73.48,12.25,16.99,MAR 2026,24,4
426-628-9,Malibu Watermelon Lemonade 4pk,250,24,73.48,12.25,16.99,MAR 2026,24,4
426-070-2,Manly Spirits Berry Blush G&T,275,24,126.37,21.06,28.99,MAR 2026,24,4
425-600-3,Manly Spirits Gin/Tonic,275,24,126.37,21.06,28.99,MAR 2026,24,4
426-072-0,Manly Spirits Lime V/Soda 4pk,275,24,107.67,17.95,24.99,MAR 2026,24,4
425-601-2,Manly Spirits Pink Gin/Tonic,275,24,126.37,21.06,28.99,MAR 2026,24,4
426-073-9,Manly Spirits Wmel V/Soda 4pk,275,24,107.67,17.95,24.99,MAR 2026,24,4
426-716-2,Matso's Lemon Lime Crush Cans,330,24,85.06,14.18,18.99,MAR 2026,24,4
426-273-7,Matsos Nightlife Gingerbeer 6%,330,24,98.25,16.38,27.99,MAR 2026,24,4
426-272-8,Matsos Nightlife Gingerrumlime,330,24,98.25,16.38,27.99,MAR 2026,24,4
426-837-6,Mel Martini Amaretto Sour 11%,120,24,142.05,23.68,29.99,MAR 2026,24,4
426-835-8,Mel Martini Espresso 11% 4pk,120,24,142.05,23.68,29.99,MAR 2026,24,4
426-838-5,Mel Martini Limoncello 11% 4pk,120,24,142.05,23.68,29.99,MAR 2026,24,4
426-839-4,Mel Martini Margarita 11% 4pk,120,24,142.05,23.68,29.99,MAR 2026,24,4
426-836-7,Mel Martini S/Caramel 11% 4pk,120,24,142.05,23.68,29.99,MAR 2026,24,4
426-361-0,Mexink Assorted Case Cans 4pk,250,16,138.93,34.73,55.99,MAR 2026,16,4
426-362-9,Mexink Coco Ho Cans 4pk,250,16,138.93,34.73,55.99,MAR 2026,16,4
426-363-8,Mexink Jalapeno Cans 4pk,250,16,138.93,34.73,55.99,MAR 2026,16,4
426-364-7,Mexink Mexi Shaken Cans 4pk,250,16,138.93,34.73,55.99,MAR 2026,16,4
426-365-6,Mexink Passion Cans 4pk,250,16,138.93,34.73,55.99,MAR 2026,16,4
426-557-4,Mexink Sparkling Margarita 4pk,330,24,112.87,18.81,29.99,MAR 2026,24,4
425-757-4,Midori Illusion 4.5% 4pk,275,24,98.48,16.41,21.99,MAR 2026,24,4
425-783-2,Midori Splice 4.5% 4pk,275,24,98.48,16.41,21.99,MAR 2026,24,4
426-326-4,Naked Life Non Alc Classic G&T,250,24,65.27,16.32,20.99,MAR 2026,24,6
426-331-7,Naked Life Non Alc Ital Spritz,250,24,65.27,16.32,20.99,MAR 2026,24,6
426-329-1,Naked Life Non Alc Margarita,250,24,65.27,16.32,20.99,MAR 2026,24,6
426-309-5,Ned Aus Whisky & Cola 12%,200,24,100.55,16.76,19.99,MAR 2026,24,4
426-738-6,Ned Whisky & Cherry Cola 12%,200,24,100.55,16.76,22.99,MAR 2026,24,4
426-736-8,Ned Whisky & Cola 15% Cans,375,24,206.69,34.45,46.99,MAR 2026,24,4
426-170-1,Ned Whisky & Cola 4.8% Cans,440,24,100.05,16.68,19.99,MAR 2026,24,4
426-164-9,Ned Whisky & Cola 4.8% Cans,375,24,89.55,14.93,17.99,MAR 2026,24,4
426-171-0,Ned Whisky & Cola 6% 10pk,375,30,120.05,40.02,46.99,MAR 2026,30,10
426-166-7,Ned Whisky & Cola 6% Cans,375,24,104.55,17.43,20.99,MAR 2026,24,4
426-167-6,Ned Whisky & Cola 8% Cans,375,24,132.55,22.09,25.99,MAR 2026,24,4
426-165-8,Ned Whisky & Dry 4.8% Cans,375,24,89.55,14.93,17.99,MAR 2026,24,4
426-737-7,Ned Whisky & Vanilla Cola 12%,200,24,100.55,16.76,22.99,MAR 2026,24,4
426-199-8,Noot Ginger Mule 0%,250,24,59.75,9.96,13.99,MAR 2026,24,4
426-197-0,Noot Negroni Spritz 0%,250,24,59.75,9.96,13.99,MAR 2026,24,4
426-460-0,Olmeca Altos Marg Lime 330ml,330,24,102.64,17.11,27.99,MAR 2026,24,4
426-459-3,Olmeca Altos Marg Lime Fest Ed,250,24,80.08,3.34,,MAR 2026,24,1
426-461-9,Olmeca Altos Marg Wmel 330ml,330,24,102.64,17.11,27.99,MAR 2026,24,4
426-424-5,Pasha Tang Wild P/Fruit Vod 4p,375,24,104.05,17.34,27.99,MAR 2026,24,4
425-878-8,Pimms & Lemonade 4.00% 6x4pk,330,24,104.62,17.44,23.99,MAR 2026,24,4
426-188-1,Pimms & Lemonade 4pk Cans,250,24,103.23,17.21,,MAR 2026,24,4
426-107-9,Poor Toms Negroni Spritz,250,24,110.45,18.41,24.99,MAR 2026,24,4
426-391-4,Poor Toms Pina Colada Spritz,250,24,110.45,18.41,29.99,MAR 2026,24,4
426-423-6,Razza Tang Raspberry Vodka 4pk,375,24,104.05,17.34,27.99,MAR 2026,24,4
425-644-1,Real McCoy & Cola 4.50%,440,24,92.01,15.34,20.99,MAR 2026,24,4
425-299-9,Ruski Lemon 275m 4.0% 6x4p,275,24,94.98,15.83,21.99,MAR 2026,24,4
426-860-6,Sachi8 Lemon Lime,375,24,76.14,12.69,16.99,MAR 2026,24,4
426-861-5,Sachi8 Pineapple Lime,375,24,76.14,12.69,16.99,MAR 2026,24,4
426-859-9,Sachi8 White Peach,375,24,76.14,12.69,16.99,MAR 2026,24,4
426-005-2,Saintly Blessed Lime 6% 4pk,250,24,96.50,16.08,25.99,MAR 2026,24,4
426-194-3,Saintly Cocktail Mixed 12pk,250,36,122.65,40.88,55.99,MAR 2026,36,12
426-006-1,Saintly Hail Mango 4% 4pk,250,24,84.50,14.08,22.99,MAR 2026,24,4
426-003-4,Saintly Holy Watermelon 4% 4pk,250,24,84.50,14.08,22.99,MAR 2026,24,4
425-985-8,Saintly Mixed 12pk,250,36,115.98,38.66,61.99,MAR 2026,36,12
426-743-9,Saintly Mixed Vodka & Soda 6%,330,30,122.56,40.85,55.99,MAR 2026,30,10
426-004-3,Saintly Pink G/Fruit 6% 4pk,250,24,96.50,16.08,25.99,MAR 2026,24,4
426-732-2,Saintly Purity Vodka & Soda 4%,330,24,74.16,12.36,16.99,MAR 2026,24,4
426-731-3,Saintly Vdk W/Melon & Soda 4%,330,24,81.01,13.50,18.99,MAR 2026,24,4
426-730-4,Saintly Vodka Lime & Soda 6%,330,24,100.59,16.77,22.99,MAR 2026,24,4
426-145-3,Seagrams Vo & Dry Cans,375,24,91.45,15.24,,MAR 2026,24,4
426-571-6,Shinbou Highball,380,24,146.05,36.51,,MAR 2026,24,6
426-728-8,Smirnoff Crush Lemon/Lime 4pk,440,24,128.25,21.38,28.99,MAR 2026,24,4
426-727-9,Smirnoff Crush Peach/Mango 4pk,440,24,128.25,21.38,28.99,MAR 2026,24,4
426-856-2,Smirnoff Crush Zero Mng & Pch,440,24,128.91,21.49,27.99,MAR 2026,24,4
426-413-8,Smirnoff D/Blk 8% 4pk 250ml,250,24,104.99,17.50,27.99,MAR 2026,24,4
426-598-5,Smirnoff Hard Soda & Yuzu Cans,330,30,116.28,38.76,52.99,MAR 2026,30,10
426-687-7,Smirnoff Hard Soda Blk R/Berry,330,24,104.49,17.42,23.99,MAR 2026,24,4
425-369-4,Smirnoff Ice D/Blk & Guarana,250,24,136.10,22.68,31.99,MAR 2026,24,4
425-357-8,Smirnoff Ice D/Blk 3x10 6.5%,375,30,133.67,44.56,61.99,MAR 2026,30,10
425-394-3,Smirnoff Ice D/Blk 4pk Btl,300,24,128.21,21.37,29.99,MAR 2026,24,4
425-392-5,Smirnoff Ice D/Blk 6.5% 4p Can,375,24,116.48,19.41,26.99,MAR 2026,24,4
425-320-2,Smirnoff Ice D/Blk Bar Bt 6.5%,300,24,111.37,4.64,5.99,MAR 2026,24,1
425-904-6,Smirnoff Ice D/Blk Bar Can 5%,300,24,95.83,15.97,21.99,MAR 2026,24,4
425-479-1,Smirnoff Ice D/Blk Zero 4pk,375,24,116.48,19.41,26.99,MAR 2026,24,4
425-147-3,Smirnoff Ice Dbk 5% Can O/P,375,24,91.52,3.81,4.99,MAR 2026,24,1
426-767-0,Smirnoff Ice Rasp 5% Can O/P,375,24,91.52,3.81,4.99,MAR 2026,24,1
425-269-5,Smirnoff Ice Red 4.5% 4p Bottl,300,24,102.24,17.04,25.99,MAR 2026,24,4
425-627-2,Smirnoff Ice Red 4.5% 4x6 Can,375,24,96.78,24.20,33.99,MAR 2026,24,6
426-855-3,Smirnoff Ice Tropical 10p 6.5%,375,30,130.85,43.62,55.99,MAR 2026,30,10
426-857-1,Smirnoff Ice Tropical 4pk 6.5%,375,24,114.78,19.13,23.99,MAR 2026,24,4
426-681-3,Smirnoff R/Berry Crush 10p Can,375,30,130.85,43.62,59.99,MAR 2026,30,10
426-680-4,Smirnoff R/Berry Crush 4pk Can,375,24,114.77,19.13,25.99,MAR 2026,24,4
426-232-7,Smirnoff Seltzer Lime 4pk Can,250,24,96.99,16.17,21.99,MAR 2026,24,4
426-262-0,Smirnoff Seltzer M/Berries,250,24,96.99,16.17,21.99,MAR 2026,24,4
426-231-8,Smirnoff Seltzer Mango 4pk Can,250,24,96.99,16.17,21.99,MAR 2026,24,4
426-172-9,Smirnoff Seltzer Mixed 36p Can,250,36,135.19,45.06,62.99,MAR 2026,36,12
426-283-5,Smirnoff Seltzer Pass 4pk Can,250,24,96.99,16.17,21.99,MAR 2026,24,4
426-500-2,Smirnoff Soda L/Lemon Mid 4p C,330,24,89.57,14.93,23.99,MAR 2026,24,4
426-599-4,Smirnoff Soda Lime & Lemon 10p,330,30,96.23,32.08,43.99,MAR 2026,30,10
426-501-1,Smirnoff Soda Pineapple Mid 4p,330,24,89.57,14.93,23.99,MAR 2026,24,4
426-686-8,Smirnoff Soda S/Berry Kiwi Can,330,24,89.57,14.93,19.99,MAR 2026,24,4
426-468-2,Smirnoff Soda Yuzu 6% 4pk Can,330,24,104.49,17.42,27.99,MAR 2026,24,4
426-667-1,Solbevi Limoncello Spritz Cans,250,24,93.99,15.67,24.99,MAR 2026,24,4
426-682-2,Sour Puss Sour Apple 4pk Can,330,24,76.23,12.71,16.99,MAR 2026,24,4
426-683-1,Sour Puss Sour Grape 4pk Can,330,24,76.23,12.71,16.99,MAR 2026,24,4
426-684-0,Sour Puss Sour W/Melon 4pk Can,330,24,76.23,12.71,16.99,MAR 2026,24,4
425-216-9,Southern & Cola 10pk 375ml Can,375,30,113.19,37.73,51.99,MAR 2026,30,10
425-806-5,Southern & Cola 6pk 375ml Can,375,24,89.16,22.29,30.99,MAR 2026,24,6
426-162-1,Southern Comfort & Cola 10+2pk,375,24,81.93,40.97,55.99,MAR 2026,24,12
425-773-4,Squealing Pig Ginsecco Cans,250,24,109.90,18.32,24.99,MAR 2026,24,4
426-788-5,Sub Zero Zs Vodka & Cola 4pk,375,24,88.77,14.80,19.99,MAR 2026,24,4
426-698-4,Sub Zero Zs Vodka & Cola 4pk,375,24,88.86,14.81,19.99,MAR 2026,24,4
426-671-5,Sunny Days Vdk Fruit Tingle 7%,330,16,83.21,20.80,28.99,MAR 2026,16,4
426-566-3,Sunny Days Vdk Vanilla I/Cream,330,16,67.73,16.93,26.99,MAR 2026,16,4
426-570-7,Sunny Days Vodka Fruit Tingle,330,16,67.73,16.93,26.99,MAR 2026,16,4
426-569-0,Sunny Days Vodka Grape Candy,330,16,67.73,16.93,26.99,MAR 2026,16,4
426-567-2,Sunny Days Vodka Musk Stick,330,16,67.73,16.93,26.99,MAR 2026,16,4
426-039-2,Sunny Eddy Blood Org & G-Fruit,330,12,53.24,17.75,23.99,MAR 2026,12,4
426-041-8,Sunny Eddy Lime & Cucumber,330,12,53.24,17.75,23.99,MAR 2026,12,4
426-040-9,Sunny Eddy Pink Apple,330,12,53.24,17.75,23.99,MAR 2026,12,4
426-156-9,Sunny Eddy Variety Pack,330,12,53.24,17.75,22.99,MAR 2026,12,4
426-830-3,Takai Alcoholic Cola 6%,330,24,90.05,15.01,18.99,MAR 2026,24,4
426-829-6,Takai Alcoholic Orange 6%,330,24,90.05,15.01,18.99,MAR 2026,24,4
426-831-2,Takai Mixed 10pk 6%,330,30,100.11,33.37,42.99,MAR 2026,30,10
426-440-5,Tanqueray & Tonic 4pk Can,250,24,108.27,18.05,28.99,MAR 2026,24,4
426-690-2,Tanqueray Tonic Alc Free 4pk C,250,24,57.22,9.54,12.99,MAR 2026,24,4
426-538-8,Tempus One W/Melon 330ml 4pk,330,24,96.35,16.06,25.99,MAR 2026,24,4
426-630-5,Tequila Slamma Lemon,275,24,98.47,24.62,39.99,MAR 2026,24,6
425-558-5,Udl Ouzo & Cola 4% 6pk,375,24,94.99,23.75,32.99,MAR 2026,24,6
425-568-3,Udl Vodka & Orange 4% 6pk,375,24,94.99,23.75,32.99,MAR 2026,24,6
425-570-9,Udl Vodka & Pineapple 4% 6pk,375,24,94.99,23.75,32.99,MAR 2026,24,6
425-571-8,Udl Vodka & Raspberry 4% 6pk,375,24,94.99,23.75,32.99,MAR 2026,24,6
426-729-7,Udl Vodka Extra Lemon Lime,375,24,115.18,19.20,25.99,MAR 2026,24,4
425-574-5,Udl Vodka Lem/Lime/Soda 4% 6pk,375,24,94.99,23.75,32.99,MAR 2026,24,6
425-573-6,Udl Vodka Lime & Soda 4% 6pk,375,24,94.99,23.75,32.99,MAR 2026,24,6
425-936-8,Udl Vodka Mixed 4% 10pk,375,30,107.25,35.75,48.99,MAR 2026,30,10
425-572-7,Udl Vodka Passionfruit 4% 6pk,375,24,94.99,23.75,32.99,MAR 2026,24,6
425-575-4,Udl Zero Mixed Berry 4% 6pk,375,24,94.99,23.75,32.99,MAR 2026,24,6
426-759-0,Urban Cactus Ranch Water,375,16,58.21,14.55,,MAR 2026,16,4
426-220-1,Vickers Pink & Soda Cans,250,24,69.61,11.60,,MAR 2026,24,4
425-090-0,Vickers Pink Grapfruit Gin Rtd,250,24,71.36,11.89,15.99,MAR 2026,24,4
425-091-9,Vickers Tonic & Lime Gin Rtd,250,24,74.86,12.48,16.99,MAR 2026,24,4
426-395-0,Vivid Green Grape Soju R,360,20,92.65,4.63,6.99,MAR 2026,20,1
426-295-1,Vivid Lychee Soju R,360,20,92.65,4.63,5.99,MAR 2026,20,1
426-396-9,Vivid Original Soju R,360,20,92.65,4.63,6.99,MAR 2026,20,1
426-294-2,Vivid Peach Soju R,360,20,92.65,4.63,5.99,MAR 2026,20,1
425-143-7,Vodka Sting Stubbies 260ml,260,24,100.92,16.82,22.99,MAR 2026,24,4
426-524-4,Vok C/Tail Can Pina Colada,250,24,73.60,12.27,16.99,MAR 2026,24,4
426-103-3,Vok C/Tail Can Stawb Mojito,250,24,82.86,13.81,18.99,MAR 2026,24,4
426-104-2,Vok C/Tail Can W/Min Gin Fizz,250,24,82.86,13.81,18.99,MAR 2026,24,4
426-102-4,Vok C/Tail Pass Collins Can,250,24,82.86,13.81,18.99,MAR 2026,24,4
426-526-2,Vok C/Tail Raspberry Ripple,250,24,73.60,12.27,16.99,MAR 2026,24,4
426-525-3,Vok C/Tail Sex On The Beach,250,24,73.60,12.27,16.99,MAR 2026,24,4
426-179-2,Vok Cocktail Fruit Tingle,250,24,73.60,12.27,16.99,MAR 2026,24,4
426-002-5,W Seltzer Juicy Peach,330,16,54.05,13.51,21.99,MAR 2026,16,4
426-098-0,W Seltzer Mixed 12pk,330,36,114.05,38.02,60.99,MAR 2026,36,12
425-879-7,W Seltzer Tropical Mango,330,16,54.05,13.51,21.99,MAR 2026,16,4
426-097-1,W Seltzer Watermelon,330,16,54.05,13.51,21.99,MAR 2026,16,4
425-767-2,Whiteclaw Lime Seltzer Cans,330,24,99.50,16.58,22.99,MAR 2026,24,4
425-766-3,Whiteclaw Mango Seltzer Cans,330,24,99.50,16.58,22.99,MAR 2026,24,4
426-719-9,Whiteclaw R/Berry Seltzer 4pk,330,24,99.50,16.58,22.99,MAR 2026,24,4
426-532-4,Whiteclaw Ref Strawberry 4pk,330,24,99.50,16.58,26.99,MAR 2026,24,4
426-533-3,Whiteclaw Ref Variety 10pk,330,20,74.05,37.03,59.99,MAR 2026,20,10
426-069-5,Whiteclaw W/Melon Seltzer Can,330,24,99.50,16.58,22.99,MAR 2026,24,4
426-287-1,Wild Boar 15% Bourbon/Cola 3pk,375,24,214.77,26.85,36.99,MAR 2026,24,3
426-286-2,Wild Boar 15% Spic Rum/Cola 3p,375,24,214.77,26.85,36.99,MAR 2026,24,3
426-288-0,Wild Boar 15% Whiskey/Cola 3pk,375,24,214.77,26.85,36.99,MAR 2026,24,3
426-734-0,Wild Boar B/Bon Cola 4.8% 650m,650,12,88.76,88.76,101.99,MAR 2026,12,12
425-327-5,Wild Boar Bourbon&Cola 12% 3p,375,24,186.75,23.34,31.99,MAR 2026,24,3
426-023-0,Wild Boar Bourbon&Cola 12% Can,200,24,121.02,20.17,27.99,MAR 2026,24,4
426-009-8,Wild Boar Bourbon&Cola 15% Can,200,24,141.96,23.66,31.99,MAR 2026,24,4
425-220-3,Wild Boar Bourbon&Cola 9% 3pk,500,24,186.75,23.34,31.99,MAR 2026,24,3
426-735-9,Wild Boar Bourbon/Cola 6% 650m,650,12,104.71,104.71,119.99,MAR 2026,12,12
426-240-7,Wild Boar Dark Rum 12%,200,24,121.02,20.17,27.99,MAR 2026,24,4
425-217-8,Wild Boar Spice/Rum & Cola 9%,500,24,186.75,23.34,31.99,MAR 2026,24,3
426-241-6,Wild Boar Spiced Rum 15% Can,200,24,141.96,23.66,31.99,MAR 2026,24,4
426-763-4,Wild Boar Whiskey & Dry 9%,375,24,142.11,23.69,31.99,MAR 2026,24,4
425-171-2,Wild Turkey 101/Cola Zero 10pk,375,30,164.30,54.77,75.99,MAR 2026,30,10
425-016-1,Wild Turkey 101/Cola Zero 4pk,375,24,141.65,23.61,31.99,MAR 2026,24,4
426-146-2,Wild Turkey Cola 4.8% 2x12pk,375,24,97.18,48.59,61.99,MAR 2026,24,12
425-189-2,Wild Turkey Cola 4pk 4.8% Cans,375,24,114.23,19.04,25.99,MAR 2026,24,4
425-543-3,Wild Turkey Heritage 9% Cans,375,24,154.29,25.72,34.99,MAR 2026,24,4
425-410-3,Wild Turkey Rare & Cola 4p 8%B,320,24,152.21,25.37,34.99,MAR 2026,24,4
425-800-1,Wild Turkey Rare 3x10 Can 8%,375,30,157.01,52.34,71.99,MAR 2026,30,10
425-413-0,Wild Turkey Rare&Cola Can 4p8%,375,24,152.21,25.37,34.99,MAR 2026,24,4
426-491-3,Wild Turkey Zero Cola 4.8% 10p,375,30,119.05,39.68,53.99,MAR 2026,30,10
426-492-2,Wild Turkey Zero Cola 4.8% 4pk,375,24,114.23,19.04,25.99,MAR 2026,24,4
425-167-8,Wild Turkey&Cola 4.8% 10p Can,375,30,119.05,39.68,53.99,MAR 2026,30,10
425-416-7,Wild Turkey/Cola 101 4p C 6.5%,375,24,133.77,22.30,30.99,MAR 2026,24,4
425-705-7,Wild Turkey/Cola 101 6.5% 10pk,375,30,140.30,46.77,63.99,MAR 2026,30,10
426-186-3,Wild Turkey/Cola 101 6.5% 4pk,330,24,133.77,22.30,30.99,MAR 2026,24,4
425-174-9,Wild Turkey/Cola 4.8% 510ml,510,12,75.67,6.31,8.99,MAR 2026,12,1
425-177-6,Wild Turkey/Cola 6.5% 510ml,510,12,93.78,7.82,10.99,MAR 2026,12,1
426-784-9,Woodstock & Cola 10% 375ml 3pk,375,24,168.85,21.11,28.99,MAR 2026,24,3
426-813-4,Woodstock & Cola 10% 6x4p Can,200,24,108.75,18.13,24.99,MAR 2026,24,4
425-249-0,Woodstock & Cola 10% 6x4p Can,200,24,102.81,17.14,23.99,MAR 2026,24,4
426-769-8,Woodstock & Cola 4.8% 3x10pK,375,30,104.08,34.69,47.99,MAR 2026,30,10
425-881-3,Woodstock & Cola 4.8% 3x10pK,375,30,98.19,32.73,44.99,MAR 2026,30,10
426-794-7,Woodstock & Cola 8% 3x10pK,375,30,145.79,48.60,67.99,MAR 2026,30,10
426-789-4,Woodstock 10% 3x10pk Cans,200,30,116.68,38.89,53.99,MAR 2026,30,10
425-447-0,Woodstock 10% 3x10pk Cans,200,30,110.63,36.88,50.99,MAR 2026,30,10
426-781-2,Woodstock Bl/B&C 4.8% 660m Loo,660,12,86.41,7.20,9.99,MAR 2026,12,1
425-017-0,Woodstock Bl/B&C 4.8% 660m Loo,660,12,75.79,6.32,8.99,MAR 2026,12,1
426-780-3,Woodstock Blend B&C 6% Loose,660,12,99.80,8.32,12.99,MAR 2026,12,1
425-726-2,Woodstock Blend B&C 6% Loose,660,12,89.77,7.48,11.99,MAR 2026,12,1
425-348-0,Woodstock Blended B&C 6% 3x10p,375,30,111.83,37.28,51.99,MAR 2026,30,10
426-785-8,Woodstock Blended B&C 6% 4pk,375,24,112.49,18.75,25.99,MAR 2026,24,4
425-228-5,Woodstock Blended B&C 6% 4pk,375,24,106.62,17.77,24.99,MAR 2026,24,4
426-777-8,Woodstock Blended B&C 8% 4pk,375,24,143.23,23.87,32.99,MAR 2026,24,4
425-774-3,Woodstock Blended B&C 8% 4pk,375,24,137.28,22.88,31.99,MAR 2026,24,4
426-809-0,Woodstock Blended B+C 4.8% 4pk,375,24,100.07,16.68,22.99,MAR 2026,24,4
425-614-7,Woodstock Blended B+C 4.8% 4pk,375,24,95.94,15.99,21.99,MAR 2026,24,4
426-770-5,Woodstock Blended B+C 4.8% 6pk,375,24,89.93,22.48,30.99,MAR 2026,24,6
425-182-9,Woodstock Blended B+C 4.8% 6pk,375,24,80.84,20.21,27.99,MAR 2026,24,6
426-765-2,Woodstock Reserve 12% 4pk,200,24,121.91,20.32,27.99,MAR 2026,24,4
425-387-2,Woodstock Reserve 12% 4pk,200,24,115.96,19.33,26.99,MAR 2026,24,4
426-113-1,Young Henrys Gin & Tonic,250,24,99.96,16.66,20.99,MAR 2026,24,4
427-095-1,Authentic Batch Bramble,700,6,203.55,33.93,54.99,MAR 2026,1,1
427-093-3,Authentic Batch Cosmopolitan,700,6,203.55,33.93,54.99,MAR 2026,1,1
427-092-4,Authentic Batch Esp/Martini,700,6,181.05,30.18,48.99,MAR 2026,1,1
427-091-5,Authentic Batch L/Island I/Tea,700,6,217.80,36.30,57.99,MAR 2026,1,1
427-096-0,Authentic Batch Margarita,700,6,203.55,33.93,54.99,MAR 2026,1,1
427-094-2,Authentic Batch P/Star Martini,700,6,203.55,33.93,54.99,MAR 2026,1,1
427-046-1,Batch&B Glenfiddich Manhattan,500,6,161.21,26.87,36.99,MAR 2026,1,1
427-047-0,Batch&B Hendricks Gin Martini,500,6,176.98,29.50,39.99,MAR 2026,1,1
427-044-3,Batch&B Monkey Old Fashioned,500,6,177.21,29.54,39.99,MAR 2026,1,1
427-045-2,Batch&B Reyka Vodka Cosmo,500,6,173.61,28.94,39.99,MAR 2026,1,1
427-085-3,Captain Morgan Daquiri 10l,10000,1,344.82,344.82,554.99,MAR 2026,1,1
427-034-5,Cowboy Legendary Cask 2l,2000,6,137.89,22.98,30.99,MAR 2026,6,1
427-065-7,Cruiser Lush Guava 4.6% 4p R,275,24,76.17,12.70,16.99,MAR 2026,24,4
427-084-4,Gordons Pink 10l,10000,1,344.82,344.82,554.99,MAR 2026,1,1
427-035-4,Grunters Tropical Cocktail 1l,1000,6,61.04,10.17,13.99,MAR 2026,6,1
427-050-4,Home Grown Orange&Man Non Alc,750,6,111.55,18.59,24.99,MAR 2026,1,1
427-054-0,Home Grown S/Berry&Mint Spritz,750,6,149.13,24.86,33.99,MAR 2026,1,1
427-053-1,Homegrown Ginger&Mango Spritz,750,6,149.13,24.86,33.99,MAR 2026,1,1
427-049-8,Homegrown Orange & Mand Spritz,750,6,149.13,24.86,33.99,MAR 2026,1,1
427-082-6,Homegrown Pink Hibiscus Spritz,750,6,157.05,26.18,41.99,MAR 2026,1,1
427-057-7,Mr Stubbs Cosmo,500,6,95.05,15.84,25.99,MAR 2026,1,1
427-060-2,Mr Stubbs Espresso,750,6,158.52,26.42,42.99,MAR 2026,1,1
427-061-1,Mr Stubbs Espresso 500ml,500,6,95.05,15.84,25.99,MAR 2026,1,1
427-059-5,Mr Stubbs Margi,750,6,158.52,26.42,42.99,MAR 2026,1,1
427-056-8,Mr Stubbs Margi 500ml,500,6,95.05,15.84,25.99,MAR 2026,1,1
427-006-9,Smirnoff Cranberry 5.7%,2000,4,113.92,28.48,43.99,MAR 2026,4,1
427-086-2,Smirnoff Espresso Martini 10l,10000,1,365.01,365.01,587.99,MAR 2026,1,1
427-087-1,Smirnoff Passionfruit 10l,10000,1,344.82,344.82,554.99,MAR 2026,1,1
427-080-8,Stella Espresso Martini,750,6,214.05,35.68,56.99,MAR 2026,1,1
427-098-8,Vok Blue Lagoon 2lt Cask 5%,2000,6,119.79,19.97,26.99,MAR 2026,6,1
427-041-6,Vok Cocktails Cosmopolitan,500,6,100.45,16.74,22.99,MAR 2026,1,1
427-042-5,Vok Cocktails Lychee Martini,500,6,100.45,16.74,22.99,MAR 2026,1,1
427-040-7,Vok Cocktails Tropical Daquiri,500,6,100.45,16.74,22.99,MAR 2026,1,1
427-043-4,Vok Cocktials Clas Margarita,500,6,100.45,16.74,22.99,MAR 2026,1,1
427-036-3,Vok Gin&Juice 2lt Cask,2000,6,117.36,19.56,26.99,MAR 2026,6,1
427-099-7,Vok Lime Mojito 2lt Cask 5%,2000,6,119.79,19.97,26.99,MAR 2026,6,1
427-100-4,Vok Long Island 2lt Cask 5%,2000,6,119.79,19.97,26.99,MAR 2026,6,1
427-088-0,Vok Mango Daquiri 2lt Cask,2000,6,119.79,19.97,31.99,MAR 2026,6,1
427-102-2,Vok Passion Martini 2l Cask 5%,2000,6,119.79,19.97,,MAR 2026,6,1
427-101-3,Vok Pina Colada 2lt Cask 5%,2000,6,119.79,19.97,26.99,MAR 2026,6,1
427-089-9,Vok Pineapple Margarita 2l Csk,2000,6,119.79,19.97,31.99,MAR 2026,6,1
427-103-1,Vok Sex On The Beach 2lt 5%,2000,6,119.79,19.97,31.99,MAR 2026,6,1
427-078-2,Worksmith Fruit Tingle,750,6,157.05,26.18,41.99,MAR 2026,1,1
427-079-1,Worksmith Margarita,750,6,217.05,36.18,57.99,MAR 2026,1,1
427-081-7,Worksmith Pornstar Martini,750,6,214.05,35.68,56.99,MAR 2026,1,1
429-029-8,Cold Presso Martini,750,6,161.05,26.84,42.99,MAR 2026,1,1
429-069-9,Comets Bubblegum,750,6,113.68,18.95,25.99,MAR 2026,1,1
429-085-9,Comets Grape,750,6,113.68,18.95,25.99,MAR 2026,1,1
429-070-6,Comets Strawberry,750,6,113.68,18.95,25.99,MAR 2026,1,1
429-068-0,Comets Tutti Frutti,750,6,113.68,18.95,25.99,MAR 2026,1,1
429-096-6,Divas Glades Black Liquorice,700,6,66.72,11.12,17.99,MAR 2026,1,1
429-015-4,Divas Glades Blue Citrus,700,6,66.65,11.11,17.99,MAR 2026,1,1
429-011-8,Divas Glades Butterscotch,700,6,66.65,11.11,17.99,MAR 2026,1,1
429-020-7,Divas Glades Coconut,700,6,66.65,11.11,17.99,MAR 2026,1,1
429-083-1,Divas Glades Coffee,700,6,66.65,11.11,17.99,MAR 2026,1,1
429-095-7,Divas Glades Lychee,700,6,66.72,11.12,17.99,MAR 2026,1,1
429-014-5,Divas Glades Melon,700,6,66.65,11.11,17.99,MAR 2026,1,1
429-010-9,Divas Glades Orange,700,6,66.65,11.11,17.99,MAR 2026,1,1
429-012-7,Divas Glades Peach,700,6,66.65,11.11,17.99,MAR 2026,1,1
429-009-2,Divas Glades Strawberry,700,6,66.65,11.11,17.99,MAR 2026,1,1
429-021-6,Divas Vkat Black Label,700,12,129.35,10.78,16.99,MAR 2026,1,1
429-080-4,Divas Vkat Blueberry,700,12,120.96,10.08,15.99,MAR 2026,1,1
429-000-1,Divas Vkat Original,700,12,120.96,10.08,15.99,MAR 2026,1,1
429-112-6,Divas Vkat Original 1l,1000,12,132.57,11.05,14.99,MAR 2026,1,1
429-008-3,Divas Vkat Raspberry,700,12,120.96,10.08,15.99,MAR 2026,1,1
429-094-8,Divas Vkat Vanilla,700,12,121.03,10.09,15.99,MAR 2026,1,1
429-084-0,Little Fat Lam Ram B.O,1250,12,71.63,5.97,7.99,MAR 2026,12,1
429-103-7,Little Fat Lamb 16 Shot Bucket,30,96,107.30,17.88,28.99,MAR 2026,96,16
429-104-6,Little Fat Lamb 28 Shot Bucket,30,112,113.22,28.31,45.99,MAR 2026,112,28
429-110-8,Little Fat Lamb B/Scotch Shot,30,64,88.67,5.54,8.99,MAR 2026,64,4
429-098-4,Little Fat Lamb Berry,1250,12,71.63,5.97,9.99,MAR 2026,12,1
429-040-3,Little Fat Lamb Berry 10pk,375,30,57.16,19.05,25.99,MAR 2026,30,10
429-086-8,Little Fat Lamb Creamy Soda,1250,12,71.63,5.97,9.99,MAR 2026,12,1
429-092-0,Little Fat Lamb Fantasy 10pk,375,30,57.16,19.05,30.99,MAR 2026,30,10
429-071-5,Little Fat Lamb Fantasy 1250ml,1250,12,71.63,5.97,9.99,MAR 2026,12,1
429-101-9,Little Fat Lamb Fruity Tango,1250,12,71.63,5.97,9.99,MAR 2026,12,1
429-099-3,Little Fat Lamb Ginger,1250,12,71.63,5.97,9.99,MAR 2026,12,1
429-100-0,Little Fat Lamb Ginger 10pk,375,30,57.22,19.07,30.99,MAR 2026,30,10
429-102-8,Little Fat Lamb Gingr Firebomb,1250,12,71.63,5.97,9.99,MAR 2026,12,1
429-072-4,Little Fat Lamb Guava,1250,12,71.63,5.97,9.99,MAR 2026,12,1
429-074-2,Little Fat Lamb Guava 10pk,375,30,57.16,19.05,25.99,MAR 2026,30,10
429-111-7,Little Fat Lamb Jam Donut Shot,30,64,88.67,5.54,8.99,MAR 2026,64,4
429-105-5,Little Fat Lamb Lemonator,1250,12,71.63,5.97,9.99,MAR 2026,12,1
429-107-3,Little Fat Lamb Lemonator 10pk,375,30,57.22,19.07,30.99,MAR 2026,30,10
429-106-4,Little Fat Lamb Melon Shot,30,64,88.67,5.54,8.99,MAR 2026,64,4
429-073-3,Little Fat Lamb Pineapple,1250,12,71.63,5.97,9.99,MAR 2026,12,1
429-088-6,Little Fat Lamb R/Berry 8% 10p,375,30,57.16,19.05,30.99,MAR 2026,30,10
429-109-1,Little Fat Lamb Salt Carm Shot,30,64,88.67,5.54,8.99,MAR 2026,64,4
429-097-5,Little Fat Lamb Sour Grape,1250,12,71.63,5.97,6.99,MAR 2026,12,1
429-043-0,Little Fat Lamb Straw Lime,1250,12,71.63,5.97,9.99,MAR 2026,12,1
429-076-0,Little Fat Lamb Straw/Lime 10p,375,30,57.16,19.05,25.99,MAR 2026,30,10
429-077-9,Little Fat Lamb Tropical 10pk,375,30,57.16,19.05,25.99,MAR 2026,30,10
429-044-9,Little Fat Lamb Tropical 1250m,1250,12,71.63,5.97,9.99,MAR 2026,12,1
429-078-8,Little Fat Lamb W/Melon 10pk,375,30,57.16,19.05,25.99,MAR 2026,30,10
429-067-1,Little Fat Lamb Watermelon,1250,12,71.63,5.97,7.99,MAR 2026,12,1
429-358-9,Steinbok Wetcat,700,6,134.05,22.34,30.99,MAR 2026,1,1
429-047-6,Trivoski Lemon Lime,750,12,102.83,8.57,11.99,MAR 2026,1,1
429-042-1,Trivoski Premium Blend 22%,750,12,102.83,8.57,11.99,MAR 2026,1,1
429-046-7,Trivoski Raspberry,750,12,102.83,8.57,11.99,MAR 2026,1,1
430-003-6,Cawseys Cosmopolitian Mix,750,8,78.55,9.82,12.99,MAR 2026,1,1
430-012-5,Cawseys Grenadine,750,8,78.05,9.76,11.99,MAR 2026,1,1
430-004-5,Cawseys Margarita Mix,750,8,78.55,9.82,12.99,MAR 2026,1,1
430-002-7,Cawseys Mojito Mix,750,8,78.55,9.82,12.99,MAR 2026,1,1
430-001-8,Cawseys Sugar Syrup,750,8,78.05,9.76,11.99,MAR 2026,1,1
430-013-4,Crawley's Grenadine,750,6,113.05,18.84,23.99,MAR 2026,1,1
435-033-9,Ampersand Ginger Beer & 4%,355,16,60.00,15.00,,MAR 2026,16,4
435-070-3,Brookvale Red Pub Soda 4% 6pk,330,24,91.29,22.82,38.99,MAR 2026,24,6
435-053-4,Brookvale Red Pub Soda 4% 6pk,330,24,83.70,20.93,34.99,MAR 2026,24,6
435-076-7,Brookvale Trop'punch 6% 4pk,330,24,100.40,16.73,27.99,MAR 2026,24,4
435-052-5,Brookvale Trop'punch 6% 4pk,330,24,93.67,15.61,25.99,MAR 2026,24,4
435-069-6,Brookvale Union G/Beer Cans 4%,330,24,91.29,22.82,38.99,MAR 2026,24,6
435-022-2,Brookvale Union G/Beer Cans 4%,330,24,78.86,19.72,32.99,MAR 2026,24,6
435-073-0,Brookvale Union G/Beer Cans 6%,330,24,115.45,19.24,32.99,MAR 2026,24,4
435-049-1,Brookvale Union G/Beer Cans 6%,330,24,109.12,18.19,30.99,MAR 2026,24,4
435-067-8,Brookvale Union G/Beer Cans R,330,24,82.43,20.61,,MAR 2026,24,6
435-074-9,Brookvale Union Gin Beer 3x10p,330,30,111.15,37.05,62.99,MAR 2026,30,10
435-057-0,Brookvale Union Gin Beer 3x10p,330,30,97.31,32.44,54.99,MAR 2026,30,10
435-075-8,Brookvale Union Gin Beer Botts,330,24,91.29,22.82,38.99,MAR 2026,24,6
435-025-9,Brookvale Union Gin Beer Botts,330,24,78.86,19.72,32.99,MAR 2026,24,6
435-078-5,Brookvale Union L/Squash 6% C,330,24,100.40,16.73,27.99,MAR 2026,24,4
435-077-6,Brookvale Union L/Sug Gin Beer,330,24,91.29,22.82,28.99,MAR 2026,24,6
435-036-6,Brookvale Union L/Sug Gin Beer,330,24,79.60,19.90,24.99,MAR 2026,24,6
435-072-1,Brookvale Union Lem Squash 10p,330,30,111.43,37.14,62.99,MAR 2026,30,10
435-038-4,Brookvale Union Lem Squash 10p,330,30,98.06,32.69,54.99,MAR 2026,30,10
435-083-8,Brookvale Union Lem/Lim Bitter,330,30,85.56,28.52,38.99,MAR 2026,30,10
435-061-4,Brookvale Union Lem/Lim Bitter,330,30,105.17,35.06,47.99,MAR 2026,30,10
435-068-7,Brookvale Union Lem/Lim/Bitter,330,24,91.29,22.82,38.99,MAR 2026,24,6
435-028-6,Brookvale Union Lem/Lim/Bitter,330,24,83.70,20.93,34.99,MAR 2026,24,6
435-080-1,Brookvale Union Mixed 10pk,330,30,96.54,32.18,53.99,MAR 2026,30,10
435-064-1,Brookvale Union Mixed 10pk,330,30,109.36,36.45,61.99,MAR 2026,30,10
435-084-7,Brookvale Union Orange 6% Can,330,24,100.40,25.10,33.99,MAR 2026,24,6
435-060-5,Brookvale Union Vdk/Lemonade,330,24,83.70,20.93,28.99,MAR 2026,24,6
435-071-2,Brookvale Union Vdk/P.Fruit 4%,330,24,91.29,22.82,38.99,MAR 2026,24,6
435-048-2,Brookvale Union Vdk/P.Fruit 4%,330,24,83.70,20.93,34.99,MAR 2026,24,6
435-079-4,Brookvale Union Vdk/Pch I/Tea,330,24,91.29,22.82,38.99,MAR 2026,24,6
435-026-8,Brookvale Union Vdk/Pch I/Tea,330,24,83.70,20.93,34.99,MAR 2026,24,6
435-042-8,Cbco Bertie Ginger Beer Cans,375,24,91.80,22.95,38.99,MAR 2026,24,6
435-054-3,Diablo Ginger Beer 16x330ml,330,16,80.95,20.24,,MAR 2026,16,4
435-062-3,Fellr Ginger Beer Cans,330,24,94.95,23.74,39.99,MAR 2026,24,6
435-082-9,Gnbc Ginger Beer 4% Cans,375,24,82.43,20.61,32.99,MAR 2026,24,6
435-056-1,Gnbc Ginger Beer 4% Cans,375,24,74.76,18.69,29.99,MAR 2026,24,6
435-002-6,Matso's Ging Beer Bot 3.5%,330,24,73.16,18.29,30.99,MAR 2026,24,6
435-037-5,Matso's Ginger Beer 3.5% Cans,330,24,73.86,18.47,30.99,MAR 2026,24,6
435-051-6,Moon Dog Ginger Beer 4%,330,24,78.41,19.60,32.99,MAR 2026,24,6
435-035-7,Stones Ginger Beer Cans,330,24,92.22,15.37,19.99,MAR 2026,24,4
435-034-8,Stones Ginger Beer Stubbies,330,24,92.20,15.37,19.99,MAR 2026,24,4
435-001-7,Stones Ginger Joe,500,12,74.74,6.23,10.99,MAR 2026,12,1
435-017-9,Stones Ginger Joe 4pk Cans,375,24,94.60,15.77,26.99,MAR 2026,24,4
435-021-3,West City Ginger Beer Cans,440,16,60.85,15.21,25.99,MAR 2026,16,4
435-065-0,Willie Smiths Ginger Beer,355,16,75.35,18.84,31.99,MAR 2026,16,4
435-086-5,Xxxx Ginger Beer,330,24,72.54,18.14,24.99,MAR 2026,24,6
435-047-3,Young Henrys Ginger Beer Can,375,16,60.55,15.14,25.99,MAR 2026,16,4
440-326-5,A/Thief Pink Lady Non Alc Can,330,24,63.95,10.66,15.99,MAR 2026,24,4
440-152-4,Apple Thief G/Smith Cider Bott,330,24,80.60,13.43,20.99,MAR 2026,24,4
440-281-8,Apple Thief G/Smith Cider Cans,330,24,80.60,13.43,20.99,MAR 2026,24,4
440-201-5,Apple Thief P/Lady Cider Botts,330,24,80.60,13.43,20.99,MAR 2026,24,4
440-176-6,Apple Thief P/Lady Cider Cans,330,24,80.60,13.43,20.99,MAR 2026,24,4
440-151-5,Apple Thief W/Pear Cider Bott,330,24,67.70,11.28,16.99,MAR 2026,24,4
440-325-6,Apple Thief W/Pear Cider Cans,330,24,80.60,13.43,20.99,MAR 2026,24,4
440-189-1,Batlow Cloudy Cider 4x6pk Cans,375,24,81.37,20.34,30.99,MAR 2026,24,6
440-079-4,Batlow Cloudy Cider Bottles,330,24,77.34,12.89,19.99,MAR 2026,24,4
440-200-6,Batlow Premium Cider Bottles,330,24,77.34,12.89,19.99,MAR 2026,24,4
440-186-4,Bilpin Archibald Cloudy Cider,330,24,82.93,13.82,20.99,MAR 2026,24,4
440-132-9,Bilpin Blush Cider,330,24,82.93,13.82,20.99,MAR 2026,24,4
440-328-3,Bilpin Non Alc Apple & B/Orang,330,24,61.25,15.31,19.99,MAR 2026,24,6
440-294-3,Bilpin Non Alc Apple & Ginger,330,24,61.25,15.31,22.99,MAR 2026,24,6
440-292-5,Bilpin Non Alc Apple & Raspbry,330,24,61.25,15.31,22.99,MAR 2026,24,6
440-324-7,Bilpin Non Alc Apple/Lem Cider,330,24,61.25,15.31,19.99,MAR 2026,24,6
440-274-7,Bilpin Non Alcoholic Cider,330,24,61.25,15.31,23.99,MAR 2026,24,6
440-036-6,Bilpin Original Cider,330,24,82.93,13.82,20.99,MAR 2026,24,4
440-032-0,Bilpin Pear Cider,330,24,82.93,13.82,20.99,MAR 2026,24,4
440-323-8,Braeburn Gala Can 330ml,330,24,80.60,13.43,20.99,MAR 2026,24,4
440-543-2,Bulmers Original Cider,330,24,71.96,11.99,17.99,MAR 2026,24,4
440-220-2,Devils Bit Cider Cans 6x4pk,500,24,81.50,13.58,20.99,MAR 2026,24,4
440-657-4,Hills Cider Co Apple Gf,330,24,74.65,18.66,28.99,MAR 2026,24,6
440-300-5,Hills Cider Co Cloudy Apple Gf,375,24,72.45,12.08,18.99,MAR 2026,24,4
440-658-3,Hills Cider Co Pear Gf,330,24,72.41,18.10,27.99,MAR 2026,24,6
440-290-7,Hills Cider Co Trop Sour Gf,375,24,78.91,13.15,19.99,MAR 2026,24,4
440-289-0,Hills Cider Co Virgin Apple Gf,330,24,57.39,14.35,21.99,MAR 2026,24,6
440-131-0,Magners Apple Orig 4.5% Cider,330,24,58.24,9.71,14.99,MAR 2026,24,4
440-112-3,Magners Original Cider 568ml,568,12,60.18,5.02,7.99,MAR 2026,12,1
440-346-1,Mango Smash Cider Cans,250,24,82.55,13.76,22.99,MAR 2026,24,4
440-339-0,Mercury Crushed Blackcurrant,375,24,70.20,17.55,28.99,MAR 2026,24,6
440-357-7,Mercury Dbl Cider 10% Cans,250,24,65.42,16.36,24.99,MAR 2026,24,6
440-541-4,Mercury Draught Cider,375,24,61.30,15.33,22.99,MAR 2026,24,6
440-481-6,Mercury Dry Cider,375,24,61.30,15.33,22.99,MAR 2026,24,6
440-182-8,Mercury Hard Cider 3x10 Cans,375,30,81.37,27.12,41.99,MAR 2026,30,10
440-139-2,Mercury Hard Cider Cans,375,24,66.16,16.54,24.99,MAR 2026,24,6
440-288-1,Mercury Hard Crushed Raspberry,375,24,70.20,17.55,26.99,MAR 2026,24,6
440-314-9,Mercury Hard P/Fruit Cans,375,24,70.20,17.55,26.99,MAR 2026,24,6
440-140-9,Monteiths Apple Cider 10pk Can,330,30,68.03,22.68,34.99,MAR 2026,30,10
440-722-5,Monteiths Crushed A.Cider 4.5%,330,24,65.40,10.90,16.99,MAR 2026,24,4
440-219-5,Orchard Thieves Crisp Cider,330,24,59.96,14.99,22.99,MAR 2026,24,6
440-361-1,Pressmans Apple Cider,375,30,64.44,21.48,32.99,MAR 2026,30,10
440-128-5,Pressmans Cider 4.5% 6pk Btl,330,24,55.21,13.80,20.99,MAR 2026,24,6
440-355-9,Pure Blonde Cider 3x10pk 330ml,330,30,77.32,25.77,39.99,MAR 2026,30,10
440-356-8,Pure Blonde Cider Stubbs 330ml,330,24,60.66,15.17,22.99,MAR 2026,24,6
440-366-6,Rekorderlig L/Sg Strw & Lime,330,24,90.10,15.02,22.99,MAR 2026,24,4
440-364-8,Rekorderlig Strw & Lime 330ml,330,24,90.10,15.02,22.99,MAR 2026,24,4
440-362-0,Rekorderlig Strw & Lime 500ml,500,15,83.88,5.59,8.99,MAR 2026,15,1
440-367-5,Rekorderlig Wild Berries 330ml,330,24,90.10,15.02,22.99,MAR 2026,24,4
440-368-4,Rekorderlig Wild Berries 500ml,500,15,83.88,5.59,8.99,MAR 2026,15,1
440-316-7,Riot Wine Pinot G,250,24,100.75,16.79,25.99,MAR 2026,24,4
440-317-6,Riot Wine Pinot Noir,250,24,108.93,18.16,27.99,MAR 2026,24,4
440-318-5,Riot Wine Rose Grenache 12.5%,250,24,100.75,16.79,25.99,MAR 2026,24,4
440-319-4,Riot Wine Rose Spritz 8% Cans,250,24,82.53,13.76,20.99,MAR 2026,24,4
440-017-9,Somersby Apple Cider 3x10pK,375,30,68.25,22.75,34.99,MAR 2026,30,10
440-016-0,Somersby Apple Cider 4.5% 4x6p,330,24,60.72,15.18,22.99,MAR 2026,24,6
440-170-2,Somersby Blackberry 4.0% 6x4pk,330,24,91.32,15.22,22.99,MAR 2026,24,4
440-018-8,Somersby Pear Cider 3x10pK,375,30,68.25,22.75,34.99,MAR 2026,30,10
440-015-1,Somersby Pear Cider 4.5% 4x6p,330,24,60.72,15.18,22.99,MAR 2026,24,6
440-353-1,Somersby Super Crisp 3x10pk,375,30,68.25,22.75,34.99,MAR 2026,30,10
440-270-1,Somersby W/Melon 4.0% 6x4pk,330,24,91.32,15.22,22.99,MAR 2026,24,4
440-278-3,Strongbow Bloss.Rose 8.2%,330,24,56.58,14.15,21.99,MAR 2026,24,6
440-030-2,Strongbow Dry Apple 355ml,355,24,44.67,11.17,16.99,MAR 2026,24,6
440-360-2,Strongbow Hard Cider 8.2%,375,16,42.71,10.68,15.99,MAR 2026,16,4
440-369-3,Strongbow Hard Lemon Cider,375,16,45.29,11.32,16.99,MAR 2026,16,4
440-163-1,Strongbow Low Carb 3x10pk,375,30,56.90,18.97,28.99,MAR 2026,30,10
440-332-7,Strongbow Low Carb Apple 355ml,355,24,44.67,11.17,16.99,MAR 2026,24,6
440-154-2,Strongbow Original 3x10 375mL,375,30,56.90,18.97,28.99,MAR 2026,30,10
440-103-4,Strongbow Original Cider 355ml,355,24,44.67,11.17,16.99,MAR 2026,24,6
440-092-7,Strongbow Sweet Apple 355ml,355,24,44.67,11.17,16.99,MAR 2026,24,6
440-037-5,Ted 5 Seeds Cloudy Apple Cider,345,24,56.49,14.12,21.99,MAR 2026,24,6
440-033-9,Ted 5 Seeds Crisp Cider,345,24,56.49,14.12,21.99,MAR 2026,24,6
440-248-0,Ted 5 Seeds Low Sugar,345,24,56.49,14.12,21.99,MAR 2026,24,6
440-354-0,Thatchers Cider 6x4pk,375,24,64.84,10.81,16.99,MAR 2026,24,4
440-358-6,Three Oaks Apple Cider 10p 10%,375,30,72.56,24.19,36.99,MAR 2026,30,10
440-190-8,Three Oaks Apple Cider 3x10 8%,375,30,64.24,21.41,32.99,MAR 2026,30,10
440-104-3,Three Oaks Cider 5% 10pk Cans,375,30,55.66,18.55,27.99,MAR 2026,30,10
440-168-6,Three Oaks Cider Apple 4x6pk,330,24,52.00,13.00,19.99,MAR 2026,24,6
440-329-2,Three Oaks Tropical 8% 10pk,375,30,65.60,21.87,33.99,MAR 2026,30,10
440-313-0,Willie Smiths Bone Dry Cider,355,16,61.21,15.30,23.99,MAR 2026,16,4
440-370-0,Willie Smiths Organic Cider 4p,355,16,66.37,16.59,25.99,MAR 2026,16,4
440-307-8,Willie Smiths Trad. Cider,355,16,61.21,15.30,23.99,MAR 2026,16,4
440-214-0,Young Henrys Cloudy Cider,375,24,65.76,16.44,24.99,MAR 2026,24,6
440-340-7,Yulli's Margot Dry Apple Cider,375,24,72.49,18.12,29.99,MAR 2026,24,6
445-000-7,Willie Smiths Non Alc Cider,355,16,45.95,11.49,17.99,MAR 2026,16,4
450-032-9,Antipodes Sparkling 1l,1000,6,26.59,4.43,6.99,MAR 2026,6,1
450-029-4,Antipodes Sparkling 500ml,500,12,34.03,2.84,3.99,MAR 2026,12,1
450-034-7,Antipodes Still Water 1l,1000,6,26.59,4.43,6.99,MAR 2026,6,1
450-035-6,Antipodes Still Water 500ml,500,12,34.03,2.84,3.99,MAR 2026,12,1
450-000-7,Cool Ridge Spr/Wat Pet 1.5lt,1500,8,33.88,4.24,5.99,MAR 2026,8,1
450-030-1,Cool Ridge Spring Water Pet,600,24,33.13,1.38,1.99,MAR 2026,24,1
450-024-9,Iq Spring Water (Pet),350,24,14.55,0.61,0.99,MAR 2026,24,1
450-025-8,Mt Franklin Still 1.5l,1500,8,24.52,3.07,4.99,MAR 2026,8,1
450-026-7,Mt Franklin Still 600ml Case,600,24,30.74,1.28,1.99,MAR 2026,24,1
450-012-3,Mt Ossa Spark Water 750ml,750,12,30.58,2.55,3.99,MAR 2026,12,1
450-011-4,Mt Ossa Still Water 750ml,750,12,30.58,2.55,3.99,MAR 2026,12,1
450-019-6,Oasis Water,600,24,16.15,0.67,0.99,MAR 2026,24,1
450-129-3,S.Pellegrino Sparkling Water,500,24,48.59,2.02,2.99,MAR 2026,24,1
450-121-1,S.Pellegrino Sparkling Water,1000,12,39.52,3.29,4.99,MAR 2026,12,1
450-022-1,S.Pellegrino Sparkling Water,250,24,36.36,1.52,1.99,MAR 2026,24,1
450-021-2,S.Pellegrino Sparkling Water,750,12,38.30,3.19,4.99,MAR 2026,12,1
450-008-9,Santa Vittoria Spark M/Water,500,12,19.51,1.63,2.99,MAR 2026,12,1
450-007-0,Santa Vittoria Spark M/Water,750,6,12.36,2.06,2.99,MAR 2026,6,1
450-137-3,Schweppes 4pk Min Water Glass,300,24,46.39,7.73,10.99,MAR 2026,24,4
450-006-1,Schweppes Mineral Water Pet,1100,12,31.07,2.59,3.99,MAR 2026,12,1
455-032-8,Barmans Choice Lime Juice,750,12,52.55,4.38,6.99,MAR 2026,1,1
455-701-8,Barmans Choice Raspberry,750,12,52.55,4.38,6.99,MAR 2026,1,1
455-033-7,Barmans Choice Sugar Syrup,750,12,52.55,4.38,6.99,MAR 2026,1,1
455-703-6,Bickfords Cranberry Juice (Pet,1000,6,32.14,5.36,7.99,MAR 2026,6,1
455-135-4,Bickfords Lem Lim Bit Cordial,750,12,54.56,4.55,6.99,MAR 2026,1,1
455-136-3,Bickfords Lemon Cordial,750,12,54.56,4.55,6.99,MAR 2026,1,1
455-106-9,Bickfords Lime Cordial,750,12,54.56,4.55,6.99,MAR 2026,1,1
455-107-8,Bickfords Raspberry Cordial,750,12,54.56,4.55,6.99,MAR 2026,1,1
455-160-2,Cascade Lime Cordial 750ml,750,6,38.13,6.36,9.99,MAR 2026,1,1
455-161-1,Cascade Raspberry Cordial 750m,750,6,38.13,6.36,9.99,MAR 2026,1,1
455-124-7,Crawley's Agave Syrup,750,6,126.55,21.09,31.99,MAR 2026,1,1
455-185-3,Crawley's Ginger Syrup Non-Alc,750,6,140.05,23.34,35.99,MAR 2026,1,1
455-129-2,Crawley's Orgeat Syrup,750,6,126.55,21.09,31.99,MAR 2026,1,1
455-125-6,Crawley's Rose Syrup,750,6,111.55,18.59,27.99,MAR 2026,1,1
455-121-0,Crawley's Simple Syrup,750,6,63.25,10.54,15.99,MAR 2026,1,1
455-208-6,Dodge Hangover Relief,200,12,37.73,12.58,18.99,MAR 2026,12,4
455-012-2,Fee Brothers Falernum Syrup,1000,12,246.95,20.58,30.99,MAR 2026,1,1
455-019-5,Fee Brothers Orgeat Syrup,1000,12,247.05,20.59,30.99,MAR 2026,1,1
455-210-2,Fever Tree Margarita Mix,500,8,67.45,8.43,12.99,MAR 2026,1,1
455-209-5,Fever Tree Mojito Mix,500,8,67.45,8.43,12.99,MAR 2026,1,1
455-024-8,Finest Call Bloody Mary Mix,1000,12,150.02,12.50,18.99,MAR 2026,1,1
455-038-2,Finest Call Espresso Mix,1000,12,150.02,12.50,18.99,MAR 2026,1,1
455-110-3,Finest Call Lemon Juice,1000,12,173.85,14.49,21.99,MAR 2026,1,1
455-040-8,Finest Call Lemon Sour,1000,12,173.85,14.49,21.99,MAR 2026,1,1
455-097-0,Finest Call Lime Juice,1000,12,173.85,14.49,21.99,MAR 2026,1,1
455-010-4,Finest Call Mango,1000,12,155.26,12.94,19.99,MAR 2026,1,1
455-005-1,Finest Call Margarita Mix,1000,12,150.02,12.50,18.99,MAR 2026,1,1
455-004-2,Finest Call Mojito Mix,1000,12,150.02,12.50,18.99,MAR 2026,1,1
455-013-1,Finest Call Passionfruit,1000,12,155.26,12.94,19.99,MAR 2026,1,1
455-138-1,Finest Call Pina Colada Mix,1000,12,150.02,12.50,18.99,MAR 2026,1,1
455-174-6,Finest Call Pornstar Martini,1000,12,150.02,12.50,18.99,MAR 2026,1,1
455-009-7,Finest Call Raspberry,1000,12,155.26,12.94,19.99,MAR 2026,1,1
455-008-8,Finest Call Strawberry,1000,12,155.26,12.94,19.99,MAR 2026,1,1
455-041-7,Finest Call Watermelon,1000,12,155.26,12.94,19.99,MAR 2026,1,1
455-109-6,Finest Call White Peach,1000,12,155.26,12.94,19.99,MAR 2026,1,1
455-115-8,First Press Coffee Mix,750,6,95.55,15.93,24.99,MAR 2026,1,1
455-001-5,Herradura Agave Nectar,478,12,137.29,11.44,17.99,MAR 2026,1,1
455-050-5,Jose Cuervo Margarita Mix,1000,6,81.64,13.61,20.99,MAR 2026,3,1
455-049-9,Little Drippa Coffee,750,6,101.55,16.93,25.99,MAR 2026,1,1
455-134-5,Master Of Mixes Espresso,1000,6,59.55,9.93,14.99,MAR 2026,3,1
455-133-6,Master Of Mixes Mango,1000,6,59.55,9.93,14.99,MAR 2026,3,1
455-075-6,Master Of Mixes Margarita,1000,6,59.55,9.93,14.99,MAR 2026,3,1
455-073-8,Master Of Mixes Mojito,1000,6,59.55,9.93,14.99,MAR 2026,3,1
455-215-7,Master Of Mixes Passionfruit,1000,6,59.55,9.93,14.99,MAR 2026,3,1
455-074-7,Master Of Mixes Pina Coloda,1000,6,59.55,9.93,14.99,MAR 2026,3,1
455-216-6,Master Of Mixes Spicymargarita,1000,6,59.55,9.93,14.99,MAR 2026,3,1
455-081-8,Master Of Mixes Straw Daiquiri,1000,6,59.55,9.93,14.99,MAR 2026,1,1
455-199-7,Monin Almond Syrup R,700,6,78.55,13.09,19.99,MAR 2026,1,1
455-194-2,Monin Blue Curacao Syrup R,700,6,78.55,13.09,19.99,MAR 2026,1,1
455-195-1,Monin Bubblegum Syrup R,700,6,78.55,13.09,19.99,MAR 2026,1,1
455-190-6,Monin Caramel Syrup R,700,6,78.55,13.09,19.99,MAR 2026,1,1
455-200-4,Monin Cinnamon Syrup R,700,6,78.55,13.09,19.99,MAR 2026,1,1
455-189-9,Monin Coconut Syrup R,700,6,78.55,13.09,19.99,MAR 2026,1,1
455-196-0,Monin Elderflower Syrup R,700,6,78.55,13.09,19.99,MAR 2026,1,1
455-201-3,Monin Green Apple R,700,6,78.55,13.09,19.99,MAR 2026,1,1
455-212-0,Monin Green Mint Syrup R,700,6,78.55,13.09,19.99,MAR 2026,1,1
455-181-7,Monin Grenadine Syrup R,700,6,78.55,13.09,19.99,MAR 2026,1,1
455-214-8,Monin Hibiscus Syrup R,700,6,78.55,13.09,19.99,MAR 2026,1,1
455-202-2,Monin Honeycomb Syrup R,700,6,78.55,13.09,19.99,MAR 2026,1,1
455-186-2,Monin Lychee Syrup R,700,6,78.55,13.09,19.99,MAR 2026,1,1
455-192-4,Monin Mango Syrup R,700,6,78.55,13.09,19.99,MAR 2026,1,1
455-205-9,Monin Passionfruit Syrup R,700,6,78.55,13.09,19.99,MAR 2026,1,1
455-188-0,Monin Peach Syrup R,700,6,78.55,13.09,19.99,MAR 2026,1,1
455-203-1,Monin Pomegranate Syrup R,700,6,78.55,13.09,19.99,MAR 2026,1,1
455-204-0,Monin Popcorn Syrup R,700,6,78.55,13.09,19.99,MAR 2026,1,1
455-180-8,Monin Pure Cane Sugar Syrup R,700,6,78.55,13.09,19.99,MAR 2026,1,1
455-197-9,Monin Rose Syrup R,700,6,78.55,13.09,19.99,MAR 2026,1,1
455-193-3,Monin Strawberry Syrup R,700,6,78.55,13.09,19.99,MAR 2026,1,1
455-187-1,Monin Vanilla Syrup R,700,6,78.55,13.09,19.99,MAR 2026,1,1
455-191-5,Monin Watermelon Syrup R,700,6,78.55,13.09,19.99,MAR 2026,1,1
455-166-6,Mr Consistent Bloody Mary,750,6,123.55,20.59,31.99,MAR 2026,1,1
455-163-9,Mr Consistent Classic Lime,750,6,123.55,20.59,31.99,MAR 2026,1,1
455-172-8,Mr Consistent Cosmo,750,6,123.55,20.59,31.99,MAR 2026,1,1
455-167-5,Mr Consistent Espresso Martini,750,6,123.55,20.59,31.99,MAR 2026,1,1
455-165-7,Mr Consistent French Martini,750,6,123.55,20.59,31.99,MAR 2026,1,1
455-169-3,Mr Consistent Mango Lime,750,6,123.55,20.59,31.99,MAR 2026,1,1
455-173-7,Mr Consistent Margarita,750,6,123.55,20.59,31.99,MAR 2026,1,1
455-164-8,Mr Consistent Pash Inn,750,6,123.55,20.59,31.99,MAR 2026,1,1
455-162-0,Mr Consistent S/Berry Lime,750,6,123.55,20.59,31.99,MAR 2026,1,1
455-171-9,Mr Consistent Sours,750,6,123.55,20.59,31.99,MAR 2026,1,1
455-170-0,Mr Consistent Waterboy,750,6,123.55,20.59,31.99,MAR 2026,1,1
455-079-2,Real Agave Nectar 500ml,500,6,103.87,17.31,26.99,MAR 2026,1,1
455-077-4,Real Blueberry Puree 500ml,500,6,88.35,14.73,22.99,MAR 2026,1,1
455-022-0,Real Coc Coconut Puree 500ml,500,12,167.15,13.93,20.99,MAR 2026,1,1
455-207-7,Real Guava Puree,500,6,88.35,14.73,22.99,MAR 2026,1,1
455-206-8,Real Mango Puree,500,6,88.35,14.73,22.99,MAR 2026,1,1
455-130-9,Real Passionfruit Puree 500ml,500,6,88.35,14.73,22.99,MAR 2026,1,1
455-127-4,Real Pineapple Puree 500ml,500,6,88.35,14.73,22.99,MAR 2026,1,1
455-128-3,Real Strawberry Puree 500ml,500,6,88.35,14.73,22.99,MAR 2026,1,1
455-177-3,Schweppes Lime Cordial 12pk,750,12,65.66,5.47,7.99,MAR 2026,1,1
455-178-2,Schweppes Raspberry Cordial,750,12,65.66,5.47,7.99,MAR 2026,1,1
455-211-1,Seoul Tonic Hangover Relief 12,100,12,51.55,4.30,6.99,MAR 2026,12,1
455-179-1,Seoul Tonic Hangover Relief 48,100,48,195.55,4.07,5.99,MAR 2026,48,1
455-159-5,Seoul Tonic Hangover Relief 90,100,90,363.55,4.04,6.99,MAR 2026,90,1
455-217-5,Seoul Tonic Recovery Tonic 48p,100,48,195.55,4.07,5.99,MAR 2026,48,1
455-047-1,Spring Valley Apple Juice,1250,8,50.41,6.30,9.99,MAR 2026,8,1
455-036-4,Spring Valley Cranberry Juice,1250,8,51.54,6.44,9.99,MAR 2026,8,1
455-117-6,Spring Valley Orange Juice,300,24,72.09,3.00,4.99,MAR 2026,24,1
455-048-0,Spring Valley Orange Juice,1250,8,50.41,6.30,9.99,MAR 2026,8,1
455-035-5,Spring Valley Pineapple Juice,1250,8,50.41,6.30,9.99,MAR 2026,8,1
455-137-2,Supasawa Sour Cocktail Mixer,700,6,138.55,23.09,35.99,MAR 2026,1,1
455-126-5,Tres Agaves Org Margarita Mxr,1000,6,73.13,12.19,18.99,MAR 2026,3,1
460-351-1,Aqua Lupa Spk Hop Water/Electr,330,16,32.55,8.14,12.99,MAR 2026,16,4
460-340-5,Batch Hip Hop Citrus Banger,375,16,32.55,8.14,12.99,MAR 2026,16,4
460-248-8,Bickfords Dry Tonic Can 4x6pk,250,24,29.31,7.33,10.99,MAR 2026,24,6
460-252-1,Bickfords Ginger Ale Cans 4x6,250,24,29.31,7.33,10.99,MAR 2026,24,6
460-251-2,Bickfords Sf Citrus Tonic 4x6,250,24,29.67,7.42,10.99,MAR 2026,24,6
460-249-7,Bickfords Sf Dry Tonic Can 4x6,250,24,29.67,7.42,10.99,MAR 2026,24,6
460-253-0,Bickfords Soda Water Can 4x6,250,24,29.31,7.33,10.99,MAR 2026,24,6
460-267-4,Bilpin Non Alc Ginger Beer,330,24,63.85,10.64,15.99,MAR 2026,24,4
460-270-9,Bundaberg Blood Orange 375ml,375,12,21.95,1.83,2.99,MAR 2026,12,1
460-171-9,Bundaberg Creaming Soda 375ml,375,12,21.95,1.83,2.99,MAR 2026,12,1
460-096-1,Bundaberg Diet Ginger Beer 12p,375,12,21.95,1.83,2.99,MAR 2026,12,1
460-411-9,Bundaberg G/Beer Bottles (910),375,24,40.34,1.68,2.99,MAR 2026,24,1
460-077-4,Bundaberg G/Beer Bottles (920),375,24,40.34,6.72,8.99,MAR 2026,24,4
460-412-8,Bundaberg Ginger Beer 750ml,750,12,38.66,3.22,4.99,MAR 2026,12,1
460-228-2,Bundaberg Ginger Beer Cans,200,24,29.22,1.22,1.99,MAR 2026,24,1
460-266-5,Bundaberg Guava 375ml Bott,375,12,21.95,1.83,2.99,MAR 2026,12,1
460-247-9,Bundaberg L/Lime Bitters Cans,200,24,29.22,7.31,10.99,MAR 2026,24,6
460-098-9,Bundaberg Lemon Lime & Bitters,375,12,21.95,1.83,2.99,MAR 2026,12,1
460-172-8,Bundaberg Passionfruit 375ml,375,12,21.95,1.83,2.99,MAR 2026,12,1
460-246-0,Bundaberg Passionfruit Cans,200,24,29.22,7.31,10.99,MAR 2026,24,6
460-097-0,Bundaberg Pineapple Coconut,375,12,21.95,1.83,2.99,MAR 2026,12,1
460-262-9,Bundaberg Pink Grapefruit,375,12,21.95,1.83,2.99,MAR 2026,12,1
460-245-1,Bundaberg Pink Grapefruit Cans,200,24,29.22,7.31,10.99,MAR 2026,24,6
460-095-2,Bundaberg Sarsaparilla 12pk,375,12,21.95,1.83,2.99,MAR 2026,12,1
460-066-7,Bundaberg Traditonal Lemonade,375,12,21.95,1.83,2.99,MAR 2026,12,1
460-170-0,Bundaberg Tropical Mango 375ml,375,12,21.95,1.83,2.99,MAR 2026,12,1
460-206-8,Capi Blood Orange 4pk,250,24,44.03,7.34,10.99,MAR 2026,24,4
460-236-2,Capi Cranberry Loose,250,24,44.03,1.83,2.99,MAR 2026,1,1
460-205-9,Capi Dry Ginger Ale 24pk,250,24,44.03,1.83,2.99,MAR 2026,24,1
460-204-0,Capi Dry Tonic 4pk,250,24,44.03,7.34,10.99,MAR 2026,24,4
460-149-8,Capi Dry Tonic Water 750ml,750,12,42.49,3.54,4.99,MAR 2026,12,1
460-083-6,Capi Ginger Beer 4pk,250,24,44.03,7.34,10.99,MAR 2026,24,4
460-062-1,Capi Ginger Beer 750ml,750,12,42.49,3.54,4.99,MAR 2026,12,1
460-076-5,Capi Lemon Loose Pack,250,24,44.03,1.83,2.99,MAR 2026,24,1
460-072-9,Capi Lemonade Loose Pack,250,24,44.03,1.83,2.99,MAR 2026,24,1
460-243-3,Capi Pink Grapefruit 4pk,250,24,44.03,7.34,10.99,MAR 2026,24,4
460-242-4,Capi Pink Grapefruit 750mL,750,12,42.49,3.54,4.99,MAR 2026,12,1
460-308-5,Capi Soda Water Loose 250ml,250,24,44.03,1.83,2.99,MAR 2026,24,1
460-212-0,Capi Sparkling Mineral Water,500,15,29.56,1.97,2.99,MAR 2026,15,1
460-019-5,Capi Sparkling Mineral Water,750,12,31.73,2.64,3.99,MAR 2026,12,1
460-010-4,Capi Sparkling Mineral Water,250,24,34.87,1.45,1.99,MAR 2026,24,1
460-211-1,Capi Still Mineral Water 500ml,500,15,29.56,1.97,2.99,MAR 2026,15,1
460-018-6,Capi Still Mineral Water 750ml,750,12,31.73,2.64,3.99,MAR 2026,12,1
460-222-8,Capi Still Water 250ml,250,24,34.87,1.45,1.99,MAR 2026,24,1
460-277-2,Capi Sunset Tonic 750ml,750,12,42.49,3.54,4.99,MAR 2026,12,1
460-234-4,Capi Tonic Water 4pk,250,24,44.03,7.34,10.99,MAR 2026,24,4
460-063-0,Capi Tonic Water 750ml,750,12,42.49,3.54,4.99,MAR 2026,12,1
460-203-1,Capi Yuzu,250,24,44.03,7.34,10.99,MAR 2026,24,4
460-250-3,Coca Cola,2000,8,37.64,4.71,6.99,MAR 2026,8,1
460-150-4,Coca Cola,1250,12,36.89,3.07,4.99,MAR 2026,12,1
460-337-0,Coca Cola 250ml Cans 4x6pk,250,24,29.83,7.46,10.99,MAR 2026,24,6
460-329-0,Coca Cola 600ml Pet Case,600,24,72.10,3.00,4.99,MAR 2026,24,1
460-256-7,Coca Cola Can Cubes,375,24,35.41,1.48,,MAR 2026,24,1
460-254-9,Coca Cola Diet Can Cubes,375,24,35.41,1.48,1.99,MAR 2026,24,1
460-101-4,Coca Cola Glass,330,24,55.77,2.32,3.99,MAR 2026,24,1
460-162-0,Coca Cola No Sugar,330,24,55.77,2.32,3.99,MAR 2026,24,1
460-328-1,Coca Cola No Sugar 2l Bottle,2000,8,37.64,4.71,6.99,MAR 2026,8,1
460-327-2,Coca Cola No Sugar 600ml Pet,600,24,72.10,3.00,4.99,MAR 2026,24,1
460-255-8,Coca Cola No Sugar Can Cubes,375,24,35.41,1.48,,MAR 2026,24,1
460-336-1,Coca Cola Zero 250ml Cans 4x6p,250,24,29.83,7.46,10.99,MAR 2026,24,6
460-163-9,Coke No Sugar 1.25 Litre,1250,12,36.89,3.07,4.99,MAR 2026,12,1
460-925-8,Coopers Ultra Light Btl 375ml,375,24,34.54,1.44,1.99,MAR 2026,24,1
460-232-6,Diet Coke 1.25l,1250,12,36.89,3.07,4.99,MAR 2026,12,1
460-102-3,Diet Coke 330ml Glass,330,24,55.77,2.32,3.99,MAR 2026,24,1
460-326-3,Diet Coke 600ml Pet 24case,600,24,72.10,3.00,4.99,MAR 2026,24,1
460-177-3,Fever Tree Aromatic Tonic,200,24,44.05,7.34,10.99,MAR 2026,24,4
460-346-9,Fever Tree Blood Orange Soda,500,8,32.05,4.01,5.99,MAR 2026,8,1
460-238-0,Fever Tree Blood Orange Soda,200,24,44.05,7.34,10.99,MAR 2026,24,4
460-273-6,Fever Tree Cola,200,24,44.05,7.34,10.99,MAR 2026,24,4
460-197-9,Fever Tree Elderflower,500,8,32.05,4.01,5.99,MAR 2026,8,1
460-142-5,Fever Tree Elderflower,200,24,44.05,7.34,10.99,MAR 2026,24,4
460-223-7,Fever Tree Ginger Ale,500,8,32.05,4.01,5.99,MAR 2026,8,1
460-049-9,Fever Tree Ginger Ale,200,24,44.05,7.34,10.99,MAR 2026,24,4
460-344-1,Fever Tree Ginger Beer,500,8,32.05,4.01,5.99,MAR 2026,8,1
460-051-4,Fever Tree Ginger Beer,200,24,44.05,7.34,10.99,MAR 2026,24,4
460-240-6,Fever Tree Grapefruit Soda,200,24,44.05,7.34,10.99,MAR 2026,24,4
460-173-7,Fever Tree Indian Tonic,500,8,32.05,4.01,5.99,MAR 2026,8,1
460-048-0,Fever Tree Indian Tonic,200,24,44.05,7.34,10.99,MAR 2026,24,4
460-333-4,Fever Tree Indian Tonic R,200,24,39.20,6.53,9.99,MAR 2026,24,4
460-224-6,Fever Tree Lemon Tonic,200,24,44.05,7.34,10.99,MAR 2026,24,4
460-047-1,Fever Tree Lemonade,200,24,44.05,7.34,10.99,MAR 2026,24,4
460-225-5,Fever Tree Light Tonic,500,8,32.05,4.01,5.99,MAR 2026,8,1
460-347-8,Fever Tree Light Wild R/Berry,200,24,44.05,11.01,16.99,MAR 2026,24,6
460-239-9,Fever Tree Lime Yuzu Soda,200,24,44.05,7.34,10.99,MAR 2026,24,4
460-365-5,Fever Tree Mango Passionfruit,500,8,67.45,8.43,,MAR 2026,8,1
460-348-7,Fever Tree Mediterranean Tonic,150,24,33.85,11.28,16.99,MAR 2026,24,8
460-178-2,Fever Tree Mediterrean Tonic,500,8,32.05,4.01,5.99,MAR 2026,8,1
460-046-2,Fever Tree Mediterrean Tonic,200,24,44.05,7.34,10.99,MAR 2026,24,4
460-334-3,Fever Tree Mediterrean Tonic R,200,24,39.20,6.53,9.99,MAR 2026,24,4
460-345-0,Fever Tree Pink G/Fruit Soda,500,8,32.05,4.01,5.99,MAR 2026,8,1
460-349-6,Fever Tree Premium Soda Water,500,8,32.05,4.01,5.99,MAR 2026,8,1
460-045-3,Fever Tree Premium Soda Water,200,24,44.05,7.34,10.99,MAR 2026,24,4
460-244-2,Fever Tree Raspberry Tonic,500,8,32.05,4.01,,MAR 2026,8,1
460-137-2,Fever Tree Refeshingly Lht To,200,24,44.05,7.34,10.99,MAR 2026,24,4
460-341-4,Fever Tree Spiced Orange G/Ale,200,24,44.05,7.34,10.99,MAR 2026,24,4
460-338-9,Free Energy Drink 250ml,250,24,48.63,2.03,2.99,MAR 2026,24,1
460-117-6,Gatorade Lemon Lime,600,12,45.79,3.82,5.99,MAR 2026,12,1
460-020-2,Holsten Non Alc. Beer,330,24,37.77,9.44,14.99,MAR 2026,24,6
460-322-7,Kirks Dry Ginger Ale 250ml 6pk,250,24,29.83,7.46,10.99,MAR 2026,24,6
460-323-6,Kirks Lime & Soda 250ml 6pk,250,24,29.83,7.46,10.99,MAR 2026,24,6
460-321-8,Kirks Soda Water 250ml 6pk,250,24,29.83,7.46,10.99,MAR 2026,24,6
460-332-5,Kirks Tonic Water 250ml 6pk,250,24,29.83,7.46,10.99,MAR 2026,24,6
460-258-5,Long Rays Citrus Tonic,275,24,39.60,6.60,9.99,MAR 2026,24,4
460-259-4,Long Rays Dark Soda Water,275,24,39.60,6.60,9.99,MAR 2026,24,4
460-261-0,Long Rays Original Soda,275,24,39.60,6.60,9.99,MAR 2026,24,4
460-257-6,Long Rays Original Tonic,275,24,39.60,6.60,9.99,MAR 2026,24,4
460-260-1,Long Rays Pacific Tonic Water,275,24,39.60,6.60,9.99,MAR 2026,24,4
460-342-3,Mix Indian Tonic,200,24,37.17,9.29,13.99,MAR 2026,24,6
460-343-2,Mix Pacific Tonic,200,24,37.17,9.29,13.99,MAR 2026,24,6
460-361-9,Monster Original 4pk,500,24,65.03,10.84,16.99,MAR 2026,24,4
460-354-8,Monster Original Singles,500,24,65.03,65.03,99.99,MAR 2026,24,24
460-353-9,Monster Zero Sugar 4pk,500,24,65.03,10.84,16.99,MAR 2026,24,4
460-352-0,Monster Zero Sugar Singles,500,24,65.03,65.03,99.99,MAR 2026,24,24
460-360-0,Mother Original 250ml Singles,250,24,49.41,49.41,75.99,MAR 2026,24,24
460-356-6,Mother Original 4pk,500,24,61.20,10.20,15.99,MAR 2026,24,4
460-358-4,Mother Original Singles,500,24,61.20,61.20,93.99,MAR 2026,24,24
460-359-3,Mother Zero Sugar Singles,500,24,61.20,61.20,93.99,MAR 2026,24,24
460-274-5,Pepsi Cola 300ml Bottle,300,24,46.39,7.73,11.99,MAR 2026,24,4
460-282-5,Pepsi Cola 30pk,375,30,39.63,1.32,1.99,MAR 2026,30,1
460-283-4,Pepsi Max 30pk,375,30,39.63,1.32,1.99,MAR 2026,30,1
460-275-4,Pepsi Max Cola 300ml Bottle,300,24,46.39,7.73,11.99,MAR 2026,24,4
460-802-6,Red Bull Energy Drink 4 Pack,250,24,52.91,8.82,13.99,MAR 2026,24,4
460-268-3,Red Bull Energy Drink Loose R,250,24,39.46,39.46,60.99,MAR 2026,24,24
460-801-7,Red Bull Energy Drink Singles,250,24,52.91,2.20,2.99,MAR 2026,24,1
460-265-6,Red Bull Energy Green Edition,250,12,28.23,2.35,3.99,MAR 2026,12,1
460-230-8,Red Bull Energy Red Edition,250,12,28.25,2.35,3.99,MAR 2026,12,1
460-087-2,Red Bull Sugar Free 250ml Can,250,24,52.91,2.20,2.99,MAR 2026,24,1
460-339-8,Red Bull Sugar Free 4pk,250,24,52.91,8.82,13.99,MAR 2026,24,4
460-229-1,Red Bull Tropical 12pk,250,12,28.25,2.35,3.99,MAR 2026,12,1
460-405-7,Schweppes 4pk Bitter/Lemon,300,24,46.39,7.73,11.99,MAR 2026,24,4
460-406-6,Schweppes 4pk Dry Ginger/Ale,300,24,46.39,7.73,11.99,MAR 2026,24,4
460-404-8,Schweppes 4pk Lem/Lime/Bitter,300,24,46.39,7.73,11.99,MAR 2026,24,4
460-407-5,Schweppes 4pk Lemonade,300,24,46.39,7.73,11.99,MAR 2026,24,4
460-408-4,Schweppes 4pk Soda Water,300,24,46.39,7.73,11.99,MAR 2026,24,4
460-363-7,Schweppes 4pk Soda Water R,300,24,36.55,6.09,8.99,MAR 2026,24,4
460-409-3,Schweppes 4pk Tonic Water,300,24,46.39,7.73,11.99,MAR 2026,24,4
460-364-6,Schweppes 4pk Tonic Water R,300,24,36.55,6.09,8.99,MAR 2026,24,4
460-165-7,Schweppes Dry Ginger Ale,1100,12,31.07,2.59,3.99,MAR 2026,12,1
460-263-8,Schweppes Lem/Lime/Bitters,1100,12,31.07,2.59,3.99,MAR 2026,12,1
460-201-3,Schweppes Lemonade 1.1ltr,1100,12,31.07,2.59,3.99,MAR 2026,12,1
460-278-1,Schweppes Lemonade Cans 30pk,375,30,39.63,1.32,1.99,MAR 2026,30,1
460-111-2,Schweppes Pepsi Cola 1.25lt,1250,12,37.70,3.14,4.99,MAR 2026,12,1
460-113-0,Schweppes Pepsi Max 1.25lt,1250,12,37.70,3.14,4.99,MAR 2026,12,1
460-264-7,Schweppes Raspberry 1.1l,1100,12,31.07,2.59,,MAR 2026,12,1
460-167-5,Schweppes Soda Water,1100,12,31.07,2.59,3.99,MAR 2026,12,1
460-109-6,Schweppes Sunkist 1.25lt,1250,12,37.70,3.14,4.99,MAR 2026,12,1
460-166-6,Schweppes Tonic Water,1100,12,31.07,2.59,3.99,MAR 2026,12,1
460-604-6,Solo 1.25lt,1250,12,37.70,3.14,4.99,MAR 2026,12,1
460-136-3,Solo 2lt,2000,8,36.11,4.51,6.99,MAR 2026,8,1
460-276-3,Solo Lemon 300ml Bottle,300,24,46.39,7.73,11.99,MAR 2026,24,4
460-281-6,Solo Lemon 30pk,375,30,39.63,1.32,1.99,MAR 2026,30,1
460-324-5,Sprite 1.25l X 12 Pet,1250,12,36.89,3.07,4.99,MAR 2026,12,1
460-335-2,Sprite 250ml Cans 4x6pk,250,24,29.83,7.46,10.99,MAR 2026,24,6
460-331-6,Sprite 330ml Glass Case,330,24,55.77,2.32,3.99,MAR 2026,24,1
460-325-4,Sprite 375ml 24 Cube,375,24,35.41,1.48,1.99,MAR 2026,24,1
460-330-7,Sprite 600ml Pet Case,600,24,72.10,3.00,4.99,MAR 2026,24,1
460-287-0,Strangelove Bitter Lemon,180,24,52.45,8.74,12.99,MAR 2026,24,4
460-288-9,Strangelove Coastal Tonic,180,24,49.45,8.24,12.99,MAR 2026,24,4
460-289-8,Strangelove Dirty Tonic,180,24,49.45,8.24,12.99,MAR 2026,24,4
460-301-2,Strangelove Guava Spk Water,330,24,45.31,7.55,11.99,MAR 2026,24,4
460-302-1,Strangelove Lemon Spk Water,330,24,43.70,7.28,10.99,MAR 2026,24,4
460-294-1,Strangelove Lo-Cal Dbl Ginger,300,24,60.54,10.09,15.99,MAR 2026,24,4
460-293-2,Strangelove Lo-Cal Grapefruit,300,24,60.54,10.09,15.99,MAR 2026,24,4
460-295-0,Strangelove Lo-Cal Lem Squash,300,24,60.54,10.09,15.99,MAR 2026,24,4
460-296-9,Strangelove Lo-Cal Lime & Jala,300,24,60.54,10.09,15.99,MAR 2026,24,4
460-298-7,Strangelove Lo-Cal Mandarin,300,24,60.54,10.09,15.99,MAR 2026,24,4
460-292-3,Strangelove Lo-Cal Pear & Cinn,300,24,60.54,10.09,15.99,MAR 2026,24,4
460-299-6,Strangelove Lo-Cal Yuzu,300,24,60.54,10.09,15.99,MAR 2026,24,4
460-303-0,Strangelove Nectarin Spk Water,330,24,43.70,7.28,10.99,MAR 2026,24,4
460-304-9,Strangelove P/Apple Spk Water,330,24,45.31,7.55,11.99,MAR 2026,24,4
460-290-5,Strangelove Salted Grapefruit,180,24,52.24,8.71,12.99,MAR 2026,24,4
460-291-4,Strangelove Soda Water,180,24,49.45,8.24,12.99,MAR 2026,24,4
460-307-6,Strangelove Spk Min Water 750m,750,12,40.82,3.40,4.99,MAR 2026,12,1
460-305-8,Strangelove Spk Mineral Water,330,24,45.31,7.55,11.99,MAR 2026,24,4
460-306-7,Strangelove Still Min Water,330,24,45.31,7.55,11.99,MAR 2026,24,4
460-286-1,Strangelove Tonic No. 8,180,24,49.45,8.24,12.99,MAR 2026,24,4
460-280-7,Sunkist Orange 30pk,375,30,39.63,1.32,1.99,MAR 2026,30,1
460-272-7,Yerbi Natural Energy Drink Can,250,24,50.17,8.36,12.99,MAR 2026,24,4
477-010-8,Redds Reuseable Minis 3x12pk,285,36,42.49,14.16,21.99,MAR 2026,36,12
480-176-2,Aquafab Aquafaba,500,12,173.71,14.48,21.99,MAR 2026,12,1
480-160-0,Lanes Kinda Sweet Bbq Sauce,400,12,136.75,11.40,17.99,MAR 2026,12,1
480-162-8,Lanes P/Apple Chipotle Bbq,400,12,136.75,11.40,17.99,MAR 2026,12,1
