date,venue,prefix,till,dept,product_name,qty,rev_ex_gst,rev_inc_gst,cost,cost_source,reconciled
2026-07-06,hg,hg,stow,f,Unlimited Dumplings,117.0,2548.3636,2803.2,818.7777,recipe,true
2026-07-06,hg,hg,hg,f,Unlimited Dumplings,32.0,698.1818,768.0,223.9392,recipe,true
2026-07-06,hg,hg,stow,f,Duck Spring Rolls,4.0,59.6091,65.57,0.0,lightspeed,true
2026-07-06,hg,hg,stow,f,BBQ Pork Buns,4.0,54.9909,60.49,14.0,recipe,true
2026-07-06,hg,hg,stow,f,Fried Rice,4.0,54.3636,59.8,11.2968,recipe,true
2026-07-06,hg,hg,stow,f,Dumplings - Prawn Har Gow [GF],3.0,49.6273,54.59,13.2057,recipe,true
2026-07-06,hg,hg,hg,b,River Retreat Pinot Grigio - Regular,4.0,43.6364,48.0,8.04,recipe,true
2026-07-06,hg,hg,hg,b,Pepsi Max Glass,9.0,36.8182,40.5,11.79,recipe,true
2026-07-06,hg,hg,stow,f,Kids Fried Rice,3.0,36.2273,39.85,0.0,lightspeed,true
2026-07-06,hg,hg,hg,b,Lemon Lime Bitters,8.0,32.7273,36.0,8.2152,recipe,true
2026-07-06,hg,hg,hg,b,Classic Margarita,2.0,30.0,33.0,8.3448,recipe,true
2026-07-06,hg,hg,stow,f,Outback Prawn Toast,3.0,29.0909,32.0,11.6688,recipe,true
2026-07-06,hg,hg,stow,f,Popcorn Cauliflower,2.0,26.2909,28.92,1.9222,recipe,true
2026-07-06,hg,hg,hg,b,Kuku Sauv Blanc - Regular,2.0,23.6364,26.0,5.2,recipe,true
2026-07-06,hg,hg,hg,f,Shredded Beef,1.0,23.6364,26.0,0.0,lightspeed,true
2026-07-06,hg,hg,hg,b,Sapporo - 500ml,2.0,23.1818,25.5,7.42,recipe,true
2026-07-06,hg,hg,hg,f,Fried Rice,1.0,21.8182,24.0,2.8242,recipe,true
2026-07-06,hg,hg,stow,f,Mie Goreng,1.0,20.9091,23.0,5.6688,recipe,true
2026-07-06,hg,hg,hg,b,Harry's Lager - Schooner,2.0,17.2727,19.0,3.145,recipe,true
2026-07-06,hg,hg,hg,b,Dragon Soda,2.0,16.3636,18.0,0.1108,recipe,true
2026-07-06,hg,hg,hg,b,Yuzu Orange Soda,2.0,16.3636,18.0,0.0,lightspeed,true
2026-07-06,hg,hg,hg,f,Chicken Karaage,1.0,15.4545,17.0,0.0,lightspeed,true
2026-07-06,hg,hg,hg,b,S&W Pacific Ale - Pint [HG],1.0,15.4545,17.0,0.0,lightspeed,true
2026-07-06,hg,hg,hg,f,Duck Spring Roll,1.0,14.5455,16.0,3.5692,recipe,true
2026-07-06,hg,hg,stow,f,Karaage Chicken,2.0,14.5455,16.0,0.0,lightspeed,true
2026-07-06,hg,hg,stow,f,Veg Spring Rolls,1.0,14.0818,15.49,0.0,lightspeed,true
2026-07-06,hg,hg,hg,f,BBQ Pork Buns,1.0,13.6364,15.0,3.5,recipe,true
2026-07-06,hg,hg,hg,f,Dumplings - Veg Gyoza,1.0,12.7273,14.0,1.9519,recipe,true
2026-07-06,hg,hg,hg,b,Lemonade Glass,3.0,12.2727,13.5,2.4096,recipe,true
2026-07-06,hg,hg,stow,f,Kids Mie Goreng,1.0,12.2,13.42,0.0,lightspeed,true
2026-07-06,hg,hg,stow,f,Dumplings - Beef & Cabbage,1.0,11.8182,13.0,1.4619,recipe,true
2026-07-06,hg,hg,hg,b,S&W Pacific Ale - Schooner [HG],1.0,11.8182,13.0,0.0,lightspeed,true
2026-07-06,hg,hg,hg,b,Lemon Chu-hi,1.0,10.9091,12.0,1.5041,recipe,true
2026-07-06,hg,hg,hg,b,White Light Pure Vodka [House],1.0,10.0,11.0,1.5208,recipe,true
2026-07-06,hg,hg,stow,f,Kids Dumplings - Veg,1.0,7.5091,8.26,0.0,lightspeed,true
2026-07-06,hg,hg,hg,b,Orange Juice Glass,2.0,7.2727,8.0,0.9602,recipe,true
2026-07-06,hg,hg,hg,f,Jasmine Rice,1.0,4.5455,5.0,0.0,lightspeed,true
2026-07-06,hg,hg,hg,b,Pepsi Glass,1.0,4.0909,4.5,1.31,recipe,true
2026-07-06,hg,hg,stow,f,Jasmine Rice,3.0,0.0,0.0,0.0,lightspeed,true
2026-07-06,hg,hg,hg,b,Lime,1.0,0.0,0.0,0.0,lightspeed,true
2026-07-06,hg,hg,hg,b,Soda,1.0,0.0,0.0,0.0,lightspeed,true
2026-07-06,mari,mari,mari,f,Chicken,3.0,8.0,8.8,0.0,lightspeed,true
2026-07-06,mari,mari,mari,f,Chicken.,3.0,5.5818,6.14,0.0,lightspeed,true
2026-07-06,stow,stow,stow,b,Version Two Pinot Grigio - Regular,23.0,240.0,264.0,40.6341,recipe,true
2026-07-06,stow,stow,stow,b,Fresh is Best Lager - Pint,13.0,148.4545,163.3,31.4847,recipe,true
2026-07-06,stow,stow,stow,b,Geppetto Pinot Noir - Regular,14.0,147.7273,162.5,49.168,recipe,true
2026-07-06,stow,stow,stow,b,Aperol Spritz,7.0,106.2909,116.92,24.892,recipe,true
2026-07-06,stow,stow,stow,b,Kirin - Schooner,9.0,102.2364,112.46,34.1721,recipe,true
2026-07-06,stow,stow,stow,b,Padrillos Malbec - Regular,6.0,99.2545,109.18,23.1996,recipe,true
2026-07-06,stow,stow,stow,b,Fresh is Best Lager - Schooner,10.0,77.1364,84.85,18.058,recipe,true
2026-07-06,stow,stow,stow,b,Pepsi Max Glass,18.0,74.9909,82.49,23.58,recipe,true
2026-07-06,stow,stow,stow,b,Scorched As,4.0,64.2909,70.72,17.3892,recipe,true
2026-07-06,stow,stow,stow,b,Grifter Pale - Pint,6.0,60.8909,66.98,19.9764,recipe,true
2026-07-06,stow,stow,stow,b,Pepsi Glass,14.5,59.3182,65.25,18.995,recipe,true
2026-07-06,stow,stow,stow,b,Tommy's Margarita,3.0,58.2091,64.03,15.1716,recipe,true
2026-07-06,stow,stow,stow,b,Jalapeño Marg,3.0,58.2,64.02,11.5374,recipe,true
2026-07-06,stow,stow,stow,b,Classic Margarita,4.0,57.3909,63.13,16.6896,recipe,true
2026-07-06,stow,stow,stow,b,Version Two Sparkling - Regular,7.0,53.6364,59.0,12.3669,recipe,true
2026-07-06,stow,stow,stow,b,White Light Pure Vodka [House],6.0,53.0727,58.38,9.1248,recipe,true
2026-07-06,stow,stow,stow,b,Trutta Streamside Shiraz [Chilled] - Regular,3.0,50.7,55.77,11.904,recipe,true
2026-07-06,stow,stow,stow,b,Fresh Lime Soda,15.0,48.5455,53.4,0.0,lightspeed,true
2026-07-06,stow,stow,stow,b,Stone & Wood - Schooner,4.0,47.2727,52.0,13.1852,recipe,true
2026-07-06,stow,stow,stow,b,Ottelia Chardonnay - Large,2.0,46.9455,51.64,11.5314,recipe,true
2026-07-06,stow,stow,stow,b,Stone & Wood - Pint,3.0,46.8727,51.56,13.2627,recipe,true
2026-07-06,stow,stow,stow,b,Version Two Pinot Grigio - Bottle,1.0,44.5455,49.0,8.83,lightspeed,true
2026-07-06,stow,stow,stow,b,Flower Child,2.0,40.0,44.0,7.0334,recipe,true
2026-07-06,stow,stow,stow,b,Philter XPA - Schooner,4.0,37.7273,41.5,8.954,recipe,true
2026-07-06,stow,stow,stow,b,Lemonade Glass,9.0,36.8182,40.5,7.2288,recipe,true
2026-07-06,stow,stow,stow,b,"Lemon, Lime & Bitters",8.0,36.3636,40.0,8.2152,recipe,true
2026-07-06,stow,stow,stow,b,Ottelia Cab Sav - Regular,2.0,31.4091,34.55,9.216,recipe,true
2026-07-06,stow,stow,stow,b,Heaps Normal Tin,3.0,30.0,33.0,8.0088,recipe,true
2026-07-06,stow,stow,stow,b,Mulled Wine,4.0,28.1636,30.98,8.3448,recipe,true
2026-07-06,stow,stow,stow,b,Glaetzer Anaperenna Shiraz Cab - Regular,1.0,26.2909,28.92,6.963,recipe,true
2026-07-06,stow,stow,stow,b,Kuku Sauvignon Blanc - Regular,2.0,26.2909,28.92,5.8282,recipe,true
2026-07-06,stow,stow,stow,b,Little Dragon Can,2.0,22.7273,25.0,6.9722,recipe,true
2026-07-06,stow,stow,stow,b,Pink Lemonade Glass,5.0,20.4545,22.5,4.7415,recipe,true
2026-07-06,stow,stow,stow,b,Hugo Spritz,1.0,19.7182,21.69,4.096,recipe,true
2026-07-06,stow,stow,stow,b,Corona,2.0,19.4,21.34,5.1426,recipe,true
2026-07-06,stow,stow,stow,b,A. Rodda Tempranillo - Regular,1.0,16.9,18.59,5.5699,recipe,true
2026-07-06,stow,stow,stow,b,Kirin - Pint,1.0,16.8182,18.5,5.0924,recipe,true
2026-07-06,stow,stow,stow,b,Philter XPA - Pint,2.0,16.3636,18.0,6.0044,recipe,true
2026-07-06,stow,stow,stow,b,Guinness Draught - Pint,1.0,15.9091,17.5,4.8051,recipe,true
2026-07-06,stow,stow,stow,b,Oceanside,1.0,14.0818,15.49,3.6073,recipe,true
2026-07-06,stow,stow,stow,b,Hot Chocolate,1.0,13.6364,15.0,0.0,lightspeed,true
2026-07-06,stow,stow,stow,b,Mother's Milk Shiraz - Regular,1.0,13.6364,15.0,3.2163,recipe,true
2026-07-06,stow,stow,stow,b,Open Price,28.0,12.7273,14.0,0.0,lightspeed,true
2026-07-06,stow,stow,stow,f,Kids Nuggets & Chips,1.0,11.8182,13.0,2.2427,recipe,true
2026-07-06,stow,stow,stow,b,Seadrift Coast Non-alc G&T,1.0,11.8182,13.0,2.6518,recipe,true
2026-07-06,stow,stow,stow,b,Fresh is Best Summer Lager - Pint,1.0,11.2727,12.4,2.1084,recipe,true
2026-07-06,stow,stow,stow,b,Fellr Watermelon Seltzer Tin,1.0,10.9091,12.0,3.41,lightspeed,true
2026-07-06,stow,stow,stow,f,Onion Rings,1.0,10.9091,12.0,0.0,lightspeed,true
2026-07-06,stow,stow,hg,f,Chicken Burrito [HG],1.0,10.1818,11.2,0.0,lightspeed,true
2026-07-06,stow,stow,stow,b,Philter Red - Schooner,3.0,10.0,11.0,7.5978,recipe,true
2026-07-06,stow,stow,stow,b,San Pellegrino 500ml,1.0,8.4455,9.29,2.32,recipe,true
2026-07-06,stow,stow,stow,b,Stow Soda - Passionfruit,1.0,8.1818,9.0,0.0,lightspeed,true
2026-07-06,stow,stow,stow,b,Cranberry Juice Glass,1.0,4.6909,5.16,0.69,recipe,true
2026-07-06,stow,stow,stow,b,Bundaberg Ginger Beer,1.0,4.5455,5.0,0.9922,recipe,true
2026-07-06,stow,stow,stow,b,1 Glass,1.0,0.0,0.0,0.0,lightspeed,true
2026-07-06,stow,stow,stow,b,Fill w Ice,4.0,0.0,0.0,0.0,lightspeed,true
2026-07-06,stow,stow,stow,b,Lime,3.0,0.0,0.0,0.0,lightspeed,true
2026-07-06,stow,stow,stow,b,On The Rocks,3.0,0.0,0.0,0.0,lightspeed,true
2026-07-06,stow,stow,stow,b,One Ice Cube,3.0,0.0,0.0,0.0,lightspeed,true
2026-07-06,stow,stow,stow,b,Petits Detours Rosé - Regular,1.0,0.0,0.0,3.468,recipe,true
2026-07-06,stow,stow,stow,f,Rosemary Salted Fries,1.0,0.0,0.0,1.86,recipe,true
2026-07-06,stow,stow,stow,b,Send Kids Food ASAP,1.0,0.0,0.0,0.0,lightspeed,true
2026-07-06,stow,stow,stow,f,Side Aioli,1.0,0.0,0.0,0.0,lightspeed,true
2026-07-06,stow,stow,stow,b,Side Tomato Sauce,1.0,0.0,0.0,0.0,lightspeed,true
2026-07-06,stow,stow,stow,b,Soda [mixer],3.0,0.0,0.0,0.0,lightspeed,true
2026-07-07,mari,mari,mari,f,Regular Truffalo Soldier [Dine-in],5.0,82.3636,90.6,15.34,recipe,true
2026-07-07,mari,mari,mari,f,Large Super House Special,3.0,80.0,88.0,22.8531,recipe,true
2026-07-07,mari,mari,mari,f,Large Hawaiian,3.0,69.0909,76.0,9.9471,recipe,true
2026-07-07,mari,mari,mari,f,"Regular No Chorizo, No Cry [Dine-in]",4.0,65.9909,72.59,10.566,recipe,true
2026-07-07,mari,mari,mari,f,Regular Hawaiian,3.0,60.0,66.0,9.816,recipe,true
2026-07-07,mari,mari,mari,f,Regular Uber Margherita [Dine-in],4.0,56.7091,62.38,10.848,recipe,true
2026-07-07,mari,mari,mari,f,Large Meatlovers,2.0,53.6364,59.0,13.48,recipe,true
2026-07-07,mari,mari,mari,f,Regular BBQ Chicken Pizza [Dine-in],3.0,50.7,55.77,7.4853,recipe,true
2026-07-07,mari,mari,mari,f,Regular Little Italy [Dine-in],3.0,50.1727,55.19,12.4965,recipe,true
2026-07-07,mari,mari,mari,f,Regular Hail Africa [Dine-in],3.0,50.1636,55.18,8.4675,recipe,true
2026-07-07,mari,mari,mari,f,Regular Meatlovers [Dine-in],3.0,50.1636,55.18,11.2398,recipe,true
2026-07-07,mari,mari,mari,f,Regular El Patron [Dine-in],3.0,49.6273,54.59,11.1861,recipe,true
2026-07-07,mari,mari,mari,f,Regular Jimmy Jury [Dine-in],3.0,49.0909,54.0,10.8642,recipe,true
2026-07-07,mari,mari,mari,f,Large Margherita,2.0,41.8182,46.0,4.6544,recipe,true
2026-07-07,mari,mari,mari,f,Feast Deal Pizzas,1.0,40.9091,45.0,14.0714,recipe,true
2026-07-07,mari,mari,mari,f,Under the Bridge Pizza,2.0,36.5909,40.25,7.8714,recipe,true
2026-07-07,mari,mari,mari,f,Regular Sanchez [Dine-in],2.0,33.8,37.18,7.8904,recipe,true
2026-07-07,mari,mari,mari,f,Large Bubba Gump,1.0,29.0909,32.0,5.5006,recipe,true
2026-07-07,mari,mari,mari,f,Large Cosmopolitan,1.0,29.0909,32.0,7.041,recipe,true
2026-07-07,mari,mari,mari,f,Large BBQ Chicken Pizza,1.0,27.7273,30.5,4.111,recipe,true
2026-07-07,mari,mari,mari,f,Large New Yorker,1.0,27.2727,30.0,4.9731,recipe,true
2026-07-07,mari,mari,mari,f,Large Pepperoni,1.0,25.4545,28.0,4.361,recipe,true
2026-07-07,mari,mari,mari,f,Large Vegetarian,1.0,24.5455,27.0,4.2436,recipe,true
2026-07-07,mari,mari,mari,f,Regular Bubba Gump,1.0,23.6364,26.0,3.6381,recipe,true
2026-07-07,mari,mari,mari,f,Regular Cosmopolitan,1.0,23.6364,26.0,4.4662,recipe,true
2026-07-07,mari,mari,mari,f,Gluten-free Base,5.0,23.3091,25.64,20.5,recipe,true
2026-07-07,mari,mari,mari,f,Regular Sanchez VEGAN,1.0,22.7273,25.0,2.6391,recipe,true
2026-07-07,mari,mari,mari,f,Regular Super House Special,1.0,21.8182,24.0,4.6187,recipe,true
2026-07-07,mari,mari,mari,f,Regular Pepperoni,1.0,20.0,22.0,2.6992,recipe,true
2026-07-07,mari,mari,mari,f,Garlic Bread,3.0,17.7273,19.5,4.4631,recipe,true
2026-07-07,mari,mari,mari,f,Axl Rose Pizza,1.0,16.9,18.59,0.0,lightspeed,true
2026-07-07,mari,mari,mari,f,Regular New Yorker [Dine-in],1.0,16.9,18.59,2.6399,recipe,true
2026-07-07,mari,mari,mari,f,Regular Roma Special [Dine-in],1.0,16.3636,18.0,2.9418,recipe,true
2026-07-07,mari,mari,mari,f,Coke 1.25L,1.0,6.3636,7.0,3.69,recipe,true
2026-07-07,mari,mari,mari,f,Sprite 1.25L,1.0,6.3636,7.0,4.2654,recipe,true
2026-07-07,mari,mari,mari,f,Add Prosciutto,1.0,3.7545,4.13,0.0,lightspeed,true
2026-07-07,mari,mari,mari,f,Add Calabrese,1.0,3.6364,4.0,0.0,lightspeed,true
2026-07-07,mari,mari,mari,f,Add Prawns,1.0,3.6364,4.0,0.0,lightspeed,true
2026-07-07,mari,mari,mari,f,Add Ham,1.0,2.8182,3.1,0.0,lightspeed,true
2026-07-07,mari,mari,mari,f,Add Pineapple,2.0,2.8182,3.1,0.0,lightspeed,true
2026-07-07,mari,mari,mari,f,Add Anchovies,1.0,1.8182,2.0,0.0,lightspeed,true
2026-07-07,mari,mari,mari,f,Add Chilli,2.0,1.8182,2.0,0.0,lightspeed,true
2026-07-07,mari,mari,mari,f,Add Mushrooms,1.0,1.4091,1.55,0.0,lightspeed,true
2026-07-07,mari,mari,mari,f,Add Olives,1.0,1.4091,1.55,0.0,lightspeed,true
2026-07-07,mari,mari,mari,f,Add Rocket,1.0,1.4091,1.55,0.0,lightspeed,true
2026-07-07,mari,mari,mari,f,Choc  Brownie,1.0,0.0,0.0,1.9501,recipe,true
2026-07-07,mari,mari,mari,f,Garlic  Bread,1.0,0.0,0.0,1.4877,recipe,true
2026-07-07,mari,mari,mari,f,Less Cheese,2.0,0.0,0.0,0.0,lightspeed,true
2026-07-07,stow,stow,stow,b,Jalapeño Marg,7.0,147.7455,162.52,26.9206,recipe,true
2026-07-07,stow,stow,stow,b,Stone & Wood - Schooner,12.0,143.3818,157.72,39.5556,recipe,true
2026-07-07,stow,stow,stow,b,Mother's Milk Shiraz - Regular,10.0,139.0455,152.95,32.163,recipe,true
2026-07-07,stow,stow,stow,b,Mulled Wine,8.0,111.7818,122.96,16.6896,recipe,true
2026-07-07,stow,stow,stow,b,Guinness Draught - Pint,7.0,108.1818,119.0,33.6357,recipe,true
2026-07-07,stow,stow,stow,b,Aperol Spritz,5.0,88.2727,97.1,17.78,recipe,true
2026-07-07,stow,stow,stow,b,Classic Margarita,5.0,85.4545,94.0,20.862,recipe,true
2026-07-07,stow,stow,stow,b,Fresh is Best Lager - Schooner,9.0,70.8727,77.96,16.2522,recipe,true
2026-07-07,stow,stow,stow,b,Philter Red - Schooner,7.0,70.0,77.0,17.7282,recipe,true
2026-07-07,stow,stow,stow,b,Fresh is Best Lager - Pint,6.0,65.9091,72.5,14.5314,recipe,true
2026-07-07,stow,stow,stow,b,Villa Fresco Sangiovese - Regular,7.0,62.9091,69.2,16.8861,recipe,true
2026-07-07,stow,stow,stow,b,Island Time,3.0,58.1818,64.0,12.624,recipe,true
2026-07-07,stow,stow,stow,b,Beetle Juice,3.0,54.5455,60.0,11.121,recipe,true
2026-07-07,stow,stow,stow,b,Dormilona Chenin Blanc - Regular,3.0,53.4545,58.8,13.4337,recipe,true
2026-07-07,stow,stow,stow,b,Negroni,3.0,52.7273,58.0,12.297,recipe,true
2026-07-07,stow,stow,stow,b,Geppetto Pinot Noir - Regular,4.0,51.8182,57.0,14.048,recipe,true
2026-07-07,stow,stow,stow,b,Espresso Martini,3.0,49.0909,54.0,9.855,recipe,true
2026-07-07,stow,stow,stow,f,Rosemary Salted Fries,4.0,48.0545,52.86,7.44,recipe,true
2026-07-07,stow,stow,stow,b,Version Two Sparkling - Regular,6.0,47.2727,52.0,10.6002,recipe,true
2026-07-07,stow,stow,stow,b,White Light Pure Vodka [House],5.0,45.2273,49.75,7.604,recipe,true
2026-07-07,stow,stow,stow,f,Sweet Potato Fries,3.0,36.6182,40.28,7.5903,recipe,true
2026-07-07,stow,stow,stow,b,Ravensworth Skins Gris - Regular,2.0,35.6727,39.24,8.08,recipe,true
2026-07-07,stow,stow,stow,b,Kirin - Pint,2.0,33.6364,37.0,10.1848,recipe,true
2026-07-07,stow,stow,stow,b,Philter XPA - Pint,4.0,32.7273,36.0,12.0088,recipe,true
2026-07-07,stow,stow,stow,b,Sibiliana Nero D'Avola - Regular,2.0,32.7273,36.0,6.54,recipe,true
2026-07-07,stow,stow,stow,b,Stone & Wood - Pint,2.0,31.9273,35.12,8.8418,recipe,true
2026-07-07,stow,stow,stow,f,BBQ Wings,2.0,31.7273,34.9,6.28,recipe,true
2026-07-07,stow,stow,stow,b,Guinness Draught - Schooner,2.4,29.4545,32.4,8.5985,recipe,true
2026-07-07,stow,stow,stow,b,Ottelia Chardonnay - Regular,2.0,29.0909,32.0,6.9188,recipe,true
2026-07-07,stow,stow,stow,b,Crankshaft IPA - Schooner,2.0,24.5455,27.0,6.4158,recipe,true
2026-07-07,stow,stow,stow,b,Philter XPA - Schooner,3.0,23.1818,25.5,6.7155,recipe,true
2026-07-07,stow,stow,stow,f,Brownie D,4.0,20.9091,23.0,7.8004,recipe,true
2026-07-07,stow,stow,stow,b,Grifter Pale - Schooner,2.0,20.9091,23.0,4.9648,recipe,true
2026-07-07,stow,stow,stow,b,Puerto Sunset,1.0,20.9091,23.0,5.035,recipe,true
2026-07-07,stow,stow,stow,b,Heaps Normal Tin,2.0,20.0,22.0,5.3392,recipe,true
2026-07-07,stow,stow,stow,b,Mojito,1.0,19.0909,21.0,3.7401,recipe,true
2026-07-07,stow,stow,stow,b,Whisky Sour,1.0,19.0909,21.0,4.6346,recipe,true
2026-07-07,stow,stow,stow,b,Pepsi Max Glass,4.0,16.6455,18.31,5.24,recipe,true
2026-07-07,stow,stow,stow,f,Buffalo Wings,1.0,16.4455,18.09,2.9764,recipe,true
2026-07-07,stow,stow,stow,b,Fresh is Best Summer Lager - Pint,2.0,16.3636,18.0,4.2168,recipe,true
2026-07-07,stow,stow,stow,b,Padrillos Malbec - Regular,1.0,16.3636,18.0,3.8666,recipe,true
2026-07-07,stow,stow,stow,f,Rocket Man,1.0,16.3636,18.0,3.1972,recipe,true
2026-07-07,stow,stow,stow,b,Villa Fresco Sangiovese - Large,1.0,15.5455,17.1,4.0205,recipe,true
2026-07-07,stow,stow,stow,f,BBQ Wings D,1.0,14.5455,16.0,3.14,recipe,true
2026-07-07,stow,stow,stow,b,Philter Red - Pint,1.0,13.6364,15.0,3.3966,recipe,true
2026-07-07,stow,stow,stow,f,Rocket Man D,1.0,13.6364,15.0,3.1972,recipe,true
2026-07-07,stow,stow,stow,b,Fresh is Best Summer Lager - Schooner,2.0,13.3182,14.65,3.1442,recipe,true
2026-07-07,stow,stow,stow,b,Status Quo - Schooner,1.0,12.2727,13.5,3.1008,recipe,true
2026-07-07,stow,stow,stow,b,Grifter Omen Stout Tin,1.0,11.8182,13.0,3.19,recipe,true
2026-07-07,stow,stow,stow,b,Virgin Margy,1.0,11.8182,13.0,0.0,lightspeed,true
2026-07-07,stow,stow,stow,f,Brownie,1.0,10.9091,12.0,2.8226,recipe,true
2026-07-07,stow,stow,stow,b,Vinada Sparkling Rose,1.0,10.9091,12.0,3.0499,recipe,true
2026-07-07,stow,stow,stow,b,Better Beer Tin,1.0,9.5455,10.5,2.38,recipe,true
2026-07-07,stow,stow,stow,b,Corona,1.0,9.5455,10.5,2.5713,recipe,true
2026-07-07,stow,stow,stow,b,Monteith's Apple Cider Bottle,1.0,9.5455,10.5,3.11,recipe,true
2026-07-07,stow,stow,stow,b,Pink Lemonade Glass,2.0,8.4545,9.3,1.8966,recipe,true
2026-07-07,stow,stow,stow,b,Stow Soda - Grapefruit,1.0,8.4545,9.3,0.0866,recipe,true
2026-07-07,stow,stow,stow,b,San Pellegrino 500ml,1.0,8.1818,9.0,2.32,recipe,true
2026-07-07,stow,stow,stow,b,Bombay Dry [House],1.0,6.3636,7.0,2.1644,recipe,true
2026-07-07,stow,stow,stow,b,Version Two Pinot Grigio - Regular,1.0,6.3636,7.0,1.7667,recipe,true
2026-07-07,stow,stow,stow,b,Apple Juice Glass,1.0,4.6909,5.16,0.6594,recipe,true
2026-07-07,stow,stow,stow,b,Cranberry Juice Glass,1.0,4.6909,5.16,0.69,recipe,true
2026-07-07,stow,stow,stow,b,Ginger Ale,1.0,3.7545,4.13,0.0,lightspeed,true
2026-07-07,stow,stow,stow,f,Side Aioli,3.0,1.4,1.54,0.0,lightspeed,true
2026-07-07,stow,stow,stow,f,Side Blue Cheese Dip,1.0,0.9364,1.03,0.0,lightspeed,true
2026-07-07,stow,stow,stow,f,Side Chipotle Mayo,1.0,0.9364,1.03,0.0,lightspeed,true
2026-07-07,stow,stow,stow,b,Cranberry Juice [mixer],3.0,0.0,0.0,2.07,recipe,true
2026-07-07,stow,stow,stow,b,Fellr Watermelon Seltzer Tin,1.0,0.0,0.0,3.41,lightspeed,true
2026-07-07,stow,stow,stow,b,Lime,3.0,0.0,0.0,0.0,lightspeed,true
2026-07-07,stow,stow,stow,b,Limoncello,1.0,0.0,0.0,2.13,recipe,true
2026-07-07,stow,stow,stow,b,Little Italy.,1.0,0.0,0.0,0.0,lightspeed,true
2026-07-07,stow,stow,stow,b,No Capsicum,1.0,0.0,0.0,0.0,lightspeed,true
2026-07-07,stow,stow,stow,b,No Cheese [dairy-free],1.0,0.0,0.0,0.0,lightspeed,true
2026-07-07,stow,stow,stow,b,No Chilli,1.0,0.0,0.0,0.0,lightspeed,true
2026-07-07,stow,stow,stow,b,"No Chorizo, No Cry.",1.0,0.0,0.0,0.0,lightspeed,true
2026-07-07,stow,stow,stow,b,No Mushroom,1.0,0.0,0.0,0.0,lightspeed,true
2026-07-07,stow,stow,stow,b,No Onion,3.0,0.0,0.0,0.0,lightspeed,true
2026-07-07,stow,stow,stow,b,On The Rocks,3.0,0.0,0.0,0.0,lightspeed,true
2026-07-07,stow,stow,stow,f,Side BBQ Sauce,1.0,0.0,0.0,0.0,lightspeed,true
2026-07-07,stow,stow,stow,b,Side Tomato Sauce,4.0,0.0,0.0,0.0,lightspeed,true
2026-07-08,hg,hg,hg,f,Shoyu,2.0,52.7273,58.0,0.0,lightspeed,true
2026-07-08,hg,hg,hg,f,Tonkotsu,2.0,40.0,44.0,8.5286,recipe,true
2026-07-08,hg,hg,hg,f,Thai Chicken,3.0,31.8182,35.0,0.0,lightspeed,true
2026-07-08,hg,hg,hg,f,Mie Goreng,2.0,29.2727,32.2,11.3376,recipe,true
2026-07-08,hg,hg,hg,f,Miso,1.0,26.3636,29.0,0.0,lightspeed,true
2026-07-08,hg,hg,hg,b,Palloncino Prosecco - Regular,3.0,23.6364,26.0,6.8997,recipe,true
2026-07-08,hg,hg,hg,f,Fried Rice,1.0,20.9091,23.0,2.8242,recipe,true
2026-07-08,hg,hg,hg,f,Dumplings - Prawn Har Gow [GF],1.0,17.2727,19.0,4.4019,recipe,true
2026-07-08,hg,hg,hg,b,Harry's Lager - Schooner,2.0,17.2727,19.0,3.145,recipe,true
2026-07-08,hg,hg,hg,f,Chicken Karaage,1.0,15.4545,17.0,0.0,lightspeed,true
2026-07-08,hg,hg,hg,f,Devon's Prawn Toast,1.0,14.5455,16.0,3.8896,recipe,true
2026-07-08,hg,hg,hg,f,BBQ Pork Buns,1.0,14.1,15.51,3.5,recipe,true
2026-07-08,hg,hg,hg,f,Kids Fried Rice,1.0,12.2273,13.45,0.0,lightspeed,true
2026-07-08,hg,hg,hg,b,Tengumai Junmai - 60ml [SERVE WARM],1.0,10.9091,12.0,2.365,recipe,true
2026-07-08,hg,hg,hg,b,Grifter Pale - Schooner [HG],1.0,10.4545,11.5,0.0,lightspeed,true
2026-07-08,hg,hg,hg,f,Edamame,1.0,10.0,11.0,0.0,lightspeed,true
2026-07-08,hg,hg,hg,b,Yuzu Orange Soda,1.0,8.1818,9.0,0.0,lightspeed,true
2026-07-08,hg,hg,hg,b,Lemonade Glass,1.0,4.0909,4.5,0.8032,recipe,true
2026-07-08,hg,hg,hg,f,1/2 Marinated Egg,2.0,3.6364,4.0,0.0,lightspeed,true
2026-07-08,hg,hg,hg,b,Angas & Bremer Grenache - Regular,2.0,0.0,0.0,3.508,recipe,true
2026-07-08,hg,hg,hg,b,Azurescens Pinot Noir - Bottle,0.9,0.0,0.0,12.6,lightspeed,true
2026-07-08,hg,hg,hg,b,From Sundays Shiraz - Regular,1.0,0.0,0.0,2.8001,recipe,true
2026-07-08,hg,hg,stow,f,Miso Ramen,1.0,0.0,0.0,0.0,lightspeed,true
2026-07-08,hg,hg,hg,b,No Glasses Needed,0.9,0.0,0.0,0.0,lightspeed,true
2026-07-08,hg,hg,hg,f,Unlimited BBQ,5.0,0.0,0.0,42.92,lightspeed,true
2026-07-08,mari,mari,mari,f,Regular Little Italy [Dine-in],4.0,86.6545,95.32,16.662,recipe,true
2026-07-08,mari,mari,mari,f,Large BBQ Chicken Pizza,3.0,83.1818,91.5,12.333,recipe,true
2026-07-08,mari,mari,mari,f,Large Meatlovers,3.0,81.8182,90.0,20.22,recipe,true
2026-07-08,mari,mari,mari,f,Large Super House Special,3.0,80.0,88.0,22.8531,recipe,true
2026-07-08,mari,mari,mari,f,Regular Hawaiian,4.0,63.6364,70.0,13.088,recipe,true
2026-07-08,mari,mari,mari,f,Regular Little Italy,3.0,62.7273,69.0,14.2743,recipe,true
2026-07-08,mari,mari,mari,f,$60 BANQUET,1.0,54.5455,60.0,21.1281,recipe,true
2026-07-08,mari,mari,mari,f,WINGS DEAL,2.0,54.5455,60.0,19.889,recipe,true
2026-07-08,mari,mari,mari,f,Large Cosmopolitan,3.0,51.8182,57.0,21.123,recipe,true
2026-07-08,mari,mari,mari,f,Regular Jimmy Jury [Dine-in],2.0,50.7273,55.8,7.2428,recipe,true
2026-07-08,mari,mari,mari,f,Large Little Italy,2.0,49.0909,54.0,14.7808,recipe,true
2026-07-08,mari,mari,mari,f,Garlic Bread,12.0,46.3636,51.0,17.8524,recipe,true
2026-07-08,mari,mari,mari,f,Regular Meatlovers,2.0,45.4545,50.0,8.6784,recipe,true
2026-07-08,mari,mari,mari,f,Regular Super House Special,2.0,43.6364,48.0,9.2374,recipe,true
2026-07-08,mari,mari,mari,f,Large Margherita,2.0,41.8182,46.0,4.6544,recipe,true
2026-07-08,mari,mari,mari,f,Large Pepperoni,3.0,36.3636,40.0,13.083,recipe,true
2026-07-08,mari,mari,mari,f,Large Bubba Gump,1.0,29.0909,32.0,5.5006,recipe,true
2026-07-08,mari,mari,mari,f,Large Sanchez,1.0,28.1818,31.0,5.8374,recipe,true
2026-07-08,mari,mari,mari,f,Gluten-free Roma Special,1.0,27.2727,30.0,8.3656,recipe,true
2026-07-08,mari,mari,mari,f,Large Jimmy Jury,1.0,27.2727,30.0,6.2011,recipe,true
2026-07-08,mari,mari,mari,f,Large Hawaiian,2.0,25.4545,28.0,6.6314,recipe,true
2026-07-08,mari,mari,mari,f,Large El Patron,1.0,24.5455,27.0,5.812,recipe,true
2026-07-08,mari,mari,mari,f,Large New Yorker,1.0,24.5455,27.0,4.9731,recipe,true
2026-07-08,mari,mari,mari,f,Large Paddock,1.0,24.5455,27.0,5.1033,recipe,true
2026-07-08,mari,mari,mari,f,Regular Sanchez [Dine-in],1.0,24.4091,26.85,3.9452,recipe,true
2026-07-08,mari,mari,mari,f,Regular Cosmopolitan,1.0,23.6364,26.0,4.4662,recipe,true
2026-07-08,mari,mari,mari,f,Regular El Patron [Dine-in],1.0,23.6364,26.0,3.7287,recipe,true
2026-07-08,mari,mari,mari,f,Large Tandoori Chicken,1.0,22.7273,25.0,3.1928,recipe,true
2026-07-08,mari,mari,mari,f,Regular No Chorizo No Cry Solo Combo,1.0,22.7273,25.0,2.91,lightspeed,true
2026-07-08,mari,mari,mari,f,Regular BBQ Chicken Pizza,1.0,22.2727,24.5,3.0876,recipe,true
2026-07-08,mari,mari,mari,f,Regular Tandoori Chicken,1.0,21.8182,24.0,2.0367,recipe,true
2026-07-08,mari,mari,mari,f,Regular Hail Africa,1.0,20.9091,23.0,3.415,recipe,true
2026-07-08,mari,mari,mari,f,Regular Paddock,1.0,20.9091,23.0,4.0838,recipe,true
2026-07-08,mari,mari,mari,f,Gluten-free Pepperoni,1.0,19.0909,21.0,7.4769,recipe,true
2026-07-08,mari,mari,mari,f,Gluten-free Vegetarian,1.0,19.0909,21.0,7.3569,recipe,true
2026-07-08,mari,mari,mari,f,Regular Uber Margherita,1.0,19.0909,21.0,3.3046,recipe,true
2026-07-08,mari,mari,mari,f,Cheesy Garlic Bread,3.0,18.1818,20.0,5.4081,recipe,true
2026-07-08,mari,mari,mari,f,Large Vegetarian,1.0,18.1818,20.0,4.2436,recipe,true
2026-07-08,mari,mari,mari,f,Regular Margherita,1.0,15.4545,17.0,2.0331,recipe,true
2026-07-08,mari,mari,mari,f,Online Surcharge,9.0,9.6455,10.61,0.0,lightspeed,true
2026-07-08,mari,mari,mari,f,Delivery Fee - Freshwater / Queenscliff,2.0,8.4636,9.31,0.0,lightspeed,true
2026-07-08,mari,mari,mari,f,Regular Garlic Cheese Pizza,1.0,8.1818,9.0,1.5021,recipe,true
2026-07-08,mari,mari,mari,f,Coke 1.25L,1.0,6.3636,7.0,3.69,recipe,true
2026-07-08,mari,mari,mari,f,Coke Zero 1.25L,1.0,5.4545,6.0,3.09,recipe,true
2026-07-08,mari,mari,mari,f,Online Delivery Fee,1.0,5.4091,5.95,0.0,lightspeed,true
2026-07-08,mari,mari,mari,f,Add Calabrese,1.0,3.6364,4.0,0.0,lightspeed,true
2026-07-08,mari,mari,mari,f,Add Prawns,1.0,3.6364,4.0,0.0,lightspeed,true
2026-07-08,mari,mari,mari,f,Add Prosciutto,1.0,3.6364,4.0,0.0,lightspeed,true
2026-07-08,mari,mari,mari,f,Vegan Cheese [Pizza],1.0,2.7273,3.0,0.0,lightspeed,true
2026-07-08,mari,mari,mari,f,Add Anchovies,1.0,1.8182,2.0,0.0,lightspeed,true
2026-07-08,mari,mari,mari,f,Add BBQ Sauce,1.0,1.3636,1.5,0.0,lightspeed,true
2026-07-08,mari,mari,mari,f,Add Corn,1.0,1.3636,1.5,0.0,lightspeed,true
2026-07-08,mari,mari,mari,f,Add Jalapenos,1.0,1.3636,1.5,0.0,lightspeed,true
2026-07-08,mari,mari,mari,f,Add Pineapple,1.0,1.3636,1.5,0.0,lightspeed,true
2026-07-08,mari,mari,mari,f,Add Chilli,1.0,0.9091,1.0,0.0,lightspeed,true
2026-07-08,mari,mari,mari,f,Fellr Watermelon Seltzer Seltzer D,1.0,0.0,0.0,3.41,recipe,true
2026-07-08,mari,mari,mari,f,"Large No Chorizo, No Cry",1.0,0.0,0.0,5.4669,recipe,true
2026-07-08,mari,mari,mari,f,Large Truffalo Soldier,1.0,0.0,0.0,5.2,recipe,true
2026-07-08,mari,mari,mari,f,Solo 1.25L,1.0,0.0,0.0,2.03,recipe,true
2026-07-08,mari,mari,mari,f,Online Discount,1.0,-22.7273,-25.0,0.0,lightspeed,true
2026-07-08,stow,stow,stow,b,Stone & Wood - Pint,26.0,387.9091,426.7,114.9434,recipe,true
2026-07-08,stow,stow,stow,f,Fancy Pants Parmy - Classic,10.0,204.2727,224.7,75.986,recipe,true
2026-07-08,stow,stow,stow,f,Stow Schnitty,10.0,192.7909,212.07,54.98,recipe,true
2026-07-08,stow,stow,stow,f,Beef Burger D,10.0,187.9,206.69,58.403,recipe,true
2026-07-08,stow,stow,stow,b,Villa Fresco Sangiovese - Regular,17.0,172.7273,190.0,41.0091,recipe,true
2026-07-08,stow,stow,stow,b,Stone & Wood - Schooner,14.0,163.8636,180.25,46.1482,recipe,true
2026-07-08,stow,stow,stow,b,Geppetto Pinot Noir - Regular,13.0,149.5273,164.48,45.656,recipe,true
2026-07-08,stow,stow,stow,b,Guinness Draught - Pint,9.0,136.8182,150.5,43.2459,recipe,true
2026-07-08,stow,stow,stow,b,Version Two Pinot Grigio - Regular,12.0,112.7273,124.0,21.2004,recipe,true
2026-07-08,stow,stow,stow,f,Fancy Pants Parmy - Mexicali,4.0,111.8,122.98,0.0,lightspeed,true
2026-07-08,stow,stow,stow,b,Fresh is Best Lager - Pint,10.0,105.6636,116.23,24.219,recipe,true
2026-07-08,stow,stow,stow,f,Chicken Burrito,4.0,89.3273,98.26,33.124,recipe,true
2026-07-08,stow,stow,stow,b,Mulled Wine,6.0,81.3455,89.48,12.5172,recipe,true
2026-07-08,stow,stow,stow,b,Lychee Martini,4.0,75.1091,82.62,15.6312,recipe,true
2026-07-08,stow,stow,stow,b,Sigurd GSM Red Blend - Regular,4.0,65.4545,72.0,18.48,recipe,true
2026-07-08,stow,stow,stow,b,Kuku Sauvignon Blanc - Regular,5.0,63.6364,70.0,14.5705,recipe,true
2026-07-08,stow,stow,stow,b,Fresh is Best Lager - Schooner,8.0,62.8182,69.1,14.4464,recipe,true
2026-07-08,stow,stow,stow,b,Grifter Pale - Schooner,6.0,62.7273,69.0,14.8944,recipe,true
2026-07-08,stow,stow,stow,b,Jameson Irish Whiskey,6.0,58.9091,64.8,13.5282,recipe,true
2026-07-08,stow,stow,stow,b,Cri De Couer Pinot Noir - Regular,2.0,56.3818,62.02,24.8606,recipe,true
2026-07-08,stow,stow,stow,f,Fish Burrito,2.0,54.2727,59.7,11.6828,recipe,true
2026-07-08,stow,stow,stow,b,A. Rodda Chardonnay - Regular,2.0,52.6182,57.88,15.08,recipe,true
2026-07-08,stow,stow,stow,f,Beef Burrito,2.0,52.5455,57.8,18.8144,recipe,true
2026-07-08,stow,stow,stow,b,Fresh is Best Summer Lager - Pint,5.0,50.5364,55.59,10.542,recipe,true
2026-07-08,stow,stow,stow,f,Rosemary Salted Fries,5.0,48.0545,52.86,9.3,recipe,true
2026-07-08,stow,stow,stow,b,Status Quo - Pint,3.0,47.7273,52.5,12.4761,recipe,true
2026-07-08,stow,stow,stow,f,Eggplant Parmy,2.0,45.0636,49.57,0.0,lightspeed,true
2026-07-08,stow,stow,stow,b,Version Two Sparkling - Bottle,1.0,44.5455,49.0,8.83,lightspeed,true
2026-07-08,stow,stow,stow,b,Philter XPA - Schooner,5.0,44.0909,48.5,11.1925,recipe,true
2026-07-08,stow,stow,stow,b,Philter XPA - Pint,3.0,40.9091,45.0,9.0066,recipe,true
2026-07-08,stow,stow,stow,b,Trentham Estate Rosé - Regular,7.0,40.9091,45.0,14.77,recipe,true
2026-07-08,stow,stow,stow,b,Hugo Spritz,2.0,39.4364,43.38,8.192,recipe,true
2026-07-08,stow,stow,stow,b,Kirin - Schooner,3.0,38.1818,42.0,11.3907,recipe,true
2026-07-08,stow,stow,stow,f,Beef Cheek,1.0,37.4909,41.24,0.0,lightspeed,true
2026-07-08,stow,stow,stow,b,Classic Margarita,2.0,36.3636,40.0,8.3448,recipe,true
2026-07-08,stow,stow,stow,f,Chicken Burrito D,2.0,32.7273,36.0,16.562,recipe,true
2026-07-08,stow,stow,stow,f,Buffalo Wings,2.0,32.3364,35.57,5.9528,recipe,true
2026-07-08,stow,stow,stow,b,La Petite Mort Albarino 2025 - Regular,2.0,31.8182,35.0,9.158,recipe,true
2026-07-08,stow,stow,stow,f,BBQ Wings,2.0,31.2273,34.35,6.28,recipe,true
2026-07-08,stow,stow,stow,b,Heaps Normal Tin,3.0,30.0,33.0,8.0088,recipe,true
2026-07-08,stow,stow,stow,f,Buffalo Wings D,2.0,29.5455,32.5,5.9528,recipe,true
2026-07-08,stow,stow,stow,b,Year Wines 'Zagara' Orange - Regular,2.0,29.0909,32.0,6.84,recipe,true
2026-07-08,stow,stow,stow,b,Grifter Pale - Pint,3.0,28.6364,31.5,9.9882,recipe,true
2026-07-08,stow,stow,stow,f,Chicken Parmy D,1.0,28.1818,31.0,0.0,lightspeed,true
2026-07-08,stow,stow,stow,b,Version Two Sparkling - Regular,3.0,28.1818,31.0,5.3001,recipe,true
2026-07-08,stow,stow,stow,f,Rocket Man D,2.0,25.4545,28.0,6.3944,recipe,true
2026-07-08,stow,stow,stow,f,American Standard Burger,1.0,25.2636,27.79,5.8403,recipe,true
2026-07-08,stow,stow,stow,f,Chicken Shindig Burger,1.0,24.4545,26.9,5.3929,recipe,true
2026-07-08,stow,stow,stow,b,White Light Pure Vodka [House],3.0,24.3636,26.8,4.5624,recipe,true
2026-07-08,stow,stow,stow,b,Dormilona Chenin Blanc - Large,1.0,23.2727,25.6,7.4633,recipe,true
2026-07-08,stow,stow,stow,b,Fresh is Best Summer Lager - Schooner,3.0,20.8636,22.95,4.7163,recipe,true
2026-07-08,stow,stow,stow,b,Pepsi Max Glass,5.0,20.7273,22.8,6.55,recipe,true
2026-07-08,stow,stow,stow,f,Arancini Balls [5pc],1.0,20.5636,22.62,0.0,lightspeed,true
2026-07-08,stow,stow,stow,b,A. Rodda Tempranillo - Large,1.0,20.3636,22.4,9.29,lightspeed,true
2026-07-08,stow,stow,stow,b,Poor Tom's Strawberry Gin Tonica,1.0,19.7182,21.69,4.445,recipe,true
2026-07-08,stow,stow,stow,f,Eggplant Schnitty,1.0,19.0909,21.0,4.438,recipe,true
2026-07-08,stow,stow,stow,b,Biscoff Espresso,1.0,18.8182,20.7,3.2484,recipe,true
2026-07-08,stow,stow,stow,b,Jalapeño Marg,1.0,18.8182,20.7,3.8458,recipe,true
2026-07-08,stow,stow,stow,f,Baked Camembert,1.0,18.1091,19.92,0.0,lightspeed,true
2026-07-08,stow,stow,stow,b,Scorched As,1.0,18.0,19.8,4.3473,recipe,true
2026-07-08,stow,stow,stow,b,Villa Fresco Sangiovese - Large,1.0,17.8364,19.62,4.0205,recipe,true
2026-07-08,stow,stow,stow,b,Padrillos Malbec - Regular,1.0,16.3636,18.0,3.8666,recipe,true
2026-07-08,stow,stow,stow,b,Trutta Streamside Shiraz [Chilled] - Regular,1.0,16.3636,18.0,3.968,recipe,true
2026-07-08,stow,stow,stow,f,Arancini Balls 5pcs D,1.0,15.9091,17.5,0.0,lightspeed,true
2026-07-08,stow,stow,stow,b,Casa Gheller Prosecco - Glass,1.0,15.0273,16.53,3.348,recipe,true
2026-07-08,stow,stow,stow,b,"Lemon, Lime & Bitters",3.0,13.6364,15.0,3.0807,recipe,true
2026-07-08,stow,stow,stow,b,Trade Winds,1.0,13.1455,14.46,1.4538,recipe,true
2026-07-08,stow,stow,stow,b,Mother's Milk Shiraz - Regular,1.0,12.2727,13.5,3.2163,recipe,true
2026-07-08,stow,stow,stow,f,Kids Ham & Cheese Pizza,1.0,12.2,13.42,0.0,lightspeed,true
2026-07-08,stow,stow,stow,f,Brownie D,5.0,11.8182,13.0,9.7505,recipe,true
2026-07-08,stow,stow,stow,f,Onion Rings D,1.0,11.7273,12.9,0.0,lightspeed,true
2026-07-08,stow,stow,stow,f,Brownie,1.0,11.2727,12.4,2.8226,recipe,true
2026-07-08,stow,stow,stow,b,Disaronno,1.0,10.9091,12.0,1.8574,recipe,true
2026-07-08,stow,stow,stow,f,Fries D,1.0,10.9091,12.0,0.0,lightspeed,true
2026-07-08,stow,stow,stow,b,Corona,1.0,9.5455,10.5,2.5713,recipe,true
2026-07-08,stow,stow,stow,b,Monteith's Apple Cider Bottle,1.0,9.5455,10.5,3.11,recipe,true
2026-07-08,stow,stow,stow,f,Lepinja Bread,1.0,9.0909,10.0,0.0,lightspeed,true
2026-07-08,stow,stow,stow,b,Peroni 0%,1.0,8.4545,9.3,1.8463,recipe,true
2026-07-08,stow,stow,stow,b,Pink Lemonade Glass,2.0,8.1818,9.0,1.8966,recipe,true
2026-07-08,stow,stow,stow,b,Bundaberg Ginger Beer,1.0,4.5455,5.0,0.9922,recipe,true
2026-07-08,stow,stow,stow,b,Lemonade Glass,1.0,4.2273,4.65,0.8032,recipe,true
2026-07-08,stow,stow,stow,f,Side Gravy,3.0,4.2273,4.65,0.9024,recipe,true
2026-07-08,stow,stow,stow,b,Ginger Ale,1.0,3.6364,4.0,0.0,lightspeed,true
2026-07-08,stow,stow,stow,f,Add Side Salad,1.0,2.7273,3.0,0.0,lightspeed,true
2026-07-08,stow,stow,stow,f,Side Guacamole,1.0,1.4091,1.55,0.0,lightspeed,true
2026-07-08,stow,stow,stow,f,Jalapeños on Side,1.0,0.9364,1.03,0.0,lightspeed,true
2026-07-08,stow,stow,stow,f,Side Chipotle Mayo,1.0,0.9364,1.03,0.0,lightspeed,true
2026-07-08,stow,stow,stow,f,Side Aioli,1.0,0.4727,0.52,0.0,lightspeed,true
2026-07-08,stow,stow,stow,f,Jalapeños Inside Burrito,1.0,0.3636,0.4,0.0,lightspeed,true
2026-07-08,stow,stow,stow,f,BBQ Wings D,2.0,0.0,0.0,6.28,recipe,true
2026-07-08,stow,stow,stow,b,Bry Ol San Pell,1.0,0.0,0.0,2.34,recipe,true
2026-07-08,stow,stow,stow,f,Farmhouse Salad,1.0,0.0,0.0,0.0,lightspeed,true
2026-07-08,stow,stow,stow,b,Make It A Burrito Bowl [gluten-free],4.0,0.0,0.0,0.0,lightspeed,true
2026-07-08,stow,stow,stow,b,No Cheese (Make It Dairy-Free),4.0,0.0,0.0,0.0,lightspeed,true
2026-07-08,stow,stow,stow,b,No Chicken,1.0,0.0,0.0,0.0,lightspeed,true
2026-07-08,stow,stow,stow,b,No Onion,2.0,0.0,0.0,0.0,lightspeed,true
2026-07-08,stow,stow,stow,b,No Pineapple,1.0,0.0,0.0,0.0,lightspeed,true
2026-07-08,stow,stow,stow,b,On The Rocks,1.0,0.0,0.0,0.0,lightspeed,true
2026-07-08,stow,stow,stow,b,Send Kids Food With Mains,1.0,0.0,0.0,0.0,lightspeed,true
2026-07-08,stow,stow,stow,f,Sensei Calamari,1.0,0.0,0.0,2.2628,recipe,true
2026-07-08,stow,stow,stow,f,Side BBQ Sauce,2.0,0.0,0.0,0.0,lightspeed,true
2026-07-08,stow,stow,stow,b,Side Tomato Sauce,6.0,0.0,0.0,0.0,lightspeed,true
2026-07-08,stow,stow,stow,b,Swap Gravy for Aioli,1.0,0.0,0.0,0.0,lightspeed,true
2026-07-09,hg,hg,hg,f,Shredded Beef,7.0,165.4545,182.0,0.0,lightspeed,true
2026-07-09,hg,hg,hg,f,Miso,6.0,116.0,127.6,0.0,lightspeed,true
2026-07-09,hg,hg,hg,f,Tonkotsu,4.0,105.4545,116.0,17.0572,recipe,true
2026-07-09,hg,hg,hg,f,Fried Rice,4.0,87.2727,96.0,11.2968,recipe,true
2026-07-09,hg,hg,hg,f,Unlimited BBQ,2.0,81.8182,90.0,17.17,lightspeed,true
2026-07-09,hg,hg,hg,f,Devon's Prawn Toast,5.0,72.7273,80.0,19.448,recipe,true
2026-07-09,hg,hg,hg,f,Dumplings - Prawn Har Gow [GF],4.0,69.0909,76.0,17.6076,recipe,true
2026-07-09,hg,hg,hg,b,Sapporo - 500ml,5.0,68.1818,75.0,18.55,recipe,true
2026-07-09,hg,hg,hg,f,Duck Spring Roll,4.0,58.1818,64.0,14.2768,recipe,true
2026-07-09,hg,hg,hg,f,BBQ Pork Buns,4.0,54.5455,60.0,14.0,recipe,true
2026-07-09,hg,hg,hg,b,Classic Margarita,3.0,51.8182,57.0,12.5172,recipe,true
2026-07-09,hg,hg,hg,f,Dumplings - Veg Gyoza,4.0,50.9091,56.0,7.8076,recipe,true
2026-07-09,hg,hg,hg,b,Angas & Bremer Rosé - Bottle,1.0,44.5455,49.0,9.65,lightspeed,true
2026-07-09,hg,hg,hg,f,Mie Goreng,2.0,42.7273,47.0,11.3376,recipe,true
2026-07-09,hg,hg,hg,f,Chicken Karaage,2.0,30.9091,34.0,0.0,lightspeed,true
2026-07-09,hg,hg,hg,b,From Sundays Shiraz - Regular,2.0,27.2727,30.0,5.6002,recipe,true
2026-07-09,hg,hg,hg,b,Grifter Big Sur IPA Can [HG],2.0,25.4545,28.0,8.0,recipe,true
2026-07-09,hg,hg,hg,f,Vegetarian Spring Rolls,2.0,25.4545,28.0,3.2984,recipe,true
2026-07-09,hg,hg,hg,b,Harry's Lager - Pint,2.0,22.7273,25.0,4.218,recipe,true
2026-07-09,hg,hg,hg,b,Corona,2.0,20.0,22.0,5.1426,recipe,true
2026-07-09,hg,hg,hg,b,Angas & Bremer Grenache - Regular,3.0,19.0909,21.0,5.262,recipe,true
2026-07-09,hg,hg,hg,b,Rice Pudding,2.0,17.2727,19.0,0.0,lightspeed,true
2026-07-09,hg,hg,stow,f,Outback Prawn Toast,1.0,14.5455,16.0,3.8896,recipe,true
2026-07-09,hg,hg,hg,f,Popcorn Cauliflower,1.0,13.6364,15.0,0.9611,recipe,true
2026-07-09,hg,hg,hg,b,Angas & Bremer Rosé - Regular,2.0,12.7273,14.0,3.508,recipe,true
2026-07-09,hg,hg,hg,f,Dumplings - Beef & Cabbage,1.0,12.7273,14.0,1.4619,recipe,true
2026-07-09,hg,hg,hg,b,River Retreat Pinot Grigio - Regular,2.0,12.7273,14.0,4.02,recipe,true
2026-07-09,hg,hg,stow,f,Tonkotsu,1.0,10.5455,11.6,4.2643,recipe,true
2026-07-09,hg,hg,hg,f,Edamame,1.0,10.0,11.0,0.0,lightspeed,true
2026-07-09,hg,hg,hg,f,Extra Piece Prawn Toast,2.0,9.0909,10.0,0.0,lightspeed,true
2026-07-09,hg,hg,hg,f,Jasmine Rice,2.0,9.0909,10.0,0.0,lightspeed,true
2026-07-09,hg,hg,hg,b,Harry's Lager - Schooner,1.0,8.6364,9.5,1.5725,recipe,true
2026-07-09,hg,hg,hg,f,Fried Egg,2.0,6.3636,7.0,0.0,lightspeed,true
2026-07-09,hg,hg,hg,f,Extra  Piece,1.0,4.5455,5.0,0.0,lightspeed,true
2026-07-09,hg,hg,hg,f,Extra Pork.,1.0,4.5455,5.0,0.0,lightspeed,true
2026-07-09,hg,hg,hg,b,Lemonade Glass,1.0,4.0909,4.5,0.8032,recipe,true
2026-07-09,hg,hg,hg,f,1/2 Marinated Egg,3.0,3.6364,4.0,0.0,lightspeed,true
2026-07-09,hg,hg,hg,f,Chilli Bomb,2.0,3.6364,4.0,0.0,lightspeed,true
2026-07-09,hg,hg,hg,f,Extra Piece,1.0,3.6364,4.0,0.0,lightspeed,true
2026-07-09,hg,hg,hg,f,Extra Tofu.,1.0,3.6364,4.0,0.0,lightspeed,true
2026-07-09,hg,hg,hg,b,Chicken,1.0,3.1818,3.5,0.0,lightspeed,true
2026-07-09,hg,hg,stow,f,2x Soft-boiled Eggs,1.0,1.4545,1.6,0.0,lightspeed,true
2026-07-09,hg,hg,stow,f,Extra Chashu Pork,1.0,0.9091,1.0,0.0,lightspeed,true
2026-07-09,hg,hg,hg,b,3 Glasses,1.0,0.0,0.0,0.0,lightspeed,true
2026-07-09,hg,hg,hg,f,GFO [GF Ramen Noodles],1.0,0.0,0.0,0.0,lightspeed,true
2026-07-09,hg,hg,hg,f,Swap for Tofu [Make it Vegan],2.0,0.0,0.0,0.0,lightspeed,true
2026-07-09,mari,mari,mari,f,Large Pepperoni,6.0,145.4545,160.0,26.166,recipe,true
2026-07-09,mari,mari,mari,f,Regular New Yorker [Dine-in],6.0,133.7909,147.17,15.8394,recipe,true
2026-07-09,mari,mari,mari,f,WINGS DEAL,3.0,81.8182,90.0,29.8335,recipe,true
2026-07-09,mari,mari,mari,f,Regular El Patron [Dine-in],3.0,73.2455,80.57,11.1861,recipe,true
2026-07-09,mari,mari,mari,f,Regular Cosmopolitan,3.0,66.3636,73.0,13.3986,recipe,true
2026-07-09,mari,mari,mari,f,Regular Pepperoni,3.0,60.0,66.0,8.0976,recipe,true
2026-07-09,mari,mari,mari,f,Large Super House Special,3.0,53.6364,59.0,22.8531,recipe,true
2026-07-09,mari,mari,mari,f,Regular Hail Africa [Dine-in],2.0,50.7,55.77,5.645,recipe,true
2026-07-09,mari,mari,mari,f,Regular Jimmy Jury [Dine-in],2.0,49.9,54.89,7.2428,recipe,true
2026-07-09,mari,mari,mari,f,Regular Little Italy [Dine-in],2.0,48.0545,52.86,8.331,recipe,true
2026-07-09,mari,mari,mari,f,"Regular No Chorizo, No Cry [Dine-in]",2.0,47.2727,52.0,5.283,recipe,true
2026-07-09,mari,mari,mari,f,Regular Margherita,3.0,45.0364,49.54,6.0993,recipe,true
2026-07-09,mari,mari,mari,f,Regular Super House Special,2.0,43.6364,48.0,9.2374,recipe,true
2026-07-09,mari,mari,mari,f,Regular Uber Margherita [Dine-in],2.0,43.2,47.52,5.424,recipe,true
2026-07-09,mari,mari,mari,f,$45 FEAST,1.0,40.9091,45.0,14.0714,recipe,true
2026-07-09,mari,mari,mari,f,Large El Patron,1.0,28.1818,31.0,5.812,recipe,true
2026-07-09,mari,mari,mari,f,Large Bubba Gump Wings Deal,1.0,27.2727,30.0,8.6406,recipe,true
2026-07-09,mari,mari,mari,f,Cheesy Garlic Bread,4.0,25.6364,28.2,7.2108,recipe,true
2026-07-09,mari,mari,mari,f,Large Meatlovers,3.0,25.4545,28.0,20.22,recipe,true
2026-07-09,mari,mari,mari,f,Large Little Italy,1.0,24.5455,27.0,7.3904,recipe,true
2026-07-09,mari,mari,mari,f,Large Sanchez VEGAN,1.0,24.5455,27.0,4.0494,recipe,true
2026-07-09,mari,mari,mari,f,Axl Rose Pizza,1.0,24.4182,26.86,0.0,lightspeed,true
2026-07-09,mari,mari,mari,f,Regular Sanchez VEGAN [Dine-in],1.0,24.4091,26.85,2.0465,recipe,true
2026-07-09,mari,mari,mari,f,Large Cosmopolitan,1.0,22.7273,25.0,7.041,recipe,true
2026-07-09,mari,mari,mari,f,Regular No Chorizo No Cry Solo Combo,1.0,22.7273,25.0,2.91,lightspeed,true
2026-07-09,mari,mari,mari,f,Regular Roma Special,1.0,21.8182,24.0,3.5344,recipe,true
2026-07-09,mari,mari,mari,f,Regular Tandoori Chicken,1.0,21.8182,24.0,2.0367,recipe,true
2026-07-09,mari,mari,mari,f,Regular Jimmy Jury,1.0,21.6091,23.77,4.214,recipe,true
2026-07-09,mari,mari,mari,f,Regular El Patron,1.0,20.9091,23.0,4.3212,recipe,true
2026-07-09,mari,mari,mari,f,Regular Little Italy,1.0,20.9091,23.0,4.7581,recipe,true
2026-07-09,mari,mari,mari,f,Regular Hawaiian,1.0,20.0,22.0,3.272,recipe,true
2026-07-09,mari,mari,mari,f,Regular Meatlovers,1.0,19.7273,21.7,4.3392,recipe,true
2026-07-09,mari,mari,mari,f,Coke 1.25L,3.0,19.0909,21.0,11.07,recipe,true
2026-07-09,mari,mari,mari,f,Regular Hawaiian [Dine-in],1.0,19.0909,21.0,2.6794,recipe,true
2026-07-09,mari,mari,mari,f,Regular Margherita [Dine-in],1.0,19.0909,21.0,1.4405,recipe,true
2026-07-09,mari,mari,mari,f,Large Margherita,1.0,18.1818,20.0,2.3272,recipe,true
2026-07-09,mari,mari,mari,f,Large Vegetarian,1.0,18.1818,20.0,4.2436,recipe,true
2026-07-09,mari,mari,mari,f,Regular Garlic Cheese Pizza,2.0,16.3636,18.0,3.0042,recipe,true
2026-07-09,mari,mari,mari,f,Garlic Bread,6.0,15.1545,16.67,8.9262,recipe,true
2026-07-09,mari,mari,mari,f,Regular Vegetarian,1.0,14.5455,16.0,2.9017,recipe,true
2026-07-09,mari,mari,mari,f,Gluten-free Base,3.0,14.0818,15.49,12.3,recipe,true
2026-07-09,mari,mari,mari,f,Add Pepperoni,3.0,8.1818,9.0,0.0,lightspeed,true
2026-07-09,mari,mari,mari,f,Online Surcharge,6.0,6.6364,7.3,0.0,lightspeed,true
2026-07-09,mari,mari,mari,f,Delivery Fee - Curl Curl / Manly / Dee Why,1.0,5.9091,6.5,0.0,lightspeed,true
2026-07-09,mari,mari,mari,f,Delivery Fee - Freshwater / Queenscliff,1.0,4.5455,5.0,0.0,lightspeed,true
2026-07-09,mari,mari,mari,f,Add Bacon,1.0,3.7545,4.13,0.0,lightspeed,true
2026-07-09,mari,mari,mari,f,Add Anchovies,2.0,3.7,4.07,0.0,lightspeed,true
2026-07-09,mari,mari,mari,f,Sprite Can,1.0,3.6364,4.0,2.4423,recipe,true
2026-07-09,mari,mari,mari,f,Add Bocconcini,1.0,2.7273,3.0,0.0,lightspeed,true
2026-07-09,mari,mari,mari,f,Add Garlic,2.0,2.7273,3.0,0.0,lightspeed,true
2026-07-09,mari,mari,mari,f,Add Mushrooms,2.0,2.7273,3.0,0.0,lightspeed,true
2026-07-09,mari,mari,mari,f,Add Pesto Base,2.0,2.7273,3.0,0.0,lightspeed,true
2026-07-09,mari,mari,mari,f,Add Spanish Onion,1.0,1.3636,1.5,0.0,lightspeed,true
2026-07-09,mari,mari,mari,f,BBQ Wings [Wings Deal],1.0,0.0,0.0,0.0,lightspeed,true
2026-07-09,mari,mari,mari,f,Garlic  Bread.,1.0,0.0,0.0,1.4877,recipe,true
2026-07-09,mari,mari,mari,f,Large Hawaiian,1.0,0.0,0.0,3.3157,recipe,true
2026-07-09,mari,mari,mari,f,Large New Yorker,1.0,0.0,0.0,4.9731,recipe,true
2026-07-09,stow,stow,stow,b,Guinness Draught - Pint,27.0,431.6273,474.79,129.7377,recipe,true
2026-07-09,stow,stow,stow,b,Fresh is Best Lager - Pint,20.0,225.0727,247.58,48.438,recipe,true
2026-07-09,stow,stow,stow,b,Classic Margarita,15.0,203.6273,223.99,62.586,recipe,true
2026-07-09,stow,stow,stow,b,Stone & Wood - Pint,11.0,173.5091,190.86,48.6299,recipe,true
2026-07-09,stow,stow,stow,f,American Standard Burger,6.0,149.9182,164.91,35.0418,recipe,true
2026-07-09,stow,stow,stow,f,Fish Tacos,8.0,149.0364,163.94,14.788,recipe,true
2026-07-09,stow,stow,stow,f,Beef Burrito,6.0,133.9455,147.34,56.4432,recipe,true
2026-07-09,stow,stow,stow,b,Version Two Pinot Grigio - Regular,13.0,133.8,147.18,22.9671,recipe,true
2026-07-09,stow,stow,stow,b,Geppetto Pinot Noir - Bottle,2.0,109.0909,120.0,35.35,lightspeed,true
2026-07-09,stow,stow,stow,f,Fancy Pants Parmy - Classic,4.0,108.0455,118.85,30.3944,recipe,true
2026-07-09,stow,stow,stow,f,Stow Schnitty,4.0,99.4182,109.36,21.992,recipe,true
2026-07-09,stow,stow,stow,b,Grifter Pale - Pint,8.0,98.6273,108.49,26.6352,recipe,true
2026-07-09,stow,stow,stow,b,Villa Fresco Sangiovese - Regular,10.0,95.6364,105.2,24.123,recipe,true
2026-07-09,stow,stow,stow,f,Rosemary Salted Fries,8.0,95.3727,104.91,14.88,recipe,true
2026-07-09,stow,stow,stow,b,Stone & Wood - Schooner,7.0,84.6545,93.12,23.0741,recipe,true
2026-07-09,stow,stow,stow,b,Grifter Pale - Schooner,8.0,83.9818,92.38,19.8592,recipe,true
2026-07-09,stow,stow,stow,b,Negroni,6.0,81.7364,89.91,24.594,recipe,true
2026-07-09,stow,stow,stow,b,Coconut Margarita,5.0,79.2818,87.21,21.2245,recipe,true
2026-07-09,stow,stow,stow,b,Kirin - Schooner,6.0,76.3636,84.0,22.7814,recipe,true
2026-07-09,stow,stow,stow,f,Southern Squid,3.0,71.8182,79.0,6.84,recipe,true
2026-07-09,stow,stow,stow,b,Aperol Spritz,5.0,69.4818,76.43,17.78,recipe,true
2026-07-09,stow,stow,stow,f,Chicken Burrito D,3.0,69.0909,76.0,24.843,recipe,true
2026-07-09,stow,stow,stow,b,Version Two Pinot Grigio - Large,4.0,69.0909,76.0,11.778,recipe,true
2026-07-09,stow,stow,stow,b,Mulled Wine,5.0,68.6273,75.49,10.431,recipe,true
2026-07-09,stow,stow,stow,b,Trutta Streamside Shiraz [Chilled] - Bottle,1.0,63.8909,70.28,18.7,lightspeed,true
2026-07-09,stow,stow,stow,f,Fancy Pants Parmy - Mexicali,2.0,63.8455,70.23,0.0,lightspeed,true
2026-07-09,stow,stow,stow,b,Jalapeño Marg,4.0,61.8182,68.0,15.3832,recipe,true
2026-07-09,stow,stow,stow,f,Pie,2.0,61.7909,67.97,0.0,lightspeed,true
2026-07-09,stow,stow,stow,f,Chicken Shindig Burger,3.0,60.2909,66.32,16.1787,recipe,true
2026-07-09,stow,stow,stow,b,Petits Detours Rosé - Regular,4.0,59.1273,65.04,13.872,recipe,true
2026-07-09,stow,stow,stow,b,Mother's Milk Shiraz - Bottle,1.0,58.1818,64.0,16.08,lightspeed,true
2026-07-09,stow,stow,stow,b,Ottelia Chardonnay - Regular,4.0,58.1818,64.0,13.8376,recipe,true
2026-07-09,stow,stow,stow,b,Petits Detours Rosé Mediterranee - Bottle,1.0,58.1818,64.0,17.34,recipe,true
2026-07-09,stow,stow,stow,b,Lychee Martini,4.0,54.9455,60.44,15.6312,recipe,true
2026-07-09,stow,stow,stow,f,Cauliflower Burrito,2.0,52.5455,57.8,10.97,recipe,true
2026-07-09,stow,stow,stow,b,Kuku Sauvignon Blanc - Regular,4.0,50.9091,56.0,11.6564,recipe,true
2026-07-09,stow,stow,stow,b,Corona,5.0,49.2909,54.22,12.8565,recipe,true
2026-07-09,stow,stow,stow,b,Philter XPA - Schooner,7.0,48.6364,53.5,15.6695,recipe,true
2026-07-09,stow,stow,stow,b,Fresh is Best Lager - Schooner,7.0,41.7545,45.93,12.6406,recipe,true
2026-07-09,stow,stow,stow,b,Mother's Milk Shiraz - Regular,3.0,40.9091,45.0,9.6489,recipe,true
2026-07-09,stow,stow,stow,b,Flower Child,2.0,40.6545,44.72,7.0334,recipe,true
2026-07-09,stow,stow,stow,f,Arancini Balls [5pc],2.0,40.4727,44.52,0.0,lightspeed,true
2026-07-09,stow,stow,stow,b,Rooster Rojo Blanco Tequila [House],4.0,40.0,44.0,7.8564,recipe,true
2026-07-09,stow,stow,stow,f,Chicken Burrito,2.0,37.6455,41.41,16.562,recipe,true
2026-07-09,stow,stow,stow,f,Beef Cheek,1.0,37.4636,41.21,0.0,lightspeed,true
2026-07-09,stow,stow,stow,b,Two Tonne Riesling - Regular,2.0,36.9636,40.66,8.544,recipe,true
2026-07-09,stow,stow,stow,b,Status Quo - Schooner,3.0,36.8182,40.5,9.3024,recipe,true
2026-07-09,stow,stow,stow,b,French Martini,2.0,36.3636,40.0,7.8422,recipe,true
2026-07-09,stow,stow,stow,f,Sweet Potato Fries,3.0,35.8455,39.43,7.5903,recipe,true
2026-07-09,stow,stow,stow,b,Pepsi Max Glass,8.0,33.6818,37.05,10.48,recipe,true
2026-07-09,stow,stow,stow,b,Kirin - Pint,2.0,33.6364,37.0,10.1848,recipe,true
2026-07-09,stow,stow,stow,b,Year Wines Fiano - Regular,2.0,32.7273,36.0,8.542,recipe,true
2026-07-09,stow,stow,stow,b,"Lemon, Lime & Bitters",7.0,32.1182,35.33,7.1883,recipe,true
2026-07-09,stow,stow,stow,f,BBQ Wings,2.0,31.7273,34.9,6.28,recipe,true
2026-07-09,stow,stow,stow,b,Beetle Juice,2.0,30.9909,34.09,7.414,recipe,true
2026-07-09,stow,stow,stow,b,Appleton Rum [House],3.0,30.9818,34.08,6.7629,recipe,true
2026-07-09,stow,stow,stow,b,Ottelia Cab Sav - Regular,2.0,30.9091,34.0,9.216,recipe,true
2026-07-09,stow,stow,stow,b,Sailor Jerry [House],3.0,30.0,33.0,6.0879,recipe,true
2026-07-09,stow,stow,stow,b,Version Two Sparkling - Regular,4.0,30.0,33.0,7.0668,recipe,true
2026-07-09,stow,stow,stow,f,BBQ Wings D,4.0,29.0909,32.0,12.56,recipe,true
2026-07-09,stow,stow,stow,f,Chicken Parmy D,1.0,28.1818,31.0,0.0,lightspeed,true
2026-07-09,stow,stow,stow,b,Dark & Stormy,2.0,28.1636,30.98,8.0236,recipe,true
2026-07-09,stow,stow,stow,f,Eggplant Parmy,1.0,27.2273,29.95,0.0,lightspeed,true
2026-07-09,stow,stow,stow,f,Fish Burrito,1.0,27.1364,29.85,5.8414,recipe,true
2026-07-09,stow,stow,stow,b,Whispering Angel Rosé - Regular,1.0,26.2909,28.92,6.859,recipe,true
2026-07-09,stow,stow,stow,b,Bombay Sapphire,2.0,25.4545,28.0,4.7118,recipe,true
2026-07-09,stow,stow,stow,b,Glaetzer Anaperenna Shiraz Cab - Regular,1.0,25.4545,28.0,6.963,recipe,true
2026-07-09,stow,stow,stow,f,Kids Nuggets D,2.0,25.4545,28.0,4.4854,recipe,true
2026-07-09,stow,stow,stow,f,Farmhouse Salad,1.0,23.3818,25.72,0.0,lightspeed,true
2026-07-09,stow,stow,stow,b,Mother's Milk Shiraz - Large,1.0,22.7273,25.0,5.3605,recipe,true
2026-07-09,stow,stow,stow,f,Baked Camembert,1.0,22.6364,24.9,0.0,lightspeed,true
2026-07-09,stow,stow,stow,b,Biscoff Espresso,1.0,21.5909,23.75,3.2484,recipe,true
2026-07-09,stow,stow,stow,b,Kuku Sauvignon Blanc - Large,1.0,20.9091,23.0,4.8567,recipe,true
2026-07-09,stow,stow,stow,f,Farmhouse Salad D,1.0,19.0909,21.0,0.0,lightspeed,true
2026-07-09,stow,stow,stow,f,Sensei Calamari D,1.0,19.0909,21.0,2.2628,recipe,true
2026-07-09,stow,stow,stow,f,Cauliflower Tacos,1.0,18.1818,20.0,0.0,lightspeed,true
2026-07-09,stow,stow,stow,b,Stow Soda - Passionfruit,2.0,16.9,18.59,0.0,lightspeed,true
2026-07-09,stow,stow,stow,b,White Light Pure Vodka [House],2.0,16.7,18.37,3.0416,recipe,true
2026-07-09,stow,stow,stow,b,Bombay Dry [House],2.0,16.3636,18.0,4.3288,recipe,true
2026-07-09,stow,stow,stow,b,Tommy's Margarita,1.0,15.9545,17.55,5.0572,recipe,true
2026-07-09,stow,stow,stow,b,Crankshaft IPA - Pint,1.0,15.9091,17.5,4.3024,recipe,true
2026-07-09,stow,stow,stow,b,Quiet Riot Negroni,1.0,15.4545,17.0,4.5695,recipe,true
2026-07-09,stow,stow,stow,f,Buffalo Wings D,1.0,15.0,16.5,2.9764,recipe,true
2026-07-09,stow,stow,stow,b,Fresh is Best Summer Lager - Schooner,2.0,14.0909,15.5,3.1442,recipe,true
2026-07-09,stow,stow,stow,b,Geppetto Pinot Noir - Regular,1.0,13.6364,15.0,3.512,recipe,true
2026-07-09,stow,stow,stow,b,Philter Red - Pint,1.0,13.6364,15.0,3.3966,recipe,true
2026-07-09,stow,stow,stow,b,Philter XPA - Pint,1.0,13.6364,15.0,3.0022,recipe,true
2026-07-09,stow,stow,stow,b,Hendrick's Gin,1.0,13.1455,14.46,2.8179,recipe,true
2026-07-09,stow,stow,stow,f,Sweet Potato Fries D,1.0,12.7273,14.0,2.5301,recipe,true
2026-07-09,stow,stow,stow,b,Guinness Draught - Schooner,1.0,12.6727,13.94,3.5827,recipe,true
2026-07-09,stow,stow,stow,b,Pink Lemonade Glass,3.0,12.6727,13.94,2.8449,recipe,true
2026-07-09,stow,stow,stow,b,Lemonade Glass,3.0,12.2727,13.5,2.4096,recipe,true
2026-07-09,stow,stow,stow,b,Pepsi Glass,3.0,12.2727,13.5,3.93,recipe,true
2026-07-09,stow,stow,stow,b,Virgin Margy,1.0,12.2091,13.43,0.0,lightspeed,true
2026-07-09,stow,stow,stow,b,Archie Rose Signature Gin,1.0,12.2,13.42,2.83,recipe,true
2026-07-09,stow,stow,stow,f,Fries D,1.0,11.8182,13.0,0.0,lightspeed,true
2026-07-09,stow,stow,stow,f,Onion Rings,1.0,11.2727,12.4,0.0,lightspeed,true
2026-07-09,stow,stow,stow,b,Philter Red - Schooner,1.0,10.3364,11.37,2.5326,recipe,true
2026-07-09,stow,stow,stow,b,Heaps Normal Tin,1.0,10.0,11.0,2.6696,recipe,true
2026-07-09,stow,stow,stow,b,Hahn Super Dry GF,1.0,9.5455,10.5,2.625,recipe,true
2026-07-09,stow,stow,stow,b,Bundaberg Ginger Beer,2.0,9.3909,10.33,1.9844,recipe,true
2026-07-09,stow,stow,stow,b,San Pellegrino 500ml,1.0,8.4455,9.29,2.32,recipe,true
2026-07-09,stow,stow,stow,b,Status Quo - Pint,1.0,7.9545,8.75,4.1587,recipe,true
2026-07-09,stow,stow,stow,f,Side Gravy,5.0,7.3636,8.1,1.504,recipe,true
2026-07-09,stow,stow,stow,f,Rocket Man,1.0,6.5455,7.2,3.1972,recipe,true
2026-07-09,stow,stow,stow,b,Fresh Lime Soda,2.0,6.3636,7.0,0.0,lightspeed,true
2026-07-09,stow,stow,stow,b,$5 Stow Soda,1.0,4.5455,5.0,0.0,lightspeed,true
2026-07-09,stow,stow,stow,f,Swap Fries for Sweet Potato Fries,2.0,3.7,4.07,0.0,lightspeed,true
2026-07-09,stow,stow,stow,f,Open Food,1.0,3.6364,4.0,0.0,lightspeed,true
2026-07-09,stow,stow,stow,b,Tonic Glass,1.0,3.6364,4.0,0.0,lightspeed,true
2026-07-09,stow,stow,stow,f,Side Aioli,7.0,3.2364,3.56,0.0,lightspeed,true
2026-07-09,stow,stow,stow,f,Add Side Salad,1.0,2.7273,3.0,0.0,lightspeed,true
2026-07-09,stow,stow,stow,f,Extra Gravy,1.0,1.8818,2.07,0.3008,recipe,true
2026-07-09,stow,stow,stow,f,Make it Gluten-free [gf/vg bun w sweet pot. fries],1.0,1.8818,2.07,0.0,lightspeed,true
2026-07-09,stow,stow,stow,f,Add Grilled Chicken,1.0,1.8182,2.0,0.0,lightspeed,true
2026-07-09,stow,stow,stow,f,Side Guac,1.0,0.9091,1.0,0.0,lightspeed,true
2026-07-09,stow,stow,stow,b,2 Glasses,1.0,0.0,0.0,0.0,lightspeed,true
2026-07-09,stow,stow,stow,b,4 Glasses,1.0,0.0,0.0,0.0,lightspeed,true
2026-07-09,stow,stow,stow,b,Asahi 3.5%,1.0,0.0,0.0,2.18,recipe,true
2026-07-09,stow,stow,stow,f,Brownie D,3.0,0.0,0.0,5.8503,recipe,true
2026-07-09,stow,stow,stow,b,Chashu Pork Belly,1.0,0.0,0.0,0.0,lightspeed,true
2026-07-09,stow,stow,stow,b,Cucumber,2.0,0.0,0.0,0.0,lightspeed,true
2026-07-09,stow,stow,stow,b,Dressing on the Side,1.0,0.0,0.0,0.0,lightspeed,true
2026-07-09,stow,stow,stow,b,Fill w Ice,1.0,0.0,0.0,0.0,lightspeed,true
2026-07-09,stow,stow,stow,b,Glass of Ice on the Side,2.0,0.0,0.0,0.0,lightspeed,true
2026-07-09,stow,stow,stow,b,Gluten-free [Corn Tortillas],1.0,0.0,0.0,0.0,lightspeed,true
2026-07-09,stow,stow,stow,f,Jalapeños Inside Burrito,1.0,0.0,0.0,0.0,lightspeed,true
2026-07-09,stow,stow,stow,b,Jug of Water,4.0,0.0,0.0,0.0,lightspeed,true
2026-07-09,stow,stow,stow,b,Lemonade [mixer],1.0,0.0,0.0,0.0,lightspeed,true
2026-07-09,stow,stow,stow,b,Lime,1.0,0.0,0.0,0.0,lightspeed,true
2026-07-09,stow,stow,stow,b,Make It A Burrito Bowl [gluten-free],3.0,0.0,0.0,0.0,lightspeed,true
2026-07-09,stow,stow,stow,b,No Anchovies,1.0,0.0,0.0,0.0,lightspeed,true
2026-07-09,stow,stow,stow,b,No Garnish,3.0,0.0,0.0,0.0,lightspeed,true
2026-07-09,stow,stow,stow,b,No Jalapeños,1.0,0.0,0.0,0.0,lightspeed,true
2026-07-09,stow,stow,stow,b,No Mayo,1.0,0.0,0.0,0.0,lightspeed,true
2026-07-09,stow,stow,stow,b,No Pepperoni,1.0,0.0,0.0,0.0,lightspeed,true
2026-07-09,stow,stow,stow,b,No Pico de Gallo,1.0,0.0,0.0,0.0,lightspeed,true
2026-07-09,stow,stow,stow,b,No Pineapple,1.0,0.0,0.0,0.0,lightspeed,true
2026-07-09,stow,stow,stow,b,No Rice,2.0,0.0,0.0,0.0,lightspeed,true
2026-07-09,stow,stow,stow,b,No Salt,2.0,0.0,0.0,0.0,lightspeed,true
2026-07-09,stow,stow,stow,b,No Shallots,1.0,0.0,0.0,0.0,lightspeed,true
2026-07-09,stow,stow,stow,b,No Sliced Tomato,1.0,0.0,0.0,0.0,lightspeed,true
2026-07-09,stow,stow,stow,b,No Sugar,1.0,0.0,0.0,0.0,lightspeed,true
2026-07-09,stow,stow,stow,b,On The Rocks,4.0,0.0,0.0,0.0,lightspeed,true
2026-07-09,stow,stow,stow,b,Pepsi [mixer],3.0,0.0,0.0,0.0,lightspeed,true
2026-07-09,stow,stow,stow,b,Remove Onion,1.0,0.0,0.0,0.0,lightspeed,true
2026-07-09,stow,stow,stow,b,Remove Sour Cream,2.0,0.0,0.0,0.0,lightspeed,true
2026-07-09,stow,stow,stow,f,Side BBQ Sauce,3.0,0.0,0.0,0.0,lightspeed,true
2026-07-09,stow,stow,stow,f,Side Spicy Salsa,1.0,0.0,0.0,0.0,lightspeed,true
2026-07-09,stow,stow,stow,b,Side Tomato Sauce,1.0,0.0,0.0,0.0,lightspeed,true
2026-07-09,stow,stow,stow,b,Swap Gravy for BBQ Sauce,1.0,0.0,0.0,0.0,lightspeed,true
2026-07-09,stow,stow,stow,b,Tonic [mixer],2.0,0.0,0.0,0.0,lightspeed,true
2026-07-10,hg,hg,hg,f,Tonkotsu,15.0,369.0909,406.0,63.9645,recipe,true
2026-07-10,hg,hg,hg,f,Mie Goreng,16.0,338.1818,372.0,90.7008,recipe,true
2026-07-10,hg,hg,hg,f,Chicken Katsu Curry,12.0,294.5455,324.0,37.1556,recipe,true
2026-07-10,hg,hg,hg,b,Sapporo - 500ml,15.0,197.7273,217.5,55.65,recipe,true
2026-07-10,hg,hg,hg,f,Dumplings - Prawn Har Gow [GF],10.0,170.9091,188.0,44.019,recipe,true
2026-07-10,hg,hg,hg,f,Fried Rice,8.0,169.0909,186.0,22.5936,recipe,true
2026-07-10,hg,hg,hg,f,Shredded Beef,7.0,165.4545,182.0,0.0,lightspeed,true
2026-07-10,hg,hg,hg,f,Chicken Karaage,8.0,122.0909,134.3,0.0,lightspeed,true
2026-07-10,hg,hg,hg,f,BBQ Pork Buns,9.0,121.3636,133.5,31.5,recipe,true
2026-07-10,hg,hg,hg,b,Harry's Lager - Schooner,12.0,103.6364,114.0,18.87,recipe,true
2026-07-10,hg,hg,hg,f,Devon's Prawn Toast,7.0,100.3636,110.4,27.2272,recipe,true
2026-07-10,hg,hg,hg,f,Miso,4.0,89.6364,98.6,0.0,lightspeed,true
2026-07-10,hg,hg,hg,b,Harry's Lager - Pint,7.0,79.5455,87.5,14.763,recipe,true
2026-07-10,hg,hg,hg,f,Dumplings - Veg Gyoza,6.0,76.3636,84.0,11.7114,recipe,true
2026-07-10,hg,hg,hg,f,BBQ Meat Platter,2.0,72.7273,80.0,0.0,lightspeed,true
2026-07-10,hg,hg,hg,b,Margato,4.0,72.7273,80.0,14.9336,recipe,true
2026-07-10,hg,hg,hg,b,Old Fashioned,4.0,72.7273,80.0,19.4332,recipe,true
2026-07-10,hg,hg,hg,b,White Light Pure Vodka [House],7.0,70.0,77.0,10.6456,recipe,true
2026-07-10,hg,hg,hg,b,Classic Margarita,4.0,60.0,66.0,16.6896,recipe,true
2026-07-10,hg,hg,hg,f,Duck Spring Roll,4.0,56.7273,62.4,14.2768,recipe,true
2026-07-10,hg,hg,hg,b,Azurescens Pinot Noir - Regular,4.0,54.5455,60.0,11.2004,recipe,true
2026-07-10,hg,hg,hg,f,Popcorn Cauliflower,4.0,53.6364,59.0,3.8444,recipe,true
2026-07-10,hg,hg,hg,b,Chicken,15.0,53.1818,58.5,0.0,lightspeed,true
2026-07-10,hg,hg,hg,f,Seitan Katsu Curry [vegan],2.0,49.0909,54.0,2.2806,recipe,true
2026-07-10,hg,hg,hg,b,Angas & Bremer Grenache - Regular,6.0,47.2727,52.0,10.524,recipe,true
2026-07-10,hg,hg,hg,f,Dumplings - Beef & Cabbage,3.0,36.9091,40.6,4.3857,recipe,true
2026-07-10,hg,hg,hg,b,Lychee Martini,2.0,34.5455,38.0,7.8156,recipe,true
2026-07-10,hg,hg,hg,b,Yuzu Orange Soda,4.0,32.7273,36.0,0.0,lightspeed,true
2026-07-10,hg,hg,hg,b,Trutta Streamside Shiraz - Regular [HG],2.0,29.0909,32.0,7.936,recipe,true
2026-07-10,hg,hg,hg,b,Rice Pudding,3.0,25.9091,28.5,0.0,lightspeed,true
2026-07-10,hg,hg,hg,b,Demon Slayer,2.0,25.4545,28.0,8.2232,recipe,true
2026-07-10,hg,hg,hg,f,Vegetarian Spring Rolls,2.0,25.4545,28.0,3.2984,recipe,true
2026-07-10,hg,hg,hg,b,Kuku Sauv Blanc - Regular,2.0,23.6364,26.0,5.2,recipe,true
2026-07-10,hg,hg,hg,b,Drunken Koi,2.0,22.9091,25.2,4.885,recipe,true
2026-07-10,hg,hg,hg,f,Edamame,2.0,20.0,22.0,0.0,lightspeed,true
2026-07-10,hg,hg,hg,b,Gado Gado,1.0,20.0,22.0,0.0,lightspeed,true
2026-07-10,hg,hg,hg,b,Crouching Tiger,1.0,19.0909,21.0,4.2673,recipe,true
2026-07-10,hg,hg,hg,b,River Retreat Pinot Grigio - Regular,3.0,19.0909,21.0,6.03,recipe,true
2026-07-10,hg,hg,hg,b,Aperol Spritz,1.0,17.2727,19.0,3.556,recipe,true
2026-07-10,hg,hg,hg,f,1/2 Marinated Egg,11.0,16.3636,18.0,0.0,lightspeed,true
2026-07-10,hg,hg,hg,b,Dragon Soda,2.0,16.3636,18.0,0.1108,recipe,true
2026-07-10,hg,hg,hg,b,From Sundays Shiraz - Regular,1.0,13.6364,15.0,2.8001,recipe,true
2026-07-10,hg,hg,hg,f,Tofu,4.0,13.6364,15.0,0.0,lightspeed,true
2026-07-10,hg,hg,hg,b,Grifter Big Sur IPA Can [HG],1.0,12.7273,14.0,4.0,recipe,true
2026-07-10,hg,hg,hg,b,Grifter Pale - Schooner [HG],2.0,12.7273,14.0,0.0,lightspeed,true
2026-07-10,hg,hg,hg,f,Kids Fried Rice,1.0,11.8182,13.0,0.0,lightspeed,true
2026-07-10,hg,hg,hg,f,Kids Mie Goreng,1.0,11.8182,13.0,0.0,lightspeed,true
2026-07-10,hg,hg,hg,b,Virgin Margy,1.0,11.8182,13.0,0.0,lightspeed,true
2026-07-10,hg,hg,hg,b,Buffalo Trace Bourbon Whisky [House],2.0,11.4545,12.6,4.6346,recipe,true
2026-07-10,hg,hg,hg,b,Sensei Highball,1.0,10.9091,12.0,1.2953,recipe,true
2026-07-10,hg,hg,hg,b,Philter Old Ale [HG],1.0,10.0,11.0,3.0,recipe,true
2026-07-10,hg,hg,hg,b,Carafe Sparkling Water,2.0,9.0909,10.0,0.0,lightspeed,true
2026-07-10,hg,hg,hg,b,Pepsi Max Glass,2.0,8.1818,9.0,2.62,recipe,true
2026-07-10,hg,hg,hg,f,Fried Egg,2.0,7.2727,8.0,0.0,lightspeed,true
2026-07-10,hg,hg,stow,f,Karaage Chicken,1.0,5.8182,6.4,0.0,lightspeed,true
2026-07-10,hg,hg,hg,f,Chilli Bomb,3.0,5.4545,6.0,0.0,lightspeed,true
2026-07-10,hg,hg,hg,f,Extra Piece Prawn Toast,1.0,4.5455,5.0,0.0,lightspeed,true
2026-07-10,hg,hg,hg,f,Extra Pork.,1.0,4.5455,5.0,0.0,lightspeed,true
2026-07-10,hg,hg,hg,f,Jasmine Rice,1.0,4.5455,5.0,0.0,lightspeed,true
2026-07-10,hg,hg,hg,b,Lemon Lime Bitters,1.0,4.0909,4.5,1.0269,recipe,true
2026-07-10,hg,hg,hg,b,Diet Coke Can,1.0,3.6364,4.0,0.0,lightspeed,true
2026-07-10,hg,hg,hg,b,Ginger Beer Glass [HG],1.0,3.6364,4.0,0.0,lightspeed,true
2026-07-10,hg,hg,hg,f,GFO [GF Ramen Noodles],1.0,2.7273,3.0,0.0,lightspeed,true
2026-07-10,hg,hg,hg,f,Black Garlic Oil,1.0,1.8182,2.0,0.0,lightspeed,true
2026-07-10,hg,hg,stow,f,Jasmine Rice,1.0,1.4545,1.6,0.0,lightspeed,true
2026-07-10,hg,hg,hg,b,Lemonade,1.0,0.0,0.0,0.0,lightspeed,true
2026-07-10,hg,hg,hg,b,Lime,9.0,0.0,0.0,0.0,lightspeed,true
2026-07-10,hg,hg,hg,b,Pepsi,2.0,0.0,0.0,0.0,lightspeed,true
2026-07-10,hg,hg,hg,b,Soda,6.0,0.0,0.0,0.0,lightspeed,true
2026-07-10,hg,hg,hg,f,Swap for Chicken,1.0,0.0,0.0,0.0,lightspeed,true
2026-07-10,hg,hg,hg,f,Swap for Tofu [Make it Vegan],1.0,0.0,0.0,0.0,lightspeed,true
2026-07-10,mari,mari,mari,f,$90 PIZZA PARTY,2.0,163.6364,180.0,71.0456,recipe,true
2026-07-10,mari,mari,mari,f,Large Super House Special,6.0,162.7273,179.0,45.7062,recipe,true
2026-07-10,mari,mari,mari,f,Regular Little Italy [Dine-in],6.0,145.7182,160.29,24.993,recipe,true
2026-07-10,mari,mari,mari,f,Large Cosmopolitan,6.0,126.3636,139.0,42.246,recipe,true
2026-07-10,mari,mari,mari,f,$45 FEAST,3.0,122.7273,135.0,42.2142,recipe,true
2026-07-10,mari,mari,mari,f,Regular BBQ Chicken Pizza,5.0,107.7273,118.5,15.438,recipe,true
2026-07-10,mari,mari,mari,f,Regular Super House Special,5.0,107.2727,118.0,23.0935,recipe,true
2026-07-10,mari,mari,mari,f,Large Meatlovers,4.0,104.5455,115.0,26.96,recipe,true
2026-07-10,mari,mari,mari,f,Regular Sanchez [Dine-in],4.0,97.6545,107.42,15.7808,recipe,true
2026-07-10,mari,mari,mari,f,Large Little Italy,5.0,80.9091,89.0,36.952,recipe,true
2026-07-10,mari,mari,mari,f,Regular Pepperoni,4.0,80.0,88.0,10.7968,recipe,true
2026-07-10,mari,mari,mari,f,Large Sorrento,3.0,76.3636,84.0,17.5725,recipe,true
2026-07-10,mari,mari,mari,f,Regular Hawaiian,4.0,74.5455,82.0,13.088,recipe,true
2026-07-10,mari,mari,mari,f,Regular New Yorker [Dine-in],3.0,66.8818,73.57,7.9197,recipe,true
2026-07-10,mari,mari,mari,f,Large Hawaiian,3.0,61.8182,68.0,9.9471,recipe,true
2026-07-10,mari,mari,mari,f,Regular Meatlovers,3.0,60.9091,67.0,13.0176,recipe,true
2026-07-10,mari,mari,mari,f,$60 BANQUET,1.0,54.5455,60.0,21.1281,recipe,true
2026-07-10,mari,mari,mari,f,Large New Yorker,3.0,51.8182,57.0,14.9193,recipe,true
2026-07-10,mari,mari,mari,f,Regular Hail Africa [Dine-in],2.0,50.7273,55.8,5.645,recipe,true
2026-07-10,mari,mari,mari,f,Large Roma Special,2.0,50.0,55.0,11.2042,recipe,true
2026-07-10,mari,mari,mari,f,Large Sanchez,5.0,49.9,54.89,29.187,recipe,true
2026-07-10,mari,mari,mari,f,Regular Jimmy Jury [Dine-in],2.0,49.9,54.89,7.2428,recipe,true
2026-07-10,mari,mari,mari,f,"Large No Chorizo, No Cry",3.0,49.0909,54.0,16.4007,recipe,true
2026-07-10,mari,mari,mari,f,Under the Bridge Pizza,2.0,48.8182,53.7,7.8714,recipe,true
2026-07-10,mari,mari,mari,f,Regular Truffalo Soldier [Dine-in],2.0,48.0636,52.87,6.136,recipe,true
2026-07-10,mari,mari,mari,f,Regular Cosmopolitan,2.0,47.2727,52.0,8.9324,recipe,true
2026-07-10,mari,mari,mari,f,Large Bubba Gump,2.0,45.4545,50.0,11.0012,recipe,true
2026-07-10,mari,mari,mari,f,Regular Jimmy Jury,2.0,44.5455,49.0,8.428,recipe,true
2026-07-10,mari,mari,mari,f,Cheesy Garlic Bread,7.0,43.6364,48.0,12.6189,recipe,true
2026-07-10,mari,mari,mari,f,Regular New Yorker,2.0,43.6364,48.0,6.465,recipe,true
2026-07-10,mari,mari,mari,f,Regular Sanchez,2.0,43.6364,48.0,9.0756,recipe,true
2026-07-10,mari,mari,mari,f,Regular Uber Margherita [Dine-in],2.0,42.5091,46.76,5.424,recipe,true
2026-07-10,mari,mari,mari,f,Feast Deal Pizzas,1.0,40.9091,45.0,14.0714,recipe,true
2026-07-10,mari,mari,mari,f,Garlic Bread,13.0,40.0,44.0,19.3401,recipe,true
2026-07-10,mari,mari,mari,f,Large Margherita,2.0,39.0909,43.0,4.6544,recipe,true
2026-07-10,mari,mari,mari,f,Large Pepperoni,2.0,36.3636,40.0,8.722,recipe,true
2026-07-10,mari,mari,mari,f,Large Vegetarian,3.0,36.3636,40.0,12.7308,recipe,true
2026-07-10,mari,mari,mari,f,Gluten-free Paddock,1.0,28.1818,31.0,8.0084,recipe,true
2026-07-10,mari,mari,mari,f,Gluten-free Super House Special,1.0,27.2727,30.0,9.8087,recipe,true
2026-07-10,mari,mari,mari,f,Large Jimmy Jury,1.0,27.2727,30.0,6.2011,recipe,true
2026-07-10,mari,mari,mari,f,Large Tandoori Chicken,1.0,27.2727,30.0,3.1928,recipe,true
2026-07-10,mari,mari,mari,f,WINGS DEAL,1.0,27.2727,30.0,9.9445,recipe,true
2026-07-10,mari,mari,mari,f,Large El Patron,4.0,24.5455,27.0,23.248,recipe,true
2026-07-10,mari,mari,mari,f,Large Uber Margherita,4.0,24.5455,27.0,17.536,recipe,true
2026-07-10,mari,mari,mari,f,Regular El Patron [Dine-in],1.0,24.4091,26.85,3.7287,recipe,true
2026-07-10,mari,mari,mari,f,Regular Little Italy,1.0,22.7273,25.0,4.7581,recipe,true
2026-07-10,mari,mari,mari,f,Regular Paddock,1.0,22.7273,25.0,4.0838,recipe,true
2026-07-10,mari,mari,mari,f,Regular Roma Special,1.0,21.8182,24.0,3.5344,recipe,true
2026-07-10,mari,mari,mari,f,Regular Sorrento,1.0,21.8182,24.0,4.0074,recipe,true
2026-07-10,mari,mari,mari,f,Regular El Patron,1.0,20.9091,23.0,4.3212,recipe,true
2026-07-10,mari,mari,mari,f,"Regular No Chorizo, No Cry",1.0,20.9091,23.0,3.234,recipe,true
2026-07-10,mari,mari,mari,f,Gluten-free Hawaiian,1.0,19.0909,21.0,6.6926,recipe,true
2026-07-10,mari,mari,mari,f,Gluten-free Vegetarian,1.0,19.0909,21.0,7.3569,recipe,true
2026-07-10,mari,mari,mari,f,Regular Bubba Gump,1.0,19.0909,21.0,3.6381,recipe,true
2026-07-10,mari,mari,mari,f,Regular Hawaiian [Dine-in],1.0,19.0909,21.0,2.6794,recipe,true
2026-07-10,mari,mari,mari,f,Regular Truffalo Soldier,1.0,19.0909,21.0,3.6606,recipe,true
2026-07-10,mari,mari,mari,f,Online Surcharge,15.0,18.1727,19.99,0.0,lightspeed,true
2026-07-10,mari,mari,mari,f,Regular Margherita,1.0,14.5455,16.0,2.0331,recipe,true
2026-07-10,mari,mari,mari,f,Regular Vegetarian,1.0,14.5455,16.0,2.9017,recipe,true
2026-07-10,mari,mari,mari,f,Coke 1.25L,2.0,12.7273,14.0,7.38,recipe,true
2026-07-10,mari,mari,mari,f,Large Garlic Cheese Pizza,1.0,11.8182,13.0,2.4976,recipe,true
2026-07-10,mari,mari,mari,f,Add Prawns,3.0,10.9091,12.0,0.0,lightspeed,true
2026-07-10,mari,mari,mari,f,Grifter Serpents Kiss Can,1.0,9.3909,10.33,3.08,recipe,true
2026-07-10,mari,mari,mari,f,Gluten-free Base,2.0,9.3818,10.32,8.2,recipe,true
2026-07-10,mari,mari,mari,f,Delivery Fee - Allambie / Cromer / Fairlight,1.0,7.2727,8.0,0.0,lightspeed,true
2026-07-10,mari,mari,mari,f,Pink Galah Can D,1.0,7.2727,8.0,3.51,recipe,true
2026-07-10,mari,mari,mari,f,Solo 1.25L,2.0,6.3636,7.0,4.06,recipe,true
2026-07-10,mari,mari,mari,f,Better Beer D,1.0,5.4545,6.0,2.5,recipe,true
2026-07-10,mari,mari,mari,f,Add Chilli,5.0,4.5455,5.0,0.0,lightspeed,true
2026-07-10,mari,mari,mari,f,Delivery Fee - Freshwater / Queenscliff,1.0,4.5455,5.0,0.0,lightspeed,true
2026-07-10,mari,mari,mari,f,Add Anchovies,2.0,3.6364,4.0,0.0,lightspeed,true
2026-07-10,mari,mari,mari,f,Add Calabrese,1.0,3.6364,4.0,0.0,lightspeed,true
2026-07-10,mari,mari,mari,f,Add Chicken,1.0,3.6364,4.0,0.0,lightspeed,true
2026-07-10,mari,mari,mari,f,Add Prosciutto,1.0,3.6364,4.0,0.0,lightspeed,true
2026-07-10,mari,mari,mari,f,Coke Can,1.0,3.6364,4.0,1.89,recipe,true
2026-07-10,mari,mari,mari,f,Add Bocconcini,1.0,2.7273,3.0,0.0,lightspeed,true
2026-07-10,mari,mari,mari,f,Add Capsicum,2.0,2.7273,3.0,0.0,lightspeed,true
2026-07-10,mari,mari,mari,f,Add Fetta,1.0,2.7273,3.0,0.0,lightspeed,true
2026-07-10,mari,mari,mari,f,Add Garlic,2.0,2.7273,3.0,0.0,lightspeed,true
2026-07-10,mari,mari,mari,f,Add Mushrooms,2.0,2.7273,3.0,0.0,lightspeed,true
2026-07-10,mari,mari,mari,f,Add Pepperoni,1.0,2.7273,3.0,0.0,lightspeed,true
2026-07-10,mari,mari,mari,f,Vegan Cheese [Pizza],1.0,2.7273,3.0,0.0,lightspeed,true
2026-07-10,mari,mari,mari,f,Extra Mozzarella,1.0,2.2727,2.5,0.0,lightspeed,true
2026-07-10,mari,mari,mari,f,Add Basil,2.0,1.8182,2.0,0.0,lightspeed,true
2026-07-10,mari,mari,mari,f,Add Jalapenos,1.0,1.3636,1.5,0.0,lightspeed,true
2026-07-10,mari,mari,mari,f,Add Olives,1.0,1.3636,1.5,0.0,lightspeed,true
2026-07-10,mari,mari,mari,f,Add Onion,1.0,1.3636,1.5,0.0,lightspeed,true
2026-07-10,mari,mari,mari,f,Add Pineapple,1.0,1.3636,1.5,0.0,lightspeed,true
2026-07-10,mari,mari,mari,f,Add Sour Cream,1.0,1.3636,1.5,0.0,lightspeed,true
2026-07-10,mari,mari,mari,f,Sour Cream,1.0,0.9364,1.03,0.0,lightspeed,true
2026-07-10,mari,mari,mari,f,Add Oregano,1.0,0.4727,0.52,0.0,lightspeed,true
2026-07-10,mari,mari,mari,f,Choc  Brownie,1.0,0.0,0.0,1.9501,recipe,true
2026-07-10,mari,mari,mari,f,Coke Zero 1.25L,2.0,0.0,0.0,6.18,recipe,true
2026-07-10,mari,mari,mari,f,Garlic  Bread,1.0,0.0,0.0,1.4877,recipe,true
2026-07-10,mari,mari,mari,f,Large BBQ Chicken Pizza,1.0,0.0,0.0,4.111,recipe,true
2026-07-10,mari,mari,mari,f,Large Hail Africa,2.0,0.0,0.0,12.5624,recipe,true
2026-07-10,mari,mari,mari,f,Large Paddock,2.0,0.0,0.0,10.2066,recipe,true
2026-07-10,mari,mari,mari,f,Less Cheese,1.0,0.0,0.0,0.0,lightspeed,true
2026-07-10,stow,stow,stow,b,Classic Margarita,40.0,658.7727,724.65,166.896,recipe,true
2026-07-10,stow,stow,stow,b,Guinness Draught - Pint,38.0,592.8455,652.13,182.5938,recipe,true
2026-07-10,stow,stow,stow,b,Fresh is Best Lager - Pint,33.0,319.1182,351.03,79.9227,recipe,true
2026-07-10,stow,stow,stow,b,Stone & Wood - Schooner,24.0,289.0636,317.97,79.1112,recipe,true
2026-07-10,stow,stow,stow,b,Aperol Spritz,16.0,264.9727,291.47,56.896,recipe,true
2026-07-10,stow,stow,stow,f,Beef Cheek,7.0,261.0364,287.14,0.0,lightspeed,true
2026-07-10,stow,stow,stow,b,Villa Fresco Sangiovese - Regular,28.7,249.5,274.45,69.233,recipe,true
2026-07-10,stow,stow,stow,b,Mulled Wine,17.0,231.8182,255.0,35.4654,recipe,true
2026-07-10,stow,stow,stow,b,Jalapeño Marg,11.0,212.9636,234.26,42.3038,recipe,true
2026-07-10,stow,stow,stow,b,White Light Pure Vodka [House],21.0,202.7273,223.0,31.9368,recipe,true
2026-07-10,stow,stow,stow,b,Philter XPA - Schooner,18.0,183.4545,201.8,40.293,recipe,true
2026-07-10,stow,stow,stow,b,Mother's Milk Shiraz - Bottle,3.0,178.3455,196.18,48.25,lightspeed,true
2026-07-10,stow,stow,stow,b,Fresh is Best Lager - Schooner,21.7,178.2545,196.08,39.1859,recipe,true
2026-07-10,stow,stow,stow,f,Rosemary Salted Fries,15.0,177.7909,195.57,27.9,recipe,true
2026-07-10,stow,stow,stow,b,Lychee Martini,11.0,174.5727,192.03,42.9858,recipe,true
2026-07-10,stow,stow,stow,b,Stone & Wood - Pint,11.0,168.9636,185.86,48.6299,recipe,true
2026-07-10,stow,stow,stow,b,Mother's Milk Shiraz - Regular,12.0,163.1636,179.48,38.5956,recipe,true
2026-07-10,stow,stow,stow,b,Version Two Pinot Grigio - Regular,19.7,157.7636,173.54,34.804,recipe,true
2026-07-10,stow,stow,stow,b,Grifter Pale - Pint,13.0,147.8182,162.6,43.2822,recipe,true
2026-07-10,stow,stow,stow,b,Status Quo - Pint,8.0,127.7909,140.57,33.2696,recipe,true
2026-07-10,stow,stow,stow,b,Hendrick's Gin,10.0,127.6909,140.46,28.179,recipe,true
2026-07-10,stow,stow,stow,b,Fortaleza Añejo,5.0,127.2727,140.0,39.1435,recipe,true
2026-07-10,stow,stow,stow,b,Trentham Estate Rosé - Regular,15.0,126.5364,139.19,31.65,recipe,true
2026-07-10,stow,stow,stow,b,Fresh is Best Summer Lager - Schooner,15.0,108.4909,119.34,23.5815,recipe,true
2026-07-10,stow,stow,stow,f,Chicken Burrito,4.0,107.6909,118.46,33.124,recipe,true
2026-07-10,stow,stow,stow,f,Chicken Shindig Burger,4.0,100.2364,110.26,21.5716,recipe,true
2026-07-10,stow,stow,stow,b,1800 Coconut,8.0,97.2455,106.97,23.2832,recipe,true
2026-07-10,stow,stow,stow,f,Fish Tacos,5.0,92.1,101.31,9.2425,recipe,true
2026-07-10,stow,stow,stow,b,Philter XPA - Pint,10.0,86.9909,95.69,30.022,recipe,true
2026-07-10,stow,stow,stow,b,Kuku Sauvignon Blanc - Large,4.0,85.6818,94.25,19.4268,recipe,true
2026-07-10,stow,stow,stow,b,Geppetto Pinot Noir - Regular,7.0,82.7091,90.98,24.584,recipe,true
2026-07-10,stow,stow,stow,f,Beef Burrito,3.0,80.5455,88.6,28.2216,recipe,true
2026-07-10,stow,stow,stow,b,Coconut Margarita,4.0,77.9545,85.75,16.9796,recipe,true
2026-07-10,stow,stow,stow,b,Ottelia Cab Sav - Regular,5.0,77.2727,85.0,23.04,recipe,true
2026-07-10,stow,stow,stow,f,Rocket Man D,8.0,77.2727,85.0,25.5776,recipe,true
2026-07-10,stow,stow,stow,b,Kuku Sauvignon Blanc - Regular,6.0,76.7818,84.46,17.4846,recipe,true
2026-07-10,stow,stow,stow,b,Scorched As,4.0,75.6727,83.24,17.3892,recipe,true
2026-07-10,stow,stow,stow,f,Sweet Potato Fries,6.0,73.2182,80.54,15.1806,recipe,true
2026-07-10,stow,stow,stow,f,BBQ Wings D,6.0,72.7273,80.0,18.84,recipe,true
2026-07-10,stow,stow,stow,b,Two Tonne Riesling - Bottle,1.0,72.3545,79.59,21.36,lightspeed,true
2026-07-10,stow,stow,stow,b,Rooster Rojo Blanco Tequila [House],7.0,70.0,77.0,13.7487,recipe,true
2026-07-10,stow,stow,stow,b,Mother's Milk Shiraz - Large,3.0,68.1818,75.0,16.0815,recipe,true
2026-07-10,stow,stow,stow,b,Tommy's Margarita,3.0,63.4182,69.76,15.1716,recipe,true
2026-07-10,stow,stow,stow,f,Arancini Balls [5pc],3.0,61.6909,67.86,0.0,lightspeed,true
2026-07-10,stow,stow,stow,b,"Lemon, Lime & Bitters",13.0,60.7273,66.8,13.3497,recipe,true
2026-07-10,stow,stow,stow,b,Fresh is Best Summer Lager - Pint,6.0,60.0,66.0,12.6504,recipe,true
2026-07-10,stow,stow,stow,b,Kirin - Schooner,4.7,59.8182,65.8,17.8454,recipe,true
2026-07-10,stow,stow,stow,b,Petits Detours Rosé Mediterranee - Bottle,1.0,58.1818,64.0,17.34,recipe,true
2026-07-10,stow,stow,stow,b,Petits Detours Rosé - Regular,4.0,56.7273,62.4,13.872,recipe,true
2026-07-10,stow,stow,stow,b,Geppetto Pinot Noir - Bottle,1.0,56.3364,61.97,17.67,lightspeed,true
2026-07-10,stow,stow,stow,b,Crankshaft IPA - Pint,4.0,55.6818,61.25,17.2096,recipe,true
2026-07-10,stow,stow,stow,f,Fish Burrito,2.0,53.4091,58.75,11.6828,recipe,true
2026-07-10,stow,stow,stow,b,Trentham Estate Rosé - Large,3.0,52.9455,58.24,10.5504,recipe,true
2026-07-10,stow,stow,stow,b,Kuku Sauvignon Blanc - Bottle,1.0,52.7273,58.0,14.57,lightspeed,true
2026-07-10,stow,stow,stow,b,Stow Soda - Passionfruit,6.0,50.7818,55.86,0.0,lightspeed,true
2026-07-10,stow,stow,stow,f,American Standard Burger,3.0,50.5364,55.59,17.5209,recipe,true
2026-07-10,stow,stow,stow,b,Grifter Pale - Schooner,6.0,50.4545,55.5,14.8944,recipe,true
2026-07-10,stow,stow,stow,b,Kirin - Pint,3.0,50.4545,55.5,15.2772,recipe,true
2026-07-10,stow,stow,stow,b,Dark & Stormy,3.0,50.2818,55.31,12.0354,recipe,true
2026-07-10,stow,stow,stow,f,Rocket Man,3.0,49.6273,54.59,9.5916,recipe,true
2026-07-10,stow,stow,stow,f,Buffalo Wings,3.0,49.3,54.23,8.9292,recipe,true
2026-07-10,stow,stow,stow,f,Stow Schnitty,2.0,47.2545,51.98,10.996,recipe,true
2026-07-10,stow,stow,stow,f,BBQ Wings,3.0,47.1,51.81,9.42,recipe,true
2026-07-10,stow,stow,stow,b,Negroni,3.0,46.3636,51.0,12.297,recipe,true
2026-07-10,stow,stow,stow,b,Version Two Pinot Grigio - Bottle,1.0,46.0818,50.69,8.83,lightspeed,true
2026-07-10,stow,stow,stow,f,Farmhouse Salad,2.0,46.0091,50.61,0.0,lightspeed,true
2026-07-10,stow,stow,stow,f,Eggplant Schnitty,2.0,45.6818,50.25,8.876,recipe,true
2026-07-10,stow,stow,stow,b,Margarita PartyJar (6),1.0,45.4545,50.0,26.443,recipe,true
2026-07-10,stow,stow,stow,f,Baked Camembert,2.0,45.2727,49.8,0.0,lightspeed,true
2026-07-10,stow,stow,stow,b,Lemon Meringue Martini,2.0,45.0545,49.56,7.3628,recipe,true
2026-07-10,stow,stow,stow,b,Ottelia Chardonnay - Regular,3.0,44.1273,48.54,10.3782,recipe,true
2026-07-10,stow,stow,stow,b,Version Two Sparkling - Regular,6.0,42.7273,47.0,10.6002,recipe,true
2026-07-10,stow,stow,stow,f,Chicken Parmy D,2.0,41.8182,46.0,0.0,lightspeed,true
2026-07-10,stow,stow,stow,b,Flower Child,2.0,41.3091,45.44,7.0334,recipe,true
2026-07-10,stow,stow,stow,b,Corona,4.0,38.1818,42.0,10.2852,recipe,true
2026-07-10,stow,stow,stow,b,Limoncello Spritz,2.0,38.1818,42.0,10.64,recipe,true
2026-07-10,stow,stow,stow,b,Crankshaft IPA - Schooner,3.0,36.8182,40.5,9.6237,recipe,true
2026-07-10,stow,stow,stow,b,Guinness Draught - Schooner,3.0,36.8182,40.5,10.7481,recipe,true
2026-07-10,stow,stow,stow,b,Two Tonne Riesling - Regular,2.0,36.3636,40.0,8.544,recipe,true
2026-07-10,stow,stow,stow,f,Kids Nuggets & Chips,3.0,36.2273,39.85,6.7281,recipe,true
2026-07-10,stow,stow,stow,b,Version Two Pinot Grigio - Large,2.0,35.6727,39.24,5.889,recipe,true
2026-07-10,stow,stow,stow,f,Sensei Calamari,2.0,35.4545,39.0,4.5256,recipe,true
2026-07-10,stow,stow,stow,f,Fish Tacos D,2.0,34.5455,38.0,3.697,recipe,true
2026-07-10,stow,stow,stow,b,Bombay Dry [House],4.0,32.7273,36.0,8.6576,recipe,true
2026-07-10,stow,stow,stow,b,Young Henrys Cloudy Cider Can,3.0,32.7273,36.0,7.74,recipe,true
2026-07-10,stow,stow,stow,b,Heaps Normal Tin,3.0,30.9818,34.08,8.0088,recipe,true
2026-07-10,stow,stow,stow,f,Beef Cheek D,2.0,30.9091,34.0,0.0,lightspeed,true
2026-07-10,stow,stow,stow,b,Appleton Rum [House],3.0,30.0,33.0,6.7629,recipe,true
2026-07-10,stow,stow,stow,f,Pie,1.0,29.9091,32.9,0.0,lightspeed,true
2026-07-10,stow,stow,stow,f,Buffalo Wings D,2.0,29.5455,32.5,5.9528,recipe,true
2026-07-10,stow,stow,stow,f,Fancy Pants Parmy - Classic,1.0,27.2364,29.96,7.5986,recipe,true
2026-07-10,stow,stow,stow,f,Cauliflower Burrito,1.0,27.1364,29.85,5.485,recipe,true
2026-07-10,stow,stow,stow,f,Chicken Schnitty D,2.0,25.4545,28.0,0.0,lightspeed,true
2026-07-10,stow,stow,stow,f,Sweet Potato Fries D,2.0,25.3636,27.9,5.0602,recipe,true
2026-07-10,stow,stow,stow,b,Ottelia Cab Sav - Large,1.0,25.3545,27.89,7.68,recipe,true
2026-07-10,stow,stow,stow,f,Kids Ham & Cheese Pizza,2.0,23.6364,26.0,0.0,lightspeed,true
2026-07-10,stow,stow,stow,b,Bundaberg Ginger Beer,5.0,23.4818,25.83,4.961,recipe,true
2026-07-10,stow,stow,stow,b,Petits Detours Rosé - Large,1.0,23.4727,25.82,5.78,recipe,true
2026-07-10,stow,stow,stow,f,Arancini Balls 5pcs D,1.0,22.7273,25.0,0.0,lightspeed,true
2026-07-10,stow,stow,stow,f,Fries D,3.0,22.7273,25.0,0.0,lightspeed,true
2026-07-10,stow,stow,stow,b,Geppetto Pinot Noir - Large Glass,1.0,22.5364,24.79,5.8533,recipe,true
2026-07-10,stow,stow,stow,b,Davy's Old Fashioned,1.0,22.5273,24.78,4.9642,recipe,true
2026-07-10,stow,stow,stow,f,Beef Burger D,1.0,21.8182,24.0,5.8403,recipe,true
2026-07-10,stow,stow,stow,b,Biscoff Espresso,1.0,20.9091,23.0,3.2484,recipe,true
2026-07-10,stow,stow,stow,b,Philter Red - Schooner,2.0,20.3273,22.36,5.0652,recipe,true
2026-07-10,stow,stow,stow,f,Baked Camembert D,1.0,19.0909,21.0,0.0,lightspeed,true
2026-07-10,stow,stow,stow,b,Add Vodka,4.0,18.8,20.68,0.0,lightspeed,true
2026-07-10,stow,stow,stow,f,Cauliflower Tacos,1.0,18.7727,20.65,0.0,lightspeed,true
2026-07-10,stow,stow,stow,b,Boulevardier,1.0,18.0,19.8,3.47,lightspeed,true
2026-07-10,stow,stow,stow,b,Unico Zelo Terra Cotta - Regular,1.0,17.8364,19.62,4.378,recipe,true
2026-07-10,stow,stow,stow,b,Padrillos Malbec - Regular,1.0,16.9,18.59,3.8666,recipe,true
2026-07-10,stow,stow,stow,b,Lemonade Glass,4.0,16.6273,18.29,3.2128,recipe,true
2026-07-10,stow,stow,stow,b,Pepsi Max Glass,4.0,16.3636,18.0,5.24,recipe,true
2026-07-10,stow,stow,stow,b,Year Wines Fiano - Regular,1.0,16.3636,18.0,4.271,recipe,true
2026-07-10,stow,stow,stow,b,Hugo Spritz,1.0,15.0273,16.53,4.096,recipe,true
2026-07-10,stow,stow,stow,b,Espresso Martini,1.0,13.1455,14.46,3.285,recipe,true
2026-07-10,stow,stow,stow,b,Trade Winds,1.0,13.1455,14.46,1.4538,recipe,true
2026-07-10,stow,stow,stow,b,Grifter Big Sur IPA Tin,1.0,12.7273,14.0,4.0,recipe,true
2026-07-10,stow,stow,stow,b,Seadrift Coast Non-alc G&T,1.0,12.2091,13.43,2.6518,recipe,true
2026-07-10,stow,stow,stow,b,Virgin Margy,1.0,12.2091,13.43,0.0,lightspeed,true
2026-07-10,stow,stow,stow,f,Onion Rings,1.0,11.2727,12.4,0.0,lightspeed,true
2026-07-10,stow,stow,stow,b,Monteith's Apple Cider Bottle,1.0,9.5455,10.5,3.11,recipe,true
2026-07-10,stow,stow,stow,f,Lepinja Bread,1.0,9.3909,10.33,0.0,lightspeed,true
2026-07-10,stow,stow,stow,f,Onion Rings D,1.0,9.0909,10.0,0.0,lightspeed,true
2026-07-10,stow,stow,stow,b,San Pellegrino 500ml,1.0,8.1818,9.0,2.32,recipe,true
2026-07-10,stow,stow,stow,f,Add Grilled Fish,1.0,7.2727,8.0,0.0,lightspeed,true
2026-07-10,stow,stow,stow,b,Buffalo Trace Bourbon [House],1.0,6.3636,7.0,2.3173,recipe,true
2026-07-10,stow,stow,stow,b,Fresh Lime Soda,2.0,6.3636,7.0,0.0,lightspeed,true
2026-07-10,stow,stow,stow,f,Add Grilled Chicken,1.0,5.6364,6.2,0.0,lightspeed,true
2026-07-10,stow,stow,stow,f,Side Aioli,12.0,5.5818,6.14,0.0,lightspeed,true
2026-07-10,stow,stow,stow,b,Pineapple Juice Glass,1.0,4.6909,5.16,0.6942,recipe,true
2026-07-10,stow,stow,stow,b,Pink Lemonade Glass,1.0,4.2273,4.65,0.9483,recipe,true
2026-07-10,stow,stow,stow,f,Extra Arancini Ball,1.0,3.6364,4.0,0.0,lightspeed,true
2026-07-10,stow,stow,stow,b,Tonic Glass,1.0,3.6364,4.0,0.0,lightspeed,true
2026-07-10,stow,stow,stow,f,Side Chipotle Mayo,3.0,2.8091,3.09,0.0,lightspeed,true
2026-07-10,stow,stow,stow,f,Add Side Guac.,1.0,2.7273,3.0,0.0,lightspeed,true
2026-07-10,stow,stow,stow,f,Side Gravy,2.0,2.3182,2.55,0.6016,recipe,true
2026-07-10,stow,stow,stow,f,2x Aioli,2.0,1.8727,2.06,0.0,lightspeed,true
2026-07-10,stow,stow,stow,b,Fever-Tree Mediterannean  [mixer],2.0,1.8182,2.0,0.0,lightspeed,true
2026-07-10,stow,stow,stow,f,Extra Corn Chips,1.0,0.9364,1.03,0.0,lightspeed,true
2026-07-10,stow,stow,stow,f,Side Spicy Salsa,1.0,0.9091,1.0,0.0,lightspeed,true
2026-07-10,stow,stow,stow,b,Bry Ol San Pell,1.0,0.0455,0.05,2.34,recipe,true
2026-07-10,stow,stow,stow,b,2 Glasses,2.0,0.0,0.0,0.0,lightspeed,true
2026-07-10,stow,stow,stow,b,3 Glasses,2.0,0.0,0.0,0.0,lightspeed,true
2026-07-10,stow,stow,stow,b,6 Glasses,1.0,0.0,0.0,0.0,lightspeed,true
2026-07-10,stow,stow,stow,f,Brownie D,14.0,0.0,0.0,27.3014,recipe,true
2026-07-10,stow,stow,stow,b,Cucumber,1.0,0.0,0.0,0.0,lightspeed,true
2026-07-10,stow,stow,stow,b,Easy Sauce,2.0,0.0,0.0,0.0,lightspeed,true
2026-07-10,stow,stow,stow,f,Extra Red Wine Jus,1.0,0.0,0.0,0.0,lightspeed,true
2026-07-10,stow,stow,stow,b,Glass of Ice on the Side,1.0,0.0,0.0,0.0,lightspeed,true
2026-07-10,stow,stow,stow,b,Gluten-free [Corn Tortillas],2.0,0.0,0.0,0.0,lightspeed,true
2026-07-10,stow,stow,stow,b,Jug of Water,1.0,0.0,0.0,0.0,lightspeed,true
2026-07-10,stow,stow,stow,b,Lime,9.0,0.0,0.0,0.0,lightspeed,true
2026-07-10,stow,stow,stow,b,Little Italy.,1.0,0.0,0.0,0.0,lightspeed,true
2026-07-10,stow,stow,stow,b,Make It A Burrito Bowl [gluten-free],2.0,0.0,0.0,0.0,lightspeed,true
2026-07-10,stow,stow,stow,f,Make it Vegetarian [plant-based patty],1.0,0.0,0.0,0.0,lightspeed,true
2026-07-10,stow,stow,stow,b,No Cheese [dairy-free],1.0,0.0,0.0,0.0,lightspeed,true
2026-07-10,stow,stow,stow,b,No Cherry Tomatoes,1.0,0.0,0.0,0.0,lightspeed,true
2026-07-10,stow,stow,stow,b,No Chilli,1.0,0.0,0.0,0.0,lightspeed,true
2026-07-10,stow,stow,stow,b,No Garlic,2.0,0.0,0.0,0.0,lightspeed,true
2026-07-10,stow,stow,stow,b,No Glasses Needed,1.0,0.0,0.0,0.0,lightspeed,true
2026-07-10,stow,stow,stow,b,No Lettuce,1.0,0.0,0.0,0.0,lightspeed,true
2026-07-10,stow,stow,stow,b,No Olives,3.0,0.0,0.0,0.0,lightspeed,true
2026-07-10,stow,stow,stow,b,No Oregano,1.0,0.0,0.0,0.0,lightspeed,true
2026-07-10,stow,stow,stow,b,No Pineapple,4.0,0.0,0.0,0.0,lightspeed,true
2026-07-10,stow,stow,stow,b,No Salt,1.0,0.0,0.0,0.0,lightspeed,true
2026-07-10,stow,stow,stow,b,No Sugar,1.0,0.0,0.0,0.0,lightspeed,true
2026-07-10,stow,stow,stow,b,No Tomato,1.0,0.0,0.0,0.0,lightspeed,true
2026-07-10,stow,stow,stow,b,No Zucchini,1.0,0.0,0.0,0.0,lightspeed,true
2026-07-10,stow,stow,stow,b,On The Rocks,7.0,0.0,0.0,0.0,lightspeed,true
2026-07-10,stow,stow,stow,b,Pineapple Juice [mixer],7.0,0.0,0.0,4.1307,recipe,true
2026-07-10,stow,stow,stow,b,Send Kids Food ASAP,5.0,0.0,0.0,0.0,lightspeed,true
2026-07-10,stow,stow,stow,f,Side BBQ Sauce,6.0,0.0,0.0,0.0,lightspeed,true
2026-07-10,stow,stow,stow,b,Side Tomato Sauce,13.0,0.0,0.0,0.0,lightspeed,true
2026-07-10,stow,stow,stow,b,Super House Special.,1.0,0.0,0.0,0.0,lightspeed,true
2026-07-10,stow,stow,stow,b,Swap Gravy for Aioli,1.0,0.0,0.0,0.0,lightspeed,true
2026-07-10,stow,stow,stow,b,Tonic [mixer],1.0,0.0,0.0,0.0,lightspeed,true
2026-07-11,hg,hg,hg,f,Dumplings - Prawn Har Gow [GF],19.0,325.4,358.0,83.6361,recipe,true
2026-07-11,hg,hg,hg,f,Shredded Beef,12.0,283.68,312.0,0.0,lightspeed,true
2026-07-11,hg,hg,hg,b,Sapporo - 500ml,25.0,278.86,306.75,92.75,recipe,true
2026-07-11,hg,hg,hg,f,Tonkotsu,9.0,237.24,261.0,38.3787,recipe,true
2026-07-11,hg,hg,hg,f,Mie Goreng,11.0,232.74,256.0,62.3568,recipe,true
2026-07-11,hg,hg,hg,f,Chicken Katsu Curry,10.0,222.75,245.0,30.963,recipe,true
2026-07-11,hg,hg,hg,b,Harry's Lager - Pint,16.0,165.17,181.75,33.744,recipe,true
2026-07-11,hg,hg,hg,f,BBQ Meat Platter,4.0,145.44,160.0,0.0,lightspeed,true
2026-07-11,hg,hg,hg,b,Classic Margarita,8.0,138.16,152.0,33.3792,recipe,true
2026-07-11,hg,hg,hg,f,Miso,5.0,126.52,139.2,0.0,lightspeed,true
2026-07-11,hg,hg,hg,b,Azurescens Pinot Noir - Regular,9.0,122.75,135.0,25.2009,recipe,true
2026-07-11,hg,hg,hg,f,Dumplings - Veg Gyoza,9.0,114.57,126.0,17.5671,recipe,true
2026-07-11,hg,hg,hg,f,Popcorn Cauliflower,8.0,108.21,119.0,7.6888,recipe,true
2026-07-11,hg,hg,hg,f,Chicken Karaage,7.0,108.15,119.0,0.0,lightspeed,true
2026-07-11,hg,hg,hg,f,Duck Spring Roll,7.0,101.85,112.0,24.9844,recipe,true
2026-07-11,hg,hg,hg,b,Aperol Spritz,6.0,100.16,110.2,21.336,recipe,true
2026-07-11,hg,hg,hg,b,From Sundays Shiraz - Regular,7.0,92.75,102.0,19.6007,recipe,true
2026-07-11,hg,hg,hg,f,Fried Rice,4.0,85.46,94.0,11.2968,recipe,true
2026-07-11,hg,hg,hg,f,Shoyu,3.0,79.09,87.0,0.0,lightspeed,true
2026-07-11,hg,hg,hg,f,Meat Platter,2.0,72.72,80.0,0.0,lightspeed,true
2026-07-11,hg,hg,hg,b,Rooster Blanco Tequila [House],8.0,70.0,77.0,15.7128,recipe,true
2026-07-11,hg,hg,hg,b,River Retreat Pinot Grigio - Regular,6.0,65.46,72.0,12.06,recipe,true
2026-07-11,hg,hg,hg,f,Edamame,6.0,60.0,66.0,0.0,lightspeed,true
2026-07-11,hg,hg,hg,b,Philter XPA - Schooner [HG],6.0,58.53,64.4,0.0,lightspeed,true
2026-07-11,hg,hg,hg,f,Devon's Prawn Toast,4.0,58.21,64.0,15.5584,recipe,true
2026-07-11,hg,hg,hg,b,Margato,4.0,56.36,62.0,14.9336,recipe,true
2026-07-11,hg,hg,hg,b,Geppetto Chardonnay - Bottle,1.0,55.44,61.0,15.57,lightspeed,true
2026-07-11,hg,hg,hg,f,Dumplings - Beef & Cabbage,4.0,50.92,56.0,5.8476,recipe,true
2026-07-11,hg,hg,hg,f,Seitan Katsu Curry [vegan],2.0,49.1,54.0,2.2806,recipe,true
2026-07-11,hg,hg,hg,b,Sapporo - Schooner,4.0,47.28,52.0,12.614,recipe,true
2026-07-11,hg,hg,hg,b,Virgin Margy,4.0,47.28,52.0,0.0,lightspeed,true
2026-07-11,hg,hg,hg,b,Kuku Sauv Blanc - Bottle,1.0,46.36,51.0,13.0,lightspeed,true
2026-07-11,hg,hg,hg,b,Tsingtao Longneck,3.0,46.36,51.0,14.07,recipe,true
2026-07-11,hg,hg,hg,f,BBQ Pork Buns,3.0,40.92,45.0,10.5,recipe,true
2026-07-11,hg,hg,hg,b,Demon Slayer,2.0,36.27,39.9,8.2232,recipe,true
2026-07-11,hg,hg,hg,b,Kuku Sauv Blanc - Regular,3.0,35.46,39.0,7.8,recipe,true
2026-07-11,hg,hg,hg,b,Harry's Lager - Schooner,5.0,32.83,36.1,7.8625,recipe,true
2026-07-11,hg,hg,hg,b,Drunken Koi,2.0,31.82,35.0,4.885,recipe,true
2026-07-11,hg,hg,hg,b,Angas & Bremer Grenache - Regular,5.0,31.16,34.3,8.77,recipe,true
2026-07-11,hg,hg,hg,b,White Light Pure Vodka [House],3.0,26.0,28.6,4.5624,recipe,true
2026-07-11,hg,hg,hg,b,Little Dragon Ginger Beer Can,2.0,25.46,28.0,6.7566,recipe,true
2026-07-11,hg,hg,hg,b,Chicken,6.0,20.92,23.0,0.0,lightspeed,true
2026-07-11,hg,hg,hg,b,Long Island Iced Tea [HG],1.0,20.0,22.0,4.9622,recipe,true
2026-07-11,hg,hg,hg,b,Crouching Tiger,1.0,19.09,21.0,4.2673,recipe,true
2026-07-11,hg,hg,hg,f,Jasmine Rice,4.0,18.19,20.0,0.0,lightspeed,true
2026-07-11,hg,hg,hg,b,Angas & Bremer Rosé - Regular,2.0,17.46,19.2,3.508,recipe,true
2026-07-11,hg,hg,hg,b,Padrillos Malbec - Regular,1.0,16.36,18.0,3.8666,recipe,true
2026-07-11,hg,hg,hg,b,Espresso Martini,1.0,15.54,17.1,3.285,recipe,true
2026-07-11,hg,hg,hg,b,Limoncello Spritz,1.0,13.82,15.2,5.32,recipe,true
2026-07-11,hg,hg,hg,b,Grifter Big Sur IPA Can [HG],1.0,12.73,14.0,4.0,recipe,true
2026-07-11,hg,hg,hg,b,Lychee Martini,1.0,12.73,14.0,3.9078,recipe,true
2026-07-11,hg,hg,hg,b,Two Bays GF Rice Lager Can [HG],1.0,12.73,14.0,4.99,recipe,true
2026-07-11,hg,hg,hg,f,Kids Fried Rice,1.0,11.82,13.0,0.0,lightspeed,true
2026-07-11,hg,hg,hg,f,Kids Mie Goreng,1.0,11.82,13.0,0.0,lightspeed,true
2026-07-11,hg,hg,hg,b,Kids Miso,2.0,11.82,13.0,0.0,lightspeed,true
2026-07-11,hg,hg,hg,f,Mochi Trio,1.0,11.82,13.0,0.0,lightspeed,true
2026-07-11,hg,hg,hg,f,Tofu,3.0,10.92,12.0,0.0,lightspeed,true
2026-07-11,hg,hg,hg,b,Sensei Highball,1.0,10.91,12.0,1.2953,recipe,true
2026-07-11,hg,hg,hg,f,Fried Egg,3.0,10.0,11.0,0.0,lightspeed,true
2026-07-11,hg,hg,hg,b,Vinada Sparkling Wine,1.0,10.0,11.0,0.0,lightspeed,true
2026-07-11,hg,hg,hg,f,Extra Pork.,2.0,9.1,10.0,0.0,lightspeed,true
2026-07-11,hg,hg,hg,b,Lemon Chu-hi,1.0,8.73,9.6,1.5041,recipe,true
2026-07-11,hg,hg,stow,f,Fried Rice,1.0,8.36,9.2,2.8242,recipe,true
2026-07-11,hg,hg,hg,b,Yuzu Orange Soda,1.0,8.18,9.0,0.0,lightspeed,true
2026-07-11,hg,hg,hg,b,Sailor Jerry Spiced Rum [House],1.0,8.0,8.8,2.0293,recipe,true
2026-07-11,hg,hg,hg,f,1/2 Marinated Egg,3.0,5.46,6.0,0.0,lightspeed,true
2026-07-11,hg,hg,hg,f,GFO [GF Ramen Noodles],2.0,5.46,6.0,0.0,lightspeed,true
2026-07-11,hg,hg,hg,f,Chilli Bomb,3.0,5.1,5.6,0.0,lightspeed,true
2026-07-11,hg,hg,hg,b,Carafe Sparkling Water,1.0,4.55,5.0,0.0,lightspeed,true
2026-07-11,hg,hg,hg,b,Lemonade Glass,1.0,4.09,4.5,0.8032,recipe,true
2026-07-11,hg,hg,hg,b,Orange Juice Glass,1.0,3.65,4.0,0.4801,recipe,true
2026-07-11,hg,hg,hg,f,Black Garlic Oil,2.0,3.64,4.0,0.0,lightspeed,true
2026-07-11,hg,hg,hg,f,Bamboo Shoots,1.0,1.82,2.0,0.0,lightspeed,true
2026-07-11,hg,hg,hg,b,Chicken.,1.0,1.82,2.0,0.0,lightspeed,true
2026-07-11,hg,hg,hg,b,1 Glass,3.0,0.0,0.0,0.0,lightspeed,true
2026-07-11,hg,hg,hg,b,2 Glasses,1.0,0.0,0.0,0.0,lightspeed,true
2026-07-11,hg,hg,hg,b,4 Glasses,1.0,0.0,0.0,0.0,lightspeed,true
2026-07-11,hg,hg,hg,b,Lime,12.0,0.0,0.0,0.0,lightspeed,true
2026-07-11,hg,hg,hg,b,Pepsi,1.0,0.0,0.0,0.0,lightspeed,true
2026-07-11,hg,hg,hg,b,Remove Butter,1.0,0.0,0.0,0.0,lightspeed,true
2026-07-11,hg,hg,hg,b,Soda,11.0,0.0,0.0,0.0,lightspeed,true
2026-07-11,hg,hg,hg,f,Swap for Tofu,1.0,0.0,0.0,0.0,lightspeed,true
2026-07-11,hg,hg,hg,f,Swap for Tofu [Make it Vegan],1.0,0.0,0.0,0.0,lightspeed,true
2026-07-11,hg,hg,hg,b,Vegetarian Option,1.0,0.0,0.0,0.0,lightspeed,true
2026-07-11,mari,mari,mari,f,Large Super House Special,6.0,135.44,149.0,45.7062,recipe,true
2026-07-11,mari,mari,mari,f,Large Little Italy,4.0,109.09,120.0,29.5616,recipe,true
2026-07-11,mari,mari,mari,f,Large Margherita,5.0,99.08,109.0,11.636,recipe,true
2026-07-11,mari,mari,mari,f,Regular Little Italy [Dine-in],4.0,96.89,106.55,16.662,recipe,true
2026-07-11,mari,mari,mari,f,Regular Super House Special,4.0,85.46,94.0,18.4748,recipe,true
2026-07-11,mari,mari,mari,f,$45 FEAST,2.0,81.82,90.0,28.1428,recipe,true
2026-07-11,mari,mari,mari,f,Large Meatlovers,4.0,81.81,90.0,26.96,recipe,true
2026-07-11,mari,mari,mari,f,Regular Cosmopolitan,4.0,80.91,89.0,17.8648,recipe,true
2026-07-11,mari,mari,mari,f,Large Hawaiian,3.0,69.08,76.0,9.9471,recipe,true
2026-07-11,mari,mari,mari,f,Large Cosmopolitan,4.0,68.19,75.0,28.164,recipe,true
2026-07-11,mari,mari,mari,f,Large Tandoori Chicken,3.0,68.19,75.0,9.5784,recipe,true
2026-07-11,mari,mari,mari,f,Regular Meatlovers,3.0,68.19,75.0,13.0176,recipe,true
2026-07-11,mari,mari,mari,f,Regular Little Italy,3.0,66.37,73.0,14.2743,recipe,true
2026-07-11,mari,mari,mari,f,Regular New Yorker,3.0,63.41,69.75,9.6975,recipe,true
2026-07-11,mari,mari,mari,f,Large Pepperoni,5.0,61.81,68.0,21.805,recipe,true
2026-07-11,mari,mari,mari,f,Gluten-free Little Italy,2.0,56.36,62.0,19.292,recipe,true
2026-07-11,mari,mari,mari,f,$60 BANQUET,1.0,54.55,60.0,21.1281,recipe,true
2026-07-11,mari,mari,mari,f,Large Sorrento,2.0,51.82,57.0,11.715,recipe,true
2026-07-11,mari,mari,mari,f,Large BBQ Chicken Pizza,3.0,50.46,55.5,12.333,recipe,true
2026-07-11,mari,mari,mari,f,Large Jimmy Jury,2.0,49.1,54.0,12.4022,recipe,true
2026-07-11,mari,mari,mari,f,"Regular No Chorizo, No Cry [Dine-in]",2.0,48.06,52.85,5.283,recipe,true
2026-07-11,mari,mari,mari,f,Large Uber Margherita,2.0,47.28,52.0,8.768,recipe,true
2026-07-11,mari,mari,mari,f,Regular Margherita,3.0,46.35,51.0,6.0993,recipe,true
2026-07-11,mari,mari,mari,f,Feast Deal Pizzas,1.0,40.91,45.0,14.0714,recipe,true
2026-07-11,mari,mari,mari,f,Large Bubba Gump,1.0,29.09,32.0,5.5006,recipe,true
2026-07-11,mari,mari,mari,f,Large Bubba Gump Wings Deal,1.0,27.27,30.0,8.6406,recipe,true
2026-07-11,mari,mari,mari,f,Large New Yorker,1.0,27.27,30.0,4.9731,recipe,true
2026-07-11,mari,mari,mari,f,WINGS DEAL,1.0,27.27,30.0,9.9445,recipe,true
2026-07-11,mari,mari,mari,f,Regular Hail Africa [Dine-in],1.0,25.36,27.89,2.8225,recipe,true
2026-07-11,mari,mari,mari,f,Regular Jimmy Jury [Dine-in],1.0,25.36,27.89,3.6214,recipe,true
2026-07-11,mari,mari,mari,f,"Large No Chorizo, No Cry",1.0,24.55,27.0,5.4669,recipe,true
2026-07-11,mari,mari,mari,f,Large Sanchez,2.0,24.55,27.0,11.6748,recipe,true
2026-07-11,mari,mari,mari,f,Regular Sanchez [Dine-in],1.0,24.41,26.85,3.9452,recipe,true
2026-07-11,mari,mari,mari,f,Online Surcharge,18.0,24.15,24.15,0.0,lightspeed,true
2026-07-11,mari,mari,mari,f,Gluten-free Uber Margherita,1.0,24.09,26.5,7.4934,recipe,true
2026-07-11,mari,mari,mari,f,Large Roma Special,1.0,22.73,25.0,5.6021,recipe,true
2026-07-11,mari,mari,mari,f,Regular New Yorker [Dine-in],1.0,22.53,24.78,2.6399,recipe,true
2026-07-11,mari,mari,mari,f,Regular Jimmy Jury,1.0,21.82,24.0,4.214,recipe,true
2026-07-11,mari,mari,mari,f,Regular Roma Special,1.0,21.82,24.0,3.5344,recipe,true
2026-07-11,mari,mari,mari,f,Regular Sanchez VEGAN,1.0,21.59,23.75,2.6391,recipe,true
2026-07-11,mari,mari,mari,f,Regular Hail Africa,1.0,20.91,23.0,3.415,recipe,true
2026-07-11,mari,mari,mari,f,Regular Pepperoni,1.0,20.0,22.0,2.6992,recipe,true
2026-07-11,mari,mari,mari,f,Regular Uber Margherita,1.0,19.09,21.0,3.3046,recipe,true
2026-07-11,mari,mari,mari,f,Large Vegetarian,1.0,18.18,20.0,4.2436,recipe,true
2026-07-11,mari,mari,mari,f,Garlic Bread,4.0,16.37,18.0,5.9508,recipe,true
2026-07-11,mari,mari,mari,f,Cheesy Garlic Bread,2.0,14.55,16.0,3.6054,recipe,true
2026-07-11,mari,mari,mari,f,Delivery Fee - Freshwater / Queenscliff,3.0,13.65,15.0,0.0,lightspeed,true
2026-07-11,mari,mari,mari,f,Regular Garlic Cheese Pizza,1.0,12.73,14.0,1.5021,recipe,true
2026-07-11,mari,mari,mari,f,Coke Zero 1.25L,2.0,12.72,14.0,6.18,recipe,true
2026-07-11,mari,mari,mari,f,Sprite 1.25L,2.0,12.72,14.0,8.5308,recipe,true
2026-07-11,mari,mari,mari,f,Grifter Serpents Kiss Can,1.0,9.39,10.33,3.08,recipe,true
2026-07-11,mari,mari,mari,f,Add Bacon,2.0,7.52,8.26,0.0,lightspeed,true
2026-07-11,mari,mari,mari,f,Big Sur IPA D (old),1.0,7.27,8.0,4.0,recipe,true
2026-07-11,mari,mari,mari,f,Add Ham,2.0,5.46,6.0,0.0,lightspeed,true
2026-07-11,mari,mari,mari,f,Coke 1.25L,1.0,5.45,6.0,3.69,recipe,true
2026-07-11,mari,mari,mari,f,Add Mushrooms,3.0,4.08,4.5,0.0,lightspeed,true
2026-07-11,mari,mari,mari,f,Add Olives,3.0,4.08,4.5,0.0,lightspeed,true
2026-07-11,mari,mari,mari,f,Add Kahlua,1.0,3.76,4.13,1.4359,recipe,true
2026-07-11,mari,mari,mari,f,Add Prawns,1.0,3.76,4.13,0.0,lightspeed,true
2026-07-11,mari,mari,mari,f,Add Calabrese,1.0,3.64,4.0,0.0,lightspeed,true
2026-07-11,mari,mari,mari,f,Coke Zero Can,1.0,3.64,4.0,1.89,recipe,true
2026-07-11,mari,mari,mari,f,Sprite Can,1.0,3.64,4.0,2.4423,recipe,true
2026-07-11,mari,mari,mari,f,Vegan Cheese [Pizza],1.0,2.73,3.0,0.0,lightspeed,true
2026-07-11,mari,mari,mari,f,Add Pineapple,2.0,2.72,3.0,0.0,lightspeed,true
2026-07-11,mari,mari,mari,f,Add Anchovies,1.0,1.82,2.0,0.0,lightspeed,true
2026-07-11,mari,mari,mari,f,Chicken,1.0,1.46,1.6,0.0,lightspeed,true
2026-07-11,mari,mari,mari,f,Add BBQ Sauce,1.0,1.4,1.55,0.0,lightspeed,true
2026-07-11,mari,mari,mari,f,Add Capsicum,1.0,1.36,1.5,0.0,lightspeed,true
2026-07-11,mari,mari,mari,f,Add Cherry Tomatoes,1.0,1.36,1.5,0.0,lightspeed,true
2026-07-11,mari,mari,mari,f,Add Eggplant,1.0,1.36,1.5,0.0,lightspeed,true
2026-07-11,mari,mari,mari,f,Add Rocket,1.0,1.36,1.5,0.0,lightspeed,true
2026-07-11,mari,mari,mari,f,Add Chilli,1.0,0.91,1.0,0.0,lightspeed,true
2026-07-11,mari,mari,mari,f,Sour Cream,1.0,0.91,1.0,0.0,lightspeed,true
2026-07-11,mari,mari,mari,f,BBQ Wings [Wings Deal],1.0,0.0,0.0,0.0,lightspeed,true
2026-07-11,mari,mari,mari,f,Choc  Brownie,1.0,0.0,0.0,1.9501,recipe,true
2026-07-11,mari,mari,mari,f,Garlic  Bread,1.0,0.0,0.0,1.4877,recipe,true
2026-07-11,mari,mari,mari,f,Garlic  Bread.,1.0,0.0,0.0,1.4877,recipe,true
2026-07-11,mari,mari,mari,f,Large Hail Africa,1.0,0.0,0.0,6.2812,recipe,true
2026-07-11,mari,mari,mari,f,Less Cheese,1.0,0.0,0.0,0.0,lightspeed,true
2026-07-11,stow,stow,stow,b,Aperol Spritz,20.0,305.39,335.9,71.12,recipe,true
2026-07-11,stow,stow,stow,b,Guinness Draught - Pint,19.0,286.9,315.58,91.2969,recipe,true
2026-07-11,stow,stow,stow,f,American Standard Burger,14.0,270.1,297.17,81.7642,recipe,true
2026-07-11,stow,stow,stow,b,Classic Margarita,14.0,252.69,277.98,58.4136,recipe,true
2026-07-11,stow,stow,stow,b,Mulled Wine,18.0,249.12,273.92,37.5516,recipe,true
2026-07-11,stow,stow,stow,b,Fresh is Best Lager - Schooner,30.0,212.05,233.24,54.174,recipe,true
2026-07-11,stow,stow,stow,f,Fancy Pants Parmy - Classic,8.0,202.96,223.27,60.7888,recipe,true
2026-07-11,stow,stow,stow,b,Stone & Wood - Schooner,17.0,202.1,222.28,56.0371,recipe,true
2026-07-11,stow,stow,stow,b,Grifter Pale - Schooner,21.0,195.55,215.2,52.1304,recipe,true
2026-07-11,stow,stow,stow,b,Kirin - Schooner,15.0,192.18,211.38,56.9535,recipe,true
2026-07-11,stow,stow,stow,b,Fresh is Best Lager - Pint,17.0,186.87,205.64,41.1723,recipe,true
2026-07-11,stow,stow,stow,b,Kirin - Pint,10.0,171.52,188.67,50.924,recipe,true
2026-07-11,stow,stow,stow,b,Jalapeño Marg,8.0,171.38,188.51,30.7664,recipe,true
2026-07-11,stow,stow,stow,b,Mother's Milk Shiraz - Regular,12.0,164.58,180.99,38.5956,recipe,true
2026-07-11,stow,stow,stow,b,Petits Detours Rosé - Regular,11.0,162.91,179.15,38.148,recipe,true
2026-07-11,stow,stow,stow,b,Status Quo - Pint,10.0,159.1,175.0,41.587,recipe,true
2026-07-11,stow,stow,stow,b,Lychee Martini,9.0,156.88,172.6,35.1702,recipe,true
2026-07-11,stow,stow,stow,b,Stone & Wood - Pint,10.0,156.54,172.24,44.209,recipe,true
2026-07-11,stow,stow,stow,b,Petits Detours Rosé Mediterranee - Bottle,3.0,151.27,166.4,52.02,recipe,true
2026-07-11,stow,stow,stow,b,Casa Gheller Prosecco - Glass,10.0,146.46,161.05,33.48,recipe,true
2026-07-11,stow,stow,stow,b,Version Two Sparkling - Bottle,3.0,138.07,151.87,26.5,lightspeed,true
2026-07-11,stow,stow,stow,b,Espresso Martini,8.0,136.94,150.65,26.28,recipe,true
2026-07-11,stow,stow,stow,f,Arancini Balls [5pc],6.0,122.07,134.27,0.0,lightspeed,true
2026-07-11,stow,stow,stow,b,Kuku Sauvignon Blanc - Regular,9.0,114.56,126.0,26.2269,recipe,true
2026-07-11,stow,stow,stow,f,Beef Cheek,3.0,112.42,123.67,0.0,lightspeed,true
2026-07-11,stow,stow,stow,f,Sensei Calamari,6.0,107.5,118.25,13.5768,recipe,true
2026-07-11,stow,stow,stow,b,Kuku Sauvignon Blanc - Bottle,2.0,105.46,116.0,29.15,lightspeed,true
2026-07-11,stow,stow,stow,b,Whispering Angel Rosé - Regular,4.0,103.47,113.84,27.436,recipe,true
2026-07-11,stow,stow,stow,b,Flower Child,5.0,101.3,111.44,17.5835,recipe,true
2026-07-11,stow,stow,stow,f,Rosemary Salted Fries,8.0,95.36,104.85,14.88,recipe,true
2026-07-11,stow,stow,stow,f,Bang Bang Cauli,6.0,95.24,104.79,16.5954,recipe,true
2026-07-11,stow,stow,stow,f,BBQ Wings,6.0,92.62,101.91,18.84,recipe,true
2026-07-11,stow,stow,stow,f,Baked Camembert,4.0,92.04,101.23,0.0,lightspeed,true
2026-07-11,stow,stow,stow,f,Beef Burrito,4.0,88.41,97.27,37.6288,recipe,true
2026-07-11,stow,stow,stow,b,Coconut Margarita,4.0,85.7,94.27,16.9796,recipe,true
2026-07-11,stow,stow,stow,b,Tommy's Margarita,4.0,83.64,92.0,20.2288,recipe,true
2026-07-11,stow,stow,stow,b,Philter XPA - Pint,8.0,82.54,90.79,24.0176,recipe,true
2026-07-11,stow,stow,stow,f,Buffalo Wings,5.0,82.15,90.35,14.882,recipe,true
2026-07-11,stow,stow,stow,f,Chicken Burrito,3.0,81.4,89.54,24.843,recipe,true
2026-07-11,stow,stow,stow,b,Crankshaft IPA - Pint,5.0,80.07,88.07,21.512,recipe,true
2026-07-11,stow,stow,stow,b,Negroni,5.0,78.59,86.45,20.495,recipe,true
2026-07-11,stow,stow,stow,b,Brookie's Byron Dry Gin Tonica,4.0,76.99,84.69,20.91,lightspeed,true
2026-07-11,stow,stow,stow,b,Beetle Juice,5.0,76.66,84.32,18.535,recipe,true
2026-07-11,stow,stow,stow,f,Stow Schnitty,3.0,74.95,82.46,16.494,recipe,true
2026-07-11,stow,stow,stow,f,Chicken Burrito D,3.0,68.19,75.0,24.843,recipe,true
2026-07-11,stow,stow,stow,f,Chicken Shindig Burger,4.0,67.59,74.35,21.5716,recipe,true
2026-07-11,stow,stow,stow,b,Version Two Pinot Grigio - Regular,6.0,66.54,73.18,10.6002,recipe,true
2026-07-11,stow,stow,stow,b,Trentham Estate Rosé - Regular,6.0,65.82,72.39,12.66,recipe,true
2026-07-11,stow,stow,stow,b,Puerto Sunset,3.0,64.8,71.28,15.105,recipe,true
2026-07-11,stow,stow,stow,f,Fish Burrito,3.0,64.77,71.26,17.5242,recipe,true
2026-07-11,stow,stow,stow,b,Sibiliana Nero D'Avola - Bottle,1.0,61.82,68.0,16.34,lightspeed,true
2026-07-11,stow,stow,stow,f,Pie,2.0,61.78,67.96,0.0,lightspeed,true
2026-07-11,stow,stow,stow,b,Villa Fresco Sangiovese - Regular,6.0,61.46,67.6,14.4738,recipe,true
2026-07-11,stow,stow,stow,f,Sweet Potato Fries,5.0,61.04,67.14,12.6505,recipe,true
2026-07-11,stow,stow,stow,b,Version Two Sparkling - Regular,6.0,56.93,62.62,10.6002,recipe,true
2026-07-11,stow,stow,stow,f,Cauliflower Tacos,3.0,56.34,61.98,0.0,lightspeed,true
2026-07-11,stow,stow,stow,f,Fish Tacos,3.0,56.32,61.97,5.5455,recipe,true
2026-07-11,stow,stow,stow,b,Fresh is Best Summer Lager - Schooner,9.0,55.63,61.2,14.1489,recipe,true
2026-07-11,stow,stow,stow,f,Eggplant Parmy,2.0,54.45,59.9,0.0,lightspeed,true
2026-07-11,stow,stow,stow,b,A. Rodda Chardonnay - Regular,2.0,50.9,56.0,15.08,recipe,true
2026-07-11,stow,stow,stow,b,Aperol,6.0,50.7,55.77,7.488,recipe,true
2026-07-11,stow,stow,stow,b,Jala Marg Duo (2) - PartyJar [6 serves],1.0,50.0,55.0,0.0,lightspeed,true
2026-07-11,stow,stow,stow,f,Farmhouse Salad,2.0,46.79,51.46,0.0,lightspeed,true
2026-07-11,stow,stow,stow,b,Petits Detours Rosé - Large,2.0,45.46,50.0,11.56,recipe,true
2026-07-11,stow,stow,stow,b,White Light Pure Vodka [House],5.0,45.36,49.9,7.604,recipe,true
2026-07-11,stow,stow,stow,b,Island Time,2.0,45.09,49.59,8.416,recipe,true
2026-07-11,stow,stow,stow,f,Onion Rings,4.0,45.09,49.58,0.0,lightspeed,true
2026-07-11,stow,stow,stow,b,Version Two Pinot Grigio - Bottle,1.0,44.55,49.0,8.83,lightspeed,true
2026-07-11,stow,stow,stow,b,Grifter Pale - Pint,4.0,43.91,48.3,13.3176,recipe,true
2026-07-11,stow,stow,stow,b,Ottelia Chardonnay - Regular,3.0,43.65,48.0,10.3782,recipe,true
2026-07-11,stow,stow,stow,b,Biscoff Espresso,2.0,41.82,46.0,6.4968,recipe,true
2026-07-11,stow,stow,stow,b,Geppetto Pinot Noir - Regular,3.0,41.37,45.49,10.536,recipe,true
2026-07-11,stow,stow,stow,b,Gin Martini,2.0,40.66,44.72,8.0024,recipe,true
2026-07-11,stow,stow,stow,b,Old Fashioned,2.0,40.0,44.0,9.7166,recipe,true
2026-07-11,stow,stow,stow,b,Vodka Martini,2.0,40.0,44.0,5.8572,recipe,true
2026-07-11,stow,stow,stow,b,Hendrick's Gin,3.0,38.61,42.46,8.4537,recipe,true
2026-07-11,stow,stow,stow,b,Status Quo - Schooner,3.0,37.22,40.95,9.3024,recipe,true
2026-07-11,stow,stow,stow,b,Trutta Streamside Shiraz [Chilled] - Regular,2.0,33.8,37.18,7.936,recipe,true
2026-07-11,stow,stow,stow,f,Fish Tacos D,2.0,32.72,36.0,3.697,recipe,true
2026-07-11,stow,stow,stow,b,Aether Vodka,3.0,32.38,35.64,7.5588,recipe,true
2026-07-11,stow,stow,stow,f,Beef Cheek D,1.0,31.82,35.0,0.0,lightspeed,true
2026-07-11,stow,stow,stow,f,Brownie D,7.0,30.0,33.0,13.6507,recipe,true
2026-07-11,stow,stow,stow,f,Buffalo Wings D,2.0,30.0,33.0,5.9528,recipe,true
2026-07-11,stow,stow,stow,b,Heaps Normal Tin,3.0,30.0,33.0,8.0088,recipe,true
2026-07-11,stow,stow,stow,f,BBQ Wings D,3.0,29.1,32.0,9.42,recipe,true
2026-07-11,stow,stow,stow,b,"Lemon, Lime & Bitters",6.0,27.89,30.64,6.1614,recipe,true
2026-07-11,stow,stow,stow,b,Philter Red - Pint,2.0,27.28,30.0,6.7932,recipe,true
2026-07-11,stow,stow,stow,f,Cauliflower Burrito,1.0,27.13,29.85,5.485,recipe,true
2026-07-11,stow,stow,stow,f,Rocket Man D,2.0,26.37,29.0,6.3944,recipe,true
2026-07-11,stow,stow,stow,b,Fresh is Best Summer Lager - Pint,3.0,26.0,28.59,6.3252,recipe,true
2026-07-11,stow,stow,stow,b,San Pellegrino 500ml,3.0,25.08,27.6,6.96,recipe,true
2026-07-11,stow,stow,stow,b,Guinness Draught - Schooner,2.0,24.94,27.44,7.1654,recipe,true
2026-07-11,stow,stow,stow,b,Virgin Margy,2.0,24.43,26.87,0.0,lightspeed,true
2026-07-11,stow,stow,stow,b,1800 Coconut,2.0,24.42,26.84,5.8208,recipe,true
2026-07-11,stow,stow,stow,b,Bombay Dry [House],3.0,22.93,25.23,6.4932,recipe,true
2026-07-11,stow,stow,stow,b,Lemon Meringue Martini,1.0,22.54,24.79,3.6814,recipe,true
2026-07-11,stow,stow,stow,b,Mezcal Paloma,1.0,22.53,24.78,5.1461,recipe,true
2026-07-11,stow,stow,stow,b,Fresh Lime Soda,7.0,22.47,24.73,0.0,lightspeed,true
2026-07-11,stow,stow,stow,b,Kuku Sauvignon Blanc - Large,1.0,20.91,23.0,4.8567,recipe,true
2026-07-11,stow,stow,stow,b,Buffalo Trace Bourbon [House],2.0,20.0,22.0,4.6346,recipe,true
2026-07-11,stow,stow,stow,b,Monteith's Apple Cider Bottle,2.0,19.41,21.35,6.22,recipe,true
2026-07-11,stow,stow,stow,f,Farmhouse Salad D,1.0,19.09,21.0,0.0,lightspeed,true
2026-07-11,stow,stow,stow,b,Moscow Mule,1.0,19.09,21.0,3.4136,recipe,true
2026-07-11,stow,stow,stow,b,Whisky Sour,1.0,19.09,21.0,4.6346,recipe,true
2026-07-11,stow,stow,stow,f,Lepinja Bread,2.0,18.77,20.65,0.0,lightspeed,true
2026-07-11,stow,stow,stow,b,Sigurd GSM Red Blend - Regular,1.0,18.77,20.65,4.62,recipe,true
2026-07-11,stow,stow,stow,b,Cosmo,1.0,18.18,20.0,3.3581,recipe,true
2026-07-11,stow,stow,stow,b,Version Two Pinot Grigio - Large,1.0,17.84,19.62,2.9445,recipe,true
2026-07-11,stow,stow,stow,f,Bang Bang Cauli D,1.0,17.27,19.0,2.7659,recipe,true
2026-07-11,stow,stow,stow,b,Villa Fresco Sangiovese - Large,1.0,17.27,19.0,4.0205,recipe,true
2026-07-11,stow,stow,stow,b,Philter XPA - Schooner,2.0,16.81,18.5,4.477,recipe,true
2026-07-11,stow,stow,stow,b,Padrillos Malbec - Regular,1.0,16.36,18.0,3.8666,recipe,true
2026-07-11,stow,stow,stow,b,Das Juice Pink Pet Nat - Regular,1.0,15.03,16.52,3.3,recipe,true
2026-07-11,stow,stow,stow,b,Year Wines 'Zagara' Orange - Regular,1.0,15.03,16.52,3.42,recipe,true
2026-07-11,stow,stow,stow,b,Stow's Irish Coffee,1.0,14.09,15.5,0.9175,recipe,true
2026-07-11,stow,stow,stow,b,Four Pillars Rare Dry,1.0,13.61,14.98,3.096,recipe,true
2026-07-11,stow,stow,stow,b,Trade Winds,1.0,13.15,14.47,1.4538,recipe,true
2026-07-11,stow,stow,stow,b,Crankshaft IPA - Schooner,1.0,12.27,13.5,3.2079,recipe,true
2026-07-11,stow,stow,stow,f,Kids Hawaiian Pizza,1.0,12.22,13.44,0.0,lightspeed,true
2026-07-11,stow,stow,stow,f,Add Grilled Chicken,3.0,12.0,13.2,0.0,lightspeed,true
2026-07-11,stow,stow,hg,f,Nuggets & Chips [HG],1.0,11.82,13.0,0.0,lightspeed,true
2026-07-11,stow,stow,stow,b,Seadrift Coast Non-alc G&T,1.0,11.82,13.0,2.6518,recipe,true
2026-07-11,stow,stow,stow,b,Fellr Watermelon Seltzer Tin,1.0,11.27,12.39,3.41,lightspeed,true
2026-07-11,stow,stow,stow,b,Vinada Sparkling Rose,1.0,11.27,12.4,3.0499,recipe,true
2026-07-11,stow,stow,stow,f,Fries D,1.0,10.91,12.0,0.0,lightspeed,true
2026-07-11,stow,stow,stow,b,Young Henrys Cloudy Cider Can,1.0,10.91,12.0,2.58,recipe,true
2026-07-11,stow,stow,stow,f,Amalfi Olives,1.0,10.79,11.87,0.0,lightspeed,true
2026-07-11,stow,stow,stow,b,Glaetzer Anaperenna Shiraz Cab - Regular,1.0,10.0,11.0,6.963,recipe,true
2026-07-11,stow,stow,stow,b,Philter Red - Schooner,1.0,10.0,11.0,2.5326,recipe,true
2026-07-11,stow,stow,stow,b,Peroni 0%,2.0,9.82,10.8,3.6926,recipe,true
2026-07-11,stow,stow,stow,b,Corona,1.0,9.55,10.5,2.5713,recipe,true
2026-07-11,stow,stow,stow,b,Rooster Rojo Blanco Tequila [House],1.0,9.29,10.22,1.9641,recipe,true
2026-07-11,stow,stow,stow,b,Pepsi Glass,2.0,8.31,9.15,2.62,recipe,true
2026-07-11,stow,stow,stow,b,Lemonade Glass,2.0,8.18,9.0,1.6064,recipe,true
2026-07-11,stow,stow,stow,f,Lepinja Bread D,1.0,8.18,9.0,0.0,lightspeed,true
2026-07-11,stow,stow,stow,f,$2 BBQ Wing,4.0,7.52,8.26,1.57,recipe,true
2026-07-11,stow,stow,stow,f,Rocket Man,1.0,6.54,7.2,3.1972,recipe,true
2026-07-11,stow,stow,stow,f,Extra Taco,1.0,6.36,7.0,0.9826,recipe,true
2026-07-11,stow,stow,stow,b,Apple Juice Glass,1.0,4.7,5.17,0.6594,recipe,true
2026-07-11,stow,stow,stow,f,Kids Icecream,1.0,4.7,5.17,0.735,recipe,true
2026-07-11,stow,stow,stow,f,Make it Vegan [patty + cheese + bun],1.0,4.7,5.16,0.0,lightspeed,true
2026-07-11,stow,stow,stow,b,Bundaberg Ginger Beer,1.0,4.55,5.0,0.9922,recipe,true
2026-07-11,stow,stow,stow,b,Pepsi Max Glass,1.0,4.22,4.64,1.31,recipe,true
2026-07-11,stow,stow,stow,b,Pink Lemonade Glass,1.0,4.22,4.65,0.9483,recipe,true
2026-07-11,stow,stow,stow,f,Make it Vegetarian [plant-based patty],1.0,3.76,4.13,0.0,lightspeed,true
2026-07-11,stow,stow,stow,f,Swap for Sweet Potato Fries,2.0,3.76,4.14,0.0,lightspeed,true
2026-07-11,stow,stow,stow,f,Side Aioli,7.0,3.22,3.64,0.0,lightspeed,true
2026-07-11,stow,stow,stow,f,Caramelised Onion Jam,1.0,2.82,3.1,0.0,lightspeed,true
2026-07-11,stow,stow,stow,f,Roasted Tomato Coulis,1.0,2.82,3.1,0.0,lightspeed,true
2026-07-11,stow,stow,stow,f,Make it Gluten-free [gf/vg bun w sweet pot. fries],1.0,1.88,2.07,0.0,lightspeed,true
2026-07-11,stow,stow,stow,f,Side Chipotle Mayo,2.0,1.88,2.06,0.0,lightspeed,true
2026-07-11,stow,stow,stow,f,Swap Fries for Sweet Potato Fries,1.0,1.88,2.07,0.0,lightspeed,true
2026-07-11,stow,stow,stow,f,2x Aioli,1.0,0.94,1.03,0.0,lightspeed,true
2026-07-11,stow,stow,stow,f,Jalapeños Inside Burrito,1.0,0.91,1.0,0.0,lightspeed,true
2026-07-11,stow,stow,stow,b,2 Glasses,1.0,0.0,0.0,0.0,lightspeed,true
2026-07-11,stow,stow,stow,b,3 Glasses,3.0,0.0,0.0,0.0,lightspeed,true
2026-07-11,stow,stow,stow,b,Apple Juice [mixer],2.0,0.0,0.0,1.121,recipe,true
2026-07-11,stow,stow,stow,b,Cucumber,1.0,0.0,0.0,0.0,lightspeed,true
2026-07-11,stow,stow,stow,b,Dirty,3.0,0.0,0.0,0.0,lightspeed,true
2026-07-11,stow,stow,stow,b,Dressing on the Side,1.0,0.0,0.0,0.0,lightspeed,true
2026-07-11,stow,stow,stow,b,Dry,1.0,0.0,0.0,0.0,lightspeed,true
2026-07-11,stow,stow,stow,b,Glass of Ice on the Side,1.0,0.0,0.0,0.0,lightspeed,true
2026-07-11,stow,stow,stow,b,Gluten-free [Corn Tortillas],1.0,0.0,0.0,0.0,lightspeed,true
2026-07-11,stow,stow,stow,b,Lemon,2.0,0.0,0.0,0.0,lightspeed,true
2026-07-11,stow,stow,stow,b,Lemon Twist,1.0,0.0,0.0,0.0,lightspeed,true
2026-07-11,stow,stow,stow,b,Lemonade [mixer],1.0,0.0,0.0,0.0,lightspeed,true
2026-07-11,stow,stow,stow,b,Lime,5.0,0.0,0.0,0.0,lightspeed,true
2026-07-11,stow,stow,stow,b,Make It A Burrito Bowl [gluten-free],3.0,0.0,0.0,0.0,lightspeed,true
2026-07-11,stow,stow,stow,b,New Yorker.,1.0,0.0,0.0,0.0,lightspeed,true
2026-07-11,stow,stow,stow,b,No Anchovies,1.0,0.0,0.0,0.0,lightspeed,true
2026-07-11,stow,stow,stow,b,No Beans,1.0,0.0,0.0,0.0,lightspeed,true
2026-07-11,stow,stow,stow,b,No Chilli,1.0,0.0,0.0,0.0,lightspeed,true
2026-07-11,stow,stow,stow,b,No Glasses Needed,1.0,0.0,0.0,0.0,lightspeed,true
2026-07-11,stow,stow,stow,b,No Guac,1.0,0.0,0.0,0.0,lightspeed,true
2026-07-11,stow,stow,stow,b,No Olives,1.0,0.0,0.0,0.0,lightspeed,true
2026-07-11,stow,stow,stow,b,No Onion,4.0,0.0,0.0,0.0,lightspeed,true
2026-07-11,stow,stow,stow,b,No Pepperoni,1.0,0.0,0.0,0.0,lightspeed,true
2026-07-11,stow,stow,stow,b,No Pickle,1.0,0.0,0.0,0.0,lightspeed,true
2026-07-11,stow,stow,stow,b,No Pico de Gallo,1.0,0.0,0.0,0.0,lightspeed,true
2026-07-11,stow,stow,stow,b,No Rice,1.0,0.0,0.0,0.0,lightspeed,true
2026-07-11,stow,stow,stow,b,No Salt,1.0,0.0,0.0,0.0,lightspeed,true
2026-07-11,stow,stow,stow,b,No Slaw,1.0,0.0,0.0,0.0,lightspeed,true
2026-07-11,stow,stow,stow,b,No Sliced Tomato,1.0,0.0,0.0,0.0,lightspeed,true
2026-07-11,stow,stow,stow,b,Olive,3.0,0.0,0.0,0.0,lightspeed,true
2026-07-11,stow,stow,stow,b,On The Rocks,3.0,0.0,0.0,0.0,lightspeed,true
2026-07-11,stow,stow,stow,b,One Ice Cube,1.0,0.0,0.0,0.0,lightspeed,true
2026-07-11,stow,stow,stow,b,Orange,6.0,0.0,0.0,0.0,lightspeed,true
2026-07-11,stow,stow,stow,b,Pineapple Juice [mixer],2.0,0.0,0.0,1.1802,recipe,true
2026-07-11,stow,stow,stow,b,Sanchez.,1.0,0.0,0.0,0.0,lightspeed,true
2026-07-11,stow,stow,stow,b,Send Kids Food ASAP,1.0,0.0,0.0,0.0,lightspeed,true
2026-07-11,stow,stow,stow,f,Side BBQ Sauce,4.0,0.0,0.0,0.0,lightspeed,true
2026-07-11,stow,stow,stow,b,Side Tomato Sauce,7.0,0.0,0.0,0.0,lightspeed,true
2026-07-11,stow,stow,stow,b,Soda [mixer],5.0,0.0,0.0,0.0,lightspeed,true
2026-07-11,stow,stow,stow,b,Swap Gravy for Aioli,2.0,0.0,0.0,0.0,lightspeed,true
2026-07-11,stow,stow,stow,b,Tonic [mixer],5.0,0.0,0.0,0.0,lightspeed,true
2026-07-11,stow,stow,stow,b,Unico Zelo Terra Cotta - Regular,1.0,0.0,0.0,4.378,recipe,true
2026-07-12,mari,mari,mari,f,Large Hawaiian,6.0,141.8182,156.0,19.8942,recipe,true
2026-07-12,mari,mari,mari,f,Large Margherita,5.0,102.7273,113.0,11.636,recipe,true
2026-07-12,mari,mari,mari,f,Large Roma Special,3.0,81.8182,90.0,16.8063,recipe,true
2026-07-12,mari,mari,mari,f,Regular Margherita,5.0,78.3636,86.2,10.1655,recipe,true
2026-07-12,mari,mari,mari,f,Regular Cosmopolitan,3.0,65.6364,72.2,13.3986,recipe,true
2026-07-12,mari,mari,mari,f,Large Super House Special,2.0,56.2727,61.9,15.2354,recipe,true
2026-07-12,mari,mari,mari,f,Large Meatlovers,2.0,56.1818,61.8,13.48,recipe,true
2026-07-12,mari,mari,mari,f,Large Bubba Gump,2.0,54.0909,59.5,11.0012,recipe,true
2026-07-12,mari,mari,mari,f,Large Sorrento,2.0,54.0,59.4,11.715,recipe,true
2026-07-12,mari,mari,mari,f,Under the Bridge Pizza,2.0,53.7182,59.09,7.8714,recipe,true
2026-07-12,mari,mari,mari,f,Regular Little Italy [Dine-in],2.0,52.8455,58.13,8.331,recipe,true
2026-07-12,mari,mari,mari,f,Large Pepperoni,2.0,45.4545,50.0,8.722,recipe,true
2026-07-12,mari,mari,mari,f,Feast Deal Pizzas,1.0,45.0,49.5,14.0714,recipe,true
2026-07-12,mari,mari,mari,f,Regular Jimmy Jury,2.0,43.6364,48.0,8.428,recipe,true
2026-07-12,mari,mari,mari,f,Regular Hawaiian,2.0,40.0,44.0,6.544,recipe,true
2026-07-12,mari,mari,mari,f,Regular Uber Margherita,2.0,40.0,44.0,6.6092,recipe,true
2026-07-12,mari,mari,mari,f,Garlic Bread,7.0,39.5455,43.5,10.4139,recipe,true
2026-07-12,mari,mari,mari,f,Cheesy Garlic Bread,4.0,29.0909,32.0,7.2108,recipe,true
2026-07-12,mari,mari,mari,f,Large Cosmopolitan,1.0,29.0909,32.0,7.041,recipe,true
2026-07-12,mari,mari,mari,f,Gluten-free Meatlovers,1.0,28.1818,31.0,9.1803,recipe,true
2026-07-12,mari,mari,mari,f,Large Paddock,1.0,28.1818,31.0,5.1033,recipe,true
2026-07-12,mari,mari,mari,f,Gluten-free Jimmy Jury,1.0,28.0,30.8,8.7944,recipe,true
2026-07-12,mari,mari,mari,f,Regular Jimmy Jury [Dine-in],1.0,27.8909,30.68,3.6214,recipe,true
2026-07-12,mari,mari,mari,f,"Large No Chorizo, No Cry",1.0,27.0,29.7,5.4669,recipe,true
2026-07-12,mari,mari,mari,f,Regular Sanchez VEGAN [Dine-in],1.0,26.8545,29.54,2.0465,recipe,true
2026-07-12,mari,mari,mari,f,Axl Rose Pizza,1.0,26.8455,29.53,0.0,lightspeed,true
2026-07-12,mari,mari,mari,f,Regular BBQ Chicken Pizza [Dine-in],1.0,26.0,28.6,2.4951,recipe,true
2026-07-12,mari,mari,mari,f,Regular Little Italy,1.0,23.0,25.3,4.7581,recipe,true
2026-07-12,mari,mari,mari,f,Regular Sanchez,1.0,23.0,25.3,4.5378,recipe,true
2026-07-12,mari,mari,mari,f,Regular Meatlovers,1.0,22.7273,25.0,4.3392,recipe,true
2026-07-12,mari,mari,mari,f,Regular Paddock,1.0,22.7273,25.0,4.0838,recipe,true
2026-07-12,mari,mari,mari,f,Regular Sanchez VEGAN,1.0,22.7273,25.0,2.6391,recipe,true
2026-07-12,mari,mari,mari,f,Regular Tandoori Chicken,1.0,21.8182,24.0,2.0367,recipe,true
2026-07-12,mari,mari,mari,f,Regular Pepperoni,1.0,20.0,22.0,2.6992,recipe,true
2026-07-12,mari,mari,mari,f,Delivery Fee - Freshwater / Queenscliff,3.0,15.0,16.5,0.0,lightspeed,true
2026-07-12,mari,mari,mari,f,Coke Zero Can,3.0,11.2727,12.4,5.67,recipe,true
2026-07-12,mari,mari,mari,f,Add Pepperoni,3.0,9.0,9.9,0.0,lightspeed,true
2026-07-12,mari,mari,mari,f,Regular Margherita [Dine-in],1.0,8.4,9.24,1.4405,recipe,true
2026-07-12,mari,mari,mari,f,Add Prawns,2.0,8.0,8.8,0.0,lightspeed,true
2026-07-12,mari,mari,mari,f,Delivery Fee - Curl Curl / Manly / Dee Why,1.0,6.5,7.15,0.0,lightspeed,true
2026-07-12,mari,mari,mari,f,Solo 1.25L,1.0,6.3636,7.0,2.03,recipe,true
2026-07-12,mari,mari,mari,f,Add Bacon,2.0,5.6,6.16,0.0,lightspeed,true
2026-07-12,mari,mari,mari,f,Add Mushrooms,3.0,4.5,4.95,0.0,lightspeed,true
2026-07-12,mari,mari,mari,f,Coke Can,1.0,4.0,4.4,1.89,recipe,true
2026-07-12,mari,mari,mari,f,Online Surcharge,4.0,3.9727,4.37,0.0,lightspeed,true
2026-07-12,mari,mari,mari,f,Add Fetta,1.0,3.0,3.3,0.0,lightspeed,true
2026-07-12,mari,mari,mari,f,Add Ham,1.0,3.0,3.3,0.0,lightspeed,true
2026-07-12,mari,mari,mari,f,Vegan Cheese [Pizza],1.0,3.0,3.3,0.0,lightspeed,true
2026-07-12,mari,mari,mari,f,Add Anchovies,1.0,2.0,2.2,0.0,lightspeed,true
2026-07-12,mari,mari,mari,f,Add Chilli,2.0,2.0,2.2,0.0,lightspeed,true
2026-07-12,mari,mari,mari,f,Add Pumpkin,1.0,1.5,1.65,0.0,lightspeed,true
2026-07-12,mari,mari,mari,f,Add Pesto,1.0,1.0,1.1,0.0,lightspeed,true
2026-07-12,mari,mari,mari,f,Add Pineapple,1.0,1.0,1.1,0.0,lightspeed,true
2026-07-12,mari,mari,mari,f,Choc  Brownie,1.0,0.0,0.0,1.9501,recipe,true
2026-07-12,mari,mari,mari,f,Garlic  Bread,1.0,0.0,0.0,1.4877,recipe,true
2026-07-12,mari,mari,mari,f,Large New Yorker,1.0,0.0,0.0,4.9731,recipe,true
2026-07-12,mari,mari,mari,f,Online Discount,2.0,-23.5,-25.85,0.0,lightspeed,true
2026-07-12,stow,stow,stow,f,Beef Roast,62.0,1822.6364,2004.9,335.3456,recipe,true
2026-07-12,stow,stow,stow,f,Chicken Roast,20.0,609.8182,670.8,107.576,recipe,true
2026-07-12,stow,stow,stow,b,Mulled Wine,35.0,497.4545,547.2,73.017,recipe,true
2026-07-12,stow,stow,stow,f,Nut Roast,15.0,451.9,497.09,73.9215,recipe,true
2026-07-12,stow,stow,stow,b,Guinness Draught - Pint,19.0,332.5,365.75,91.2969,recipe,true
2026-07-12,stow,stow,stow,b,Fresh is Best Lager - Schooner,29.0,266.2545,292.88,52.3682,recipe,true
2026-07-12,stow,stow,stow,b,Stone & Wood - Schooner,15.0,195.0,214.5,49.4445,recipe,true
2026-07-12,stow,stow,stow,b,Stone & Wood - Pint,10.0,163.2,179.52,44.209,recipe,true
2026-07-12,stow,stow,stow,b,Ottelia Cab Sav - Bottle,2.0,140.0,154.0,46.08,lightspeed,true
2026-07-12,stow,stow,stow,b,Fresh is Best Lager - Pint,11.0,137.4818,151.23,26.6409,recipe,true
2026-07-12,stow,stow,stow,b,Fresh is Best Summer Lager - Pint,11.0,127.5636,140.32,23.1924,recipe,true
2026-07-12,stow,stow,stow,b,Espresso Martini,6.0,120.0,132.0,19.71,recipe,true
2026-07-12,stow,stow,stow,f,Cauliflower Cheese,17.0,111.3455,122.48,14.977,recipe,true
2026-07-12,stow,stow,stow,b,Veuve Clicquot Yellow Label - Glass,3.0,108.0,118.8,48.4578,recipe,true
2026-07-12,stow,stow,stow,b,Villa Fresco Sangiovese - Bottle,2.0,101.2182,111.34,24.19,lightspeed,true
2026-07-12,stow,stow,stow,b,La Petite Mort Albarino 2025 - Bottle,1.0,98.0,107.8,22.89,lightspeed,true
2026-07-12,stow,stow,stow,b,Villa Fresco Sangiovese - Regular,8.0,96.3909,106.03,19.2984,recipe,true
2026-07-12,stow,stow,stow,b,Ottelia Chardonnay - Regular,6.0,96.0,105.6,20.7564,recipe,true
2026-07-12,stow,stow,stow,f,Chicken Shindig Burger,4.0,92.3455,101.58,21.5716,recipe,true
2026-07-12,stow,stow,stow,b,Jalapeño Marg,4.0,92.0,101.2,15.3832,recipe,true
2026-07-12,stow,stow,stow,b,Virgin Margy,7.0,91.4273,100.57,0.0,lightspeed,true
2026-07-12,stow,stow,stow,b,Negroni,4.0,88.0,96.8,16.396,recipe,true
2026-07-12,stow,stow,stow,b,Whispering Angel Rosé - Regular,3.0,84.0,92.4,20.577,recipe,true
2026-07-12,stow,stow,stow,f,Sensei Calamari,4.0,80.5636,88.62,9.0512,recipe,true
2026-07-12,stow,stow,stow,b,Classic Margarita,4.0,80.0,88.0,16.6896,recipe,true
2026-07-12,stow,stow,stow,f,Rosemary Salted Fries,6.0,79.5182,87.47,11.16,recipe,true
2026-07-12,stow,stow,stow,f,American Standard Burger,3.0,78.8909,86.78,17.5209,recipe,true
2026-07-12,stow,stow,stow,b,Two Tonne Riesling - Bottle,1.0,77.0,84.7,21.36,lightspeed,true
2026-07-12,stow,stow,stow,f,Baked Camembert,3.0,76.3182,83.95,0.0,lightspeed,true
2026-07-12,stow,stow,stow,b,Geppetto Pinot Noir - Regular,5.0,75.0,82.5,17.56,recipe,true
2026-07-12,stow,stow,stow,b,Padrillos Malbec - Bottle,1.0,74.3636,81.8,22.39,lightspeed,true
2026-07-12,stow,stow,stow,f,Buffalo Wings,4.0,67.6636,74.43,11.9056,recipe,true
2026-07-12,stow,stow,stow,f,Fish Tacos,3.0,61.3091,67.44,5.5455,recipe,true
2026-07-12,stow,stow,stow,b,Philter XPA - Pint,4.0,60.9818,67.08,12.0088,recipe,true
2026-07-12,stow,stow,stow,b,Version Two Pinot Grigio - Regular,5.0,60.0,66.0,8.8335,recipe,true
2026-07-12,stow,stow,stow,f,Fancy Pants Parmy - Classic,2.0,58.9545,64.85,15.1972,recipe,true
2026-07-12,stow,stow,stow,b,A. Rodda Chardonnay - Regular,2.0,56.0,61.6,15.08,recipe,true
2026-07-12,stow,stow,stow,f,Stow Schnitty,2.0,55.5636,61.12,10.996,recipe,true
2026-07-12,stow,stow,stow,b,Heaps Normal Tin,5.0,55.3545,60.89,13.348,recipe,true
2026-07-12,stow,stow,stow,b,Grifter Pale - Pint,4.0,53.1,58.41,13.3176,recipe,true
2026-07-12,stow,stow,stow,b,Grifter Pale - Schooner,5.0,52.9,58.19,12.412,recipe,true
2026-07-12,stow,stow,stow,b,Peroni,5.0,52.8455,58.13,12.6085,recipe,true
2026-07-12,stow,stow,stow,b,"Lemon, Lime & Bitters",10.0,51.1545,56.27,10.269,recipe,true
2026-07-12,stow,stow,stow,b,Ottelia Cab Sav - Regular,3.0,51.0,56.1,13.824,recipe,true
2026-07-12,stow,stow,stow,b,Status Quo - Schooner,3.7,50.8455,55.93,11.473,recipe,true
2026-07-12,stow,stow,stow,b,Version Two Pinot Grigio - Bottle,1.0,49.0,53.9,8.83,lightspeed,true
2026-07-12,stow,stow,stow,b,Version Two Sparkling - Bottle,1.0,49.0,53.9,8.83,lightspeed,true
2026-07-12,stow,stow,stow,b,Petits Detours Rosé - Regular,3.0,48.0,52.8,10.404,recipe,true
2026-07-12,stow,stow,stow,b,Tommy's Margarita,2.0,47.5091,52.26,10.1144,recipe,true
2026-07-12,stow,stow,stow,b,A. Rodda Chardonnay - Large,1.0,45.4455,49.99,12.5667,recipe,true
2026-07-12,stow,stow,stow,f,Arancini Balls [5pc],2.0,45.2364,49.76,0.0,lightspeed,true
2026-07-12,stow,stow,stow,b,Kirin - Schooner,3.0,42.4636,46.71,11.3907,recipe,true
2026-07-12,stow,stow,stow,b,Limoncello Spritz,2.0,42.0,46.2,10.64,recipe,true
2026-07-12,stow,stow,stow,f,Beef Cheek,1.0,41.2091,45.33,0.0,lightspeed,true
2026-07-12,stow,stow,stow,f,Sweet Potato Fries,3.0,39.4182,43.36,7.5903,recipe,true
2026-07-12,stow,stow,stow,b,Version Two Pinot Grigio - Large,2.0,38.0,41.8,5.889,recipe,true
2026-07-12,stow,stow,stow,b,Pepsi Max Glass,8.0,36.1455,39.76,10.48,recipe,true
2026-07-12,stow,stow,stow,b,Status Quo - Pint,2.0,35.0,38.5,8.3174,recipe,true
2026-07-12,stow,stow,stow,b,Philter XPA - Schooner,3.0,34.8818,38.37,6.7155,recipe,true
2026-07-12,stow,stow,stow,f,Bang Bang Cauli,2.0,34.5545,38.01,5.5318,recipe,true
2026-07-12,stow,stow,stow,f,BBQ Wings,2.0,34.3545,37.79,6.28,recipe,true
2026-07-12,stow,stow,stow,f,Pie,1.0,33.9727,37.37,0.0,lightspeed,true
2026-07-12,stow,stow,stow,f,Eggplant Parmy,1.0,29.9455,32.94,0.0,lightspeed,true
2026-07-12,stow,stow,stow,b,Lemonade Glass,6.0,27.0,29.7,4.8192,recipe,true
2026-07-12,stow,stow,stow,f,Southern Squid,1.0,26.3364,28.97,2.28,recipe,true
2026-07-12,stow,stow,stow,f,Farmhouse Salad,1.0,25.7091,28.28,0.0,lightspeed,true
2026-07-12,stow,stow,stow,b,Little Dragon Can,2.0,25.4091,27.95,6.9722,recipe,true
2026-07-12,stow,stow,stow,b,Lemon Meringue Martini,1.0,24.7909,27.27,3.6814,recipe,true
2026-07-12,stow,stow,stow,f,Brownie,2.0,24.7818,27.26,5.6452,recipe,true
2026-07-12,stow,stow,stow,b,Trentham Estate Rosé - Regular,2.0,24.3909,26.83,4.22,recipe,true
2026-07-12,stow,stow,stow,b,Geppetto Pinot Noir - Large Glass,1.0,24.0,26.4,5.8533,recipe,true
2026-07-12,stow,stow,stow,f,Amalfi Olives,2.0,23.7545,26.13,0.0,lightspeed,true
2026-07-12,stow,stow,stow,b,Quiet Riot Negroni,1.0,23.7545,26.13,4.5695,recipe,true
2026-07-12,stow,stow,stow,b,Coconut Margarita,1.0,23.0,25.3,4.2449,recipe,true
2026-07-12,stow,stow,stow,b,Flower Child,1.0,22.7182,24.99,3.5167,recipe,true
2026-07-12,stow,stow,stow,b,Open Price,2.0,22.5909,24.85,0.0,lightspeed,true
2026-07-12,stow,stow,stow,f,Extra Gravy,12.0,22.4455,24.69,3.6096,recipe,true
2026-07-12,stow,stow,stow,b,Old Fashioned,1.0,22.0,24.2,4.8583,recipe,true
2026-07-12,stow,stow,stow,b,Poor Tom's Strawberry Gin Tonica,1.0,21.6909,23.86,4.445,recipe,true
2026-07-12,stow,stow,stow,b,Aperol Spritz,1.0,20.6545,22.72,3.556,recipe,true
2026-07-12,stow,stow,stow,f,Cauliflower Tacos,1.0,20.6545,22.72,0.0,lightspeed,true
2026-07-12,stow,stow,stow,f,Lepinja Bread,2.0,20.6545,22.72,0.0,lightspeed,true
2026-07-12,stow,stow,stow,b,White Light Pure Vodka [House],2.0,19.8,21.78,3.0416,recipe,true
2026-07-12,stow,stow,stow,b,Villa Fresco Sangiovese - Large,1.0,19.0,20.9,4.0205,recipe,true
2026-07-12,stow,stow,stow,f,Extra Yorkshire Pudding,9.0,18.3182,20.15,0.0,lightspeed,true
2026-07-12,stow,stow,stow,b,Stow Soda - Grapefruit,2.0,18.3,20.13,0.1732,recipe,true
2026-07-12,stow,stow,stow,b,A. Rodda Tempranillo - Regular,1.0,18.0,19.8,5.5699,recipe,true
2026-07-12,stow,stow,stow,b,French Martini,1.0,18.0,19.8,3.9211,recipe,true
2026-07-12,stow,stow,stow,b,Padrillos Malbec - Regular,1.0,18.0,19.8,3.8666,recipe,true
2026-07-12,stow,stow,stow,f,Extra Veg,6.0,17.9,19.69,0.0,lightspeed,true
2026-07-12,stow,stow,stow,f,Arancini Balls 5pcs D,1.0,17.5,19.25,0.0,lightspeed,true
2026-07-12,stow,stow,stow,b,Crankshaft IPA - Pint,1.0,17.5,19.25,4.3024,recipe,true
2026-07-12,stow,stow,stow,b,Casa Gheller Prosecco - Glass,1.0,16.0,17.6,3.348,recipe,true
2026-07-12,stow,stow,stow,b,Monkey Shoulder Scotch [House],2.0,15.4,16.94,4.8934,recipe,true
2026-07-12,stow,stow,stow,b,Mother's Milk Shiraz - Regular,1.0,15.0,16.5,3.2163,recipe,true
2026-07-12,stow,stow,stow,b,Philter Red - Pint,1.0,15.0,16.5,3.3966,recipe,true
2026-07-12,stow,stow,stow,f,BBQ Wings D,1.0,14.5455,16.0,3.14,recipe,true
2026-07-12,stow,stow,stow,f,Buffalo Wings D,1.0,14.5455,16.0,2.9764,recipe,true
2026-07-12,stow,stow,stow,b,Trade Winds,1.0,14.4636,15.91,1.4538,recipe,true
2026-07-12,stow,stow,stow,b,Grifter Big Sur IPA Tin,1.0,14.0,15.4,4.0,recipe,true
2026-07-12,stow,stow,stow,b,Kuku Sauvignon Blanc - Regular,1.0,14.0,15.4,2.9141,recipe,true
2026-07-12,stow,stow,stow,b,Pepsi Glass,3.0,13.6455,15.01,3.93,recipe,true
2026-07-12,stow,stow,stow,b,Pink Lemonade Glass,3.0,13.6455,15.01,2.8449,recipe,true
2026-07-12,stow,stow,stow,f,Kids Nuggets & Chips,1.0,13.0,14.3,2.2427,recipe,true
2026-07-12,stow,stow,stow,f,Sweet Potato Fries D,1.0,12.7273,14.0,2.5301,recipe,true
2026-07-12,stow,stow,stow,f,Fries D,1.0,12.0,13.2,0.0,lightspeed,true
2026-07-12,stow,stow,stow,b,Young Henrys Cloudy Cider Can,1.0,12.0,13.2,2.58,recipe,true
2026-07-12,stow,stow,stow,b,Philter Red - Schooner,1.0,11.3636,12.5,2.5326,recipe,true
2026-07-12,stow,stow,stow,b,Bombay Dry [House],1.0,11.0,12.1,2.1644,recipe,true
2026-07-12,stow,stow,stow,b,Buffalo Trace Bourbon [House],1.0,11.0,12.1,2.3173,recipe,true
2026-07-12,stow,stow,stow,b,Corona,1.0,10.8455,11.93,2.5713,recipe,true
2026-07-12,stow,stow,stow,b,Fresh Lime Soda,3.0,10.5,11.55,0.0,lightspeed,true
2026-07-12,stow,stow,stow,b,Aperol,1.0,9.2909,10.22,1.248,recipe,true
2026-07-12,stow,stow,stow,b,San Pellegrino 500ml,1.0,9.0,9.9,2.32,recipe,true
2026-07-12,stow,stow,stow,b,Fresh is Best Summer Lager - Schooner,1.0,8.5,9.35,1.5721,recipe,true
2026-07-12,stow,stow,stow,f,Add Grilled Fish,1.0,8.2636,9.09,0.0,lightspeed,true
2026-07-12,stow,stow,stow,f,Rocket Man,1.0,7.2,7.92,3.1972,recipe,true
2026-07-12,stow,stow,stow,f,Add Lepinja Bread,1.0,6.2,6.82,0.0,lightspeed,true
2026-07-12,stow,stow,stow,b,Add Vodka,1.0,5.1636,5.68,0.0,lightspeed,true
2026-07-12,stow,stow,stow,b,$5 Stow Soda,1.0,5.0,5.5,0.0,lightspeed,true
2026-07-12,stow,stow,stow,b,Ginger Ale,1.0,4.1364,4.55,0.0,lightspeed,true
2026-07-12,stow,stow,stow,f,Extra Arancini Ball,1.0,4.1273,4.54,0.0,lightspeed,true
2026-07-12,stow,stow,stow,f,Double Scoop,1.0,3.6091,3.97,0.0,lightspeed,true
2026-07-12,stow,stow,stow,b,Add Roasted Tomato Coulis,1.0,3.1,3.41,0.0,lightspeed,true
2026-07-12,stow,stow,stow,f,Side Aioli,6.0,2.9909,3.29,0.0,lightspeed,true
2026-07-12,stow,stow,stow,f,Swap Fries for Sweet Potato Fries,1.0,2.0636,2.27,0.0,lightspeed,true
2026-07-12,stow,stow,stow,f,Add Grilled Chicken,1.0,2.0,2.2,0.0,lightspeed,true
2026-07-12,stow,stow,stow,f,Side Chipotle Mayo,1.0,1.0364,1.14,0.0,lightspeed,true
2026-07-12,stow,stow,stow,f,Add Cheese,1.0,0.8,0.88,0.0,lightspeed,true
2026-07-12,stow,stow,stow,b,2 Glasses,1.0,0.0,0.0,0.0,lightspeed,true
2026-07-12,stow,stow,stow,b,3 Glasses,1.0,0.0,0.0,0.0,lightspeed,true
2026-07-12,stow,stow,stow,f,Brownie D,8.0,0.0,0.0,15.6008,recipe,true
2026-07-12,stow,stow,stow,b,Dressing on the Side,1.0,0.0,0.0,0.0,lightspeed,true
2026-07-12,stow,stow,stow,b,Gluten-free [remove Yorkshire],1.0,0.0,0.0,0.0,lightspeed,true
2026-07-12,stow,stow,stow,b,Jimmy Jury.,1.0,0.0,0.0,0.0,lightspeed,true
2026-07-12,stow,stow,stow,b,Lime Wedge,1.0,0.0,0.0,0.0,lightspeed,true
2026-07-12,stow,stow,stow,b,Meatlovers.,1.0,0.0,0.0,0.0,lightspeed,true
2026-07-12,stow,stow,stow,b,No Anchovies,1.0,0.0,0.0,0.0,lightspeed,true
2026-07-12,stow,stow,stow,b,No Burger Sauce,1.0,0.0,0.0,0.0,lightspeed,true
2026-07-12,stow,stow,stow,b,No Cheese [dairy-free],1.0,0.0,0.0,0.0,lightspeed,true
2026-07-12,stow,stow,stow,b,No Chilli,1.0,0.0,0.0,0.0,lightspeed,true
2026-07-12,stow,stow,stow,b,No Glasses Needed,1.0,0.0,0.0,0.0,lightspeed,true
2026-07-12,stow,stow,stow,b,No Ice,1.0,0.0,0.0,0.0,lightspeed,true
2026-07-12,stow,stow,stow,b,No Jalapeños,1.0,0.0,0.0,0.0,lightspeed,true
2026-07-12,stow,stow,stow,b,No Olives,1.0,0.0,0.0,0.0,lightspeed,true
2026-07-12,stow,stow,stow,b,No Pickle,1.0,0.0,0.0,0.0,lightspeed,true
2026-07-12,stow,stow,stow,b,No Pineapple,2.0,0.0,0.0,0.0,lightspeed,true
2026-07-12,stow,stow,stow,b,No Sugar,2.0,0.0,0.0,0.0,lightspeed,true
2026-07-12,stow,stow,stow,b,No Tomato,1.0,0.0,0.0,0.0,lightspeed,true
2026-07-12,stow,stow,stow,b,On The Rocks,2.0,0.0,0.0,0.0,lightspeed,true
2026-07-12,stow,stow,stow,b,Orange,1.0,0.0,0.0,0.0,lightspeed,true
2026-07-12,stow,stow,stow,b,Send Kids Food ASAP,1.0,0.0,0.0,0.0,lightspeed,true
2026-07-12,stow,stow,stow,f,Side BBQ Sauce,2.0,0.0,0.0,0.0,lightspeed,true
2026-07-12,stow,stow,stow,b,Side Tomato Sauce,4.0,0.0,0.0,0.0,lightspeed,true
2026-07-12,stow,stow,stow,b,Soda [mixer],1.0,0.0,0.0,0.0,lightspeed,true
2026-07-12,stow,stow,stow,b,Swap Gravy for Aioli,1.0,0.0,0.0,0.0,lightspeed,true
2026-07-12,stow,stow,stow,f,Vegan Aioli,1.0,0.0,0.0,0.0,lightspeed,true
2026-07-13,hg,hg,stow,f,Unlimited Dumplings,86.0,1854.69,2040.0,601.8366,recipe,true
2026-07-13,hg,hg,hg,f,Unlimited Dumplings,80.0,1819.2,1819.2,559.848,recipe,true
2026-07-13,hg,hg,hg,b,Pepsi Max Glass,31.0,135.0,135.0,40.61,recipe,true
2026-07-13,hg,hg,stow,f,Fried Rice,5.0,105.93,116.51,14.121,recipe,true
2026-07-13,hg,hg,hg,f,Tonkotsu,4.0,102.0,102.0,17.0572,recipe,true
2026-07-13,hg,hg,hg,f,Miso,3.0,73.0,73.0,0.0,lightspeed,true
2026-07-13,hg,hg,stow,f,Shredded Beef,3.0,71.7,78.85,0.0,lightspeed,true
2026-07-13,hg,hg,hg,b,Negroni,4.0,61.2,61.2,16.396,recipe,true
2026-07-13,hg,hg,hg,b,Classic Margarita,4.0,56.0,56.0,16.6896,recipe,true
2026-07-13,hg,hg,stow,f,Dumplings - Prawn Har Gow [GF],3.0,50.15,55.18,13.2057,recipe,true
2026-07-13,hg,hg,hg,b,Trutta Streamside Shiraz - Large [HG],2.0,50.0,50.0,13.2264,recipe,true
2026-07-13,hg,hg,hg,f,Mie Goreng,2.0,47.0,47.0,11.3376,recipe,true
2026-07-13,hg,hg,hg,b,Lemonade Glass,10.0,40.5,40.5,8.032,recipe,true
2026-07-13,hg,hg,hg,b,Sapporo - Schooner,4.0,40.0,40.0,12.614,recipe,true
2026-07-13,hg,hg,stow,f,Popcorn Cauliflower,3.0,39.02,42.92,2.8833,recipe,true
2026-07-13,hg,hg,hg,b,Harry's Lager - Schooner,4.0,38.0,38.0,6.29,recipe,true
2026-07-13,hg,hg,hg,b,Harry's Lager - Pint,3.0,37.5,37.5,6.327,recipe,true
2026-07-13,hg,hg,hg,b,Pepsi Glass,8.0,36.0,36.0,10.48,recipe,true
2026-07-13,hg,hg,hg,f,Fried Rice,2.0,32.2,32.2,5.6484,recipe,true
2026-07-13,hg,hg,hg,b,Heaps Normal Quiet XPA,3.0,31.5,31.5,7.38,recipe,true
2026-07-13,hg,hg,stow,f,Outback Prawn Toast,2.0,29.1,32.0,7.7792,recipe,true
2026-07-13,hg,hg,hg,b,Dragon Soda,3.0,27.0,27.0,0.1662,recipe,true
2026-07-13,hg,hg,hg,b,Yuzu Orange Soda,3.0,27.0,27.0,0.0,lightspeed,true
2026-07-13,hg,hg,stow,f,Tonkotsu,1.0,26.36,29.0,4.2643,recipe,true
2026-07-13,hg,hg,hg,b,Sapporo - 500ml,3.0,26.1,26.1,11.13,recipe,true
2026-07-13,hg,hg,hg,b,Kuku Sauv Blanc - Regular,2.0,26.0,26.0,5.2,recipe,true
2026-07-13,hg,hg,hg,f,Shredded Beef,1.0,26.0,26.0,0.0,lightspeed,true
2026-07-13,hg,hg,hg,b,Angas & Bremer Rosé - Regular,2.0,24.0,24.0,3.508,recipe,true
2026-07-13,hg,hg,hg,b,Bintang,2.0,22.0,22.0,4.68,recipe,true
2026-07-13,hg,hg,stow,f,Mie Goreng,1.0,21.6,23.76,5.6688,recipe,true
2026-07-13,hg,hg,stow,f,Edamame,2.0,20.0,22.0,0.0,lightspeed,true
2026-07-13,hg,hg,hg,b,Margato,1.0,20.0,20.0,3.7334,recipe,true
2026-07-13,hg,hg,stow,f,Kids Unlimited Dumplings,2.0,19.68,21.6,0.0,lightspeed,true
2026-07-13,hg,hg,hg,b,River Retreat Pinot Grigio - Regular,2.0,19.0,19.0,4.02,recipe,true
2026-07-13,hg,hg,hg,b,Padrillos Malbec - Regular,1.0,18.0,18.0,3.8666,recipe,true
2026-07-13,hg,hg,hg,f,Duck Spring Roll,1.0,16.0,16.0,3.5692,recipe,true
2026-07-13,hg,hg,stow,f,Duck Spring Rolls,1.0,15.03,16.53,0.0,lightspeed,true
2026-07-13,hg,hg,hg,f,Popcorn Cauliflower,1.0,15.0,15.0,0.9611,recipe,true
2026-07-13,hg,hg,stow,f,Karaage Chicken,1.0,14.55,16.0,0.0,lightspeed,true
2026-07-13,hg,hg,hg,f,Devon's Prawn Toast,1.0,14.4,14.4,3.8896,recipe,true
2026-07-13,hg,hg,hg,f,Mochi Trio,1.0,14.0,14.0,0.0,lightspeed,true
2026-07-13,hg,hg,stow,f,BBQ Pork Buns,1.0,13.64,15.0,3.5,recipe,true
2026-07-13,hg,hg,hg,b,Virgin Margy,1.0,13.0,13.0,0.0,lightspeed,true
2026-07-13,hg,hg,hg,b,Espresso Martini,1.0,12.6,12.6,3.285,recipe,true
2026-07-13,hg,hg,stow,f,Dumplings - Beef & Cabbage,1.0,12.21,13.43,1.4619,recipe,true
2026-07-13,hg,hg,hg,b,Apple Juice Glass,3.0,12.0,12.0,1.9782,recipe,true
2026-07-13,hg,hg,hg,f,Kids Unlimited Dumplings,1.0,12.0,12.0,0.0,lightspeed,true
2026-07-13,hg,hg,stow,f,Kids Fried Rice,1.0,11.82,13.0,0.0,lightspeed,true
2026-07-13,hg,hg,hg,b,Chicken,3.0,11.5,11.5,0.0,lightspeed,true
2026-07-13,hg,hg,hg,b,Monteith's Apple Cider [HG],1.0,11.0,11.0,3.11,recipe,true
2026-07-13,hg,hg,hg,b,Lemon Lime Bitters,2.0,9.0,9.0,2.0538,recipe,true
2026-07-13,hg,hg,hg,b,Coke Can,1.0,4.0,4.0,1.89,recipe,true
2026-07-13,hg,hg,stow,f,Jasmine Rice,1.0,3.76,4.13,0.0,lightspeed,true
2026-07-13,hg,hg,stow,f,Fried Egg,1.0,3.64,4.0,0.0,lightspeed,true
2026-07-13,hg,hg,hg,b,Soda & Lime Glass,1.0,3.0,3.0,0.0417,recipe,true
2026-07-13,hg,hg,hg,b,Asahi 3.5%,1.0,0.0,0.0,2.18,recipe,true
2026-07-13,hg,hg,hg,b,Crouching Tiger,1.0,0.0,0.0,4.2673,recipe,true
2026-07-13,hg,hg,hg,b,Gado Gado,1.0,0.0,0.0,0.0,lightspeed,true
2026-07-13,mari,mari,mari,f,Chicken,3.0,11.28,12.39,0.0,lightspeed,true
2026-07-13,mari,mari,mari,f,Chicken.,1.0,1.82,2.0,0.0,lightspeed,true
2026-07-13,stow,stow,stow,b,Cri De Couer Pinot Noir - Bottle,2.0,230.9,254.0,124.3,lightspeed,true
2026-07-13,stow,stow,stow,b,Mulled Wine,8.0,108.64,119.48,16.6896,recipe,true
2026-07-13,stow,stow,stow,b,A. Rodda Chardonnay - Regular,3.0,76.35,84.0,22.62,recipe,true
2026-07-13,stow,stow,stow,b,Classic Margarita,4.0,73.91,81.31,16.6896,recipe,true
2026-07-13,stow,stow,stow,b,Villa Fresco Sangiovese - Regular,8.0,72.53,79.79,19.2984,recipe,true
2026-07-13,stow,stow,stow,b,Pepsi Glass,16.0,65.45,72.0,20.96,recipe,true
2026-07-13,stow,stow,stow,b,Pepsi Max Glass,16.0,65.44,72.0,20.96,recipe,true
2026-07-13,stow,stow,stow,b,Petits Detours Rosé - Regular,4.0,58.19,64.0,13.872,recipe,true
2026-07-13,stow,stow,stow,b,Fresh is Best Lager - Pint,6.0,56.35,62.0,14.5314,recipe,true
2026-07-13,stow,stow,stow,b,Kuku Sauvignon Blanc - Regular,4.0,51.34,56.46,11.6564,recipe,true
2026-07-13,stow,stow,stow,b,Hahn Super Dry GF,5.0,49.31,54.21,13.125,recipe,true
2026-07-13,stow,stow,stow,b,Stone & Wood - Pint,3.0,46.35,51.0,13.2627,recipe,true
2026-07-13,stow,stow,stow,b,White Light Pure Vodka [House],6.0,45.44,50.0,9.1248,recipe,true
2026-07-13,stow,stow,stow,b,Guinness Draught - Pint,3.0,44.55,49.0,14.4153,recipe,true
2026-07-13,stow,stow,stow,b,Ottelia Chardonnay - Large,2.0,40.91,45.0,11.5314,recipe,true
2026-07-13,stow,stow,stow,b,"Lemon, Lime & Bitters",8.0,36.4,40.0,8.2152,recipe,true
2026-07-13,stow,stow,stow,b,Dark & Stormy,2.0,25.46,28.0,8.0236,recipe,true
2026-07-13,stow,stow,stow,b,Kirin - Schooner,2.0,25.46,28.0,7.5938,recipe,true
2026-07-13,stow,stow,stow,b,Status Quo - Pint,2.0,25.46,28.0,8.3174,recipe,true
2026-07-13,stow,stow,stow,b,Philter XPA - Pint,3.0,24.54,27.0,9.0066,recipe,true
2026-07-13,stow,stow,stow,b,Stone & Wood - Schooner,2.0,23.64,26.0,6.5926,recipe,true
2026-07-13,stow,stow,stow,b,Little Dragon Can,2.0,22.72,25.0,6.9722,recipe,true
2026-07-13,stow,stow,stow,b,Island Time,1.0,21.82,24.0,4.208,recipe,true
2026-07-13,stow,stow,stow,b,Lemon Meringue Martini,1.0,21.82,24.0,3.6814,recipe,true
2026-07-13,stow,stow,stow,b,Grifter Pale - Pint,2.0,21.0,23.1,6.6588,recipe,true
2026-07-13,stow,stow,stow,b,Flower Child,1.0,20.0,22.0,3.5167,recipe,true
2026-07-13,stow,stow,stow,b,Corona,2.0,19.41,21.35,5.1426,recipe,true
2026-07-13,stow,stow,stow,b,Fresh Lime Soda,6.0,19.28,21.23,0.0,lightspeed,true
2026-07-13,stow,stow,stow,b,Kirin - Pint,1.0,16.82,18.5,5.0924,recipe,true
2026-07-13,stow,stow,stow,b,Lemonade Glass,4.0,16.36,18.0,3.2128,recipe,true
2026-07-13,stow,stow,stow,b,Ottelia Cab Sav - Regular,1.0,15.45,17.0,4.608,recipe,true
2026-07-13,stow,stow,stow,b,Bundaberg Ginger Beer,3.0,13.65,15.0,2.9766,recipe,true
2026-07-13,stow,stow,stow,b,Ottelia Chardonnay - Regular,1.0,13.1,14.4,3.4594,recipe,true
2026-07-13,stow,stow,stow,b,Aperol Spritz,1.0,12.73,14.0,3.556,recipe,true
2026-07-13,stow,stow,stow,b,Espresso Martini,1.0,12.73,14.0,3.285,recipe,true
2026-07-13,stow,stow,stow,b,Negroni,1.0,12.73,14.0,4.099,recipe,true
2026-07-13,stow,stow,stow,b,Fresh is Best Lager - Schooner,2.0,12.72,14.0,3.6116,recipe,true
2026-07-13,stow,stow,stow,b,Crankshaft IPA - Schooner,1.0,12.27,13.5,3.2079,recipe,true
2026-07-13,stow,stow,stow,b,Status Quo - Schooner,1.0,12.27,13.5,3.1008,recipe,true
2026-07-13,stow,stow,stow,b,Heaps Normal Tin,1.0,10.34,11.37,2.6696,recipe,true
2026-07-13,stow,stow,stow,b,Peroni 0%,1.0,8.18,9.0,1.8463,recipe,true
2026-07-13,stow,stow,stow,b,Grifter Pale - Schooner,1.0,6.36,7.0,2.4824,recipe,true
2026-07-13,stow,stow,stow,b,Philter XPA - Schooner,1.0,6.36,7.0,2.2385,recipe,true
2026-07-13,stow,stow,stow,b,Ginger Ale,1.0,3.64,4.0,0.0,lightspeed,true
2026-07-13,stow,stow,stow,b,Chashu Pork Belly,1.0,0.0,0.0,0.0,lightspeed,true
2026-07-13,stow,stow,stow,b,Gluten-free,1.0,0.0,0.0,0.0,lightspeed,true
2026-07-13,stow,stow,stow,b,Version Two Pinot Grigio - Regular,2.0,0.0,0.0,3.5334,recipe,true
2026-07-14,mari,mari,mari,f,Large Sanchez,3.0,80.91,89.0,17.5122,recipe,true
2026-07-14,mari,mari,mari,f,Large Super House Special,5.0,80.9,89.0,38.0885,recipe,true
2026-07-14,mari,mari,mari,f,Regular Jimmy Jury [Dine-in],5.0,76.33,84.0,18.107,recipe,true
2026-07-14,mari,mari,mari,f,Regular Sanchez [Dine-in],4.0,66.53,73.2,15.7808,recipe,true
2026-07-14,mari,mari,mari,f,Regular Super House Special,3.0,65.46,72.0,13.8561,recipe,true
2026-07-14,mari,mari,mari,f,Regular Tandoori Chicken [Dine-in],4.0,57.23,62.97,5.7768,recipe,true
2026-07-14,mari,mari,mari,f,$60 BANQUET,1.0,54.55,60.0,21.1281,recipe,true
2026-07-14,mari,mari,mari,f,Banquet Deal Pizzas,1.0,54.55,60.0,21.1281,recipe,true
2026-07-14,mari,mari,mari,f,Regular Little Italy [Dine-in],3.0,50.15,55.17,12.4965,recipe,true
2026-07-14,mari,mari,mari,f,Regular Hail Africa [Dine-in],3.0,47.44,52.2,8.4675,recipe,true
2026-07-14,mari,mari,mari,f,Large Hawaiian,2.0,43.63,48.0,6.6314,recipe,true
2026-07-14,mari,mari,mari,f,$45 FEAST,1.0,40.91,45.0,14.0714,recipe,true
2026-07-14,mari,mari,mari,f,Regular Hawaiian,2.0,34.55,38.0,6.544,recipe,true
2026-07-14,mari,mari,mari,f,Regular Truffalo Soldier [Dine-in],2.0,33.8,37.19,6.136,recipe,true
2026-07-14,mari,mari,mari,f,Axl Rose Pizza,2.0,33.79,37.18,0.0,lightspeed,true
2026-07-14,mari,mari,mari,f,"Regular No Chorizo, No Cry [Dine-in]",2.0,33.79,37.18,5.283,recipe,true
2026-07-14,mari,mari,mari,f,Regular Cosmopolitan [Dine-in],2.0,32.72,36.0,7.7472,recipe,true
2026-07-14,mari,mari,mari,f,Regular Super House Special [Dine-in],2.0,32.72,36.0,8.0524,recipe,true
2026-07-14,mari,mari,mari,f,Regular The Paddock [Dine-in],2.0,32.72,36.0,6.9824,recipe,true
2026-07-14,mari,mari,mari,f,Large Bubba Gump,1.0,29.09,32.0,5.5006,recipe,true
2026-07-14,mari,mari,mari,f,Gluten-free Meatlovers,1.0,28.18,31.0,9.1803,recipe,true
2026-07-14,mari,mari,mari,f,Gluten-free Super House Special,1.0,27.27,30.0,9.8087,recipe,true
2026-07-14,mari,mari,mari,f,Large Jimmy Jury,1.0,24.55,27.0,6.2011,recipe,true
2026-07-14,mari,mari,mari,f,Large Sorrento,1.0,24.55,27.0,5.8575,recipe,true
2026-07-14,mari,mari,mari,f,Large Tandoori Chicken,1.0,22.73,25.0,3.1928,recipe,true
2026-07-14,mari,mari,mari,f,Regular Meatlovers,1.0,22.73,25.0,4.3392,recipe,true
2026-07-14,mari,mari,mari,f,Regular BBQ Chicken Pizza,1.0,22.27,24.5,3.0876,recipe,true
2026-07-14,mari,mari,mari,f,Regular New Yorker,1.0,21.82,24.0,3.2325,recipe,true
2026-07-14,mari,mari,mari,f,Large Margherita,1.0,20.91,23.0,2.3272,recipe,true
2026-07-14,mari,mari,mari,f,"Gluten-free No Chorizo, No Cry [Dine-in]",1.0,19.09,21.0,7.6762,recipe,true
2026-07-14,mari,mari,mari,f,Regular Vegetarian,1.0,19.09,21.0,2.9017,recipe,true
2026-07-14,mari,mari,mari,f,Regular El Patron [Dine-in],1.0,16.9,18.59,3.7287,recipe,true
2026-07-14,mari,mari,mari,f,Regular New Yorker [Dine-in],1.0,16.9,18.59,2.6399,recipe,true
2026-07-14,mari,mari,mari,f,Regular Uber Margherita [Dine-in],1.0,16.88,18.59,2.712,recipe,true
2026-07-14,mari,mari,mari,f,Regular Bubba Gump [Dine-in],1.0,16.36,18.0,3.0455,recipe,true
2026-07-14,mari,mari,mari,f,Regular Hawaiian [Dine-in],1.0,16.36,18.0,2.6794,recipe,true
2026-07-14,mari,mari,mari,f,Regular Vegetarian [Dine-in],1.0,16.36,18.0,2.3092,recipe,true
2026-07-14,mari,mari,mari,f,Regular Margherita,1.0,14.55,16.0,2.0331,recipe,true
2026-07-14,mari,mari,mari,f,Regular Garlic Cheese Pizza,1.0,8.18,9.0,1.5021,recipe,true
2026-07-14,mari,mari,mari,f,Coke 1.25L,1.0,6.36,7.0,3.69,recipe,true
2026-07-14,mari,mari,mari,f,Add Anchovies,3.0,5.46,6.0,0.0,lightspeed,true
2026-07-14,mari,mari,mari,f,Online Surcharge,3.0,4.89,4.89,0.0,lightspeed,true
2026-07-14,mari,mari,mari,f,Add Pineapple,3.0,4.08,4.5,0.0,lightspeed,true
2026-07-14,mari,mari,mari,f,Add Chicken,1.0,3.64,4.0,0.0,lightspeed,true
2026-07-14,mari,mari,mari,f,Coke Zero Can,1.0,3.64,4.0,1.89,recipe,true
2026-07-14,mari,mari,mari,f,Vegan Cheese [Pizza],1.0,2.82,3.1,0.0,lightspeed,true
2026-07-14,mari,mari,mari,f,Add Garlic,2.0,2.72,3.0,0.0,lightspeed,true
2026-07-14,mari,mari,mari,f,Add Chilli,2.0,1.82,2.0,0.0,lightspeed,true
2026-07-14,mari,mari,mari,f,Add Jalapenos,2.0,1.36,1.5,0.0,lightspeed,true
2026-07-14,mari,mari,mari,f,Add Mushrooms,1.0,1.36,1.5,0.0,lightspeed,true
2026-07-14,mari,mari,mari,f,Add Rocket,1.0,1.36,1.5,0.0,lightspeed,true
2026-07-14,mari,mari,mari,f,Add Pesto,1.0,0.91,1.0,0.0,lightspeed,true
2026-07-14,mari,mari,mari,f,.1.25L Coke,1.0,0.0,0.0,3.69,recipe,true
2026-07-14,mari,mari,mari,f,.Garlic Bread,1.0,0.0,0.0,1.4877,recipe,true
2026-07-14,mari,mari,mari,f,Add Prawns,1.0,0.0,0.0,0.0,lightspeed,true
2026-07-14,mari,mari,mari,f,Coke Zero 1.25L,1.0,0.0,0.0,3.09,recipe,true
2026-07-14,mari,mari,mari,f,Gluten-free Tandoori Chicken [Dine-in],1.0,0.0,0.0,6.048,recipe,true
2026-07-14,mari,mari,mari,f,Large BBQ Chicken Pizza,1.0,0.0,0.0,4.111,recipe,true
2026-07-14,mari,mari,mari,f,Large Little Italy,1.0,0.0,0.0,7.3904,recipe,true
2026-07-14,mari,mari,mari,f,Large Pepperoni,1.0,0.0,0.0,4.361,recipe,true
2026-07-14,mari,mari,mari,f,Less Cheese,1.0,0.0,0.0,0.0,lightspeed,true
2026-07-14,mari,mari,mari,f,Regular Roma Special,1.0,0.0,0.0,3.5344,recipe,true
2026-07-14,stow,stow,stow,b,Version Two Pinot Grigio - Regular,13.0,100.14,110.2,22.9671,recipe,true
2026-07-14,stow,stow,stow,b,Villa Fresco Sangiovese - Regular,11.0,99.27,109.2,26.5353,recipe,true
2026-07-14,stow,stow,stow,b,Espresso Martini,5.0,87.85,96.65,16.425,recipe,true
2026-07-14,stow,stow,stow,b,Mulled Wine,6.0,82.74,90.98,12.5172,recipe,true
2026-07-14,stow,stow,stow,f,Rosemary Salted Fries,6.0,72.3,79.51,11.16,recipe,true
2026-07-14,stow,stow,stow,b,Fresh is Best Lager - Pint,7.0,70.44,77.5,16.9533,recipe,true
2026-07-14,stow,stow,stow,b,Version Two Sparkling - Regular,9.0,67.27,74.02,15.9003,recipe,true
2026-07-14,stow,stow,stow,b,Fresh is Best Lager - Schooner,8.0,65.94,72.51,14.4464,recipe,true
2026-07-14,stow,stow,stow,b,Jalapeño Marg,3.0,63.42,69.76,11.5374,recipe,true
2026-07-14,stow,stow,stow,b,Kuku Sauvignon Blanc - Regular,5.0,63.22,69.52,14.5705,recipe,true
2026-07-14,stow,stow,stow,b,Guinness Draught - Pint,4.0,57.28,63.0,19.2204,recipe,true
2026-07-14,stow,stow,stow,b,Philter Red - Pint,4.0,55.46,60.98,13.5864,recipe,true
2026-07-14,stow,stow,stow,b,Philter XPA - Pint,5.0,52.27,57.49,15.011,recipe,true
2026-07-14,stow,stow,stow,b,Stone & Wood - Schooner,4.0,48.84,53.72,13.1852,recipe,true
2026-07-14,stow,stow,stow,f,Bang Bang Cauli,3.0,47.88,52.68,8.2977,recipe,true
2026-07-14,stow,stow,stow,b,Stone & Wood - Pint,3.0,46.86,51.56,13.2627,recipe,true
2026-07-14,stow,stow,stow,f,Baked Camembert,2.0,46.02,50.62,0.0,lightspeed,true
2026-07-14,stow,stow,stow,b,Geppetto Pinot Noir - Large Glass,2.0,45.07,49.57,11.7066,recipe,true
2026-07-14,stow,stow,stow,b,Version Two Pinot Grigio - Bottle,1.0,44.55,49.0,8.83,lightspeed,true
2026-07-14,stow,stow,stow,b,Ottelia Chardonnay - Regular,3.0,43.65,48.0,10.3782,recipe,true
2026-07-14,stow,stow,stow,b,Vodka Martini,2.0,40.0,44.0,5.8572,recipe,true
2026-07-14,stow,stow,stow,f,Buffalo Wings,3.0,39.22,43.14,8.9292,recipe,true
2026-07-14,stow,stow,stow,b,Grifter Pale - Pint,3.0,36.36,39.98,9.9882,recipe,true
2026-07-14,stow,stow,stow,f,Sweet Potato Fries,3.0,35.85,39.43,7.5903,recipe,true
2026-07-14,stow,stow,stow,f,BBQ Wings,2.0,31.22,34.35,6.28,recipe,true
2026-07-14,stow,stow,stow,f,BBQ Wings D,2.0,29.1,32.0,6.28,recipe,true
2026-07-14,stow,stow,stow,f,Buffalo Wings D,2.0,29.1,32.0,5.9528,recipe,true
2026-07-14,stow,stow,stow,b,Petits Detours Rosé - Regular,2.0,29.1,32.0,6.936,recipe,true
2026-07-14,stow,stow,stow,b,Mother's Milk Shiraz - Regular,2.0,27.28,30.0,6.4326,recipe,true
2026-07-14,stow,stow,stow,b,Philter XPA - Schooner,2.7,24.48,26.93,6.044,recipe,true
2026-07-14,stow,stow,stow,f,Chicken Burrito D,1.0,22.73,25.0,8.281,recipe,true
2026-07-14,stow,stow,stow,f,Beef Burger D,1.0,21.82,24.0,5.8403,recipe,true
2026-07-14,stow,stow,stow,f,Kids Nuggets & Chips,4.0,21.28,23.4,8.9708,recipe,true
2026-07-14,stow,stow,stow,b,Flower Child,1.0,20.65,22.72,3.5167,recipe,true
2026-07-14,stow,stow,stow,b,Old Fashioned,1.0,20.0,22.0,4.8583,recipe,true
2026-07-14,stow,stow,stow,b,Whisky Sour,1.0,19.09,21.0,4.6346,recipe,true
2026-07-14,stow,stow,stow,b,Lychee Martini,1.0,18.78,20.66,3.9078,recipe,true
2026-07-14,stow,stow,stow,f,Sensei Calamari,1.0,18.31,20.14,2.2628,recipe,true
2026-07-14,stow,stow,stow,b,Classic Margarita,1.0,18.18,20.0,4.1724,recipe,true
2026-07-14,stow,stow,stow,b,Two Tonne Riesling - Regular,1.0,18.18,20.0,4.272,recipe,true
2026-07-14,stow,stow,stow,b,Trutta Streamside Shiraz [Chilled] - Regular,1.0,16.9,18.59,3.968,recipe,true
2026-07-14,stow,stow,stow,b,Kirin - Pint,1.0,16.82,18.5,5.0924,recipe,true
2026-07-14,stow,stow,stow,b,Grifter Pale - Schooner,2.0,16.81,18.5,4.9648,recipe,true
2026-07-14,stow,stow,stow,b,Padrillos Malbec - Regular,1.0,16.36,18.0,3.8666,recipe,true
2026-07-14,stow,stow,stow,f,Rocket Man,1.0,16.36,18.0,3.1972,recipe,true
2026-07-14,stow,stow,stow,b,Sibiliana Nero D'Avola - Regular,1.0,16.36,18.0,3.27,recipe,true
2026-07-14,stow,stow,stow,b,Status Quo - Pint,1.0,15.91,17.5,4.1587,recipe,true
2026-07-14,stow,stow,stow,b,Fresh is Best Summer Lager - Schooner,2.0,15.72,17.28,3.1442,recipe,true
2026-07-14,stow,stow,stow,b,Angel's Envy Bourbon,1.0,15.45,17.0,3.59,lightspeed,true
2026-07-14,stow,stow,stow,b,Ottelia Cab Sav - Regular,1.0,15.45,17.0,4.608,recipe,true
2026-07-14,stow,stow,stow,b,Das Juice Pink Pet Nat - Regular,1.0,15.03,16.53,3.3,recipe,true
2026-07-14,stow,stow,stow,b,Geppetto Pinot Noir - Regular,1.0,13.64,15.0,3.512,recipe,true
2026-07-14,stow,stow,stow,b,Trentham Estate Rosé - Regular,2.0,12.72,14.0,4.22,recipe,true
2026-07-14,stow,stow,stow,b,Lemonade Glass,3.0,12.27,13.5,2.4096,recipe,true
2026-07-14,stow,stow,stow,b,Status Quo - Schooner,1.0,12.27,13.5,3.1008,recipe,true
2026-07-14,stow,stow,stow,f,Brownie,1.0,10.91,12.0,2.8226,recipe,true
2026-07-14,stow,stow,stow,b,Heaps Normal Tin,1.0,10.0,11.0,2.6696,recipe,true
2026-07-14,stow,stow,stow,b,Philter Red - Schooner,1.0,10.0,11.0,2.5326,recipe,true
2026-07-14,stow,stow,stow,b,Better Beer Tin,1.0,9.86,10.84,2.38,recipe,true
2026-07-14,stow,stow,stow,b,"Lemon, Lime & Bitters",2.0,9.1,10.0,2.0538,recipe,true
2026-07-14,stow,stow,stow,b,Peroni 0%,1.0,8.45,9.3,1.8463,recipe,true
2026-07-14,stow,stow,stow,b,+$3 Premium Spirit,3.0,7.65,8.4,0.0,lightspeed,true
2026-07-14,stow,stow,stow,b,Bombay Dry [House],1.0,6.36,7.0,2.1644,recipe,true
2026-07-14,stow,stow,stow,b,Fresh Lime Soda,2.0,6.36,7.0,0.0,lightspeed,true
2026-07-14,stow,stow,stow,f,GF Flatbread,1.0,3.76,4.13,0.0,lightspeed,true
2026-07-14,stow,stow,stow,f,Side Guacamole,1.0,1.4,1.55,0.0,lightspeed,true
2026-07-14,stow,stow,stow,f,Side Aioli,2.0,0.91,1.02,0.0,lightspeed,true
2026-07-14,stow,stow,stow,f,Brownie D,2.0,0.0,0.0,3.9002,recipe,true
2026-07-14,stow,stow,stow,b,Extra Olives,1.0,0.0,0.0,0.0,lightspeed,true
2026-07-14,stow,stow,stow,b,Filthy,2.0,0.0,0.0,0.0,lightspeed,true
2026-07-14,stow,stow,stow,b,Glass of Ice on the Side,1.0,0.0,0.0,0.0,lightspeed,true
2026-07-14,stow,stow,stow,b,New Yorker.,1.0,0.0,0.0,0.0,lightspeed,true
2026-07-14,stow,stow,stow,b,No Aioli,1.0,0.0,0.0,0.0,lightspeed,true
2026-07-14,stow,stow,stow,b,No Beans,1.0,0.0,0.0,0.0,lightspeed,true
2026-07-14,stow,stow,stow,b,No Cheese [dairy-free],1.0,0.0,0.0,0.0,lightspeed,true
2026-07-14,stow,stow,stow,b,No Chipotle Mayo,1.0,0.0,0.0,0.0,lightspeed,true
2026-07-14,stow,stow,stow,b,No Corn,1.0,0.0,0.0,0.0,lightspeed,true
2026-07-14,stow,stow,stow,b,No Olives,2.0,0.0,0.0,0.0,lightspeed,true
2026-07-14,stow,stow,stow,b,Olive,1.0,0.0,0.0,0.0,lightspeed,true
2026-07-14,stow,stow,stow,b,On The Rocks,1.0,0.0,0.0,0.0,lightspeed,true
2026-07-14,stow,stow,stow,b,One Ice Cube,1.0,0.0,0.0,0.0,lightspeed,true
2026-07-14,stow,stow,stow,f,Rocket Man D,1.0,0.0,0.0,3.1972,recipe,true
2026-07-14,stow,stow,stow,b,Sanchez.,1.0,0.0,0.0,0.0,lightspeed,true
2026-07-14,stow,stow,stow,b,Send Kids Food ASAP,4.0,0.0,0.0,0.0,lightspeed,true
2026-07-14,stow,stow,stow,f,Side BBQ Sauce,3.0,0.0,0.0,0.0,lightspeed,true
2026-07-14,stow,stow,stow,b,Side Tomato Sauce,2.0,0.0,0.0,0.0,lightspeed,true
2026-07-14,stow,stow,stow,b,Tandoori Chicken.,1.0,0.0,0.0,0.0,lightspeed,true
2026-07-15,hg,hg,hg,f,Unlimited BBQ,12.0,490.92,540.0,103.01,lightspeed,true
2026-07-15,hg,hg,hg,f,Mie Goreng,8.0,160.74,176.8,45.3504,recipe,true
2026-07-15,hg,hg,hg,f,Tonkotsu,6.0,158.17,174.0,25.5858,recipe,true
2026-07-15,hg,hg,hg,f,Chicken Katsu Curry,5.0,122.75,135.0,15.4815,recipe,true
2026-07-15,hg,hg,hg,f,Devon's Prawn Toast,7.0,101.85,112.0,27.2272,recipe,true
2026-07-15,hg,hg,hg,f,Shredded Beef,4.0,94.56,104.0,0.0,lightspeed,true
2026-07-15,hg,hg,hg,f,Shoyu,3.0,79.08,87.0,0.0,lightspeed,true
2026-07-15,hg,hg,hg,b,Sapporo - 500ml,7.0,77.71,85.5,25.97,recipe,true
2026-07-15,hg,hg,hg,b,Tsingtao Longneck,5.0,77.27,85.0,23.45,recipe,true
2026-07-15,hg,hg,hg,f,Seitan Katsu Curry [vegan],3.0,73.65,81.0,3.4209,recipe,true
2026-07-15,hg,hg,hg,f,Duck Spring Roll,5.0,72.73,80.0,17.846,recipe,true
2026-07-15,hg,hg,hg,b,From Sundays Shiraz - Regular,5.0,68.2,75.0,14.0005,recipe,true
2026-07-15,hg,hg,hg,f,Fried Rice,3.0,62.73,69.0,8.4726,recipe,true
2026-07-15,hg,hg,hg,b,Harry's Lager - Pint,4.0,42.25,46.5,8.436,recipe,true
2026-07-15,hg,hg,hg,f,BBQ Pork Buns,3.0,40.92,45.0,10.5,recipe,true
2026-07-15,hg,hg,hg,f,Edamame,5.0,40.0,44.0,0.0,lightspeed,true
2026-07-15,hg,hg,hg,f,Dumplings - Prawn Har Gow [GF],2.0,33.63,37.0,8.8038,recipe,true
2026-07-15,hg,hg,hg,b,Pepsi Max Glass,8.0,32.72,36.0,10.48,recipe,true
2026-07-15,hg,hg,hg,b,Margato,2.0,30.91,34.0,7.4668,recipe,true
2026-07-15,hg,hg,hg,b,Veuve Clicquot - Glass [HG],1.0,29.09,32.0,16.1526,recipe,true
2026-07-15,hg,hg,hg,b,Azurescens Pinot Noir - Regular,2.0,27.28,30.0,5.6002,recipe,true
2026-07-15,hg,hg,hg,f,Miso,1.0,26.36,29.0,0.0,lightspeed,true
2026-07-15,hg,hg,hg,f,Dumplings - Beef & Cabbage,2.0,25.46,28.0,2.9238,recipe,true
2026-07-15,hg,hg,hg,f,Dumplings - Veg Gyoza,2.0,25.46,28.0,3.9038,recipe,true
2026-07-15,hg,hg,hg,b,Harry's Lager - Schooner,3.0,23.64,26.0,4.7175,recipe,true
2026-07-15,hg,hg,hg,f,Mochi Trio,2.0,23.64,26.0,0.0,lightspeed,true
2026-07-15,hg,hg,hg,b,Sapporo - Schooner,2.0,23.64,26.0,6.307,recipe,true
2026-07-15,hg,hg,hg,b,Jinro Strawberry - 360ml,1.0,22.73,25.0,11.56,lightspeed,true
2026-07-15,hg,hg,stow,f,Tonkotsu,2.0,21.08,23.2,8.5286,recipe,true
2026-07-15,hg,hg,hg,b,Crouching Tiger,1.0,19.09,21.0,4.2673,recipe,true
2026-07-15,hg,hg,hg,b,Drunken Koi,1.0,19.09,21.0,2.4425,recipe,true
2026-07-15,hg,hg,hg,b,Negroni,1.0,18.18,20.0,4.099,recipe,true
2026-07-15,hg,hg,hg,f,Chicken Karaage,2.0,15.45,17.0,0.0,lightspeed,true
2026-07-15,hg,hg,hg,b,Chicken,4.0,14.56,16.0,0.0,lightspeed,true
2026-07-15,hg,hg,hg,f,Fried Egg,4.0,14.1,15.5,0.0,lightspeed,true
2026-07-15,hg,hg,hg,f,Popcorn Cauliflower,1.0,13.64,15.0,0.9611,recipe,true
2026-07-15,hg,hg,hg,b,Angas & Bremer Grenache - Regular,2.0,12.73,14.0,3.508,recipe,true
2026-07-15,hg,hg,hg,f,Kids Fried Rice,1.0,11.82,13.0,0.0,lightspeed,true
2026-07-15,hg,hg,hg,f,Kids Mie Goreng,1.0,11.82,13.0,0.0,lightspeed,true
2026-07-15,hg,hg,hg,f,1/2 Marinated Egg,6.0,10.92,12.0,0.0,lightspeed,true
2026-07-15,hg,hg,hg,f,Fries [HG],1.0,10.91,12.0,0.0,lightspeed,true
2026-07-15,hg,hg,hg,b,Sensei Highball,1.0,10.91,12.0,1.2953,recipe,true
2026-07-15,hg,hg,hg,b,Soju Bomb,1.0,10.91,12.0,2.12,recipe,true
2026-07-15,hg,hg,hg,b,Rice Pudding,1.0,8.64,9.5,0.0,lightspeed,true
2026-07-15,hg,hg,hg,b,Yuzu Orange Soda,1.0,8.18,9.0,0.0,lightspeed,true
2026-07-15,hg,hg,hg,b,Orange Juice Glass,2.0,7.28,8.0,0.9602,recipe,true
2026-07-15,hg,hg,hg,f,Extra Pork.,1.0,4.55,5.0,0.0,lightspeed,true
2026-07-15,hg,hg,hg,b,Pepsi Glass,1.0,4.09,4.5,1.31,recipe,true
2026-07-15,hg,hg,hg,b,Soda & Lime Glass,1.0,2.73,3.0,0.0417,recipe,true
2026-07-15,hg,hg,stow,f,Extra Marinated Tofu,1.0,0.91,1.0,0.0,lightspeed,true
2026-07-15,hg,hg,hg,b,1 Glass,5.0,0.0,0.0,0.0,lightspeed,true
2026-07-15,hg,hg,hg,b,2 Glasses,1.0,0.0,0.0,0.0,lightspeed,true
2026-07-15,hg,hg,hg,f,Jasmine Rice,1.0,0.0,0.0,0.0,lightspeed,true
2026-07-15,hg,hg,stow,f,Miso Ramen,1.0,0.0,0.0,0.0,lightspeed,true
2026-07-15,hg,hg,hg,f,Swap for Chicken,1.0,0.0,0.0,0.0,lightspeed,true
2026-07-15,hg,hg,hg,b,Tomato Sauce,1.0,0.0,0.0,0.0,lightspeed,true
2026-07-15,mari,mari,mari,f,Regular Little Italy [Dine-in],6.0,146.5,161.11,24.993,recipe,true
2026-07-15,mari,mari,mari,f,$45 FEAST,2.0,81.82,90.0,28.1428,recipe,true
2026-07-15,mari,mari,mari,f,$90 PIZZA PARTY,1.0,81.82,90.0,35.5228,recipe,true
2026-07-15,mari,mari,mari,f,Regular Truffalo Soldier [Dine-in],3.0,70.1,77.11,9.204,recipe,true
2026-07-15,mari,mari,mari,f,Banquet Deal Pizzas,1.0,54.55,60.0,21.1281,recipe,true
2026-07-15,mari,mari,mari,f,Large Sorrento,2.0,51.82,57.0,11.715,recipe,true
2026-07-15,mari,mari,mari,f,Large Pepperoni,2.0,50.9,56.0,8.722,recipe,true
2026-07-15,mari,mari,mari,f,Large BBQ Chicken Pizza,2.0,50.46,55.5,8.222,recipe,true
2026-07-15,mari,mari,mari,f,Large Little Italy,2.0,49.1,54.0,14.7808,recipe,true
2026-07-15,mari,mari,mari,f,Large Paddock,2.0,49.1,54.0,10.2066,recipe,true
2026-07-15,mari,mari,mari,f,Large Cosmopolitan,1.0,29.09,32.0,7.041,recipe,true
2026-07-15,mari,mari,mari,f,Large Super House Special,2.0,27.27,30.0,15.2354,recipe,true
2026-07-15,mari,mari,mari,f,Large Tandoori Chicken,1.0,27.27,30.0,3.1928,recipe,true
2026-07-15,mari,mari,mari,f,Large Sanchez,1.0,24.55,27.0,5.8374,recipe,true
2026-07-15,mari,mari,mari,f,Large Truffalo Soldier,1.0,22.73,25.0,5.2,recipe,true
2026-07-15,mari,mari,mari,f,Regular Little Italy,1.0,22.73,25.0,4.7581,recipe,true
2026-07-15,mari,mari,mari,f,Garlic Bread,8.0,22.28,24.5,11.9016,recipe,true
2026-07-15,mari,mari,mari,f,Regular Super House Special,1.0,21.82,24.0,4.6187,recipe,true
2026-07-15,mari,mari,mari,f,Regular Tandoori Chicken,1.0,21.82,24.0,2.0367,recipe,true
2026-07-15,mari,mari,mari,f,Regular Pepperoni,1.0,20.0,22.0,2.6992,recipe,true
2026-07-15,mari,mari,mari,f,Large Hawaiian,3.0,18.18,20.0,9.9471,recipe,true
2026-07-15,mari,mari,mari,f,Regular Vegetarian,1.0,14.55,16.0,2.9017,recipe,true
2026-07-15,mari,mari,mari,f,Delivery Fee - Curl Curl / Manly / Dee Why,2.0,11.82,13.0,0.0,lightspeed,true
2026-07-15,mari,mari,mari,f,Coke 1.25L,2.0,11.81,13.0,7.38,recipe,true
2026-07-15,mari,mari,mari,f,Cheesy Garlic Bread,1.0,7.27,8.0,1.8027,recipe,true
2026-07-15,mari,mari,mari,f,Coke Zero 1.25L,3.0,6.36,7.0,9.27,recipe,true
2026-07-15,mari,mari,mari,f,Gluten-free Base,1.0,4.7,5.16,4.1,recipe,true
2026-07-15,mari,mari,mari,f,Delivery Fee - Freshwater / Queenscliff,1.0,4.55,5.0,0.0,lightspeed,true
2026-07-15,mari,mari,mari,f,Add Calabrese,1.0,3.64,4.0,0.0,lightspeed,true
2026-07-15,mari,mari,mari,f,Vegan Cheese [Pizza],1.0,2.82,3.1,0.0,lightspeed,true
2026-07-15,mari,mari,mari,f,Add Fetta,1.0,2.73,3.0,0.0,lightspeed,true
2026-07-15,mari,mari,mari,f,Online Surcharge,2.0,2.65,2.65,0.0,lightspeed,true
2026-07-15,mari,mari,mari,f,Extra Mozzarella,1.0,2.27,2.5,0.0,lightspeed,true
2026-07-15,mari,mari,mari,f,Add Minted Yoghurt,1.0,1.36,1.5,0.0,lightspeed,true
2026-07-15,mari,mari,mari,f,Add Anchovies,1.0,0.91,1.0,0.0,lightspeed,true
2026-07-15,mari,mari,mari,f,Add Chilli,1.0,0.91,1.0,0.0,lightspeed,true
2026-07-15,mari,mari,mari,f,Add Pesto,1.0,0.91,1.0,0.0,lightspeed,true
2026-07-15,mari,mari,mari,f,Sour Cream,1.0,0.91,1.0,0.0,lightspeed,true
2026-07-15,mari,mari,mari,f,.1.25L Solo,1.0,0.0,0.0,2.03,recipe,true
2026-07-15,mari,mari,mari,f,.Garlic Bread,1.0,0.0,0.0,1.4877,recipe,true
2026-07-15,mari,mari,mari,f,Large Bubba Gump,2.0,0.0,0.0,11.0012,recipe,true
2026-07-15,mari,mari,mari,f,Large Hail Africa,1.0,0.0,0.0,6.2812,recipe,true
2026-07-15,mari,mari,mari,f,Large Meatlovers,2.0,0.0,0.0,13.48,recipe,true
2026-07-15,mari,mari,mari,f,Less Cheese,1.0,0.0,0.0,0.0,lightspeed,true
2026-07-15,stow,stow,stow,f,Fancy Pants Parmy - Classic,21.0,468.96,515.78,159.5706,recipe,true
2026-07-15,stow,stow,stow,f,Stow Schnitty,22.0,431.87,475.05,120.956,recipe,true
2026-07-15,stow,stow,stow,b,Guinness Draught - Pint,24.0,384.44,422.85,115.3224,recipe,true
2026-07-15,stow,stow,stow,b,Kuku Sauvignon Blanc - Regular,13.0,165.48,182.0,37.8833,recipe,true
2026-07-15,stow,stow,stow,b,Mulled Wine,11.0,150.92,165.98,22.9482,recipe,true
2026-07-15,stow,stow,stow,b,Fresh is Best Lager - Schooner,17.0,130.73,143.75,30.6986,recipe,true
2026-07-15,stow,stow,stow,f,Beef Cheek,3.0,107.58,118.36,0.0,lightspeed,true
2026-07-15,stow,stow,stow,b,A. Rodda Chardonnay - Bottle,1.0,101.82,112.0,37.7,lightspeed,true
2026-07-15,stow,stow,stow,b,Geppetto Pinot Noir - Regular,7.0,96.83,106.47,24.584,recipe,true
2026-07-15,stow,stow,stow,b,Version Two Pinot Grigio - Regular,10.0,95.8,105.39,17.667,recipe,true
2026-07-15,stow,stow,stow,b,Classic Margarita,7.0,94.98,104.46,29.2068,recipe,true
2026-07-15,stow,stow,stow,f,Fish Tacos,5.0,93.29,102.61,9.2425,recipe,true
2026-07-15,stow,stow,stow,b,Grifter Pale - Pint,8.0,87.28,96.0,26.6352,recipe,true
2026-07-15,stow,stow,stow,f,Eggplant Parmy,4.0,84.34,92.76,0.0,lightspeed,true
2026-07-15,stow,stow,stow,b,Kirin - Pint,5.0,84.1,92.5,25.462,recipe,true
2026-07-15,stow,stow,stow,b,San Giorgio Ciampoleto Rosso di Montalcino 2023 - Regular Glass,3.0,81.71,89.9,24.42,recipe,true
2026-07-15,stow,stow,stow,b,Status Quo - Pint,5.0,80.6,88.66,20.7935,recipe,true
2026-07-15,stow,stow,stow,b,Baileys Irish Cream,8.0,80.0,88.0,10.1616,recipe,true
2026-07-15,stow,stow,stow,b,Crankshaft IPA - Pint,5.0,79.55,87.5,21.512,recipe,true
2026-07-15,stow,stow,stow,b,Stone & Wood - Pint,5.0,76.21,83.86,22.1045,recipe,true
2026-07-15,stow,stow,stow,b,Petits Detours Rosé - Large,3.0,70.42,77.46,17.34,recipe,true
2026-07-15,stow,stow,stow,b,Two Tonne Riesling - Bottle,1.0,70.0,77.0,21.36,lightspeed,true
2026-07-15,stow,stow,stow,b,Espresso Martini,5.0,63.65,70.0,16.425,recipe,true
2026-07-15,stow,stow,stow,b,Jalapeño Marg,3.0,62.73,69.0,11.5374,recipe,true
2026-07-15,stow,stow,stow,b,Padrillos Malbec - Regular,4.0,62.7,68.99,15.4664,recipe,true
2026-07-15,stow,stow,stow,b,Villa Fresco Sangiovese - Regular,6.0,61.46,67.6,14.4738,recipe,true
2026-07-15,stow,stow,stow,f,Pie,2.0,60.8,66.88,0.0,lightspeed,true
2026-07-15,stow,stow,stow,b,Mother's Milk Shiraz - Bottle,1.0,60.09,66.1,16.08,lightspeed,true
2026-07-15,stow,stow,stow,b,Bombay Dry [House],6.0,60.0,66.0,12.9864,recipe,true
2026-07-15,stow,stow,stow,b,Das Juice Pink Pet Nat - Bottle,1.0,57.27,63.0,16.5,lightspeed,true
2026-07-15,stow,stow,stow,b,Philter Red - Pint,4.0,55.01,60.49,13.5864,recipe,true
2026-07-15,stow,stow,stow,b,Tiziano Grasso Barolo Briccolina 2019 - Regular Glass,1.0,54.46,59.9,30.8,recipe,true
2026-07-15,stow,stow,stow,f,Beef Burrito,2.0,54.26,59.7,18.8144,recipe,true
2026-07-15,stow,stow,stow,f,Chicken Burrito,2.0,53.41,58.75,16.562,recipe,true
2026-07-15,stow,stow,stow,b,Version Two Pinot Grigio - Large,4.0,52.37,57.62,11.778,recipe,true
2026-07-15,stow,stow,stow,b,Grifter Pale - Schooner,5.0,52.25,57.5,12.412,recipe,true
2026-07-15,stow,stow,stow,f,American Standard Burger,2.0,49.72,54.71,11.6806,recipe,true
2026-07-15,stow,stow,stow,b,Sibiliana Nero D'Avola - Regular,3.0,47.97,52.79,9.81,recipe,true
2026-07-15,stow,stow,stow,b,Version Two Sparkling - Bottle,1.0,44.55,49.0,8.83,lightspeed,true
2026-07-15,stow,stow,stow,b,Casa Gheller Prosecco - Glass,3.0,43.65,48.0,10.044,recipe,true
2026-07-15,stow,stow,stow,b,Lemon Meringue Martini,2.0,43.64,48.0,7.3628,recipe,true
2026-07-15,stow,stow,stow,b,Fresh is Best Lager - Pint,4.0,43.17,47.5,9.6876,recipe,true
2026-07-15,stow,stow,stow,b,Negroni,2.0,40.0,44.0,8.198,recipe,true
2026-07-15,stow,stow,stow,b,White Light Pure Vodka [House],4.0,40.0,44.0,6.0832,recipe,true
2026-07-15,stow,stow,stow,b,Kirin - Schooner,3.0,38.62,42.45,11.3907,recipe,true
2026-07-15,stow,stow,stow,b,Hendrick's Gin,3.0,38.19,42.0,8.4537,recipe,true
2026-07-15,stow,stow,stow,b,Philter XPA - Schooner,5.0,37.88,41.7,11.1925,recipe,true
2026-07-15,stow,stow,stow,f,Rosemary Salted Fries,4.0,35.96,39.54,7.44,recipe,true
2026-07-15,stow,stow,stow,b,Villa Fresco Sangiovese - Large,2.0,35.68,39.25,8.041,recipe,true
2026-07-15,stow,stow,stow,f,Bang Bang Cauli,2.0,31.93,35.13,5.5318,recipe,true
2026-07-15,stow,stow,stow,b,Heaps Normal Tin,3.0,30.0,33.0,8.0088,recipe,true
2026-07-15,stow,stow,stow,f,Fancy Pants Parmy - Mexicali,1.0,28.16,30.98,0.0,lightspeed,true
2026-07-15,stow,stow,stow,b,Cri De Couer Pinot Noir - Regular,1.0,27.27,30.0,12.4303,recipe,true
2026-07-15,stow,stow,stow,f,Fish Burrito D,1.0,27.27,30.0,5.8414,recipe,true
2026-07-15,stow,stow,stow,f,Fish Burrito,1.0,27.15,29.87,5.8414,recipe,true
2026-07-15,stow,stow,stow,b,Crankshaft IPA - Schooner,2.0,24.54,27.0,6.4158,recipe,true
2026-07-15,stow,stow,stow,f,Chicken Shindig Burger,1.0,24.45,26.9,5.3929,recipe,true
2026-07-15,stow,stow,stow,f,Baked Camembert,1.0,23.39,25.72,0.0,lightspeed,true
2026-07-15,stow,stow,stow,f,Farmhouse Salad,1.0,23.38,25.72,0.0,lightspeed,true
2026-07-15,stow,stow,stow,f,Chicken Burrito D,1.0,22.73,25.0,8.281,recipe,true
2026-07-15,stow,stow,stow,b,Mezcal Paloma,1.0,22.53,24.78,5.1461,recipe,true
2026-07-15,stow,stow,stow,b,Stone & Wood - Schooner,2.0,22.46,24.7,6.5926,recipe,true
2026-07-15,stow,stow,stow,b,Trentham Estate Rosé - Regular,2.0,22.18,24.4,4.22,recipe,true
2026-07-15,stow,stow,stow,b,Tommy's Margarita,1.0,21.61,23.76,5.0572,recipe,true
2026-07-15,stow,stow,stow,b,Coconut Margarita,1.0,21.6,23.76,4.2449,recipe,true
2026-07-15,stow,stow,stow,b,Biscoff Espresso,1.0,20.91,23.0,3.2484,recipe,true
2026-07-15,stow,stow,stow,b,Scorched As,1.0,20.66,22.72,4.3473,recipe,true
2026-07-15,stow,stow,stow,f,Arancini Balls [5pc],1.0,20.58,22.64,0.0,lightspeed,true
2026-07-15,stow,stow,stow,b,Beetle Juice,1.0,20.0,22.0,3.707,recipe,true
2026-07-15,stow,stow,stow,b,Flower Child,1.0,20.0,22.0,3.5167,recipe,true
2026-07-15,stow,stow,stow,b,Vodka Martini,1.0,20.0,22.0,2.9286,recipe,true
2026-07-15,stow,stow,stow,f,Eggplant Schnitty,1.0,19.72,21.69,4.438,recipe,true
2026-07-15,stow,stow,stow,f,Cauliflower Tacos,1.0,18.8,20.67,0.0,lightspeed,true
2026-07-15,stow,stow,stow,b,Sigurd GSM Red Blend - Regular,1.0,18.77,20.65,4.62,recipe,true
2026-07-15,stow,stow,stow,b,"Lemon, Lime & Bitters",4.0,18.65,20.5,4.1076,recipe,true
2026-07-15,stow,stow,stow,f,Sensei Calamari,1.0,18.31,20.14,2.2628,recipe,true
2026-07-15,stow,stow,stow,b,Two Bays Pale Ale Can,1.0,16.9,18.59,4.71,recipe,true
2026-07-15,stow,stow,stow,f,Buffalo Wings,1.0,16.43,18.07,2.9764,recipe,true
2026-07-15,stow,stow,stow,f,Fish Tacos D,1.0,16.36,18.0,1.8485,recipe,true
2026-07-15,stow,stow,stow,b,Peroni 0%,2.0,16.36,18.0,3.6926,recipe,true
2026-07-15,stow,stow,stow,b,Stow Soda - Grapefruit,2.0,16.36,18.0,0.1732,recipe,true
2026-07-15,stow,stow,stow,b,Casamigos Reposado Tequila,1.0,15.45,17.0,3.5464,recipe,true
2026-07-15,stow,stow,stow,f,BBQ Wings,1.0,15.36,16.9,3.14,recipe,true
2026-07-15,stow,stow,stow,f,BBQ Wings D,1.0,14.55,16.0,3.14,recipe,true
2026-07-15,stow,stow,stow,b,Mother's Milk Shiraz - Regular,1.0,14.1,15.5,3.2163,recipe,true
2026-07-15,stow,stow,stow,b,Bombay Sapphire,1.0,13.15,14.46,2.3559,recipe,true
2026-07-15,stow,stow,stow,b,Aperol Spritz,1.0,12.73,14.0,3.556,recipe,true
2026-07-15,stow,stow,stow,b,Pepsi Max Glass,3.0,12.66,13.95,3.93,recipe,true
2026-07-15,stow,stow,stow,b,Status Quo - Schooner,1.0,12.28,13.5,3.1008,recipe,true
2026-07-15,stow,stow,stow,b,Pepsi Glass,3.0,12.27,13.5,3.93,recipe,true
2026-07-15,stow,stow,stow,f,Brownie D,6.0,11.82,13.0,11.7006,recipe,true
2026-07-15,stow,stow,stow,b,Fresh is Best Summer Lager - Pint,1.0,11.27,12.39,2.1084,recipe,true
2026-07-15,stow,stow,stow,b,Hahn Super Dry GF,1.0,9.55,10.5,2.625,recipe,true
2026-07-15,stow,stow,stow,f,Swap Fries for Sweet Potato Fries,5.0,9.4,10.35,0.0,lightspeed,true
2026-07-15,stow,stow,stow,b,Bundaberg Ginger Beer,2.0,9.25,10.16,1.9844,recipe,true
2026-07-15,stow,stow,stow,b,Pink Lemonade Glass,2.0,8.45,9.3,1.8966,recipe,true
2026-07-15,stow,stow,stow,b,Lemonade Glass,2.0,8.31,9.15,1.6064,recipe,true
2026-07-15,stow,stow,stow,f,Lepinja Bread D,1.0,8.18,9.0,0.0,lightspeed,true
2026-07-15,stow,stow,stow,b,Fresh is Best Summer Lager - Schooner,1.0,7.73,8.5,1.5721,recipe,true
2026-07-15,stow,stow,stow,f,Add Grilled Fish,1.0,7.51,8.26,0.0,lightspeed,true
2026-07-15,stow,stow,stow,b,Ginger Ale,2.0,7.28,8.0,0.0,lightspeed,true
2026-07-15,stow,stow,stow,f,Side Gravy,6.0,7.0,7.75,1.8048,recipe,true
2026-07-15,stow,stow,stow,f,Extra Taco,1.0,6.36,7.0,0.9826,recipe,true
2026-07-15,stow,stow,stow,f,Side Chipotle Mayo,4.0,3.76,4.12,0.0,lightspeed,true
2026-07-15,stow,stow,stow,f,Side Aioli,7.0,3.22,3.64,0.0,lightspeed,true
2026-07-15,stow,stow,stow,b,Fresh Lime Soda,1.0,3.18,3.5,0.0,lightspeed,true
2026-07-15,stow,stow,stow,f,2x Aioli,1.0,0.94,1.03,0.0,lightspeed,true
2026-07-15,stow,stow,stow,b,Fever-Tree Light Tonic [mixer],1.0,0.94,1.03,0.0,lightspeed,true
2026-07-15,stow,stow,stow,b,2 Glasses,1.0,0.0,0.0,0.0,lightspeed,true
2026-07-15,stow,stow,stow,b,Bubba Gump.,1.0,0.0,0.0,0.0,lightspeed,true
2026-07-15,stow,stow,stow,b,Chashu Pork Belly,2.0,0.0,0.0,0.0,lightspeed,true
2026-07-15,stow,stow,stow,b,Cucumber,1.0,0.0,0.0,0.0,lightspeed,true
2026-07-15,stow,stow,stow,b,Dirty,1.0,0.0,0.0,0.0,lightspeed,true
2026-07-15,stow,stow,stow,b,Extra Olives,1.0,0.0,0.0,0.0,lightspeed,true
2026-07-15,stow,stow,stow,b,Make It A Burrito Bowl [gluten-free],2.0,0.0,0.0,0.0,lightspeed,true
2026-07-15,stow,stow,stow,b,Make it Vegan [use vegan cheese],1.0,0.0,0.0,0.0,lightspeed,true
2026-07-15,stow,stow,stow,b,Margherita.,1.0,0.0,0.0,0.0,lightspeed,true
2026-07-15,stow,stow,stow,b,No Cheese [dairy-free],1.0,0.0,0.0,0.0,lightspeed,true
2026-07-15,stow,stow,stow,b,No Ham,1.0,0.0,0.0,0.0,lightspeed,true
2026-07-15,stow,stow,stow,b,No Olives,1.0,0.0,0.0,0.0,lightspeed,true
2026-07-15,stow,stow,stow,b,No Pineapple,2.0,0.0,0.0,0.0,lightspeed,true
2026-07-15,stow,stow,stow,b,No Salad,7.0,0.0,0.0,0.0,lightspeed,true
2026-07-15,stow,stow,stow,b,No Salt,3.0,0.0,0.0,0.0,lightspeed,true
2026-07-15,stow,stow,stow,b,No Sliced Tomato,1.0,0.0,0.0,0.0,lightspeed,true
2026-07-15,stow,stow,stow,b,Orange,1.0,0.0,0.0,0.0,lightspeed,true
2026-07-15,stow,stow,stow,b,Remove Cheese [make it dairy-free],1.0,0.0,0.0,0.0,lightspeed,true
2026-07-15,stow,stow,stow,b,Remove Prosciutto,2.0,0.0,0.0,0.0,lightspeed,true
2026-07-15,stow,stow,stow,f,Side BBQ Sauce,1.0,0.0,0.0,0.0,lightspeed,true
2026-07-15,stow,stow,stow,b,Side Tomato Sauce,9.0,0.0,0.0,0.0,lightspeed,true
2026-07-15,stow,stow,stow,b,Super House Special.,1.0,0.0,0.0,0.0,lightspeed,true
2026-07-15,stow,stow,stow,b,Swap Gravy for Aioli,2.0,0.0,0.0,0.0,lightspeed,true
2026-07-15,stow,stow,stow,b,Swap Gravy for BBQ Sauce,2.0,0.0,0.0,0.0,lightspeed,true
2026-07-15,stow,stow,stow,b,Swap Gravy for Tomato Sauce,3.0,0.0,0.0,0.0,lightspeed,true
2026-07-15,stow,stow,stow,b,Tonic [mixer],1.0,0.0,0.0,0.8,lightspeed,true
2026-07-15,stow,stow,stow,b,Vegan Cheese [make it dairy-free],1.0,0.0,0.0,0.0,lightspeed,true
2026-07-16,hg,hg,hg,f,Unlimited BBQ,2.0,81.82,90.0,17.17,lightspeed,true
2026-07-16,hg,hg,hg,f,Tonkotsu,3.0,79.09,87.0,12.7929,recipe,true
2026-07-16,hg,hg,hg,f,Chicken Katsu Curry,3.0,73.65,81.0,9.2889,recipe,true
2026-07-16,hg,hg,hg,f,Dumplings - Prawn Har Gow [GF],4.0,65.63,72.2,17.6076,recipe,true
2026-07-16,hg,hg,hg,f,Fried Rice,3.0,63.64,70.0,8.4726,recipe,true
2026-07-16,hg,hg,hg,f,Miso,2.0,47.45,52.2,0.0,lightspeed,true
2026-07-16,hg,hg,hg,b,River Retreat Pinot Grigio - Bottle,1.0,44.55,49.0,10.05,lightspeed,true
2026-07-16,hg,hg,hg,b,Sapporo - 500ml,7.0,35.18,38.7,25.97,recipe,true
2026-07-16,hg,hg,hg,b,Harry's Lager - Schooner,4.0,32.28,35.5,6.29,recipe,true
2026-07-16,hg,hg,hg,b,Harry's Lager - Pint,3.0,30.9,34.0,6.327,recipe,true
2026-07-16,hg,hg,hg,f,Edamame,3.0,27.99,30.8,0.0,lightspeed,true
2026-07-16,hg,hg,hg,f,Popcorn Cauliflower,2.0,26.37,29.0,1.9222,recipe,true
2026-07-16,hg,hg,hg,f,Dumplings - Veg Gyoza,2.0,25.46,28.0,3.9038,recipe,true
2026-07-16,hg,hg,hg,f,Shredded Beef,1.0,23.64,26.0,0.0,lightspeed,true
2026-07-16,hg,hg,hg,b,River Retreat Pinot Grigio - Regular,2.0,21.82,24.0,4.02,recipe,true
2026-07-16,hg,hg,hg,b,Ottelia Cab Sav - Regular,1.0,16.36,18.0,4.608,recipe,true
2026-07-16,hg,hg,hg,f,Chicken Karaage,1.0,15.45,17.0,0.0,lightspeed,true
2026-07-16,hg,hg,hg,f,Devon's Prawn Toast,1.0,14.55,16.0,3.8896,recipe,true
2026-07-16,hg,hg,hg,f,Duck Spring Roll,1.0,14.55,16.0,3.5692,recipe,true
2026-07-16,hg,hg,hg,b,From Sundays Shiraz - Regular,1.0,13.63,15.0,2.8001,recipe,true
2026-07-16,hg,hg,hg,f,Dumplings - Beef & Cabbage,1.0,12.73,14.0,1.4619,recipe,true
2026-07-16,hg,hg,stow,f,Kids Fried Rice,1.0,12.21,13.43,0.0,lightspeed,true
2026-07-16,hg,hg,hg,b,Sapporo - Schooner,1.0,11.82,13.0,3.1535,recipe,true
2026-07-16,hg,hg,hg,f,Extra Piece Prawn Toast,1.0,4.55,5.0,0.0,lightspeed,true
2026-07-16,hg,hg,hg,b,Pepsi Glass,1.0,4.09,4.5,1.31,recipe,true
2026-07-16,hg,hg,hg,b,Chicken,3.0,3.64,4.0,0.0,lightspeed,true
2026-07-16,hg,hg,hg,f,Extra Pork.,1.0,3.64,4.0,0.0,lightspeed,true
2026-07-16,hg,hg,hg,f,Tofu,1.0,3.64,4.0,0.0,lightspeed,true
2026-07-16,hg,hg,hg,b,Soda & Lime Glass,1.0,2.73,3.0,0.0417,recipe,true
2026-07-16,hg,hg,hg,f,1/2 Marinated Egg,1.0,1.82,2.0,0.0,lightspeed,true
2026-07-16,hg,hg,hg,b,3 Glasses,1.0,0.0,0.0,0.0,lightspeed,true
2026-07-16,hg,hg,hg,f,Fried Egg,1.0,0.0,0.0,0.0,lightspeed,true
2026-07-16,hg,hg,hg,b,Gado Gado,1.0,0.0,0.0,0.0,lightspeed,true
2026-07-16,hg,hg,hg,b,Gluten-Free,1.0,0.0,0.0,0.0,lightspeed,true
2026-07-16,hg,hg,hg,b,Margato,1.0,0.0,0.0,3.7334,recipe,true
2026-07-16,hg,hg,hg,f,Mie Goreng,1.0,0.0,0.0,5.6688,recipe,true
2026-07-16,mari,mari,mari,f,"Regular No Chorizo, No Cry",5.0,104.55,115.0,16.17,recipe,true
2026-07-16,mari,mari,mari,f,Feast Deal Pizzas,2.0,81.82,90.0,28.1428,recipe,true
2026-07-16,mari,mari,mari,f,Large Super House Special,3.0,80.9,89.0,22.8531,recipe,true
2026-07-16,mari,mari,mari,f,Large Pepperoni,4.0,79.99,88.0,17.444,recipe,true
2026-07-16,mari,mari,mari,f,Regular Little Italy,3.0,68.19,75.0,14.2743,recipe,true
2026-07-16,mari,mari,mari,f,Large Margherita,3.0,57.27,63.0,6.9816,recipe,true
2026-07-16,mari,mari,mari,f,Large Sanchez,2.0,56.36,62.0,11.6748,recipe,true
2026-07-16,mari,mari,mari,f,WINGS DEAL,2.0,54.54,60.0,19.889,recipe,true
2026-07-16,mari,mari,mari,f,Regular Hail Africa [Dine-in],2.0,49.94,54.93,5.645,recipe,true
2026-07-16,mari,mari,mari,f,"Large No Chorizo, No Cry",2.0,49.1,54.0,10.9338,recipe,true
2026-07-16,mari,mari,mari,f,Regular Jimmy Jury [Dine-in],2.0,45.0,49.49,7.2428,recipe,true
2026-07-16,mari,mari,mari,f,Regular Sorrento,2.0,44.55,49.0,8.0148,recipe,true
2026-07-16,mari,mari,mari,f,Regular Hail Africa,3.0,43.64,48.0,10.245,recipe,true
2026-07-16,mari,mari,mari,f,Regular Uber Margherita [Dine-in],2.0,43.21,47.52,5.424,recipe,true
2026-07-16,mari,mari,mari,f,"Regular No Chorizo, No Cry [Dine-in]",2.0,42.55,46.8,5.283,recipe,true
2026-07-16,mari,mari,mari,f,Regular Margherita,2.0,30.0,33.0,4.0662,recipe,true
2026-07-16,mari,mari,mari,f,Large New Yorker,1.0,27.27,30.0,4.9731,recipe,true
2026-07-16,mari,mari,mari,f,Regular Hawaiian,2.0,25.82,28.4,6.544,recipe,true
2026-07-16,mari,mari,mari,f,Large Hawaiian,1.0,25.45,28.0,3.3157,recipe,true
2026-07-16,mari,mari,mari,f,Large Meatlovers,3.0,25.45,28.0,20.22,recipe,true
2026-07-16,mari,mari,mari,f,Large Hail Africa,1.0,24.55,27.0,6.2812,recipe,true
2026-07-16,mari,mari,mari,f,Large Sorrento,1.0,24.55,27.0,5.8575,recipe,true
2026-07-16,mari,mari,mari,f,Regular Little Italy [Dine-in],1.0,24.46,26.9,4.1655,recipe,true
2026-07-16,mari,mari,mari,f,Axl Rose Pizza,1.0,24.44,26.88,0.0,lightspeed,true
2026-07-16,mari,mari,mari,f,Regular Truffalo Soldier [Dine-in],1.0,24.42,26.85,3.068,recipe,true
2026-07-16,mari,mari,mari,f,Regular El Patron [Dine-in],1.0,24.41,26.84,3.7287,recipe,true
2026-07-16,mari,mari,mari,f,Under the Bridge Pizza,1.0,24.41,26.86,3.9357,recipe,true
2026-07-16,mari,mari,mari,f,Regular Cosmopolitan,1.0,23.64,26.0,4.4662,recipe,true
2026-07-16,mari,mari,mari,f,Garlic Bread,7.0,22.74,25.0,10.4139,recipe,true
2026-07-16,mari,mari,mari,f,Large BBQ Chicken Pizza,1.0,22.73,25.0,4.111,recipe,true
2026-07-16,mari,mari,mari,f,Regular Meatlovers,1.0,22.73,25.0,4.3392,recipe,true
2026-07-16,mari,mari,mari,f,Regular New Yorker [Dine-in],1.0,22.54,24.79,2.6399,recipe,true
2026-07-16,mari,mari,mari,f,Regular El Patron,1.0,20.91,23.0,4.3212,recipe,true
2026-07-16,mari,mari,mari,f,Regular New Yorker,1.0,20.91,23.0,3.2325,recipe,true
2026-07-16,mari,mari,mari,f,Regular BBQ Chicken Pizza,1.0,19.09,21.0,3.0876,recipe,true
2026-07-16,mari,mari,mari,f,Regular Tandoori Chicken,1.0,19.09,21.0,2.0367,recipe,true
2026-07-16,mari,mari,mari,f,Large Vegetarian,1.0,18.18,20.0,4.2436,recipe,true
2026-07-16,mari,mari,mari,f,Coke Zero Can,3.0,10.92,12.0,5.67,recipe,true
2026-07-16,mari,mari,mari,f,Cheesy Garlic Bread,2.0,10.9,12.0,3.6054,recipe,true
2026-07-16,mari,mari,mari,f,Online Surcharge,13.0,9.75,9.75,0.0,lightspeed,true
2026-07-16,mari,mari,mari,f,Regular Garlic Cheese Pizza,1.0,8.18,9.0,1.5021,recipe,true
2026-07-16,mari,mari,mari,f,Add Prawns,2.0,6.37,7.0,0.0,lightspeed,true
2026-07-16,mari,mari,mari,f,Coke Zero 1.25L,1.0,6.36,7.0,3.09,recipe,true
2026-07-16,mari,mari,mari,f,Solo 1.25L,1.0,6.36,7.0,2.03,recipe,true
2026-07-16,mari,mari,mari,f,Delivery Fee - Curl Curl / Manly / Dee Why,1.0,5.91,6.5,0.0,lightspeed,true
2026-07-16,mari,mari,mari,f,Vegan Cheese [Pizza],2.0,5.55,6.1,0.0,lightspeed,true
2026-07-16,mari,mari,mari,f,Coke 1.25L,1.0,5.45,6.0,3.69,recipe,true
2026-07-16,mari,mari,mari,f,Delivery Fee - Freshwater / Queenscliff,1.0,4.56,5.0,0.0,lightspeed,true
2026-07-16,mari,mari,mari,f,Coke Can,1.0,2.91,3.2,1.89,recipe,true
2026-07-16,mari,mari,mari,f,Add Capsicum,1.0,1.36,1.5,0.0,lightspeed,true
2026-07-16,mari,mari,mari,f,Add Mushrooms,1.0,1.36,1.5,0.0,lightspeed,true
2026-07-16,mari,mari,mari,f,Add Jalapenos,1.0,0.94,1.03,0.0,lightspeed,true
2026-07-16,mari,mari,mari,f,Add Basil,1.0,0.91,1.0,0.0,lightspeed,true
2026-07-16,mari,mari,mari,f,Sour Cream,1.0,0.91,1.0,0.0,lightspeed,true
2026-07-16,mari,mari,mari,f,Choc  Brownie,2.0,0.0,0.0,3.9002,recipe,true
2026-07-16,mari,mari,mari,f,Garlic  Bread,2.0,0.0,0.0,2.9754,recipe,true
2026-07-16,mari,mari,mari,f,Online Discount,9.0,-102.5,-102.5,0.0,lightspeed,true
2026-07-16,stow,stow,stow,b,Grifter Pale - Pint,9.0,122.76,135.0,29.9646,recipe,true
2026-07-16,stow,stow,stow,b,Classic Margarita,9.0,121.31,133.39,37.5516,recipe,true
2026-07-16,stow,stow,stow,b,Petits Detours Rosé Mediterranee - Bottle,2.0,116.36,128.0,34.68,recipe,true
2026-07-16,stow,stow,stow,f,Baked Camembert,6.0,116.19,127.77,0.0,lightspeed,true
2026-07-16,stow,stow,stow,b,Patron Silver Margarita,5.0,112.7,123.96,26.811,recipe,true
2026-07-16,stow,stow,stow,b,Fresh is Best Lager - Pint,11.0,110.19,121.25,26.6409,recipe,true
2026-07-16,stow,stow,stow,f,Fancy Pants Parmy - Classic,4.0,108.9,119.81,30.3944,recipe,true
2026-07-16,stow,stow,stow,b,Fresh is Best Lager - Schooner,13.0,104.51,114.93,23.4754,recipe,true
2026-07-16,stow,stow,stow,b,Year Wines Fiano - Regular,6.0,99.8,109.8,25.626,recipe,true
2026-07-16,stow,stow,stow,f,Rosemary Salted Fries,8.0,95.79,105.33,14.88,recipe,true
2026-07-16,stow,stow,stow,b,Stone & Wood - Schooner,8.0,94.94,104.43,26.3704,recipe,true
2026-07-16,stow,stow,stow,f,Sensei Calamari,5.0,91.57,100.72,11.314,recipe,true
2026-07-16,stow,stow,stow,b,Version Two Pinot Grigio - Regular,10.0,90.5,99.53,17.667,recipe,true
2026-07-16,stow,stow,stow,b,Jalapeño Marg,6.0,88.06,96.9,23.0748,recipe,true
2026-07-16,stow,stow,stow,b,Mulled Wine,6.0,83.2,91.48,12.5172,recipe,true
2026-07-16,stow,stow,stow,b,Kirin - Schooner,6.7,82.74,91.0,25.4392,recipe,true
2026-07-16,stow,stow,stow,f,Fish Tacos,4.0,75.12,82.63,7.394,recipe,true
2026-07-16,stow,stow,stow,b,Negroni,5.0,69.09,75.98,20.495,recipe,true
2026-07-16,stow,stow,stow,b,Grifter Pale - Schooner,7.0,66.97,73.7,17.3768,recipe,true
2026-07-16,stow,stow,stow,b,Padrillos Malbec - Regular,4.0,66.51,73.18,15.4664,recipe,true
2026-07-16,stow,stow,stow,b,Coconut Margarita,4.0,63.86,70.26,16.9796,recipe,true
2026-07-16,stow,stow,stow,f,Beef Burrito,4.0,63.05,69.36,37.6288,recipe,true
2026-07-16,stow,stow,stow,f,Pie,3.0,61.81,67.98,0.0,lightspeed,true
2026-07-16,stow,stow,stow,b,Villa Fresco Sangiovese - Regular,6.0,61.46,67.6,14.4738,recipe,true
2026-07-16,stow,stow,stow,b,Petits Detours Rosé - Regular,4.0,57.22,62.93,13.872,recipe,true
2026-07-16,stow,stow,stow,b,Philter Red - Pint,4.0,54.56,60.0,13.5864,recipe,true
2026-07-16,stow,stow,stow,f,Chicken Burrito,2.0,54.26,59.7,16.562,recipe,true
2026-07-16,stow,stow,stow,f,Chicken Shindig Burger,2.0,50.5,55.56,10.7858,recipe,true
2026-07-16,stow,stow,stow,f,American Standard Burger,2.0,49.7,54.67,11.6806,recipe,true
2026-07-16,stow,stow,stow,f,Buffalo Wings,3.0,48.77,53.65,8.9292,recipe,true
2026-07-16,stow,stow,stow,b,Status Quo - Pint,3.0,48.25,53.07,12.4761,recipe,true
2026-07-16,stow,stow,stow,b,Guinness Draught - Pint,4.0,47.73,52.5,19.2204,recipe,true
2026-07-16,stow,stow,stow,b,Version Two Sparkling - Regular,4.0,43.64,48.0,7.0668,recipe,true
2026-07-16,stow,stow,stow,b,Kuku Sauvignon Blanc - Large,2.0,42.51,46.76,9.7134,recipe,true
2026-07-16,stow,stow,stow,f,Arancini Balls [5pc],2.0,41.12,45.24,0.0,lightspeed,true
2026-07-16,stow,stow,stow,b,A. Rodda Chardonnay - Large,1.0,40.0,44.0,12.5667,recipe,true
2026-07-16,stow,stow,stow,b,Kuku Sauvignon Blanc - Regular,3.0,36.92,40.6,8.7423,recipe,true
2026-07-16,stow,stow,stow,b,Buffalo Trace Bourbon [House],4.0,36.0,39.6,9.2692,recipe,true
2026-07-16,stow,stow,stow,b,Mother's Milk Shiraz - Regular,3.0,35.91,39.49,9.6489,recipe,true
2026-07-16,stow,stow,stow,f,Fries D,3.0,33.64,37.0,0.0,lightspeed,true
2026-07-16,stow,stow,stow,b,Kirin - Pint,2.0,33.64,37.0,10.1848,recipe,true
2026-07-16,stow,stow,stow,b,Sibiliana Nero D'Avola - Regular,2.0,33.25,36.59,6.54,recipe,true
2026-07-16,stow,stow,stow,b,Tommy's Margarita,2.0,31.92,35.11,10.1144,recipe,true
2026-07-16,stow,stow,stow,f,Bang Bang Cauli,2.0,31.91,35.11,5.5318,recipe,true
2026-07-16,stow,stow,stow,b,Ottelia Chardonnay - Regular,2.0,29.58,32.53,6.9188,recipe,true
2026-07-16,stow,stow,stow,b,Geppetto Pinot Noir - Regular,2.0,28.18,30.98,7.024,recipe,true
2026-07-16,stow,stow,stow,b,Asahi 3.5%,3.0,28.01,30.79,6.54,recipe,true
2026-07-16,stow,stow,stow,f,Beef Burrito D,1.0,27.27,30.0,9.4072,recipe,true
2026-07-16,stow,stow,stow,f,Fish Burrito,1.0,27.13,29.85,5.8414,recipe,true
2026-07-16,stow,stow,stow,b,Corona,3.0,26.73,29.4,7.7139,recipe,true
2026-07-16,stow,stow,stow,b,Philter Red - Schooner,2.7,26.0,28.6,6.838,recipe,true
2026-07-16,stow,stow,stow,b,Trade Winds,2.0,25.88,28.46,2.9076,recipe,true
2026-07-16,stow,stow,stow,b,Status Quo - Schooner,2.0,25.34,27.88,6.2016,recipe,true
2026-07-16,stow,stow,stow,f,Stow Schnitty,1.0,25.25,27.78,5.498,recipe,true
2026-07-16,stow,stow,stow,f,Sweet Potato Fries,2.0,24.42,26.86,5.0602,recipe,true
2026-07-16,stow,stow,stow,f,Eggplant Schnitty,1.0,24.41,26.85,4.438,recipe,true
2026-07-16,stow,stow,stow,f,Open Food,1.0,23.64,26.0,0.0,lightspeed,true
2026-07-16,stow,stow,stow,b,Petits Detours Rosé - Large,1.0,23.48,25.82,5.78,recipe,true
2026-07-16,stow,stow,stow,f,Brownie,2.0,22.55,24.81,5.6452,recipe,true
2026-07-16,stow,stow,stow,b,Geppetto Pinot Noir - Large Glass,1.0,22.53,24.78,5.8533,recipe,true
2026-07-16,stow,stow,stow,b,Fresh is Best Summer Lager - Pint,2.0,21.82,24.0,4.2168,recipe,true
2026-07-16,stow,stow,stow,f,Amalfi Olives,2.0,21.6,23.78,0.0,lightspeed,true
2026-07-16,stow,stow,stow,b,Biscoff Espresso,1.0,21.6,23.76,3.2484,recipe,true
2026-07-16,stow,stow,stow,b,Flower Child,1.0,20.66,22.72,3.5167,recipe,true
2026-07-16,stow,stow,stow,f,Cauliflower Tacos,1.0,18.79,20.67,0.0,lightspeed,true
2026-07-16,stow,stow,stow,f,Lepinja Bread,2.0,18.47,20.32,0.0,lightspeed,true
2026-07-16,stow,stow,stow,b,Two Tonne Riesling - Regular,1.0,18.18,20.0,4.272,recipe,true
2026-07-16,stow,stow,stow,b,White Light Pure Vodka [House],2.0,17.0,18.7,3.0416,recipe,true
2026-07-16,stow,stow,stow,b,A. Rodda Tempranillo - Regular,1.0,16.36,18.0,5.5699,recipe,true
2026-07-16,stow,stow,stow,b,San Pellegrino 500ml,2.0,16.36,18.0,4.64,recipe,true
2026-07-16,stow,stow,stow,b,Lemon Meringue Martini,1.0,15.96,17.56,3.6814,recipe,true
2026-07-16,stow,stow,stow,f,BBQ Wings,1.0,15.86,17.45,3.14,recipe,true
2026-07-16,stow,stow,stow,b,Stone & Wood - Pint,1.0,15.45,17.0,4.4209,recipe,true
2026-07-16,stow,stow,stow,b,Casa Gheller Prosecco - Glass,1.0,15.04,16.54,3.348,recipe,true
2026-07-16,stow,stow,stow,f,BBQ Wings D,3.0,14.55,16.0,9.42,recipe,true
2026-07-16,stow,stow,stow,f,Buffalo Wings D,1.0,14.55,16.0,2.9764,recipe,true
2026-07-16,stow,stow,stow,b,Hendrick's Gin,1.0,13.15,14.46,2.8179,recipe,true
2026-07-16,stow,stow,stow,f,Kids Nuggets D,1.0,12.73,14.0,2.2427,recipe,true
2026-07-16,stow,stow,stow,f,Rocket Man D,1.0,12.73,14.0,3.1972,recipe,true
2026-07-16,stow,stow,stow,f,Sweet Potato Fries D,1.0,12.73,14.0,2.5301,recipe,true
2026-07-16,stow,stow,stow,b,Philter XPA - Pint,1.0,12.28,13.5,3.0022,recipe,true
2026-07-16,stow,stow,stow,b,Crankshaft IPA - Schooner,1.0,12.27,13.5,3.2079,recipe,true
2026-07-16,stow,stow,stow,b,Archie Rose Signature Gin,1.0,12.21,13.42,2.83,recipe,true
2026-07-16,stow,stow,stow,b,Fellr Watermelon Seltzer Tin,1.0,10.91,12.0,3.41,lightspeed,true
2026-07-16,stow,stow,stow,f,Eggplant Parmy,1.0,10.54,11.6,0.0,lightspeed,true
2026-07-16,stow,stow,stow,b,Peroni,1.0,9.55,10.5,2.5217,recipe,true
2026-07-16,stow,stow,stow,b,Apple Juice Glass,2.0,9.4,10.34,1.3188,recipe,true
2026-07-16,stow,stow,stow,b,Peroni 0%,1.0,8.45,9.3,1.8463,recipe,true
2026-07-16,stow,stow,stow,b,Pepsi Max Glass,2.0,8.31,9.15,2.62,recipe,true
2026-07-16,stow,stow,stow,f,Lepinja Bread D,1.0,8.18,9.0,0.0,lightspeed,true
2026-07-16,stow,stow,stow,b,Fresh is Best Summer Lager - Schooner,1.0,7.73,8.5,1.5721,recipe,true
2026-07-16,stow,stow,stow,b,Fresh Lime Soda,2.0,6.56,7.22,0.0,lightspeed,true
2026-07-16,stow,stow,stow,b,Bombay Dry [House],1.0,6.36,7.0,2.1644,recipe,true
2026-07-16,stow,stow,stow,f,Add Lepinja Bread,1.0,5.63,6.2,0.0,lightspeed,true
2026-07-16,stow,stow,stow,b,Pink Lemonade Glass,1.0,4.23,4.65,0.9483,recipe,true
2026-07-16,stow,stow,stow,b,Lemonade Glass,1.0,3.68,4.05,0.8032,recipe,true
2026-07-16,stow,stow,stow,f,Hot Honey,1.0,2.82,3.1,0.0,lightspeed,true
2026-07-16,stow,stow,stow,f,Caramelised Onion Jam,1.0,2.73,3.0,0.0,lightspeed,true
2026-07-16,stow,stow,stow,f,Side Aioli,5.0,2.28,2.56,0.0,lightspeed,true
2026-07-16,stow,stow,stow,f,2x Aioli,2.0,1.89,2.07,0.0,lightspeed,true
2026-07-16,stow,stow,stow,f,Swap for Sweet Potato Fries,1.0,1.88,2.07,0.0,lightspeed,true
2026-07-16,stow,stow,stow,f,Side Guac,2.0,1.85,2.03,0.0,lightspeed,true
2026-07-16,stow,stow,stow,f,Side Blue Cheese Dip,1.0,0.94,1.03,0.0,lightspeed,true
2026-07-16,stow,stow,stow,f,Side Chipotle Mayo,1.0,0.94,1.03,0.0,lightspeed,true
2026-07-16,stow,stow,stow,f,Side Sour Cream,1.0,0.94,1.03,0.0,lightspeed,true
2026-07-16,stow,stow,stow,b,Bry Ol San Pell,1.0,0.05,0.05,2.34,recipe,true
2026-07-16,stow,stow,stow,f,Brownie D,5.0,0.0,0.0,9.7505,recipe,true
2026-07-16,stow,stow,stow,b,Easy Sauce,3.0,0.0,0.0,0.0,lightspeed,true
2026-07-16,stow,stow,stow,b,Extra Sauce,1.0,0.0,0.0,0.0,lightspeed,true
2026-07-16,stow,stow,stow,b,Gluten-free [Corn Tortillas],3.0,0.0,0.0,0.0,lightspeed,true
2026-07-16,stow,stow,stow,f,Jalapeños Inside Burrito,1.0,0.0,0.0,0.0,lightspeed,true
2026-07-16,stow,stow,stow,b,Make It A Burrito Bowl [gluten-free],2.0,0.0,0.0,0.0,lightspeed,true
2026-07-16,stow,stow,stow,b,Meatlovers.,1.0,0.0,0.0,0.0,lightspeed,true
2026-07-16,stow,stow,stow,b,No Aioli,1.0,0.0,0.0,0.0,lightspeed,true
2026-07-16,stow,stow,stow,b,No Beans,1.0,0.0,0.0,0.0,lightspeed,true
2026-07-16,stow,stow,stow,b,No Burger Sauce,1.0,0.0,0.0,0.0,lightspeed,true
2026-07-16,stow,stow,stow,b,No Cheese [dairy-free],1.0,0.0,0.0,0.0,lightspeed,true
2026-07-16,stow,stow,stow,b,No Cherry Tomatoes,1.0,0.0,0.0,0.0,lightspeed,true
2026-07-16,stow,stow,stow,b,No Chipotle Mayo,1.0,0.0,0.0,0.0,lightspeed,true
2026-07-16,stow,stow,stow,b,"No Chorizo, No Cry.",1.0,0.0,0.0,0.0,lightspeed,true
2026-07-16,stow,stow,stow,b,No Lettuce,2.0,0.0,0.0,0.0,lightspeed,true
2026-07-16,stow,stow,stow,b,No Onion,5.0,0.0,0.0,0.0,lightspeed,true
2026-07-16,stow,stow,stow,b,No Pickle,1.0,0.0,0.0,0.0,lightspeed,true
2026-07-16,stow,stow,stow,b,No Pineapple,1.0,0.0,0.0,0.0,lightspeed,true
2026-07-16,stow,stow,stow,b,No Rice,1.0,0.0,0.0,0.0,lightspeed,true
2026-07-16,stow,stow,stow,b,No Salt,2.0,0.0,0.0,0.0,lightspeed,true
2026-07-16,stow,stow,stow,b,No Tomato,2.0,0.0,0.0,0.0,lightspeed,true
2026-07-16,stow,stow,stow,b,No Za'atar,1.0,0.0,0.0,0.0,lightspeed,true
2026-07-16,stow,stow,stow,b,No Zucchini,1.0,0.0,0.0,0.0,lightspeed,true
2026-07-16,stow,stow,stow,b,On The Rocks,3.0,0.0,0.0,0.0,lightspeed,true
2026-07-16,stow,stow,stow,b,Orange,2.0,0.0,0.0,0.0,lightspeed,true
2026-07-16,stow,stow,stow,b,Pepperoni.,1.0,0.0,0.0,0.0,lightspeed,true
2026-07-16,stow,stow,stow,f,Side BBQ Sauce,2.0,0.0,0.0,0.0,lightspeed,true
2026-07-16,stow,stow,stow,f,Side Spicy Salsa,1.0,0.0,0.0,0.0,lightspeed,true
2026-07-16,stow,stow,stow,b,Side Tomato Sauce,4.0,0.0,0.0,0.0,lightspeed,true
2026-07-16,stow,stow,stow,b,Soda [mixer],1.0,0.0,0.0,0.0,lightspeed,true
2026-07-16,stow,stow,stow,b,Super House Special.,1.0,0.0,0.0,0.0,lightspeed,true
2026-07-16,stow,stow,stow,b,Swap Gravy for Aioli,1.0,0.0,0.0,0.0,lightspeed,true
2026-07-16,stow,stow,stow,b,Swap Gravy for Tomato Sauce,1.0,0.0,0.0,0.0,lightspeed,true
2026-07-16,stow,stow,stow,b,Tonic [mixer],1.0,0.0,0.0,0.8,lightspeed,true
2026-07-17,hg,hg,hg,b,Sapporo - 500ml,19.0,278.18,306.0,70.49,recipe,true
2026-07-17,hg,hg,hg,f,Shoyu,8.0,181.88,200.1,0.0,lightspeed,true
2026-07-17,hg,hg,hg,f,Dumplings - Prawn Har Gow [GF],10.0,172.38,189.65,44.019,recipe,true
2026-07-17,hg,hg,hg,f,Miso,7.0,155.52,171.1,0.0,lightspeed,true
2026-07-17,hg,hg,hg,f,Chicken Karaage,11.0,154.5,170.0,0.0,lightspeed,true
2026-07-17,hg,hg,hg,f,Mie Goreng,7.0,148.53,163.37,39.6816,recipe,true
2026-07-17,hg,hg,hg,f,Shredded Beef,6.0,142.65,156.89,0.0,lightspeed,true
2026-07-17,hg,hg,hg,f,Chicken Katsu Curry,6.0,124.55,137.0,18.5778,recipe,true
2026-07-17,hg,hg,hg,f,Dumplings - Veg Gyoza,9.0,114.57,126.0,17.5671,recipe,true
2026-07-17,hg,hg,hg,f,Edamame,11.0,109.34,120.27,0.0,lightspeed,true
2026-07-17,hg,hg,hg,b,Azurescens Pinot Noir - Regular,8.0,109.12,120.0,22.4008,recipe,true
2026-07-17,hg,hg,hg,f,BBQ Pork Buns,8.0,109.12,120.0,28.0,recipe,true
2026-07-17,hg,hg,hg,f,Tonkotsu,5.0,105.44,116.0,21.3215,recipe,true
2026-07-17,hg,hg,hg,f,Dumplings - Beef & Cabbage,8.0,102.28,112.48,11.6952,recipe,true
2026-07-17,hg,hg,hg,f,Devon's Prawn Toast,7.0,100.4,110.4,27.2272,recipe,true
2026-07-17,hg,hg,hg,f,Popcorn Cauliflower,7.0,95.94,105.51,6.7277,recipe,true
2026-07-17,hg,hg,hg,b,Palloncino Prosecco - Regular,9.0,89.09,98.0,20.6991,recipe,true
2026-07-17,hg,hg,hg,b,River Retreat Pinot Grigio - Regular,9.0,89.09,98.0,18.09,recipe,true
2026-07-17,hg,hg,hg,f,Fried Rice,4.0,83.64,92.0,11.2968,recipe,true
2026-07-17,hg,hg,hg,b,Lychee Martini,4.0,64.54,71.0,15.6312,recipe,true
2026-07-17,hg,hg,hg,f,Duck Spring Roll,4.0,58.2,64.0,14.2768,recipe,true
2026-07-17,hg,hg,hg,b,Drunken Koi,3.0,57.27,63.0,7.3275,recipe,true
2026-07-17,hg,hg,hg,b,Classic Margarita,4.0,55.46,61.0,16.6896,recipe,true
2026-07-17,hg,hg,hg,b,White Light Pure Vodka [House],6.0,52.73,58.0,9.1248,recipe,true
2026-07-17,hg,hg,hg,f,Seitan Katsu Curry [vegan],2.0,49.1,54.0,2.2806,recipe,true
2026-07-17,hg,hg,hg,b,Margato,3.0,49.09,54.0,11.2002,recipe,true
2026-07-17,hg,hg,hg,b,Harry's Lager - Schooner,7.0,49.08,54.0,11.0075,recipe,true
2026-07-17,hg,hg,hg,b,Monkey Shoulder Scotch Whisky [House],6.0,45.45,50.0,14.6802,recipe,true
2026-07-17,hg,hg,hg,b,Dragon Juice,3.0,42.09,46.3,7.7562,recipe,true
2026-07-17,hg,hg,hg,f,Vegetarian Spring Rolls,3.0,41.39,45.52,4.9476,recipe,true
2026-07-17,hg,hg,hg,f,Mochi Trio,3.0,35.46,39.0,0.0,lightspeed,true
2026-07-17,hg,hg,hg,b,Vodka Martini [HG],2.0,34.54,38.0,5.8018,recipe,true
2026-07-17,hg,hg,hg,b,Demon Slayer,3.0,34.36,37.8,12.3348,recipe,true
2026-07-17,hg,hg,hg,f,Fries [HG],3.0,32.73,36.0,0.0,lightspeed,true
2026-07-17,hg,hg,hg,b,Ottelia Cab Sav - Regular,2.0,32.72,36.0,9.216,recipe,true
2026-07-17,hg,hg,hg,b,Negroni,2.0,30.91,34.0,8.198,recipe,true
2026-07-17,hg,hg,hg,b,Aperol Spritz,2.0,30.0,33.0,7.112,recipe,true
2026-07-17,hg,hg,hg,b,Harry's Lager - Pint,3.0,27.72,30.5,6.327,recipe,true
2026-07-17,hg,hg,hg,b,Chicken,7.0,25.72,28.28,0.0,lightspeed,true
2026-07-17,hg,hg,hg,b,Buffalo Trace Bourbon Whisky [House],2.0,20.0,22.0,4.6346,recipe,true
2026-07-17,hg,hg,hg,b,Bombay Dry Gin [House],3.0,19.06,21.0,6.4932,recipe,true
2026-07-17,hg,hg,hg,b,Rice Pudding,2.0,17.28,19.0,0.0,lightspeed,true
2026-07-17,hg,hg,hg,b,Cosmo [HG],1.0,17.27,19.0,3.3332,recipe,true
2026-07-17,hg,hg,hg,b,Manhattan - Dry [HG],1.0,17.27,19.0,4.4877,recipe,true
2026-07-17,hg,hg,hg,b,Status Quo - Pint [HG],1.0,15.91,17.5,0.0,lightspeed,true
2026-07-17,hg,hg,hg,b,Padrillos Malbec - Regular,1.0,14.72,16.2,3.8666,recipe,true
2026-07-17,hg,hg,hg,b,From Sundays Shiraz - Regular,1.0,13.64,15.0,2.8001,recipe,true
2026-07-17,hg,hg,hg,b,Geppetto Chardonnay - Regular,1.0,13.64,15.0,3.1136,recipe,true
2026-07-17,hg,hg,hg,b,Little Dragon Ginger Beer Can,1.0,12.73,14.0,3.3783,recipe,true
2026-07-17,hg,hg,hg,f,Kids Mie Goreng,1.0,11.82,13.0,0.0,lightspeed,true
2026-07-17,hg,hg,hg,b,Kids Miso,1.0,11.82,13.0,0.0,lightspeed,true
2026-07-17,hg,hg,hg,b,Virgin Margy,1.0,11.82,13.0,0.0,lightspeed,true
2026-07-17,hg,hg,hg,b,Lemon Chu-hi,1.0,10.91,12.0,1.5041,recipe,true
2026-07-17,hg,hg,hg,b,Tengumai Junmai - 60ml [SERVE WARM],1.0,10.91,12.0,2.365,recipe,true
2026-07-17,hg,hg,hg,b,Asahi Zero,1.0,9.55,10.5,2.1,lightspeed,true
2026-07-17,hg,hg,hg,f,Extra Piece Prawn Toast,2.0,9.1,10.0,0.0,lightspeed,true
2026-07-17,hg,hg,hg,f,GFO [GF Ramen Noodles],4.0,8.19,9.0,0.0,lightspeed,true
2026-07-17,hg,hg,hg,b,Dragon Soda,1.0,8.18,9.0,0.0554,recipe,true
2026-07-17,hg,hg,hg,b,Lemonade Glass,2.0,8.18,9.0,1.6064,recipe,true
2026-07-17,hg,hg,hg,f,Fried Egg,2.0,7.28,8.0,0.0,lightspeed,true
2026-07-17,hg,hg,hg,f,1/2 Marinated Egg,6.0,5.46,6.0,0.0,lightspeed,true
2026-07-17,hg,hg,hg,f,Chilli Bomb,3.0,5.28,5.8,0.0,lightspeed,true
2026-07-17,hg,hg,hg,f,Jasmine Rice,1.0,4.55,5.0,0.0,lightspeed,true
2026-07-17,hg,hg,hg,b,Lemon Lime Bitters,1.0,4.09,4.5,1.0269,recipe,true
2026-07-17,hg,hg,hg,b,Pepsi Max Glass,1.0,4.09,4.5,1.31,recipe,true
2026-07-17,hg,hg,hg,f,Extra Piece,1.0,3.64,4.0,0.0,lightspeed,true
2026-07-17,hg,hg,hg,f,Aioli,2.0,0.0,0.0,0.0,lightspeed,true
2026-07-17,hg,hg,hg,f,Black Garlic Oil,1.0,0.0,0.0,0.0,lightspeed,true
2026-07-17,hg,hg,hg,b,Dirty,2.0,0.0,0.0,0.0,lightspeed,true
2026-07-17,hg,hg,hg,b,Dry Ginger Ale,8.0,0.0,0.0,0.0,lightspeed,true
2026-07-17,hg,hg,hg,b,Lemon,2.0,0.0,0.0,0.0,lightspeed,true
2026-07-17,hg,hg,hg,b,Lemonade,2.0,0.0,0.0,1.61,lightspeed,true
2026-07-17,hg,hg,hg,b,Lime,15.0,0.0,0.0,0.0,lightspeed,true
2026-07-17,hg,hg,hg,b,Olive,2.0,0.0,0.0,0.0,lightspeed,true
2026-07-17,hg,hg,hg,b,Soda,4.0,0.0,0.0,0.0,lightspeed,true
2026-07-17,hg,hg,hg,f,Swap for Tofu,1.0,0.0,0.0,0.0,lightspeed,true
2026-07-17,hg,hg,hg,f,Swap for Tofu [Make it Vegan],1.0,0.0,0.0,0.0,lightspeed,true
2026-07-17,hg,hg,hg,b,Tomato Sauce,1.0,0.0,0.0,0.0,lightspeed,true
2026-07-17,hg,hg,hg,b,Tonic,3.0,0.0,0.0,2.41,lightspeed,true
2026-07-17,mari,mari,mari,f,Large Pepperoni,11.0,243.61,268.0,47.971,recipe,true
2026-07-17,mari,mari,mari,f,Regular Little Italy [Dine-in],10.0,232.37,255.58,41.655,recipe,true
2026-07-17,mari,mari,mari,f,Regular Sanchez [Dine-in],9.0,218.99,240.86,35.5068,recipe,true
2026-07-17,mari,mari,mari,f,Large Hawaiian,10.0,199.97,220.0,33.157,recipe,true
2026-07-17,mari,mari,mari,f,$45 FEAST,4.0,163.64,180.0,56.2856,recipe,true
2026-07-17,mari,mari,mari,f,Regular Super House Special,7.0,144.56,159.0,32.3309,recipe,true
2026-07-17,mari,mari,mari,f,Regular Meatlovers,6.0,136.38,150.0,26.0352,recipe,true
2026-07-17,mari,mari,mari,f,Large Tandoori Chicken,6.0,136.36,150.0,19.1568,recipe,true
2026-07-17,mari,mari,mari,f,Large Super House Special,7.0,135.44,149.0,53.3239,recipe,true
2026-07-17,mari,mari,mari,f,Large BBQ Chicken Pizza,7.0,123.65,136.0,28.777,recipe,true
2026-07-17,mari,mari,mari,f,Large Margherita,10.0,120.0,132.0,23.272,recipe,true
2026-07-17,mari,mari,mari,f,Large Sanchez,5.0,101.83,112.0,29.187,recipe,true
2026-07-17,mari,mari,mari,f,$90 PIZZA PARTY,1.0,81.82,90.0,35.5228,recipe,true
2026-07-17,mari,mari,mari,f,Large Meatlovers,4.0,81.81,90.0,26.96,recipe,true
2026-07-17,mari,mari,mari,f,Regular Little Italy,4.0,80.92,89.0,19.0324,recipe,true
2026-07-17,mari,mari,mari,f,Large El Patron,3.0,77.28,85.0,17.436,recipe,true
2026-07-17,mari,mari,mari,f,Large Jimmy Jury,3.0,77.28,85.0,18.6033,recipe,true
2026-07-17,mari,mari,mari,f,Regular Hail Africa [Dine-in],3.0,76.12,83.71,8.4675,recipe,true
2026-07-17,mari,mari,mari,f,Regular El Patron [Dine-in],3.0,73.25,80.55,11.1861,recipe,true
2026-07-17,mari,mari,mari,f,"Regular No Chorizo, No Cry [Dine-in]",3.0,73.24,80.56,7.9245,recipe,true
2026-07-17,mari,mari,mari,f,Under the Bridge Pizza,3.0,73.23,80.56,11.8071,recipe,true
2026-07-17,mari,mari,mari,f,Regular New Yorker [Dine-in],3.0,67.59,74.37,7.9197,recipe,true
2026-07-17,mari,mari,mari,f,$60 BANQUET,1.0,54.55,60.0,21.1281,recipe,true
2026-07-17,mari,mari,mari,f,Garlic Bread,14.0,50.47,55.5,20.8278,recipe,true
2026-07-17,mari,mari,mari,f,Regular Roma Special,3.0,50.46,55.5,10.6032,recipe,true
2026-07-17,mari,mari,mari,f,Large Hail Africa,2.0,49.1,54.0,12.5624,recipe,true
2026-07-17,mari,mari,mari,f,Large Uber Margherita,2.0,47.28,52.0,8.768,recipe,true
2026-07-17,mari,mari,mari,f,Regular Bubba Gump,2.0,47.28,52.0,7.2762,recipe,true
2026-07-17,mari,mari,mari,f,Regular Meatlovers [Dine-in],2.0,47.28,52.0,7.4932,recipe,true
2026-07-17,mari,mari,mari,f,Feast Deal Pizzas,1.0,40.91,45.0,14.0714,recipe,true
2026-07-17,mari,mari,mari,f,Regular El Patron,2.0,40.46,44.5,8.6424,recipe,true
2026-07-17,mari,mari,mari,f,Regular Tandoori Chicken,2.0,40.46,44.5,4.0734,recipe,true
2026-07-17,mari,mari,mari,f,Cheesy Garlic Bread,6.0,39.98,44.0,10.8162,recipe,true
2026-07-17,mari,mari,mari,f,"Regular No Chorizo, No Cry",2.0,35.46,39.0,6.468,recipe,true
2026-07-17,mari,mari,mari,f,Regular Pepperoni,2.0,33.64,37.0,5.3984,recipe,true
2026-07-17,mari,mari,mari,f,Large Bubba Gump,2.0,28.18,31.0,11.0012,recipe,true
2026-07-17,mari,mari,mari,f,Large Paddock,3.0,28.18,31.0,15.3099,recipe,true
2026-07-17,mari,mari,mari,f,Gluten-free BBQ Chicken Pizza,1.0,27.73,30.5,7.2979,recipe,true
2026-07-17,mari,mari,mari,f,Gluten-free Sanchez,1.0,27.73,30.5,8.534,recipe,true
2026-07-17,mari,mari,mari,f,Large BBQ Chicken Wings Deal,1.0,27.27,30.0,7.251,recipe,true
2026-07-17,mari,mari,mari,f,Large Margherita Wings Deal,1.0,27.27,30.0,5.4672,recipe,true
2026-07-17,mari,mari,mari,f,Large Super House Special Wings Deal,1.0,27.27,30.0,10.7577,recipe,true
2026-07-17,mari,mari,mari,f,Regular Jimmy Jury [Dine-in],1.0,25.34,27.89,3.6214,recipe,true
2026-07-17,mari,mari,mari,f,Large Sorrento,1.0,24.55,27.0,5.8575,recipe,true
2026-07-17,mari,mari,mari,f,Axl Rose Pizza,1.0,24.42,26.85,0.0,lightspeed,true
2026-07-17,mari,mari,mari,f,Regular Truffalo Soldier [Dine-in],1.0,24.41,26.85,3.068,recipe,true
2026-07-17,mari,mari,mari,f,Online Surcharge,16.0,23.52,23.52,0.0,lightspeed,true
2026-07-17,mari,mari,mari,f,Delivery Fee - Freshwater / Queenscliff,5.0,22.75,25.0,0.0,lightspeed,true
2026-07-17,mari,mari,mari,f,Large Roma Special,1.0,22.73,25.0,5.6021,recipe,true
2026-07-17,mari,mari,mari,f,Large Truffalo Soldier,1.0,22.73,25.0,5.2,recipe,true
2026-07-17,mari,mari,mari,f,Gluten-free Truffalo Soldier,1.0,21.82,24.0,8.0776,recipe,true
2026-07-17,mari,mari,mari,f,Regular New Yorker,1.0,21.82,24.0,3.2325,recipe,true
2026-07-17,mari,mari,mari,f,Regular Sorrento,1.0,21.82,24.0,4.0074,recipe,true
2026-07-17,mari,mari,mari,f,Regular Uber Margherita [Dine-in],1.0,21.61,23.77,2.712,recipe,true
2026-07-17,mari,mari,mari,f,Regular Hawaiian,1.0,20.0,22.0,3.272,recipe,true
2026-07-17,mari,mari,mari,f,Add Prawns,5.0,18.44,20.26,0.0,lightspeed,true
2026-07-17,mari,mari,mari,f,Regular Hail Africa,2.0,18.19,20.0,6.83,recipe,true
2026-07-17,mari,mari,mari,f,Grifter Pale Ale 4-pack D,1.0,18.18,20.0,12.38,recipe,true
2026-07-17,mari,mari,mari,f,Coke 1.25L,4.0,18.17,20.0,14.76,recipe,true
2026-07-17,mari,mari,mari,f,Regular Uber Margherita,1.0,16.82,18.5,3.3046,recipe,true
2026-07-17,mari,mari,mari,f,Regular Vegetarian,1.0,14.55,16.0,2.9017,recipe,true
2026-07-17,mari,mari,mari,f,Add Pepperoni,5.0,13.65,15.0,0.0,lightspeed,true
2026-07-17,mari,mari,mari,f,Sprite Can,3.0,10.92,12.0,7.3269,recipe,true
2026-07-17,mari,mari,mari,f,Regular Garlic Cheese Pizza,1.0,8.18,9.0,1.5021,recipe,true
2026-07-17,mari,mari,mari,f,Coke Zero Can,2.0,7.28,8.0,3.78,recipe,true
2026-07-17,mari,mari,mari,f,Bundaberg Ginger Beer D,1.0,7.27,8.0,3.7208,recipe,true
2026-07-17,mari,mari,mari,f,Btl Fever-Tree Mediterannean Tonic D,1.0,6.36,7.0,4.31,lightspeed,true
2026-07-17,mari,mari,mari,f,Grifter Pale Ale Cans D,1.0,6.36,7.0,2.74,recipe,true
2026-07-17,mari,mari,mari,f,Delivery Fee - Curl Curl / Manly / Dee Why,1.0,5.91,6.5,0.0,lightspeed,true
2026-07-17,mari,mari,mari,f,VB Can D,1.0,5.45,6.0,2.34,recipe,true
2026-07-17,mari,mari,mari,f,Add Mushrooms,3.0,4.08,4.5,0.0,lightspeed,true
2026-07-17,mari,mari,mari,f,Add Chilli,4.0,3.67,4.03,0.0,lightspeed,true
2026-07-17,mari,mari,mari,f,Add Calabrese,1.0,3.64,4.0,0.0,lightspeed,true
2026-07-17,mari,mari,mari,f,Add Capsicum,2.0,2.77,3.05,0.0,lightspeed,true
2026-07-17,mari,mari,mari,f,Add Bocconcini,1.0,2.73,3.0,0.0,lightspeed,true
2026-07-17,mari,mari,mari,f,Add Garlic,2.0,2.72,3.0,0.0,lightspeed,true
2026-07-17,mari,mari,mari,f,Extra Mozzarella,1.0,2.27,2.5,0.0,lightspeed,true
2026-07-17,mari,mari,mari,f,Add Anchovies,1.0,1.82,2.0,0.0,lightspeed,true
2026-07-17,mari,mari,mari,f,Add Jalapenos,1.0,1.36,1.5,0.0,lightspeed,true
2026-07-17,mari,mari,mari,f,Add Pineapple,1.0,1.36,1.5,0.0,lightspeed,true
2026-07-17,mari,mari,mari,f,Add Sour Cream,1.0,1.36,1.5,0.0,lightspeed,true
2026-07-17,mari,mari,mari,f,Sour Cream,1.0,0.94,1.03,0.0,lightspeed,true
2026-07-17,mari,mari,mari,f,Add Basil,1.0,0.91,1.0,0.0,lightspeed,true
2026-07-17,mari,mari,mari,f,Add Onion,1.0,0.0,0.0,0.0,lightspeed,true
2026-07-17,mari,mari,mari,f,BBQ Wings [Wings Deal],3.0,0.0,0.0,0.0,lightspeed,true
2026-07-17,mari,mari,mari,f,Choc  Brownie,1.0,0.0,0.0,1.9501,recipe,true
2026-07-17,mari,mari,mari,f,Garlic  Bread,1.0,0.0,0.0,1.4877,recipe,true
2026-07-17,mari,mari,mari,f,Garlic  Bread.,3.0,0.0,0.0,4.4631,recipe,true
2026-07-17,mari,mari,mari,f,Large Cosmopolitan,1.0,0.0,0.0,7.041,recipe,true
2026-07-17,mari,mari,mari,f,Large New Yorker,1.0,0.0,0.0,4.9731,recipe,true
2026-07-17,mari,mari,mari,f,"Large No Chorizo, No Cry",1.0,0.0,0.0,5.4669,recipe,true
2026-07-17,mari,mari,mari,f,Less Cheese,3.0,0.0,0.0,0.0,lightspeed,true
2026-07-17,mari,mari,mari,f,Sprite 1.25L,2.0,0.0,0.0,8.5308,recipe,true
2026-07-17,stow,stow,stow,b,Classic Margarita,28.0,451.35,496.49,116.8272,recipe,true
2026-07-17,stow,stow,stow,b,Fresh is Best Lager - Pint,37.0,405.17,445.82,89.6103,recipe,true
2026-07-17,stow,stow,stow,b,Status Quo - Pint,24.0,386.07,424.66,99.8088,recipe,true
2026-07-17,stow,stow,stow,b,Jalapeño Marg,20.0,363.45,399.74,76.916,recipe,true
2026-07-17,stow,stow,stow,b,Coconut Margarita,17.0,317.96,349.74,72.1633,recipe,true
2026-07-17,stow,stow,stow,b,Version Two Pinot Grigio - Regular,24.7,241.5,265.65,43.6375,recipe,true
2026-07-17,stow,stow,stow,b,Negroni,12.0,229.14,252.06,49.188,recipe,true
2026-07-17,stow,stow,stow,b,Guinness Draught - Pint,14.0,221.12,243.21,67.2714,recipe,true
2026-07-17,stow,stow,stow,b,Geppetto Pinot Noir - Bottle,4.0,219.99,241.97,70.24,lightspeed,true
2026-07-17,stow,stow,stow,b,Mulled Wine,16.0,218.68,240.48,33.3792,recipe,true
2026-07-17,stow,stow,stow,b,Fresh is Best Lager - Schooner,27.0,212.15,233.31,48.7566,recipe,true
2026-07-17,stow,stow,stow,b,Philter XPA - Schooner,18.0,194.0,213.45,40.293,recipe,true
2026-07-17,stow,stow,stow,b,Stone & Wood - Pint,12.0,188.95,207.91,53.0508,recipe,true
2026-07-17,stow,stow,stow,b,Version Two Pinot Grigio - Bottle,4.0,184.03,202.43,35.33,lightspeed,true
2026-07-17,stow,stow,stow,b,Scorched As,9.0,170.52,187.56,39.1257,recipe,true
2026-07-17,stow,stow,stow,f,Sensei Calamari,9.0,164.21,180.62,20.3652,recipe,true
2026-07-17,stow,stow,stow,f,Arancini Balls [5pc],8.0,163.22,179.49,0.0,lightspeed,true
2026-07-17,stow,stow,stow,b,Stone & Wood - Schooner,13.0,155.19,170.71,42.8519,recipe,true
2026-07-17,stow,stow,stow,b,Tommy's Margarita,9.0,145.04,159.51,45.5148,recipe,true
2026-07-17,stow,stow,stow,b,Mother's Milk Shiraz - Regular,10.0,139.55,153.44,32.163,recipe,true
2026-07-17,stow,stow,stow,b,Geppetto Pinot Noir - Regular,10.0,137.75,151.47,35.12,recipe,true
2026-07-17,stow,stow,stow,b,Grifter Pale - Pint,13.0,133.91,147.3,43.2822,recipe,true
2026-07-17,stow,stow,stow,b,Villa Fresco Sangiovese - Regular,14.7,133.17,146.52,35.4608,recipe,true
2026-07-17,stow,stow,stow,b,Philter XPA - Pint,11.0,131.97,145.15,33.0242,recipe,true
2026-07-17,stow,stow,stow,b,Version Two Sparkling - Regular,15.0,118.72,130.62,26.5005,recipe,true
2026-07-17,stow,stow,stow,b,Trentham Estate Rosé - Regular,12.0,117.47,129.2,25.32,recipe,true
2026-07-17,stow,stow,stow,f,Chicken Burrito,5.0,117.31,129.06,41.405,recipe,true
2026-07-17,stow,stow,stow,b,Casa Gheller Prosecco - Glass,7.0,102.8,113.05,23.436,recipe,true
2026-07-17,stow,stow,stow,b,Fresh is Best Summer Lager - Schooner,15.0,102.47,112.73,23.5815,recipe,true
2026-07-17,stow,stow,stow,b,Ottelia Chardonnay - Regular,7.0,101.85,112.0,24.2158,recipe,true
2026-07-17,stow,stow,stow,f,BBQ Wings D,8.0,101.84,112.0,25.12,recipe,true
2026-07-17,stow,stow,stow,b,Kirin - Schooner,8.0,101.84,112.0,30.3752,recipe,true
2026-07-17,stow,stow,stow,f,Pie,4.0,101.69,111.86,0.0,lightspeed,true
2026-07-17,stow,stow,stow,f,Stow Schnitty,4.0,101.03,111.13,21.992,recipe,true
2026-07-17,stow,stow,stow,f,American Standard Burger,4.0,101.01,111.13,23.3612,recipe,true
2026-07-17,stow,stow,stow,b,Kirin - Pint,6.0,100.92,111.0,30.5544,recipe,true
2026-07-17,stow,stow,stow,f,Fish Tacos,5.0,93.89,103.27,9.2425,recipe,true
2026-07-17,stow,stow,stow,f,Baked Camembert,4.0,92.06,101.24,0.0,lightspeed,true
2026-07-17,stow,stow,stow,b,Bombay Dry [House],12.0,91.21,100.36,25.9728,recipe,true
2026-07-17,stow,stow,stow,b,Lychee Martini,7.0,90.79,99.84,27.3546,recipe,true
2026-07-17,stow,stow,stow,b,Buffalo Trace Bourbon [House],9.0,90.01,99.0,20.8557,recipe,true
2026-07-17,stow,stow,stow,b,Espresso Martini,6.0,88.12,96.91,19.71,recipe,true
2026-07-17,stow,stow,stow,b,White Light Pure Vodka [House],10.0,87.05,95.76,15.208,recipe,true
2026-07-17,stow,stow,stow,b,Version Two Pinot Grigio - Large,5.0,86.91,95.62,14.7225,recipe,true
2026-07-17,stow,stow,stow,b,Biscoff Espresso,4.0,82.24,90.46,12.9936,recipe,true
2026-07-17,stow,stow,stow,f,Fish Burrito,3.0,81.39,89.55,17.5242,recipe,true
2026-07-17,stow,stow,stow,b,Island Time,4.0,80.01,88.0,16.832,recipe,true
2026-07-17,stow,stow,stow,b,Trutta Streamside Shiraz [Chilled] - Regular,5.0,79.05,86.99,19.84,recipe,true
2026-07-17,stow,stow,stow,f,BBQ Wings,5.0,78.3,86.15,15.7,recipe,true
2026-07-17,stow,stow,stow,f,Bang Bang Cauli,5.0,78.27,86.12,13.8295,recipe,true
2026-07-17,stow,stow,stow,f,Rocket Man D,6.0,78.19,86.0,19.1832,recipe,true
2026-07-17,stow,stow,stow,b,Archie Rose Signature Gin,6.0,73.26,80.58,16.98,recipe,true
2026-07-17,stow,stow,stow,b,Petits Detours Rosé - Regular,5.0,73.22,80.52,17.34,recipe,true
2026-07-17,stow,stow,stow,b,Heaps Normal Tin,7.0,70.98,78.08,18.6872,recipe,true
2026-07-17,stow,stow,stow,b,Aperol Spritz,5.0,69.88,76.88,17.78,recipe,true
2026-07-17,stow,stow,stow,b,Kuku Sauvignon Blanc - Large,3.0,62.73,69.0,14.5701,recipe,true
2026-07-17,stow,stow,stow,f,Buffalo Wings D,4.0,59.12,65.0,11.9056,recipe,true
2026-07-17,stow,stow,stow,b,Lemon Meringue Martini,3.0,58.9,64.78,11.0442,recipe,true
2026-07-17,stow,stow,stow,b,Gin Martini,3.0,56.0,61.6,12.0036,recipe,true
2026-07-17,stow,stow,stow,b,Jack Daniels,5.0,55.27,60.78,11.3165,recipe,true
2026-07-17,stow,stow,stow,f,Fancy Pants Parmy - Classic,2.0,54.44,59.9,15.1972,recipe,true
2026-07-17,stow,stow,stow,f,Beef Burrito,2.0,54.29,59.72,18.8144,recipe,true
2026-07-17,stow,stow,stow,f,Cauliflower Burrito,2.0,54.26,59.7,10.97,recipe,true
2026-07-17,stow,stow,stow,b,Grifter Pale - Schooner,8.0,54.14,59.58,19.8592,recipe,true
2026-07-17,stow,stow,stow,b,Fresh is Best Summer Lager - Pint,5.0,52.18,57.39,10.542,recipe,true
2026-07-17,stow,stow,stow,b,Hendrick's Gin,4.0,52.17,57.39,11.2716,recipe,true
2026-07-17,stow,stow,stow,b,Tito's Handmade Vodka,4.0,50.9,56.0,11.76,recipe,true
2026-07-17,stow,stow,stow,b,Frozen Marg - Coconut,3.0,50.19,55.2,13.1805,recipe,true
2026-07-17,stow,stow,stow,f,Rocket Man,3.0,50.16,55.18,9.5916,recipe,true
2026-07-17,stow,stow,stow,f,Buffalo Wings,3.0,48.25,53.07,8.9292,recipe,true
2026-07-17,stow,stow,stow,f,Beef Burger D,2.0,47.28,52.0,11.6806,recipe,true
2026-07-17,stow,stow,stow,b,Flower Child,3.0,46.55,51.2,10.5501,recipe,true
2026-07-17,stow,stow,stow,b,Ottelia Cab Sav - Regular,3.0,46.35,51.0,13.824,recipe,true
2026-07-17,stow,stow,stow,f,Fries D,4.0,45.46,50.0,0.0,lightspeed,true
2026-07-17,stow,stow,stow,b,Mezcal Paloma,2.0,43.64,48.0,10.2922,recipe,true
2026-07-17,stow,stow,stow,b,Monkey Shoulder Scotch [House],6.0,43.44,47.8,14.6802,recipe,true
2026-07-17,stow,stow,stow,b,Quiet Riot Negroni,2.0,43.18,47.5,9.139,recipe,true
2026-07-17,stow,stow,stow,f,Rosemary Salted Fries,4.0,42.62,46.86,7.44,recipe,true
2026-07-17,stow,stow,stow,b,Kraken Dark & Stormy,2.0,41.33,45.46,9.1602,recipe,true
2026-07-17,stow,stow,stow,b,Grey Goose,3.0,38.19,42.0,7.722,recipe,true
2026-07-17,stow,stow,stow,f,Sweet Potato Fries,5.0,37.17,40.88,12.6505,recipe,true
2026-07-17,stow,stow,stow,b,Villa Fresco Sangiovese - Large,2.0,35.13,38.65,8.041,recipe,true
2026-07-17,stow,stow,stow,b,Year Wines Fiano - Regular,2.0,33.79,37.18,8.542,recipe,true
2026-07-17,stow,stow,stow,b,Stow Soda - Passionfruit,4.0,33.53,36.88,0.0,lightspeed,true
2026-07-17,stow,stow,stow,b,Peroni 0%,4.0,33.26,36.6,7.3852,recipe,true
2026-07-17,stow,stow,stow,b,Veuve Clicquot Yellow Label - Glass,1.0,32.73,36.0,16.1526,recipe,true
2026-07-17,stow,stow,stow,b,Padrillos Malbec - Regular,2.0,32.72,36.0,7.7332,recipe,true
2026-07-17,stow,stow,stow,b,Monteith's Apple Cider Bottle,3.0,28.65,31.5,9.33,recipe,true
2026-07-17,stow,stow,stow,b,Oceanside,2.0,27.73,30.49,7.2146,recipe,true
2026-07-17,stow,stow,stow,b,Unico Zelo Terra Cotta - Large,1.0,26.28,28.91,7.2968,recipe,true
2026-07-17,stow,stow,stow,b,Kuku Sauvignon Blanc - Regular,2.0,25.88,28.46,5.8282,recipe,true
2026-07-17,stow,stow,stow,b,Bombay Sapphire,2.0,25.45,28.0,4.7118,recipe,true
2026-07-17,stow,stow,stow,f,Chicken Shindig Burger,1.0,25.25,27.78,5.3929,recipe,true
2026-07-17,stow,stow,stow,b,Crankshaft IPA - Schooner,2.0,24.54,27.0,6.4158,recipe,true
2026-07-17,stow,stow,stow,b,Mother's Milk Shiraz - Large,1.0,23.47,25.82,5.3605,recipe,true
2026-07-17,stow,stow,stow,b,Petits Detours Rosé - Large,1.0,22.73,25.0,5.78,recipe,true
2026-07-17,stow,stow,stow,b,Davy's Old Fashioned,1.0,22.54,24.79,4.9642,recipe,true
2026-07-17,stow,stow,stow,b,Puerto Sunset,1.0,21.6,23.76,5.035,recipe,true
2026-07-17,stow,stow,stow,f,Amalfi Olives,2.0,21.24,23.37,0.0,lightspeed,true
2026-07-17,stow,stow,stow,f,Chicken Schnitty D,1.0,20.0,22.0,0.0,lightspeed,true
2026-07-17,stow,stow,stow,b,Vodka Martini,1.0,20.0,22.0,2.9286,recipe,true
2026-07-17,stow,stow,stow,b,Hugo Spritz,1.0,19.71,21.69,4.096,recipe,true
2026-07-17,stow,stow,stow,b,Corona,2.0,19.1,21.0,5.1426,recipe,true
2026-07-17,stow,stow,stow,b,$21 Custom Cocktail,1.0,19.09,21.0,0.0,lightspeed,true
2026-07-17,stow,stow,stow,f,Baked Camembert D,1.0,19.09,21.0,0.0,lightspeed,true
2026-07-17,stow,stow,stow,b,Poor Tom's Strawberry Gin Tonica,1.0,19.09,21.0,4.445,recipe,true
2026-07-17,stow,stow,stow,f,Eggplant Schnitty,1.0,18.91,20.8,4.438,recipe,true
2026-07-17,stow,stow,stow,f,Cauliflower Tacos,1.0,18.78,20.66,0.0,lightspeed,true
2026-07-17,stow,stow,stow,b,Rooster Rojo Blanco Tequila [House],2.0,18.0,19.8,3.9282,recipe,true
2026-07-17,stow,stow,stow,b,Unico Zelo Terra Cotta - Regular,1.0,17.84,19.63,4.378,recipe,true
2026-07-17,stow,stow,stow,b,Stow Soda - Grapefruit,2.0,16.89,18.59,0.1732,recipe,true
2026-07-17,stow,stow,stow,f,Arancini Balls 5pcs D,1.0,15.91,17.5,0.0,lightspeed,true
2026-07-17,stow,stow,stow,b,Crankshaft IPA - Pint,1.0,15.91,17.5,4.3024,recipe,true
2026-07-17,stow,stow,stow,b,Fresh Lime Soda,4.0,12.72,14.0,0.0,lightspeed,true
2026-07-17,stow,stow,stow,b,Guinness Draught - Schooner,1.0,12.67,13.94,3.5827,recipe,true
2026-07-17,stow,stow,stow,b,Status Quo - Schooner,1.0,12.67,13.94,3.1008,recipe,true
2026-07-17,stow,stow,hg,f,Nuggets & Chips [HG],1.0,11.82,13.0,0.0,lightspeed,true
2026-07-17,stow,stow,stow,b,Little Dragon Can,1.0,11.73,12.91,3.4861,recipe,true
2026-07-17,stow,stow,stow,f,Onion Rings D,1.0,11.73,12.9,0.0,lightspeed,true
2026-07-17,stow,stow,stow,b,Grifter Big Sur IPA Tin,1.0,11.46,12.6,4.0,recipe,true
2026-07-17,stow,stow,stow,f,Brownie,1.0,11.27,12.4,2.8226,recipe,true
2026-07-17,stow,stow,stow,b,Vinada Sparkling Rose,1.0,10.91,12.0,3.0499,recipe,true
2026-07-17,stow,stow,stow,b,Philter Red - Schooner,1.0,10.0,11.0,2.5326,recipe,true
2026-07-17,stow,stow,stow,b,Asahi 3.5%,1.0,9.86,10.85,2.18,recipe,true
2026-07-17,stow,stow,stow,b,Peroni,1.0,9.55,10.5,2.5217,recipe,true
2026-07-17,stow,stow,stow,f,Add Lepinja Bread,1.0,5.63,6.2,0.0,lightspeed,true
2026-07-17,stow,stow,stow,f,Side Aioli,13.0,4.87,5.46,0.0,lightspeed,true
2026-07-17,stow,stow,stow,f,Make it Vegan [patty + cheese + bun],1.0,4.7,5.16,0.0,lightspeed,true
2026-07-17,stow,stow,stow,f,Add Grilled Chicken,1.0,4.55,5.0,0.0,lightspeed,true
2026-07-17,stow,stow,stow,b,Apple Juice Glass,1.0,4.55,5.0,0.6594,recipe,true
2026-07-17,stow,stow,stow,b,"Lemon, Lime & Bitters",1.0,4.55,5.0,1.0269,recipe,true
2026-07-17,stow,stow,stow,b,Lemonade Glass,1.0,4.09,4.5,0.8032,recipe,true
2026-07-17,stow,stow,stow,f,Make it Vegetarian [plant-based patty],1.0,3.76,4.13,0.0,lightspeed,true
2026-07-17,stow,stow,stow,b,Tonic Glass,1.0,3.65,4.0,0.0,lightspeed,true
2026-07-17,stow,stow,stow,f,Lepinja Bread,1.0,3.64,4.0,0.0,lightspeed,true
2026-07-17,stow,stow,stow,b,Villa Fresco Sangiovese - Bottle,1.0,3.49,3.84,12.06,lightspeed,true
2026-07-17,stow,stow,stow,b,Fever-Tree Light Tonic [mixer],3.0,2.82,3.09,0.0,lightspeed,true
2026-07-17,stow,stow,stow,f,Make it Gluten-free [gf/vg bun w sweet pot. fries],1.0,1.88,2.07,0.0,lightspeed,true
2026-07-17,stow,stow,stow,f,Side Spicy Salsa,2.0,1.88,2.06,0.0,lightspeed,true
2026-07-17,stow,stow,stow,b,Fever-Tree Mediterannean  [mixer],1.0,0.94,1.03,0.0,lightspeed,true
2026-07-17,stow,stow,stow,f,Jalapeños Inside Burrito,1.0,0.94,1.03,0.0,lightspeed,true
2026-07-17,stow,stow,stow,f,Side Blue Cheese Dip,1.0,0.94,1.03,0.0,lightspeed,true
2026-07-17,stow,stow,stow,f,Side Chipotle Mayo,1.0,0.94,1.03,0.0,lightspeed,true
2026-07-17,stow,stow,stow,f,Side Sour Cream,1.0,0.94,1.03,0.0,lightspeed,true
2026-07-17,stow,stow,stow,b,2 Glasses,3.0,0.0,0.0,0.0,lightspeed,true
2026-07-17,stow,stow,stow,f,Brownie D,14.0,0.0,0.0,27.3014,recipe,true
2026-07-17,stow,stow,stow,b,Cucumber,1.0,0.0,0.0,0.0,lightspeed,true
2026-07-17,stow,stow,stow,b,Dirty,2.0,0.0,0.0,0.0,lightspeed,true
2026-07-17,stow,stow,stow,b,Extra Olives,4.0,0.0,0.0,0.0,lightspeed,true
2026-07-17,stow,stow,stow,b,Filthy,2.0,0.0,0.0,0.0,lightspeed,true
2026-07-17,stow,stow,stow,b,Glass of Ice on the Side,3.0,0.0,0.0,0.0,lightspeed,true
2026-07-17,stow,stow,stow,b,Ice,1.0,0.0,0.0,0.0,lightspeed,true
2026-07-17,stow,stow,stow,b,Jug of Water,2.0,0.0,0.0,0.0,lightspeed,true
2026-07-17,stow,stow,stow,b,Lime,9.0,0.0,0.0,0.0,lightspeed,true
2026-07-17,stow,stow,stow,b,Lime Wedge,1.0,0.0,0.0,0.0,lightspeed,true
2026-07-17,stow,stow,stow,b,Make It A Burrito Bowl [gluten-free],2.0,0.0,0.0,0.0,lightspeed,true
2026-07-17,stow,stow,stow,b,Make it Dairy-free [vg bun & no cheese],1.0,0.0,0.0,0.0,lightspeed,true
2026-07-17,stow,stow,stow,b,No Bocconcini,1.0,0.0,0.0,0.0,lightspeed,true
2026-07-17,stow,stow,stow,b,No Char-grilled Capsicum,1.0,0.0,0.0,0.0,lightspeed,true
2026-07-17,stow,stow,stow,b,No Cheese (Make It Dairy-Free),1.0,0.0,0.0,0.0,lightspeed,true
2026-07-17,stow,stow,stow,b,No Cheese [dairy-free],1.0,0.0,0.0,0.0,lightspeed,true
2026-07-17,stow,stow,stow,b,No Cherry Tomatoes,1.0,0.0,0.0,0.0,lightspeed,true
2026-07-17,stow,stow,stow,b,No Chilli,1.0,0.0,0.0,0.0,lightspeed,true
2026-07-17,stow,stow,stow,b,No Garnish,5.0,0.0,0.0,0.0,lightspeed,true
2026-07-17,stow,stow,stow,b,No Glasses Needed,2.0,0.0,0.0,0.0,lightspeed,true
2026-07-17,stow,stow,stow,b,No Ham,1.0,0.0,0.0,0.0,lightspeed,true
2026-07-17,stow,stow,stow,b,No Jalape|os,1.0,0.0,0.0,0.0,lightspeed,true
2026-07-17,stow,stow,stow,b,No Mushroom,1.0,0.0,0.0,0.0,lightspeed,true
2026-07-17,stow,stow,stow,b,No Olives,1.0,0.0,0.0,0.0,lightspeed,true
2026-07-17,stow,stow,stow,b,No Onion,1.0,0.0,0.0,0.0,lightspeed,true
2026-07-17,stow,stow,stow,b,No Pickle,1.0,0.0,0.0,0.0,lightspeed,true
2026-07-17,stow,stow,stow,b,No Pineapple,2.0,0.0,0.0,0.0,lightspeed,true
2026-07-17,stow,stow,stow,b,No Rice,1.0,0.0,0.0,0.0,lightspeed,true
2026-07-17,stow,stow,stow,b,No Salt,2.0,0.0,0.0,0.0,lightspeed,true
2026-07-17,stow,stow,stow,b,No Sliced Tomato,3.0,0.0,0.0,0.0,lightspeed,true
2026-07-17,stow,stow,stow,b,No Sugar,2.0,0.0,0.0,0.0,lightspeed,true
2026-07-17,stow,stow,stow,b,No Za'atar,1.0,0.0,0.0,0.0,lightspeed,true
2026-07-17,stow,stow,stow,b,No Zucchini,1.0,0.0,0.0,0.0,lightspeed,true
2026-07-17,stow,stow,stow,b,On The Rocks,16.0,0.0,0.0,0.0,lightspeed,true
2026-07-17,stow,stow,stow,b,One Ice Cube,1.0,0.0,0.0,0.0,lightspeed,true
2026-07-17,stow,stow,stow,b,Orange,2.0,0.0,0.0,0.0,lightspeed,true
2026-07-17,stow,stow,stow,b,Pepsi Max [mixer],3.0,0.0,0.0,2.41,lightspeed,true
2026-07-17,stow,stow,stow,b,Pepsi [mixer],1.0,0.0,0.0,0.8,lightspeed,true
2026-07-17,stow,stow,stow,b,Sanchez.,1.0,0.0,0.0,0.0,lightspeed,true
2026-07-17,stow,stow,stow,f,Side BBQ Sauce,4.0,0.0,0.0,0.0,lightspeed,true
2026-07-17,stow,stow,stow,b,Side Tomato Sauce,4.0,0.0,0.0,0.0,lightspeed,true
2026-07-17,stow,stow,stow,b,Soda [mixer],3.0,0.0,0.0,0.0,lightspeed,true
2026-07-17,stow,stow,stow,b,The Paddock.,1.0,0.0,0.0,0.0,lightspeed,true
2026-07-17,stow,stow,stow,b,Tonic [mixer],6.0,0.0,0.0,4.82,lightspeed,true
2026-07-18,hg,hg,hg,f,BBQ Meat Platter,11.0,399.96,440.0,0.0,lightspeed,true
2026-07-18,hg,hg,hg,f,Fried Rice,9.0,177.46,195.2,25.4178,recipe,true
2026-07-18,hg,hg,hg,f,Mie Goreng,8.0,166.12,182.7,45.3504,recipe,true
2026-07-18,hg,hg,hg,f,Tonkotsu,7.0,158.16,174.0,29.8501,recipe,true
2026-07-18,hg,hg,hg,f,Shredded Beef,6.0,141.84,156.0,0.0,lightspeed,true
2026-07-18,hg,hg,hg,b,Gado Gado,5.0,100.0,110.0,0.0,lightspeed,true
2026-07-18,hg,hg,hg,f,Chicken Katsu Curry,4.0,99.1,109.0,12.3852,recipe,true
2026-07-18,hg,hg,hg,f,Popcorn Cauliflower,7.0,94.57,104.0,6.7277,recipe,true
2026-07-18,hg,hg,hg,f,Chicken Karaage,6.0,92.7,102.0,0.0,lightspeed,true
2026-07-18,hg,hg,hg,f,Devon's Prawn Toast,6.0,87.3,96.0,23.3376,recipe,true
2026-07-18,hg,hg,hg,f,BBQ Pork Buns,6.0,81.84,90.0,21.0,recipe,true
2026-07-18,hg,hg,hg,f,Miso,3.0,79.08,87.0,0.0,lightspeed,true
2026-07-18,hg,hg,hg,b,Sapporo - 500ml,6.0,76.36,84.0,22.26,recipe,true
2026-07-18,hg,hg,hg,b,Classic Margarita,5.0,72.73,80.0,20.862,recipe,true
2026-07-18,hg,hg,hg,b,Margato,4.0,72.72,80.0,14.9336,recipe,true
2026-07-18,hg,hg,hg,f,Dumplings - Prawn Har Gow [GF],4.0,69.08,76.0,17.6076,recipe,true
2026-07-18,hg,hg,hg,f,Dumplings - Veg Gyoza,5.0,63.65,70.0,9.7595,recipe,true
2026-07-18,hg,hg,hg,b,Sapporo - Schooner,5.0,59.1,65.0,15.7675,recipe,true
2026-07-18,hg,hg,hg,b,Geppetto Chardonnay - Bottle,1.0,55.45,61.0,15.57,lightspeed,true
2026-07-18,hg,hg,hg,f,Shoyu,2.0,52.72,58.0,0.0,lightspeed,true
2026-07-18,hg,hg,hg,b,Lychee Martini,3.0,51.81,57.0,11.7234,recipe,true
2026-07-18,hg,hg,hg,b,River Retreat Pinot Grigio - Bottle,1.0,44.55,49.0,10.05,lightspeed,true
2026-07-18,hg,hg,hg,f,Duck Spring Roll,4.0,43.65,48.0,14.2768,recipe,true
2026-07-18,hg,hg,hg,f,Dumplings - Beef & Cabbage,3.0,38.19,42.0,4.3857,recipe,true
2026-07-18,hg,hg,hg,b,Drunken Koi,2.0,38.18,42.0,4.885,recipe,true
2026-07-18,hg,hg,hg,b,Chicken,10.0,32.92,36.2,0.0,lightspeed,true
2026-07-18,hg,hg,hg,b,Dragon Juice,2.0,30.9,34.0,5.1708,recipe,true
2026-07-18,hg,hg,hg,b,Jinro Chamisul - 360ml,1.0,29.09,32.0,12.55,lightspeed,true
2026-07-18,hg,hg,hg,b,Jinro Strawberry - 360ml,1.0,29.09,32.0,11.56,lightspeed,true
2026-07-18,hg,hg,hg,b,River Retreat Pinot Grigio - Regular,3.0,28.18,31.0,6.03,recipe,true
2026-07-18,hg,hg,hg,b,Rice Pudding,3.0,25.92,28.5,0.0,lightspeed,true
2026-07-18,hg,hg,hg,b,Pepsi Max Glass,6.0,24.54,27.0,7.86,recipe,true
2026-07-18,hg,hg,hg,b,Harry's Lager - Pint,2.0,22.72,25.0,4.218,recipe,true
2026-07-18,hg,hg,hg,b,Harry's Lager - Schooner,3.0,21.36,23.5,4.7175,recipe,true
2026-07-18,hg,hg,hg,b,Asahi 3.5%,2.0,20.0,22.0,4.36,recipe,true
2026-07-18,hg,hg,hg,b,Bintang,2.0,20.0,22.0,4.68,recipe,true
2026-07-18,hg,hg,hg,f,Edamame,2.0,20.0,22.0,0.0,lightspeed,true
2026-07-18,hg,hg,hg,b,Birdseye Chilli Marg,1.0,19.09,21.0,3.3368,recipe,true
2026-07-18,hg,hg,hg,b,Aperol Spritz,1.0,17.27,19.0,3.556,recipe,true
2026-07-18,hg,hg,hg,b,Espresso Martini,1.0,17.27,19.0,3.285,recipe,true
2026-07-18,hg,hg,hg,b,Padrillos Malbec - Regular,1.0,16.36,18.0,3.8666,recipe,true
2026-07-18,hg,hg,hg,b,Pepsi Glass,4.0,16.36,18.0,5.24,recipe,true
2026-07-18,hg,hg,hg,b,L'esprit Rosé - Regular,1.0,14.55,16.0,3.6,recipe,true
2026-07-18,hg,hg,hg,b,Esoterico Orange - Regular,1.0,13.64,15.0,2.686,recipe,true
2026-07-18,hg,hg,hg,f,Extra BBQ Pork,1.0,13.64,15.0,0.0,lightspeed,true
2026-07-18,hg,hg,hg,b,Two Bays GF Rice Lager Can [HG],1.0,12.73,14.0,4.99,recipe,true
2026-07-18,hg,hg,hg,f,Vegetarian Spring Rolls,1.0,12.73,14.0,1.6492,recipe,true
2026-07-18,hg,hg,stow,f,Kids Fried Rice D,1.0,11.82,13.0,0.0,lightspeed,true
2026-07-18,hg,hg,hg,b,Kuku Sauv Blanc - Regular,1.0,11.82,13.0,2.6,recipe,true
2026-07-18,hg,hg,hg,f,Mochi Trio,1.0,11.82,13.0,0.0,lightspeed,true
2026-07-18,hg,hg,hg,b,Angas & Bremer Rosé - Regular,1.0,10.91,12.0,1.754,recipe,true
2026-07-18,hg,hg,hg,b,Lemon Chu-hi,1.0,10.91,12.0,1.5041,recipe,true
2026-07-18,hg,hg,hg,b,Palloncino Prosecco - Regular,1.0,10.91,12.0,2.2999,recipe,true
2026-07-18,hg,hg,hg,b,Corona,1.0,10.0,11.0,2.5713,recipe,true
2026-07-18,hg,hg,hg,f,Jasmine Rice,2.0,9.1,10.0,0.0,lightspeed,true
2026-07-18,hg,hg,hg,f,Fried Egg,3.0,8.27,9.1,0.0,lightspeed,true
2026-07-18,hg,hg,hg,b,Lemonade Glass,2.0,8.18,9.0,1.6064,recipe,true
2026-07-18,hg,hg,hg,b,Yuzu Orange Soda,1.0,8.18,9.0,0.0,lightspeed,true
2026-07-18,hg,hg,hg,f,1/2 Marinated Egg,6.0,7.28,8.0,0.0,lightspeed,true
2026-07-18,hg,hg,hg,b,Carafe Sparkling Water,1.0,4.55,5.0,0.0,lightspeed,true
2026-07-18,hg,hg,hg,f,Extra  Piece,1.0,4.55,5.0,0.0,lightspeed,true
2026-07-18,hg,hg,hg,b,Apple Juice Glass,1.0,3.64,4.0,0.6594,recipe,true
2026-07-18,hg,hg,hg,f,Chilli Bomb,2.0,3.64,4.0,0.0,lightspeed,true
2026-07-18,hg,hg,hg,b,Orange Juice Glass,1.0,3.64,4.0,0.4801,recipe,true
2026-07-18,hg,hg,hg,f,Tofu,1.0,3.64,4.0,0.0,lightspeed,true
2026-07-18,hg,hg,hg,f,Bamboo Shoots,1.0,1.82,2.0,0.0,lightspeed,true
2026-07-18,hg,hg,hg,b,Black Mushroom,1.0,1.82,2.0,0.0,lightspeed,true
2026-07-18,hg,hg,hg,b,2 Glasses,2.0,0.0,0.0,0.0,lightspeed,true
2026-07-18,hg,hg,hg,b,3 Glasses,1.0,0.0,0.0,0.0,lightspeed,true
2026-07-18,hg,hg,hg,f,Black Garlic Oil,1.0,0.0,0.0,0.0,lightspeed,true
2026-07-18,hg,hg,hg,b,No Glasses Needed,1.0,0.0,0.0,0.0,lightspeed,true
2026-07-18,hg,hg,hg,f,Swap for Tofu,1.0,0.0,0.0,0.0,lightspeed,true
2026-07-18,hg,hg,hg,f,Swap for Tofu [Make it Vegan],1.0,0.0,0.0,0.0,lightspeed,true
2026-07-18,mari,mari,mari,f,Large Super House Special,5.0,134.53,148.0,38.0885,recipe,true
2026-07-18,mari,mari,mari,f,Regular Sanchez [Dine-in],4.0,96.89,106.57,15.7808,recipe,true
2026-07-18,mari,mari,mari,f,$45 FEAST,2.0,81.82,90.0,28.1428,recipe,true
2026-07-18,mari,mari,mari,f,Feast Deal Pizzas,2.0,81.82,90.0,28.1428,recipe,true
2026-07-18,mari,mari,mari,f,Regular Hawaiian,3.0,60.0,66.0,9.816,recipe,true
2026-07-18,mari,mari,mari,f,Large BBQ Chicken Pizza,4.0,55.46,61.0,16.444,recipe,true
2026-07-18,mari,mari,mari,f,Large Hail Africa,2.0,52.73,58.0,12.5624,recipe,true
2026-07-18,mari,mari,mari,f,Large Paddock,2.0,52.73,58.0,10.2066,recipe,true
2026-07-18,mari,mari,mari,f,Large New Yorker,2.0,51.82,57.0,9.9462,recipe,true
2026-07-18,mari,mari,mari,f,Regular Jimmy Jury [Dine-in],2.0,49.91,54.89,7.2428,recipe,true
2026-07-18,mari,mari,mari,f,Large Sanchez,2.0,49.1,54.0,11.6748,recipe,true
2026-07-18,mari,mari,mari,f,Large Cosmopolitan,2.0,45.46,50.0,14.082,recipe,true
2026-07-18,mari,mari,mari,f,Regular New Yorker [Dine-in],2.0,45.08,49.58,5.2798,recipe,true
2026-07-18,mari,mari,mari,f,Large Pepperoni,2.0,43.63,48.0,8.722,recipe,true
2026-07-18,mari,mari,mari,f,Regular Super House Special,2.0,39.55,43.5,9.2374,recipe,true
2026-07-18,mari,mari,mari,f,Large Margherita,2.0,39.09,43.0,4.6544,recipe,true
2026-07-18,mari,mari,mari,f,Garlic Bread,8.0,34.81,38.27,11.9016,recipe,true
2026-07-18,mari,mari,mari,f,Regular Margherita,2.0,30.9,34.0,4.0662,recipe,true
2026-07-18,mari,mari,mari,f,Regular Pepperoni,2.0,30.29,33.31,5.3984,recipe,true
2026-07-18,mari,mari,mari,f,Regular Vegetarian,2.0,29.1,32.0,5.8034,recipe,true
2026-07-18,mari,mari,mari,f,Gluten-free Cosmopolitan,1.0,29.09,32.0,9.3958,recipe,true
2026-07-18,mari,mari,mari,f,Gluten-free Little Italy,1.0,28.18,31.0,9.646,recipe,true
2026-07-18,mari,mari,mari,f,Gluten-free BBQ Chicken Pizza,1.0,27.73,30.5,7.2979,recipe,true
2026-07-18,mari,mari,mari,f,WINGS DEAL,1.0,27.27,30.0,9.9445,recipe,true
2026-07-18,mari,mari,mari,f,Large Hawaiian,1.0,25.45,28.0,3.3157,recipe,true
2026-07-18,mari,mari,mari,f,Large Meatlovers,2.0,25.45,28.0,13.48,recipe,true
2026-07-18,mari,mari,mari,f,"Large No Chorizo, No Cry",1.0,24.55,27.0,5.4669,recipe,true
2026-07-18,mari,mari,mari,f,Regular El Patron [Dine-in],1.0,24.42,26.85,3.7287,recipe,true
2026-07-18,mari,mari,mari,f,Regular Little Italy [Dine-in],1.0,24.42,26.85,4.1655,recipe,true
2026-07-18,mari,mari,mari,f,Regular Truffalo Soldier [Dine-in],1.0,24.42,26.85,3.068,recipe,true
2026-07-18,mari,mari,mari,f,Regular Sanchez VEGAN [Dine-in],1.0,24.41,26.85,2.0465,recipe,true
2026-07-18,mari,mari,mari,f,Under the Bridge Pizza,1.0,24.41,26.85,3.9357,recipe,true
2026-07-18,mari,mari,mari,f,Regular Cosmopolitan,1.0,23.64,26.0,4.4662,recipe,true
2026-07-18,mari,mari,mari,f,Regular Super House Special [Dine-in],1.0,23.64,26.0,4.0262,recipe,true
2026-07-18,mari,mari,mari,f,Large Bubba Gump,1.0,22.73,25.0,5.5006,recipe,true
2026-07-18,mari,mari,mari,f,Large Roma Special,1.0,22.73,25.0,5.6021,recipe,true
2026-07-18,mari,mari,mari,f,Regular Meatlovers,1.0,22.73,25.0,4.3392,recipe,true
2026-07-18,mari,mari,mari,f,Regular Paddock,1.0,22.73,25.0,4.0838,recipe,true
2026-07-18,mari,mari,mari,f,Regular Sanchez,1.0,22.73,25.0,4.5378,recipe,true
2026-07-18,mari,mari,mari,f,Regular Uber Margherita [Dine-in],1.0,21.61,23.75,2.712,recipe,true
2026-07-18,mari,mari,mari,f,Gluten-free Margherita,1.0,20.91,23.0,5.9848,recipe,true
2026-07-18,mari,mari,mari,f,Kuku Sauvignon Blanc D,1.0,19.19,21.11,14.5702,recipe,true
2026-07-18,mari,mari,mari,f,Regular Uber Margherita,1.0,19.09,21.0,3.3046,recipe,true
2026-07-18,mari,mari,mari,f,Grifter Pale Ale 4-pack D,1.0,18.18,20.0,12.38,recipe,true
2026-07-18,mari,mari,mari,f,Regular Tandoori Chicken,1.0,17.73,19.5,2.0367,recipe,true
2026-07-18,mari,mari,mari,f,Large Garlic Cheese Pizza,1.0,16.36,18.0,2.4976,recipe,true
2026-07-18,mari,mari,mari,f,Online Surcharge,11.0,13.05,13.05,0.0,lightspeed,true
2026-07-18,mari,mari,mari,f,Cheesy Garlic Bread,2.0,12.72,14.0,3.6054,recipe,true
2026-07-18,mari,mari,mari,f,Delivery Fee - Freshwater / Queenscliff,3.0,12.54,13.77,0.0,lightspeed,true
2026-07-18,mari,mari,mari,f,VB Can D,2.0,10.9,12.0,4.68,recipe,true
2026-07-18,mari,mari,mari,f,Coke Zero Can,2.0,7.28,8.0,3.78,recipe,true
2026-07-18,mari,mari,mari,f,Sunkist 1.25L,1.0,6.36,7.0,3.77,recipe,true
2026-07-18,mari,mari,mari,f,Coke Can,2.0,5.48,6.04,3.78,recipe,true
2026-07-18,mari,mari,mari,f,Add Ham,2.0,5.46,6.0,0.0,lightspeed,true
2026-07-18,mari,mari,mari,f,Vegan Cheese [Pizza],2.0,5.46,6.0,0.0,lightspeed,true
2026-07-18,mari,mari,mari,f,Add Bacon,2.0,5.1,5.6,0.0,lightspeed,true
2026-07-18,mari,mari,mari,f,Gluten-free Base,1.0,4.7,5.16,4.1,recipe,true
2026-07-18,mari,mari,mari,f,Add Olives,3.0,4.12,4.55,0.0,lightspeed,true
2026-07-18,mari,mari,mari,f,Add Prawns,1.0,3.64,4.0,0.0,lightspeed,true
2026-07-18,mari,mari,mari,f,Extra Mozzarella,1.0,2.34,2.58,0.0,lightspeed,true
2026-07-18,mari,mari,mari,f,Add Chilli,2.0,1.82,2.0,0.0,lightspeed,true
2026-07-18,mari,mari,mari,f,Chicken.,1.0,1.82,2.0,0.0,lightspeed,true
2026-07-18,mari,mari,mari,f,Add Cherry Tomatoes,1.0,1.36,1.5,0.0,lightspeed,true
2026-07-18,mari,mari,mari,f,Add Garlic,1.0,1.36,1.5,0.0,lightspeed,true
2026-07-18,mari,mari,mari,f,Add Pesto,1.0,0.91,1.0,0.0,lightspeed,true
2026-07-18,mari,mari,mari,f,Add Oregano,1.0,0.45,0.5,0.0,lightspeed,true
2026-07-18,mari,mari,mari,f,Choc  Brownie,1.0,0.0,0.0,1.9501,recipe,true
2026-07-18,mari,mari,mari,f,Garlic  Bread,1.0,0.0,0.0,1.4877,recipe,true
2026-07-18,mari,mari,mari,f,Large El Patron,1.0,0.0,0.0,5.812,recipe,true
2026-07-18,mari,mari,mari,f,Large Little Italy,1.0,0.0,0.0,7.3904,recipe,true
2026-07-18,mari,mari,mari,f,Online Discount,1.0,-9.75,-9.75,0.0,lightspeed,true
2026-07-18,stow,stow,stow,b,Stone & Wood - Pint,27.0,414.56,456.16,119.3643,recipe,true
2026-07-18,stow,stow,stow,f,American Standard Burger,18.0,377.62,415.46,105.1254,recipe,true
2026-07-18,stow,stow,stow,b,Guinness Draught - Pint,22.0,351.05,386.14,105.7122,recipe,true
2026-07-18,stow,stow,stow,b,Classic Margarita,18.0,297.53,327.29,75.1032,recipe,true
2026-07-18,stow,stow,stow,b,Stone & Wood - Schooner,23.0,274.2,301.56,75.8149,recipe,true
2026-07-18,stow,stow,stow,b,Mulled Wine,17.0,235.46,258.92,35.4654,recipe,true
2026-07-18,stow,stow,stow,b,Grifter Pale - Pint,23.0,233.93,257.32,76.5762,recipe,true
2026-07-18,stow,stow,stow,b,Mother's Milk Shiraz - Regular,16.0,217.78,239.48,51.4608,recipe,true
2026-07-18,stow,stow,stow,b,Petits Detours Rosé - Regular,15.0,216.8,238.4,52.02,recipe,true
2026-07-18,stow,stow,stow,b,Kirin - Schooner,16.0,203.68,224.0,60.7504,recipe,true
2026-07-18,stow,stow,stow,b,Jalapeño Marg,10.0,192.56,211.79,38.458,recipe,true
2026-07-18,stow,stow,stow,f,Fancy Pants Parmy - Classic,7.0,189.7,208.72,53.1902,recipe,true
2026-07-18,stow,stow,stow,b,Fresh is Best Lager - Schooner,23.0,166.41,183.02,41.5334,recipe,true
2026-07-18,stow,stow,stow,b,Version Two Pinot Grigio - Regular,18.0,164.89,181.39,31.8006,recipe,true
2026-07-18,stow,stow,stow,f,Arancini Balls [5pc],8.0,163.83,180.23,0.0,lightspeed,true
2026-07-18,stow,stow,stow,b,White Light Pure Vodka [House],16.0,157.35,173.08,24.3328,recipe,true
2026-07-18,stow,stow,stow,f,Chicken Burrito,6.0,152.72,168.01,49.686,recipe,true
2026-07-18,stow,stow,stow,b,Espresso Martini,9.0,148.88,163.78,29.565,recipe,true
2026-07-18,stow,stow,stow,b,Status Quo - Schooner,12.0,146.81,161.53,37.2096,recipe,true
2026-07-18,stow,stow,stow,f,Sensei Calamari,8.0,145.94,160.52,18.1024,recipe,true
2026-07-18,stow,stow,stow,f,Baked Camembert,7.0,138.82,152.67,0.0,lightspeed,true
2026-07-18,stow,stow,stow,f,Sweet Potato Fries,11.0,133.53,146.85,27.8311,recipe,true
2026-07-18,stow,stow,stow,f,Chicken Shindig Burger,7.0,133.41,146.77,37.7503,recipe,true
2026-07-18,stow,stow,stow,f,Rosemary Salted Fries,12.0,131.73,144.85,22.32,recipe,true
2026-07-18,stow,stow,stow,b,Fresh is Best Lager - Pint,11.0,122.15,134.41,26.6409,recipe,true
2026-07-18,stow,stow,stow,b,Villa Fresco Sangiovese - Regular,11.0,121.44,133.58,26.5353,recipe,true
2026-07-18,stow,stow,stow,b,Kuku Sauvignon Blanc - Regular,9.0,114.99,126.46,26.2269,recipe,true
2026-07-18,stow,stow,stow,b,Ottelia Chardonnay - Bottle,2.0,114.54,126.0,34.59,lightspeed,true
2026-07-18,stow,stow,stow,b,Sigurd GSM Red Blend - Regular,6.0,108.51,119.38,27.72,recipe,true
2026-07-18,stow,stow,stow,b,A. Rodda Chardonnay - Bottle,1.0,105.16,115.67,37.7,lightspeed,true
2026-07-18,stow,stow,stow,f,Fish Tacos,6.0,105.11,115.62,11.091,recipe,true
2026-07-18,stow,stow,stow,f,Buffalo Wings,6.0,98.06,107.86,17.8584,recipe,true
2026-07-18,stow,stow,stow,b,Flower Child,5.0,94.55,104.0,17.5835,recipe,true
2026-07-18,stow,stow,stow,b,Coconut Margarita,5.0,94.44,103.87,21.2245,recipe,true
2026-07-18,stow,stow,stow,b,Trentham Estate Rosé - Regular,11.0,90.43,99.51,23.21,recipe,true
2026-07-18,stow,stow,stow,b,Scorched As,5.0,90.4,99.44,21.7365,recipe,true
2026-07-18,stow,stow,stow,b,Mezcal Paloma,4.0,90.14,99.15,20.5844,recipe,true
2026-07-18,stow,stow,stow,b,Trentham Estate Rosé - Bottle,2.0,89.1,98.0,21.1,lightspeed,true
2026-07-18,stow,stow,stow,b,Aperol Spritz,6.0,88.88,97.77,21.336,recipe,true
2026-07-18,stow,stow,stow,b,Lychee Martini,5.0,87.24,95.97,19.539,recipe,true
2026-07-18,stow,stow,stow,f,Pie,3.0,86.74,95.41,0.0,lightspeed,true
2026-07-18,stow,stow,stow,b,Kuku Sauvignon Blanc - Large,4.0,86.39,95.03,19.4268,recipe,true
2026-07-18,stow,stow,stow,b,Biscoff Espresso,4.0,85.7,94.27,12.9936,recipe,true
2026-07-18,stow,stow,stow,b,Trutta Streamside Shiraz [Chilled] - Regular,5.0,84.48,92.95,19.84,recipe,true
2026-07-18,stow,stow,stow,b,Crankshaft IPA - Pint,5.0,80.59,88.64,21.512,recipe,true
2026-07-18,stow,stow,stow,b,Balvenie 14 Year Caribbean Cask,4.0,80.0,88.0,22.02,lightspeed,true
2026-07-18,stow,stow,stow,f,BBQ Wings,5.0,78.32,86.17,15.7,recipe,true
2026-07-18,stow,stow,stow,f,Stow Schnitty,3.0,75.79,83.36,16.494,recipe,true
2026-07-18,stow,stow,stow,b,Geppetto Pinot Noir - Regular,5.0,70.0,76.97,17.56,recipe,true
2026-07-18,stow,stow,stow,b,Version Two Pinot Grigio - Large,4.0,69.66,76.64,11.778,recipe,true
2026-07-18,stow,stow,stow,b,Philter XPA - Schooner,8.0,66.67,73.4,17.908,recipe,true
2026-07-18,stow,stow,stow,f,Beef Burrito,3.0,63.91,70.3,28.2216,recipe,true
2026-07-18,stow,stow,stow,b,Trutta Streamside Shiraz [Chilled] - Bottle,1.0,63.84,70.22,18.7,lightspeed,true
2026-07-18,stow,stow,stow,f,Bang Bang Cauli,5.0,62.32,68.57,13.8295,recipe,true
2026-07-18,stow,stow,stow,b,Island Time,3.0,61.5,67.64,12.624,recipe,true
2026-07-18,stow,stow,stow,b,Das Juice Pink Pet Nat - Bottle,1.0,59.15,65.07,16.5,lightspeed,true
2026-07-18,stow,stow,stow,f,Buffalo Wings D,4.0,59.1,65.0,11.9056,recipe,true
2026-07-18,stow,stow,stow,f,BBQ Wings D,5.0,58.2,64.0,15.7,recipe,true
2026-07-18,stow,stow,stow,b,Version Two Sparkling - Regular,6.0,57.44,63.18,10.6002,recipe,true
2026-07-18,stow,stow,stow,b,Amarretto Sour,3.0,57.27,63.0,11.4801,recipe,true
2026-07-18,stow,stow,stow,b,Grifter Pale - Schooner,6.0,52.25,57.5,14.8944,recipe,true
2026-07-18,stow,stow,stow,b,Year Wines Fiano - Regular,3.0,50.72,55.8,12.813,recipe,true
2026-07-18,stow,stow,stow,b,Kirin - Pint,3.0,50.46,55.5,15.2772,recipe,true
2026-07-18,stow,stow,stow,b,Guinness Draught - Schooner,4.0,47.04,51.74,14.3308,recipe,true
2026-07-18,stow,stow,stow,b,Philter XPA - Pint,5.0,45.84,50.44,15.011,recipe,true
2026-07-18,stow,stow,stow,f,Chicken Burrito D,2.0,45.46,50.0,16.562,recipe,true
2026-07-18,stow,stow,stow,b,Patron Reposodo Margarita,2.0,45.07,49.57,10.0866,recipe,true
2026-07-18,stow,stow,stow,f,Onion Rings,4.0,44.72,49.18,0.0,lightspeed,true
2026-07-18,stow,stow,stow,b,Version Two Pinot Grigio - Bottle,1.0,44.55,49.0,8.83,lightspeed,true
2026-07-18,stow,stow,stow,b,Davy's Old Fashioned,2.0,44.35,48.79,9.9285,recipe,true
2026-07-18,stow,stow,stow,b,Casa Gheller Prosecco - Glass,3.0,44.13,48.52,10.044,recipe,true
2026-07-18,stow,stow,stow,b,Tommy's Margarita,2.0,43.2,47.52,10.1144,recipe,true
2026-07-18,stow,stow,stow,f,Amalfi Olives,4.0,42.83,47.14,0.0,lightspeed,true
2026-07-18,stow,stow,stow,b,Old Fashioned,2.0,41.32,45.46,9.7166,recipe,true
2026-07-18,stow,stow,stow,b,Vodka Martini,2.0,41.32,45.44,5.8572,recipe,true
2026-07-18,stow,stow,stow,b,Wolf Lane Navy Gin Tonica,2.0,41.31,45.44,13.2668,recipe,true
2026-07-18,stow,stow,stow,f,Rocket Man,3.0,40.34,44.38,9.5916,recipe,true
2026-07-18,stow,stow,stow,b,Baileys Irish Cream,4.0,40.0,44.0,5.0808,recipe,true
2026-07-18,stow,stow,stow,b,Four Pillars Bloody Shiraz Gin Tonica,2.0,39.44,43.38,11.1192,recipe,true
2026-07-18,stow,stow,stow,b,Hugo Spritz,2.0,39.44,43.38,8.192,recipe,true
2026-07-18,stow,stow,stow,b,Trade Winds,3.0,39.44,43.37,4.3613,recipe,true
2026-07-18,stow,stow,stow,b,Redbreast 12yr,2.0,38.18,42.0,10.2094,recipe,true
2026-07-18,stow,stow,stow,b,"Lemon, Lime & Bitters",8.0,37.59,41.32,8.2152,recipe,true
2026-07-18,stow,stow,stow,f,Cauliflower Tacos,2.0,37.55,41.3,0.0,lightspeed,true
2026-07-18,stow,stow,stow,f,Lepinja Bread,4.0,37.55,41.31,0.0,lightspeed,true
2026-07-18,stow,stow,stow,f,Beef Cheek,2.0,36.27,39.9,0.0,lightspeed,true
2026-07-18,stow,stow,stow,b,Ravensworth Skins Gris - Regular,2.0,34.54,38.0,8.08,recipe,true
2026-07-18,stow,stow,stow,b,Little Dragon Can,3.0,34.45,37.91,10.4583,recipe,true
2026-07-18,stow,stow,stow,b,Fireball,3.0,32.73,36.0,5.7549,recipe,true
2026-07-18,stow,stow,stow,b,Status Quo - Pint,2.0,32.35,35.57,8.3174,recipe,true
2026-07-18,stow,stow,stow,b,Bombay Dry [House],3.0,30.0,33.0,6.4932,recipe,true
2026-07-18,stow,stow,stow,b,Fresh Lime Soda,9.0,28.14,30.97,0.0,lightspeed,true
2026-07-18,stow,stow,stow,b,Patron Silver,2.0,27.28,30.0,6.5666,recipe,true
2026-07-18,stow,stow,stow,f,Cauliflower Burrito,1.0,27.13,29.85,5.485,recipe,true
2026-07-18,stow,stow,stow,f,Fish Burrito,1.0,27.13,29.84,5.8414,recipe,true
2026-07-18,stow,stow,stow,f,Rocket Man D,2.0,26.37,29.0,6.3944,recipe,true
2026-07-18,stow,stow,stow,b,Sailor Jerry [House],3.0,26.36,29.0,6.0879,recipe,true
2026-07-18,stow,stow,stow,b,Hyoketsu Lemon Can,2.0,26.31,28.93,0.0,lightspeed,true
2026-07-18,stow,stow,stow,b,A. Rodda Tempranillo - Large,1.0,26.28,28.92,9.29,lightspeed,true
2026-07-18,stow,stow,stow,f,$2 Buffalo Wing,14.0,25.69,28.27,5.2094,recipe,true
2026-07-18,stow,stow,stow,b,San Pellegrino 500ml,3.0,25.08,27.6,6.96,recipe,true
2026-07-18,stow,stow,stow,b,Crankshaft IPA - Schooner,2.0,24.95,27.44,6.4158,recipe,true
2026-07-18,stow,stow,stow,b,Peroni 0%,3.0,24.54,27.0,5.5389,recipe,true
2026-07-18,stow,stow,stow,b,Bombay Sapphire Gin Martini,1.0,23.48,25.82,3.5352,recipe,true
2026-07-18,stow,stow,stow,b,Ottelia Chardonnay - Large,1.0,23.48,25.82,5.7657,recipe,true
2026-07-18,stow,stow,stow,b,Mother's Milk Shiraz - Large,1.0,23.47,25.82,5.3605,recipe,true
2026-07-18,stow,stow,stow,b,Petits Detours Rosé - Large,1.0,23.47,25.82,5.78,recipe,true
2026-07-18,stow,stow,stow,f,Farmhouse Salad,3.0,23.38,25.72,0.0,lightspeed,true
2026-07-18,stow,stow,stow,f,Chicken Parmy D,1.0,22.73,25.0,0.0,lightspeed,true
2026-07-18,stow,stow,stow,f,Fish Burrito D,1.0,22.73,25.0,5.8414,recipe,true
2026-07-18,stow,stow,stow,b,Lemon Meringue Martini,1.0,22.55,24.81,3.6814,recipe,true
2026-07-18,stow,stow,stow,f,Brownie,2.0,22.54,24.8,5.6452,recipe,true
2026-07-18,stow,stow,stow,b,Quiet Riot Negroni,1.0,20.91,23.0,4.5695,recipe,true
2026-07-18,stow,stow,stow,b,Beetle Juice,1.0,20.65,22.72,3.707,recipe,true
2026-07-18,stow,stow,stow,b,Gin Martini,1.0,20.65,22.72,4.0012,recipe,true
2026-07-18,stow,stow,stow,b,Heaps Normal Tin,2.0,20.0,22.0,5.3392,recipe,true
2026-07-18,stow,stow,stow,b,Rooster Rojo Blanco Tequila [House],2.0,20.0,22.0,3.9282,recipe,true
2026-07-18,stow,stow,stow,b,Corona,2.0,19.73,21.69,5.1426,recipe,true
2026-07-18,stow,stow,stow,b,Daiquiri,1.0,19.72,21.69,4.9868,recipe,true
2026-07-18,stow,stow,stow,f,Cauliflower Tacos D,1.0,18.18,20.0,0.0,lightspeed,true
2026-07-18,stow,stow,stow,b,Villa Fresco Sangiovese - Large,1.0,17.27,19.0,4.0205,recipe,true
2026-07-18,stow,stow,stow,b,La Petite Mort Albarino 2025 - Regular,1.0,16.43,18.08,4.579,recipe,true
2026-07-18,stow,stow,stow,f,Fish Tacos D,1.0,16.36,18.0,1.8485,recipe,true
2026-07-18,stow,stow,stow,b,Padrillos Malbec - Regular,1.0,16.36,18.0,3.8666,recipe,true
2026-07-18,stow,stow,stow,b,Johnnie Walker Black,1.0,15.95,17.55,2.454,recipe,true
2026-07-18,stow,stow,stow,b,Ottelia Cab Sav - Regular,1.0,15.95,17.55,4.608,recipe,true
2026-07-18,stow,stow,stow,b,Das Juice Pink Pet Nat - Regular,1.0,15.03,16.53,3.3,recipe,true
2026-07-18,stow,stow,stow,f,Kids Icecream,3.0,14.12,15.52,2.205,recipe,true
2026-07-18,stow,stow,stow,f,$2 BBQ Wing,7.0,13.16,14.45,2.7475,recipe,true
2026-07-18,stow,stow,stow,b,Hendrick's Gin,1.0,13.15,14.46,2.8179,recipe,true
2026-07-18,stow,stow,stow,b,Negroni,1.0,13.15,14.46,4.099,recipe,true
2026-07-18,stow,stow,stow,b,Lemonade Glass,3.0,12.4,13.65,2.4096,recipe,true
2026-07-18,stow,stow,stow,b,Archie Rose Signature Gin,1.0,12.21,13.43,2.83,recipe,true
2026-07-18,stow,stow,stow,f,Kids Margherita Pizza,1.0,12.2,13.42,0.0,lightspeed,true
2026-07-18,stow,stow,stow,b,Virgin Margy,1.0,12.2,13.42,0.0,lightspeed,true
2026-07-18,stow,stow,stow,b,Vinada Sparkling Rose,1.0,11.27,12.4,3.0499,recipe,true
2026-07-18,stow,stow,stow,b,Young Henrys Cloudy Cider Can,1.0,11.27,12.4,2.58,recipe,true
2026-07-18,stow,stow,stow,b,Jack Daniels,1.0,10.91,12.0,2.2633,recipe,true
2026-07-18,stow,stow,stow,b,Jameson Irish Whiskey,1.0,10.91,12.0,2.2547,recipe,true
2026-07-18,stow,stow,stow,b,4 Pines Kolsch Bottle,1.0,10.33,11.36,2.65,recipe,true
2026-07-18,stow,stow,stow,b,Buffalo Trace Bourbon [House],1.0,10.33,11.36,2.3173,recipe,true
2026-07-18,stow,stow,stow,b,Hot Chocolate,1.0,10.29,11.32,0.0,lightspeed,true
2026-07-18,stow,stow,stow,b,Pepsi Max Glass,2.0,8.46,9.3,2.62,recipe,true
2026-07-18,stow,stow,stow,b,Pepsi Glass,2.0,8.31,9.15,2.62,recipe,true
2026-07-18,stow,stow,stow,b,Fresh is Best Summer Lager - Pint,1.0,8.18,9.0,2.1084,recipe,true
2026-07-18,stow,stow,stow,b,Fresh is Best Summer Lager - Schooner,1.0,7.73,8.5,1.5721,recipe,true
2026-07-18,stow,stow,stow,b,Bundaberg Ginger Beer,2.0,7.51,8.25,1.9844,recipe,true
2026-07-18,stow,stow,stow,f,Add Grilled Chicken,2.0,7.45,8.2,0.0,lightspeed,true
2026-07-18,stow,stow,stow,f,Extra Taco,1.0,6.57,7.23,0.9826,recipe,true
2026-07-18,stow,stow,stow,f,Side Aioli,14.0,5.95,6.68,0.0,lightspeed,true
2026-07-18,stow,stow,stow,f,Side Gravy,5.0,5.52,6.1,1.504,recipe,true
2026-07-18,stow,stow,stow,b,Pink Lemonade Glass,1.0,4.22,4.65,0.9483,recipe,true
2026-07-18,stow,stow,stow,f,Extra Arancini Ball,1.0,3.76,4.13,0.0,lightspeed,true
2026-07-18,stow,stow,stow,f,Hot Honey,1.0,2.82,3.1,0.0,lightspeed,true
2026-07-18,stow,stow,stow,f,Caramelised Onion Jam,1.0,2.73,3.0,0.0,lightspeed,true
2026-07-18,stow,stow,stow,f,2x Aioli,2.0,1.88,2.06,0.0,lightspeed,true
2026-07-18,stow,stow,stow,b,Fever-Tree Mediterannean  [mixer],2.0,1.88,2.06,0.0,lightspeed,true
2026-07-18,stow,stow,stow,f,Side Spicy Salsa,2.0,1.85,2.03,0.0,lightspeed,true
2026-07-18,stow,stow,stow,b,Swap Fries for Buffalo Wings & Blue Cheese Dip,1.0,1.82,2.0,0.0,lightspeed,true
2026-07-18,stow,stow,stow,f,Add Side Guac,1.0,0.94,1.03,0.0,lightspeed,true
2026-07-18,stow,stow,stow,f,Side Blue Cheese Dip,1.0,0.94,1.03,0.0,lightspeed,true
2026-07-18,stow,stow,stow,f,Side Chipotle Mayo,1.0,0.91,1.0,0.0,lightspeed,true
2026-07-18,stow,stow,stow,b,2 Glasses,1.0,0.0,0.0,0.0,lightspeed,true
2026-07-18,stow,stow,stow,b,3 Glasses,2.0,0.0,0.0,0.0,lightspeed,true
2026-07-18,stow,stow,stow,b,4 Glasses,2.0,0.0,0.0,0.0,lightspeed,true
2026-07-18,stow,stow,stow,f,Brownie D,7.0,0.0,0.0,13.6507,recipe,true
2026-07-18,stow,stow,stow,b,Classic,2.0,0.0,0.0,0.0,lightspeed,true
2026-07-18,stow,stow,stow,b,Cranberry Juice [mixer],2.0,0.0,0.0,1.38,recipe,true
2026-07-18,stow,stow,stow,b,Cucumber,1.0,0.0,0.0,0.0,lightspeed,true
2026-07-18,stow,stow,stow,b,Dirty,1.0,0.0,0.0,0.0,lightspeed,true
2026-07-18,stow,stow,stow,b,Dry Ginger Ale [mixer],1.0,0.0,0.0,0.0,lightspeed,true
2026-07-18,stow,stow,stow,f,Extra Gravy,1.0,0.0,0.0,0.3008,recipe,true
2026-07-18,stow,stow,stow,f,Extra Red Wine Jus,1.0,0.0,0.0,0.0,lightspeed,true
2026-07-18,stow,stow,stow,b,Filthy,1.0,0.0,0.0,0.0,lightspeed,true
2026-07-18,stow,stow,stow,b,Glass of Ice on the Side,3.0,0.0,0.0,0.0,lightspeed,true
2026-07-18,stow,stow,stow,b,Hail Africa.,1.0,0.0,0.0,0.0,lightspeed,true
2026-07-18,stow,stow,stow,b,Hawaiian.,1.0,0.0,0.0,0.0,lightspeed,true
2026-07-18,stow,stow,stow,b,Ice,2.0,0.0,0.0,0.0,lightspeed,true
2026-07-18,stow,stow,stow,b,Jug of Water,2.0,0.0,0.0,0.0,lightspeed,true
2026-07-18,stow,stow,stow,b,Lemon,4.0,0.0,0.0,0.0,lightspeed,true
2026-07-18,stow,stow,stow,b,Lemon Twist,2.0,0.0,0.0,0.0,lightspeed,true
2026-07-18,stow,stow,stow,b,Make It A Burrito Bowl [gluten-free],2.0,0.0,0.0,0.0,lightspeed,true
2026-07-18,stow,stow,stow,b,No Anchovies,2.0,0.0,0.0,0.0,lightspeed,true
2026-07-18,stow,stow,stow,b,No Burger Sauce,1.0,0.0,0.0,0.0,lightspeed,true
2026-07-18,stow,stow,stow,b,No Cheese (Make It Dairy-Free),1.0,0.0,0.0,0.0,lightspeed,true
2026-07-18,stow,stow,stow,b,No Cheese [dairy-free],1.0,0.0,0.0,0.0,lightspeed,true
2026-07-18,stow,stow,stow,b,No Chilli,1.0,0.0,0.0,0.0,lightspeed,true
2026-07-18,stow,stow,stow,b,"No Chorizo, No Cry.",1.0,0.0,0.0,0.0,lightspeed,true
2026-07-18,stow,stow,stow,b,No Garnish,1.0,0.0,0.0,0.0,lightspeed,true
2026-07-18,stow,stow,stow,b,No Glasses Needed,2.0,0.0,0.0,0.0,lightspeed,true
2026-07-18,stow,stow,stow,b,No Ice,1.0,0.0,0.0,0.0,lightspeed,true
2026-07-18,stow,stow,stow,b,No Jalape|os,1.0,0.0,0.0,0.0,lightspeed,true
2026-07-18,stow,stow,stow,b,No Lettuce,2.0,0.0,0.0,0.0,lightspeed,true
2026-07-18,stow,stow,stow,b,No Lime,1.0,0.0,0.0,0.0,lightspeed,true
2026-07-18,stow,stow,stow,b,No Mayo,1.0,0.0,0.0,0.0,lightspeed,true
2026-07-18,stow,stow,stow,b,No Mozzarella,1.0,0.0,0.0,0.0,lightspeed,true
2026-07-18,stow,stow,stow,b,No Mushroom,1.0,0.0,0.0,0.0,lightspeed,true
2026-07-18,stow,stow,stow,b,No Onion,2.0,0.0,0.0,0.0,lightspeed,true
2026-07-18,stow,stow,stow,b,No Pickle,1.0,0.0,0.0,0.0,lightspeed,true
2026-07-18,stow,stow,stow,b,No Pico de Gallo,1.0,0.0,0.0,0.0,lightspeed,true
2026-07-18,stow,stow,stow,b,No Salt,5.0,0.0,0.0,0.0,lightspeed,true
2026-07-18,stow,stow,stow,b,No Tomato,3.0,0.0,0.0,0.0,lightspeed,true
2026-07-18,stow,stow,stow,b,Olive,2.0,0.0,0.0,0.0,lightspeed,true
2026-07-18,stow,stow,stow,b,On The Rocks,4.0,0.0,0.0,0.0,lightspeed,true
2026-07-18,stow,stow,stow,b,Orange,3.0,0.0,0.0,0.0,lightspeed,true
2026-07-18,stow,stow,stow,b,Orange Juice [mixer],1.0,0.0,0.0,0.4801,recipe,true
2026-07-18,stow,stow,stow,b,Pepsi [mixer],1.0,0.0,0.0,0.8,lightspeed,true
2026-07-18,stow,stow,stow,b,Philter Red - Schooner,4.4,0.0,0.0,11.1434,recipe,true
2026-07-18,stow,stow,stow,b,Send Kids Food ASAP,1.0,0.0,0.0,0.0,lightspeed,true
2026-07-18,stow,stow,stow,f,Side BBQ Sauce,4.0,0.0,0.0,0.0,lightspeed,true
2026-07-18,stow,stow,stow,b,Side Tomato Sauce,10.0,0.0,0.0,0.0,lightspeed,true
2026-07-18,stow,stow,stow,b,Soda [mixer],1.0,0.0,0.0,0.0,lightspeed,true
2026-07-18,stow,stow,stow,b,Tandoori Chicken.,1.0,0.0,0.0,0.0,lightspeed,true
2026-07-18,stow,stow,stow,b,Vegan Cheese [make it dairy-free],1.0,0.0,0.0,0.0,lightspeed,true
2026-07-19,mari,mari,mari,f,Large Hawaiian,4.0,65.45,72.0,13.2628,recipe,true
2026-07-19,mari,mari,mari,f,Regular Uber Margherita [Dine-in],3.0,60.59,66.65,8.136,recipe,true
2026-07-19,mari,mari,mari,f,Large Super House Special,3.0,56.27,61.9,22.8531,recipe,true
2026-07-19,mari,mari,mari,f,Large Little Italy,2.0,55.18,60.7,14.7808,recipe,true
2026-07-19,mari,mari,mari,f,Regular Little Italy [Dine-in],2.0,52.0,57.2,8.331,recipe,true
2026-07-19,mari,mari,mari,f,$45 FEAST,1.0,45.0,49.5,14.0714,recipe,true
2026-07-19,mari,mari,mari,f,Regular Little Italy,2.0,39.0,42.9,9.5162,recipe,true
2026-07-19,mari,mari,mari,f,Regular Hail Africa,2.0,34.73,38.2,6.83,recipe,true
2026-07-19,mari,mari,mari,f,WINGS DEAL,1.0,30.0,33.0,9.9445,recipe,true
2026-07-19,mari,mari,mari,f,Large Bubba Gump,1.0,28.18,31.0,5.5006,recipe,true
2026-07-19,mari,mari,mari,f,Large Paddock,1.0,28.18,31.0,5.1033,recipe,true
2026-07-19,mari,mari,mari,f,Large Sanchez,1.0,28.18,31.0,5.8374,recipe,true
2026-07-19,mari,mari,mari,f,Regular Hail Africa [Dine-in],1.0,27.91,30.7,2.8225,recipe,true
2026-07-19,mari,mari,mari,f,Large Jimmy Jury,1.0,27.0,29.7,6.2011,recipe,true
2026-07-19,mari,mari,mari,f,Large Pepperoni,1.0,25.45,28.0,4.361,recipe,true
2026-07-19,mari,mari,mari,f,Large Roma Special,1.0,25.0,27.5,5.6021,recipe,true
2026-07-19,mari,mari,mari,f,Regular New Yorker [Dine-in],1.0,24.0,26.4,2.6399,recipe,true
2026-07-19,mari,mari,mari,f,Regular Bubba Gump,1.0,23.64,26.0,3.6381,recipe,true
2026-07-19,mari,mari,mari,f,Regular El Patron,1.0,22.73,25.0,4.3212,recipe,true
2026-07-19,mari,mari,mari,f,Regular Sanchez,1.0,22.73,25.0,4.5378,recipe,true
2026-07-19,mari,mari,mari,f,Regular Super House Special,1.0,21.82,24.0,4.6187,recipe,true
2026-07-19,mari,mari,mari,f,Regular Truffalo Soldier,1.0,21.82,24.0,3.6606,recipe,true
2026-07-19,mari,mari,mari,f,Large Margherita,1.0,20.0,22.0,2.3272,recipe,true
2026-07-19,mari,mari,mari,f,Regular Hawaiian,1.0,20.0,22.0,3.272,recipe,true
2026-07-19,mari,mari,mari,f,Regular Cosmopolitan,1.0,19.5,21.45,4.4662,recipe,true
2026-07-19,mari,mari,mari,f,Regular Meatlovers,1.0,19.5,21.45,4.3392,recipe,true
2026-07-19,mari,mari,mari,f,Regular Paddock,1.0,19.5,21.45,4.0838,recipe,true
2026-07-19,mari,mari,mari,f,Regular Pepperoni,1.0,15.0,16.5,2.6992,recipe,true
2026-07-19,mari,mari,mari,f,Regular Margherita,1.0,14.0,15.4,2.0331,recipe,true
2026-07-19,mari,mari,mari,f,Under the Bridge Pizza,1.0,10.4,11.44,3.9357,recipe,true
2026-07-19,mari,mari,mari,f,Regular Garlic Cheese Pizza,1.0,8.18,9.0,1.5021,recipe,true
2026-07-19,mari,mari,mari,f,Cheesy Garlic Bread,1.0,7.27,8.0,1.8027,recipe,true
2026-07-19,mari,mari,mari,f,Delivery Fee - Curl Curl / Manly / Dee Why,1.0,6.5,7.15,0.0,lightspeed,true
2026-07-19,mari,mari,mari,f,Add Prosciutto,2.0,6.4,7.04,0.0,lightspeed,true
2026-07-19,mari,mari,mari,f,Sunkist 1.25L,1.0,6.36,7.0,3.77,recipe,true
2026-07-19,mari,mari,mari,f,Delivery Fee - Freshwater / Queenscliff,1.0,5.0,5.5,0.0,lightspeed,true
2026-07-19,mari,mari,mari,f,Add Anchovies,2.0,4.0,4.4,0.0,lightspeed,true
2026-07-19,mari,mari,mari,f,Add Bacon,1.0,4.0,4.4,0.0,lightspeed,true
2026-07-19,mari,mari,mari,f,Online Surcharge,3.0,3.71,3.71,0.0,lightspeed,true
2026-07-19,mari,mari,mari,f,Coke Can,1.0,3.64,4.0,1.89,recipe,true
2026-07-19,mari,mari,mari,f,Add Fetta,1.0,3.0,3.3,0.0,lightspeed,true
2026-07-19,mari,mari,mari,f,Add Mushrooms,1.0,1.5,1.65,0.0,lightspeed,true
2026-07-19,mari,mari,mari,f,Add Olives,1.0,1.5,1.65,0.0,lightspeed,true
2026-07-19,mari,mari,mari,f,Add Pumpkin,1.0,1.5,1.65,0.0,lightspeed,true
2026-07-19,mari,mari,mari,f,Add Rocket,1.0,1.5,1.65,0.0,lightspeed,true
2026-07-19,mari,mari,mari,f,Add Chilli,1.0,1.0,1.1,0.0,lightspeed,true
2026-07-19,mari,mari,mari,f,Garlic Bread,2.0,0.0,0.0,2.9754,recipe,true
2026-07-19,mari,mari,mari,f,Large Meatlovers,1.0,0.0,0.0,6.74,recipe,true
2026-07-19,mari,mari,mari,f,Less Cheese,1.0,0.0,0.0,0.0,lightspeed,true
2026-07-19,stow,stow,stow,f,Lamb Roast,57.0,1707.57,1878.42,377.2716,recipe,true
2026-07-19,stow,stow,stow,f,Chicken Roast,18.0,549.82,604.84,96.8184,recipe,true
2026-07-19,stow,stow,stow,b,Dom P|rignon Champagne - Bottle,1.0,440.0,484.0,332.55,recipe,true
2026-07-19,stow,stow,stow,b,Mulled Wine,24.0,355.99,391.59,50.0688,recipe,true
2026-07-19,stow,stow,stow,b,Guinness Draught - Pint,33.0,301.0,331.09,158.5683,recipe,true
2026-07-19,stow,stow,stow,b,Stone & Wood - Schooner,22.7,292.06,321.25,74.826,recipe,true
2026-07-19,stow,stow,stow,b,Stone & Wood - Pint,17.0,289.54,318.48,75.1553,recipe,true
2026-07-19,stow,stow,stow,b,Fresh is Best Lager - Pint,23.0,277.89,305.67,55.7037,recipe,true
2026-07-19,stow,stow,stow,b,Jalapeño Marg,11.0,223.16,245.46,42.3038,recipe,true
2026-07-19,stow,stow,stow,f,Fish Tacos,10.0,205.24,225.77,18.485,recipe,true
2026-07-19,stow,stow,stow,f,American Standard Burger,7.0,191.84,211.02,40.8821,recipe,true
2026-07-19,stow,stow,stow,b,Grifter Pale - Pint,13.0,191.45,210.6,43.2822,recipe,true
2026-07-19,stow,stow,stow,b,Grifter Pale - Schooner,17.0,179.4,197.34,42.2008,recipe,true
2026-07-19,stow,stow,stow,b,Negroni,8.0,176.72,194.39,32.792,recipe,true
2026-07-19,stow,stow,stow,b,Classic Margarita,8.0,163.29,179.61,33.3792,recipe,true
2026-07-19,stow,stow,stow,b,Kuku Sauvignon Blanc - Regular,11.0,153.06,168.37,32.0551,recipe,true
2026-07-19,stow,stow,stow,b,Status Quo - Pint,9.0,150.5,165.55,37.4283,recipe,true
2026-07-19,stow,stow,stow,b,Villa Fresco Sangiovese - Regular,13.0,148.01,162.8,31.3599,recipe,true
2026-07-19,stow,stow,stow,f,Nut Roast,5.0,147.89,162.67,24.6405,recipe,true
2026-07-19,stow,stow,stow,f,Fancy Pants Parmy - Classic,5.0,147.85,162.63,37.993,recipe,true
2026-07-19,stow,stow,stow,f,Pie,8.0,146.91,161.61,0.0,lightspeed,true
2026-07-19,stow,stow,stow,b,Petits Detours Rosé - Regular,9.0,145.05,159.55,31.212,recipe,true
2026-07-19,stow,stow,stow,f,Buffalo Wings,8.0,142.28,156.52,23.8112,recipe,true
2026-07-19,stow,stow,stow,b,Trutta Streamside Shiraz [Chilled] - Regular,9.0,140.4,154.44,35.712,recipe,true
2026-07-19,stow,stow,stow,b,Glaetzer Anaperenna Shiraz Cab - Regular,5.0,140.0,154.0,34.815,recipe,true
2026-07-19,stow,stow,stow,f,Sensei Calamari,7.0,137.78,151.55,15.8396,recipe,true
2026-07-19,stow,stow,stow,b,Philter XPA - Pint,9.0,135.0,148.5,27.0198,recipe,true
2026-07-19,stow,stow,stow,f,Arancini Balls [5pc],6.0,129.17,142.08,0.0,lightspeed,true
2026-07-19,stow,stow,stow,b,Das Juice Pink Pet Nat - Bottle,2.0,128.06,140.87,33.0,lightspeed,true
2026-07-19,stow,stow,stow,b,Sibiliana Nero D'Avola - Regular,7.0,125.98,138.58,22.89,recipe,true
2026-07-19,stow,stow,stow,b,Crankshaft IPA - Pint,7.0,122.5,134.75,30.1168,recipe,true
2026-07-19,stow,stow,stow,f,Beef Cheek,3.0,117.02,128.72,0.0,lightspeed,true
2026-07-19,stow,stow,stow,b,Espresso Martini,6.0,114.62,126.08,19.71,recipe,true
2026-07-19,stow,stow,stow,b,Version Two Pinot Grigio - Regular,11.0,113.2,124.52,19.4337,recipe,true
2026-07-19,stow,stow,stow,b,Kirin - Schooner,8.0,112.46,123.71,30.3752,recipe,true
2026-07-19,stow,stow,stow,b,Ottelia Cab Sav - Regular,6.0,103.15,113.46,27.648,recipe,true
2026-07-19,stow,stow,stow,b,Mother's Milk Shiraz - Regular,7.0,100.51,110.57,22.5141,recipe,true
2026-07-19,stow,stow,stow,b,Amarretto Sour,5.0,96.6,106.26,19.1335,recipe,true
2026-07-19,stow,stow,stow,b,Kirin - Pint,5.0,92.5,101.75,25.462,recipe,true
2026-07-19,stow,stow,stow,b,Fresh is Best Summer Lager - Schooner,12.0,91.8,100.97,18.8652,recipe,true
2026-07-19,stow,stow,stow,f,Rosemary Salted Fries,7.0,89.42,98.36,13.02,recipe,true
2026-07-19,stow,stow,stow,b,Unico Zelo Terra Cotta - Bottle,2.0,87.6,96.36,43.7806,recipe,true
2026-07-19,stow,stow,stow,b,Fresh is Best Lager - Schooner,9.7,85.17,93.69,17.5163,recipe,true
2026-07-19,stow,stow,stow,f,Rocket Man,5.0,81.01,89.11,15.986,recipe,true
2026-07-19,stow,stow,stow,b,Flower Child,4.0,79.2,87.12,14.0668,recipe,true
2026-07-19,stow,stow,stow,b,White Light Pure Vodka [House],8.0,79.2,87.12,12.1664,recipe,true
2026-07-19,stow,stow,stow,b,Sigurd GSM Red Blend - Bottle,1.0,77.0,84.7,23.1,lightspeed,true
2026-07-19,stow,stow,stow,b,Year Wines Fiano - Regular,4.0,73.77,81.15,17.084,recipe,true
2026-07-19,stow,stow,stow,b,A. Rodda Tempranillo - Regular,4.0,73.18,80.5,22.2796,recipe,true
2026-07-19,stow,stow,stow,b,Scorched As,4.0,71.86,79.04,17.3892,recipe,true
2026-07-19,stow,stow,stow,b,Unico Zelo Terra Cotta - Regular,4.0,68.4,75.24,17.512,recipe,true
2026-07-19,stow,stow,stow,b,Crankshaft IPA - Schooner,5.0,67.5,74.25,16.0395,recipe,true
2026-07-19,stow,stow,stow,b,Hakushu 12yr,2.0,67.2,73.92,25.2668,recipe,true
2026-07-19,stow,stow,stow,b,Casa Gheller Prosecco - Glass,4.0,64.0,70.4,13.392,recipe,true
2026-07-19,stow,stow,stow,f,Cauliflower Cheese,9.0,59.98,65.99,7.929,recipe,true
2026-07-19,stow,stow,stow,b,Philter XPA - Schooner,5.0,57.88,63.67,11.1925,recipe,true
2026-07-19,stow,stow,stow,b,Bombay Dry [House],5.0,55.0,60.5,10.822,recipe,true
2026-07-19,stow,stow,stow,b,Whispering Angel Rosé - Regular,2.0,53.2,58.52,13.718,recipe,true
2026-07-19,stow,stow,stow,b,Petits Detours Rosé - Large,2.0,51.64,56.8,11.56,recipe,true
2026-07-19,stow,stow,stow,f,Baked Camembert,2.0,51.44,56.6,0.0,lightspeed,true
2026-07-19,stow,stow,stow,b,Ottelia Chardonnay - Large,2.0,50.81,55.89,11.5314,recipe,true
2026-07-19,stow,stow,stow,b,Trentham Estate Rosé - Regular,5.0,50.8,55.89,10.55,recipe,true
2026-07-19,stow,stow,stow,b,Geppetto Pinot Noir - Large Glass,2.0,48.78,53.66,11.7066,recipe,true
2026-07-19,stow,stow,stow,b,Ottelia Chardonnay - Regular,3.0,48.0,52.8,10.3782,recipe,true
2026-07-19,stow,stow,stow,b,Biscoff Espresso,2.0,47.51,52.26,6.4968,recipe,true
2026-07-19,stow,stow,stow,b,Kuku Sauvignon Blanc - Large,2.0,46.75,51.43,9.7134,recipe,true
2026-07-19,stow,stow,stow,b,Geppetto Pinot Noir - Regular,3.0,45.49,50.04,10.536,recipe,true
2026-07-19,stow,stow,stow,b,Heaps Normal Tin,4.0,45.1,49.62,10.6784,recipe,true
2026-07-19,stow,stow,stow,b,Asahi 3.5%,4.0,42.7,46.96,8.72,recipe,true
2026-07-19,stow,stow,stow,b,Pepsi Max Glass,9.0,40.8,44.89,11.79,recipe,true
2026-07-19,stow,stow,stow,b,Status Quo - Schooner,3.0,40.5,44.55,9.3024,recipe,true
2026-07-19,stow,stow,stow,b,"Lemon, Lime & Bitters",8.0,40.18,44.19,8.2152,recipe,true
2026-07-19,stow,stow,stow,f,Kids Nuggets & Chips,3.0,39.0,42.9,6.7281,recipe,true
2026-07-19,stow,stow,stow,b,Version Two Pinot Grigio - Large,2.0,38.0,41.8,5.889,recipe,true
2026-07-19,stow,stow,stow,b,Tommy's Margarita,2.0,37.55,41.3,10.1144,recipe,true
2026-07-19,stow,stow,stow,f,Extra Gravy,19.0,36.56,40.16,5.7152,recipe,true
2026-07-19,stow,stow,stow,b,Guinness Draught - Schooner,2.7,36.45,40.1,9.6733,recipe,true
2026-07-19,stow,stow,stow,f,Amalfi Olives,3.0,35.65,39.21,0.0,lightspeed,true
2026-07-19,stow,stow,stow,b,La Petite Mort Albarino 2025 - Regular,2.0,35.57,39.13,9.158,recipe,true
2026-07-19,stow,stow,stow,f,BBQ Wings,2.0,34.35,37.79,6.28,recipe,true
2026-07-19,stow,stow,stow,b,Wolf Lane Navy Gin,2.0,33.05,36.36,7.2978,recipe,true
2026-07-19,stow,stow,stow,b,Corona,3.0,31.84,35.03,7.7139,recipe,true
2026-07-19,stow,stow,stow,b,Fresh Lime Soda,9.0,31.74,34.92,0.0,lightspeed,true
2026-07-19,stow,stow,stow,f,BBQ Wings D,3.0,30.55,33.6,9.42,recipe,true
2026-07-19,stow,stow,stow,f,Eggplant Parmy,1.0,29.95,32.95,0.0,lightspeed,true
2026-07-19,stow,stow,stow,b,Grey Goose,2.0,28.0,30.8,5.148,recipe,true
2026-07-19,stow,stow,stow,f,Stow Schnitty,1.0,27.79,30.58,5.498,recipe,true
2026-07-19,stow,stow,stow,b,Peroni 0%,3.0,27.29,30.02,5.5389,recipe,true
2026-07-19,stow,stow,stow,b,Ottelia Cab Sav - Large,1.0,27.0,29.7,7.68,recipe,true
2026-07-19,stow,stow,stow,b,Pepsi Glass,6.0,27.0,29.7,7.86,recipe,true
2026-07-19,stow,stow,stow,f,Eggplant Schnitty,1.0,26.86,29.54,4.438,recipe,true
2026-07-19,stow,stow,stow,f,Sweet Potato Fries,2.0,26.86,29.54,5.0602,recipe,true
2026-07-19,stow,stow,stow,b,Grifter Big Sur IPA Tin,2.0,26.6,29.26,8.0,recipe,true
2026-07-19,stow,stow,stow,b,Virgin Margy,2.0,26.0,28.6,0.0,lightspeed,true
2026-07-19,stow,stow,stow,b,$21 Custom Cocktail,3.0,25.2,27.72,0.0,lightspeed,true
2026-07-19,stow,stow,stow,b,Grey Goose Vodka Martini,1.0,25.0,27.5,3.826,recipe,true
2026-07-19,stow,stow,stow,b,Davy's Old Fashioned,2.0,24.78,27.26,9.9285,recipe,true
2026-07-19,stow,stow,stow,b,Fresh is Best Summer Lager - Pint,2.0,24.0,26.4,4.2168,recipe,true
2026-07-19,stow,stow,stow,f,Onion Rings,2.0,24.0,26.4,0.0,lightspeed,true
2026-07-19,stow,stow,stow,b,Quiet Riot Negroni,1.0,23.75,26.13,4.5695,recipe,true
2026-07-19,stow,stow,stow,b,Coconut Margarita,1.0,23.0,25.3,4.2449,recipe,true
2026-07-19,stow,stow,stow,f,Extra Yorkshire Pudding,11.0,22.42,24.62,0.0,lightspeed,true
2026-07-19,stow,stow,stow,b,Better Beer Tin,2.0,21.0,23.1,4.76,recipe,true
2026-07-19,stow,stow,stow,b,Hugo Spritz,1.0,21.0,23.1,4.096,recipe,true
2026-07-19,stow,stow,stow,b,Limoncello Spritz,1.0,21.0,23.1,5.32,recipe,true
2026-07-19,stow,stow,stow,b,Campari,2.0,20.33,22.36,3.6694,recipe,true
2026-07-19,stow,stow,stow,b,Aperol Spritz,1.0,20.0,22.0,3.556,recipe,true
2026-07-19,stow,stow,stow,b,Campari Spritz,1.0,20.0,22.0,4.7294,recipe,true
2026-07-19,stow,stow,stow,f,Eggplant Parmy D,1.0,20.0,22.0,0.0,lightspeed,true
2026-07-19,stow,stow,stow,b,Apple Juice Glass,4.0,19.33,21.26,2.6376,recipe,true
2026-07-19,stow,stow,stow,b,French Martini,1.0,18.0,19.79,3.9211,recipe,true
2026-07-19,stow,stow,stow,b,Lemonade Glass,4.0,17.55,19.31,3.2128,recipe,true
2026-07-19,stow,stow,stow,b,Das Juice Pink Pet Nat - Regular,1.0,16.53,18.18,3.3,recipe,true
2026-07-19,stow,stow,stow,b,Oceanside,1.0,15.49,17.04,3.6073,recipe,true
2026-07-19,stow,stow,stow,b,Philter Red - Pint,1.0,15.49,17.04,3.3966,recipe,true
2026-07-19,stow,stow,stow,f,Buffalo Wings D,1.0,14.55,16.0,2.9764,recipe,true
2026-07-19,stow,stow,stow,f,Arancini Balls 5pcs D,1.0,14.0,15.4,0.0,lightspeed,true
2026-07-19,stow,stow,stow,f,Kids Margherita Pizza,1.0,13.43,14.77,0.0,lightspeed,true
2026-07-19,stow,stow,stow,b,Pornstar Martini,1.0,13.2,14.52,3.3949,recipe,true
2026-07-19,stow,stow,stow,b,Wolf Lane Navy Gin Tonica,1.0,13.2,14.52,6.6334,recipe,true
2026-07-19,stow,stow,stow,f,Sweet Potato Fries D,1.0,12.73,14.0,2.5301,recipe,true
2026-07-19,stow,stow,stow,b,Whisky Sour,1.0,12.6,13.86,4.6346,recipe,true
2026-07-19,stow,stow,stow,b,Little Dragon Can,1.0,12.5,13.75,3.4861,recipe,true
2026-07-19,stow,stow,stow,f,Extra Veg,4.0,12.4,13.64,0.0,lightspeed,true
2026-07-19,stow,stow,stow,f,Brownie,2.0,12.39,13.63,5.6452,recipe,true
2026-07-19,stow,stow,stow,b,Vinada Sparkling Rose,1.0,12.39,13.63,3.0499,recipe,true
2026-07-19,stow,stow,stow,b,Lychee Martini,1.0,12.0,13.2,3.9078,recipe,true
2026-07-19,stow,stow,stow,b,Young Henrys Cloudy Cider Can,1.0,12.0,13.2,2.58,recipe,true
2026-07-19,stow,stow,stow,b,Monteith's Apple Cider Bottle,1.0,10.5,11.55,3.11,recipe,true
2026-07-19,stow,stow,stow,f,Lepinja Bread,1.0,10.33,11.36,0.0,lightspeed,true
2026-07-19,stow,stow,stow,f,Kids Icecream,2.0,10.18,11.2,1.47,recipe,true
2026-07-19,stow,stow,stow,f,Brownie D,3.0,10.0,11.0,5.8503,recipe,true
2026-07-19,stow,stow,stow,f,Lepinja Bread D,1.0,9.0,9.9,0.0,lightspeed,true
2026-07-19,stow,stow,stow,b,Stow Soda - Grapefruit,1.0,9.0,9.9,0.0866,recipe,true
2026-07-19,stow,stow,stow,b,Stow Soda - Passionfruit,1.0,9.0,9.9,0.0,lightspeed,true
2026-07-19,stow,stow,stow,b,Hendrick's Gin,1.0,8.4,9.24,2.8179,recipe,true
2026-07-19,stow,stow,stow,f,Extra Taco,1.0,7.23,7.95,0.9826,recipe,true
2026-07-19,stow,stow,stow,f,Add Grilled Fish,1.0,5.16,5.68,0.0,lightspeed,true
2026-07-19,stow,stow,stow,b,Orange Juice Glass,1.0,5.0,5.5,0.4801,recipe,true
2026-07-19,stow,stow,stow,f,Open Food,1.0,2.73,3.0,0.0,lightspeed,true
2026-07-19,stow,stow,stow,f,Side Aioli,5.0,2.56,2.81,0.0,lightspeed,true
2026-07-19,stow,stow,stow,f,Swap Fries for Sweet Potato Fries,1.0,2.07,2.27,0.0,lightspeed,true
2026-07-19,stow,stow,stow,f,Side Gravy,1.0,1.5,1.65,0.3008,recipe,true
2026-07-19,stow,stow,stow,f,Add Side Guac,1.0,1.03,1.14,0.0,lightspeed,true
2026-07-19,stow,stow,stow,f,Add Side Queso Dip,1.0,1.03,1.14,0.0,lightspeed,true
2026-07-19,stow,stow,stow,f,Side Blue Cheese Dip,1.0,1.0,1.1,0.0,lightspeed,true
2026-07-19,stow,stow,stow,b,Bry Ol San Pell,2.0,0.0,0.0,4.68,recipe,true
2026-07-19,stow,stow,stow,b,Dry,1.0,0.0,0.0,0.0,lightspeed,true
2026-07-19,stow,stow,stow,b,Easy Sauce,2.0,0.0,0.0,0.0,lightspeed,true
2026-07-19,stow,stow,stow,b,Glass of Ice on the Side,2.0,0.0,0.0,0.0,lightspeed,true
2026-07-19,stow,stow,stow,b,Gluten-free [remove Yorkshire],4.0,0.0,0.0,0.0,lightspeed,true
2026-07-19,stow,stow,stow,b,Lemon Twist,1.0,0.0,0.0,0.0,lightspeed,true
2026-07-19,stow,stow,stow,b,No Burger Sauce,1.0,0.0,0.0,0.0,lightspeed,true
2026-07-19,stow,stow,stow,b,No Corn,1.0,0.0,0.0,0.0,lightspeed,true
2026-07-19,stow,stow,stow,b,No Glasses Needed,1.0,0.0,0.0,0.0,lightspeed,true
2026-07-19,stow,stow,stow,b,No Onion,1.0,0.0,0.0,0.0,lightspeed,true
2026-07-19,stow,stow,stow,b,No Salad,2.0,0.0,0.0,0.0,lightspeed,true
2026-07-19,stow,stow,stow,b,No Tomato,2.0,0.0,0.0,0.0,lightspeed,true
2026-07-19,stow,stow,stow,b,On The Rocks,5.0,0.0,0.0,0.0,lightspeed,true
2026-07-19,stow,stow,stow,b,Orange,3.0,0.0,0.0,0.0,lightspeed,true
2026-07-19,stow,stow,stow,b,Philter Red - Schooner,1.0,0.0,0.0,2.5326,recipe,true
2026-07-19,stow,stow,stow,b,Pink Lemonade Glass,0.0,0.0,0.0,0.0,recipe,true
2026-07-19,stow,stow,stow,b,Remove Sour Cream,1.0,0.0,0.0,0.0,lightspeed,true
2026-07-19,stow,stow,stow,b,San Pellegrino 500ml,1.0,0.0,0.0,2.32,recipe,true
2026-07-19,stow,stow,stow,b,Send Kids Food ASAP,2.0,0.0,0.0,0.0,lightspeed,true
2026-07-19,stow,stow,stow,b,Send Kids Food With Mains,2.0,0.0,0.0,0.0,lightspeed,true
2026-07-19,stow,stow,stow,f,Side BBQ Sauce,2.0,0.0,0.0,0.0,lightspeed,true
2026-07-19,stow,stow,stow,b,Side Tomato Sauce,7.0,0.0,0.0,0.0,lightspeed,true
2026-07-19,stow,stow,stow,b,Soda [mixer],1.0,0.0,0.0,0.0,lightspeed,true
2026-07-19,stow,stow,stow,b,Swap Gravy for BBQ Sauce,1.0,0.0,0.0,0.0,lightspeed,true
2026-07-19,stow,stow,stow,b,Swap Gravy for Tomato Sauce,1.0,0.0,0.0,0.0,lightspeed,true
2026-07-19,stow,stow,stow,b,Tonic [mixer],2.0,0.0,0.0,1.61,lightspeed,true
2026-07-20,hg,hg,hg,f,Unlimited Dumplings,52.0,1134.64,1248.0,363.9012,recipe,true
2026-07-20,hg,hg,stow,f,Unlimited Dumplings,43.0,938.26,1032.0,300.9183,recipe,true
2026-07-20,hg,hg,hg,f,Miso,3.0,79.08,87.0,0.0,lightspeed,true
2026-07-20,hg,hg,stow,f,Katsu Curry,3.0,76.06,83.65,9.2889,recipe,true
2026-07-20,hg,hg,hg,b,Pepsi Max Glass,17.0,69.53,76.5,22.27,recipe,true
2026-07-20,hg,hg,hg,b,Harry's Lager - Pint,5.0,53.62,59.0,10.545,recipe,true
2026-07-20,hg,hg,hg,f,Chicken Katsu Curry,3.0,50.0,55.0,9.2889,recipe,true
2026-07-20,hg,hg,hg,f,Mie Goreng,3.0,48.47,53.31,17.0064,recipe,true
2026-07-20,hg,hg,stow,f,Shredded Beef,2.0,48.05,52.85,0.0,lightspeed,true
2026-07-20,hg,hg,hg,b,Lychee Martini,3.0,38.19,42.0,11.7234,recipe,true
2026-07-20,hg,hg,hg,b,Sapporo - Schooner,5.0,37.26,41.0,15.7675,recipe,true
2026-07-20,hg,hg,hg,f,Dumplings - Prawn Har Gow [GF],2.0,32.73,36.0,8.8038,recipe,true
2026-07-20,hg,hg,hg,f,Chicken Karaage,2.0,30.9,34.0,0.0,lightspeed,true
2026-07-20,hg,hg,stow,f,Outback Prawn Toast,2.0,30.04,33.04,7.7792,recipe,true
2026-07-20,hg,hg,hg,b,Aperol Spritz,2.0,30.0,33.0,7.112,recipe,true
2026-07-20,hg,hg,stow,f,Karaage Chicken,2.0,29.1,32.0,0.0,lightspeed,true
2026-07-20,hg,hg,hg,b,Pepsi Glass,7.0,28.63,31.5,9.17,recipe,true
2026-07-20,hg,hg,hg,b,Harry's Lager - Schooner,4.0,27.72,30.5,6.29,recipe,true
2026-07-20,hg,hg,hg,f,Tonkotsu,1.0,26.36,29.0,4.2643,recipe,true
2026-07-20,hg,hg,hg,f,Vegetarian Spring Rolls,2.0,25.45,28.0,3.2984,recipe,true
2026-07-20,hg,hg,hg,b,Yuzu Orange Soda,3.0,24.54,27.0,0.0,lightspeed,true
2026-07-20,hg,hg,hg,b,Sapporo - 500ml,2.0,23.18,25.5,7.42,recipe,true
2026-07-20,hg,hg,hg,b,Geppetto Chardonnay - Large,1.0,21.82,24.0,5.1893,recipe,true
2026-07-20,hg,hg,hg,f,Fried Rice,1.0,20.91,23.0,2.8242,recipe,true
2026-07-20,hg,hg,stow,f,Fried Rice,1.0,20.91,23.0,2.8242,recipe,true
2026-07-20,hg,hg,hg,b,Demon Slayer,1.0,19.09,21.0,4.1116,recipe,true
2026-07-20,hg,hg,hg,b,Drunken Koi,1.0,19.09,21.0,2.4425,recipe,true
2026-07-20,hg,hg,hg,b,Classic Margarita,1.0,17.27,19.0,4.1724,recipe,true
2026-07-20,hg,hg,hg,b,Dragon Juice,1.0,15.45,17.0,2.5854,recipe,true
2026-07-20,hg,hg,stow,f,Duck Spring Rolls,1.0,15.03,16.53,0.0,lightspeed,true
2026-07-20,hg,hg,hg,b,L'esprit Rosé - Regular,1.0,14.55,16.0,3.6,recipe,true
2026-07-20,hg,hg,stow,f,Veg Spring Rolls,1.0,14.09,15.5,0.0,lightspeed,true
2026-07-20,hg,hg,hg,f,BBQ Pork Buns,1.0,13.64,15.0,3.5,recipe,true
2026-07-20,hg,hg,stow,f,BBQ Pork Buns,1.0,13.64,15.0,3.5,recipe,true
2026-07-20,hg,hg,hg,b,Geppetto Chardonnay - Regular,1.0,13.64,15.0,3.1136,recipe,true
2026-07-20,hg,hg,hg,f,Dumplings - Beef & Cabbage,1.0,12.73,14.0,1.4619,recipe,true
2026-07-20,hg,hg,stow,f,Dumplings - Beef & Cabbage,1.0,12.21,13.43,1.4619,recipe,true
2026-07-20,hg,hg,hg,f,Kids Tonkotsu,1.0,11.82,13.0,0.0,lightspeed,true
2026-07-20,hg,hg,hg,f,Kids Unlimited Dumplings,1.0,10.91,12.0,0.0,lightspeed,true
2026-07-20,hg,hg,hg,b,River Retreat Pinot Grigio - Regular,1.0,10.91,12.0,2.01,recipe,true
2026-07-20,hg,hg,hg,f,Shoyu,1.0,10.54,11.6,0.0,lightspeed,true
2026-07-20,hg,hg,stow,f,Mie Goreng,1.0,8.36,9.2,5.6688,recipe,true
2026-07-20,hg,hg,hg,b,Dragon Soda,1.0,8.18,9.0,0.0554,recipe,true
2026-07-20,hg,hg,hg,b,Pink Lemonade Glass,2.0,8.18,9.0,1.8966,recipe,true
2026-07-20,hg,hg,hg,b,Apple Juice Glass,2.0,7.28,8.0,1.3188,recipe,true
2026-07-20,hg,hg,hg,f,Fried Egg,2.0,6.36,7.0,0.0,lightspeed,true
2026-07-20,hg,hg,hg,f,Shredded Beef,1.0,5.45,6.0,0.0,lightspeed,true
2026-07-20,hg,hg,hg,b,Lemon Lime Bitters,1.0,4.09,4.5,1.0269,recipe,true
2026-07-20,hg,hg,hg,b,Lemonade Glass,1.0,4.09,4.5,0.8032,recipe,true
2026-07-20,hg,hg,hg,f,1/2 Marinated Egg,2.0,3.64,4.0,0.0,lightspeed,true
2026-07-20,hg,hg,hg,b,Chicken,1.0,3.64,4.0,0.0,lightspeed,true
2026-07-20,hg,hg,hg,f,Duck Spring Roll,1.0,3.36,3.69,3.5692,recipe,true
2026-07-20,hg,hg,hg,f,GFO [GF Ramen Noodles],1.0,2.73,3.0,0.0,lightspeed,true
2026-07-20,hg,hg,hg,f,Swap for Tofu [Make it Vegan],1.0,0.0,0.0,0.0,lightspeed,true
2026-07-20,mari,mari,mari,f,Chicken,1.0,1.46,1.6,0.0,lightspeed,true
2026-07-20,stow,stow,stow,b,Guinness Draught - Pint,15.0,239.17,263.07,72.0765,recipe,true
2026-07-20,stow,stow,stow,b,Petits Detours Rosé - Regular,6.0,87.78,96.53,20.808,recipe,true
2026-07-20,stow,stow,stow,b,Fresh is Best Lager - Pint,6.0,68.16,75.0,14.5314,recipe,true
2026-07-20,stow,stow,stow,b,Fresh is Best Lager - Schooner,8.0,62.28,68.5,14.4464,recipe,true
2026-07-20,stow,stow,stow,b,Classic Margarita,4.0,61.82,68.0,16.6896,recipe,true
2026-07-20,stow,stow,stow,b,Aperol Spritz,3.0,49.51,54.46,10.668,recipe,true
2026-07-20,stow,stow,stow,b,Status Quo - Pint,3.0,48.77,53.66,12.4761,recipe,true
2026-07-20,stow,stow,stow,b,Stone & Wood - Schooner,4.0,48.05,52.85,13.1852,recipe,true
2026-07-20,stow,stow,stow,b,Villa Fresco Sangiovese - Bottle,1.0,46.01,50.61,12.06,lightspeed,true
2026-07-20,stow,stow,stow,b,Version Two Pinot Grigio - Regular,4.0,35.47,39.01,7.0668,recipe,true
2026-07-20,stow,stow,stow,b,Pepsi Glass,8.0,32.72,36.0,10.48,recipe,true
2026-07-20,stow,stow,stow,b,Crankshaft IPA - Pint,2.0,31.82,35.0,8.6048,recipe,true
2026-07-20,stow,stow,stow,b,Ottelia Cab Sav - Regular,2.0,30.9,34.0,9.216,recipe,true
2026-07-20,stow,stow,stow,b,Grifter Pale - Schooner,3.7,30.49,33.55,9.1849,recipe,true
2026-07-20,stow,stow,stow,b,Grifter Pale - Pint,3.0,30.0,33.0,9.9882,recipe,true
2026-07-20,stow,stow,stow,b,Lemon Meringue Martini,2.0,29.1,32.0,7.3628,recipe,true
2026-07-20,stow,stow,stow,b,Fresh is Best Summer Lager - Schooner,4.0,28.18,31.0,6.2884,recipe,true
2026-07-20,stow,stow,stow,b,Villa Fresco Sangiovese - Regular,3.0,26.0,28.6,7.2369,recipe,true
2026-07-20,stow,stow,stow,b,Peroni 0%,3.0,24.54,27.0,5.5389,recipe,true
2026-07-20,stow,stow,stow,b,"Lemon, Lime & Bitters",5.0,22.9,25.16,5.1345,recipe,true
2026-07-20,stow,stow,stow,b,Pepsi Max Glass,5.0,20.45,22.5,6.55,recipe,true
2026-07-20,stow,stow,stow,b,White Light Pure Vodka [House],3.0,19.08,21.0,4.5624,recipe,true
2026-07-20,stow,stow,stow,b,Trentham Estate Rosé - Large,1.0,17.27,19.0,3.5168,recipe,true
2026-07-20,stow,stow,stow,b,Trutta Streamside Shiraz [Chilled] - Regular,1.0,16.36,18.0,3.968,recipe,true
2026-07-20,stow,stow,stow,b,Mother's Milk Shiraz - Regular,1.0,14.09,15.49,3.2163,recipe,true
2026-07-20,stow,stow,stow,b,Fresh Lime Soda,4.0,12.82,14.11,0.0,lightspeed,true
2026-07-20,stow,stow,stow,b,Philter XPA - Schooner,2.0,12.72,14.0,4.477,recipe,true
2026-07-20,stow,stow,stow,b,Crankshaft IPA - Schooner,1.0,12.27,13.5,3.2079,recipe,true
2026-07-20,stow,stow,stow,b,Status Quo - Schooner,1.0,12.27,13.5,3.1008,recipe,true
2026-07-20,stow,stow,stow,f,Kids Nuggets & Chips,1.0,11.82,13.0,2.2427,recipe,true
2026-07-20,stow,stow,hg,f,Nuggets & Chips [HG],1.0,11.82,13.0,0.0,lightspeed,true
2026-07-20,stow,stow,stow,f,Rosemary Salted Fries,1.0,11.73,12.9,1.86,recipe,true
2026-07-20,stow,stow,stow,b,Lemonade Glass,2.0,8.18,9.0,1.6064,recipe,true
2026-07-20,stow,stow,stow,b,San Pellegrino 500ml,1.0,8.18,9.0,2.32,recipe,true
2026-07-20,stow,stow,stow,b,Bombay Dry [House],1.0,6.36,7.0,2.1644,recipe,true
2026-07-20,stow,stow,stow,b,Trentham Estate Rosé - Regular,1.0,6.36,7.0,2.11,recipe,true
2026-07-20,stow,stow,stow,b,Pineapple Juice Glass,1.0,4.55,5.0,0.6942,recipe,true
2026-07-20,stow,stow,stow,b,Pink Lemonade Glass,1.0,4.09,4.5,0.9483,recipe,true
2026-07-20,stow,stow,stow,b,2 Glasses,1.0,0.0,0.0,0.0,lightspeed,true
2026-07-20,stow,stow,stow,b,Send Kids Food ASAP,1.0,0.0,0.0,0.0,lightspeed,true
2026-07-21,mari,mari,mari,f,Regular Sanchez [Dine-in],5.0,82.87,91.18,19.726,recipe,true
2026-07-21,mari,mari,mari,f,Regular Truffalo Soldier [Dine-in],5.0,80.16,88.2,15.34,recipe,true
2026-07-21,mari,mari,mari,f,Regular Little Italy [Dine-in],4.0,66.52,73.19,16.662,recipe,true
2026-07-21,mari,mari,mari,f,Large Meatlovers,2.0,56.36,62.0,13.48,recipe,true
2026-07-21,mari,mari,mari,f,Large Super House Special,2.0,54.54,60.0,15.2354,recipe,true
2026-07-21,mari,mari,mari,f,Regular Jimmy Jury [Dine-in],3.0,43.08,47.39,10.8642,recipe,true
2026-07-21,mari,mari,mari,f,Regular Meatlovers,2.0,40.46,44.5,8.6784,recipe,true
2026-07-21,mari,mari,mari,f,Large Pepperoni,2.0,36.36,40.0,8.722,recipe,true
2026-07-21,mari,mari,mari,f,Regular New Yorker [Dine-in],2.0,33.79,37.18,5.2798,recipe,true
2026-07-21,mari,mari,mari,f,Regular Uber Margherita [Dine-in],2.0,33.27,36.6,5.424,recipe,true
2026-07-21,mari,mari,mari,f,Regular Bubba Gump [Dine-in],2.0,33.26,36.59,6.091,recipe,true
2026-07-21,mari,mari,mari,f,Regular Hail Africa [Dine-in],2.0,33.26,36.59,5.645,recipe,true
2026-07-21,mari,mari,mari,f,Large Meatlovers Wings Deal,1.0,30.0,33.0,9.88,recipe,true
2026-07-21,mari,mari,mari,f,Large Little Italy,1.0,28.18,31.0,7.3904,recipe,true
2026-07-21,mari,mari,mari,f,Large Hail Africa Wings Deal,1.0,27.27,30.0,9.4212,recipe,true
2026-07-21,mari,mari,mari,f,Large Paddock,1.0,24.55,27.0,5.1033,recipe,true
2026-07-21,mari,mari,mari,f,Regular Bubba Gump,1.0,23.64,26.0,3.6381,recipe,true
2026-07-21,mari,mari,mari,f,Large Tandoori Chicken,1.0,22.73,25.0,3.1928,recipe,true
2026-07-21,mari,mari,mari,f,Large Sanchez,1.0,22.1,24.3,5.8374,recipe,true
2026-07-21,mari,mari,mari,f,Large Jimmy Jury,1.0,22.09,24.3,6.2011,recipe,true
2026-07-21,mari,mari,mari,f,Regular Roma Special,1.0,21.82,24.0,3.5344,recipe,true
2026-07-21,mari,mari,mari,f,Regular Truffalo Soldier,1.0,21.82,24.0,3.6606,recipe,true
2026-07-21,mari,mari,mari,f,Garlic Bread,4.0,20.92,23.0,5.9508,recipe,true
2026-07-21,mari,mari,mari,f,Two Bays GF Pale Can D,2.0,20.37,22.4,10.82,recipe,true
2026-07-21,mari,mari,mari,f,Regular Hawaiian,1.0,20.0,22.0,3.272,recipe,true
2026-07-21,mari,mari,mari,f,Large Margherita,1.0,18.18,20.0,2.3272,recipe,true
2026-07-21,mari,mari,mari,f,Regular Cosmopolitan,1.0,17.73,19.5,4.4662,recipe,true
2026-07-21,mari,mari,mari,f,Regular Meatlovers [Dine-in],1.0,16.91,18.61,3.7466,recipe,true
2026-07-21,mari,mari,mari,f,Regular Super House Special [Dine-in],1.0,16.91,18.61,4.0262,recipe,true
2026-07-21,mari,mari,mari,f,Regular The Paddock [Dine-in],1.0,16.9,18.59,3.4912,recipe,true
2026-07-21,mari,mari,mari,f,Axl Rose Pizza,1.0,16.89,18.59,0.0,lightspeed,true
2026-07-21,mari,mari,mari,f,Regular Roma Special [Dine-in],1.0,16.36,18.0,2.9418,recipe,true
2026-07-21,mari,mari,mari,f,Regular Cosmopolitan [Dine-in],1.0,14.72,16.2,3.8736,recipe,true
2026-07-21,mari,mari,mari,f,Regular Pepperoni,1.0,13.64,15.0,2.6992,recipe,true
2026-07-21,mari,mari,mari,f,Regular Garlic Cheese Pizza,1.0,8.18,9.0,1.5021,recipe,true
2026-07-21,mari,mari,mari,f,Delivery Fee - Curl Curl / Manly / Dee Why,1.0,5.91,6.5,0.0,lightspeed,true
2026-07-21,mari,mari,mari,f,Cheesy Garlic Bread,1.0,5.45,6.0,1.8027,recipe,true
2026-07-21,mari,mari,mari,f,Delivery Fee - Freshwater / Queenscliff,1.0,5.0,5.5,0.0,lightspeed,true
2026-07-21,mari,mari,mari,f,Add Calabrese,1.0,3.64,4.0,0.0,lightspeed,true
2026-07-21,mari,mari,mari,f,Online Surcharge,3.0,2.84,2.84,0.0,lightspeed,true
2026-07-21,mari,mari,mari,f,Vegan Cheese [Pizza],1.0,2.73,3.0,0.0,lightspeed,true
2026-07-21,mari,mari,mari,f,Add Olives,2.0,2.58,2.85,0.0,lightspeed,true
2026-07-21,mari,mari,mari,f,Add Anchovies,1.0,1.82,2.0,0.0,lightspeed,true
2026-07-21,mari,mari,mari,f,Add Pineapple,1.0,1.36,1.5,0.0,lightspeed,true
2026-07-21,mari,mari,mari,f,Add Rocket,1.0,1.36,1.5,0.0,lightspeed,true
2026-07-21,mari,mari,mari,f,BBQ Wings [Wings Deal],2.0,0.0,0.0,0.0,lightspeed,true
2026-07-21,mari,mari,mari,f,Garlic  Bread.,2.0,0.0,0.0,2.9754,recipe,true
2026-07-21,mari,mari,mari,f,Heaps Normal XPA D,1.0,0.0,0.0,2.6704,recipe,true
2026-07-21,mari,mari,mari,f,Large Vegetarian,1.0,0.0,0.0,4.2436,recipe,true
2026-07-21,mari,mari,mari,f,Less Cheese,3.0,0.0,0.0,0.0,lightspeed,true
2026-07-21,mari,mari,mari,f,Online Discount,1.0,-12.75,-12.75,0.0,lightspeed,true
2026-07-21,stow,stow,stow,b,Mulled Wine,9.0,114.57,126.0,18.7758,recipe,true
2026-07-21,stow,stow,stow,b,Jalapeño Marg,4.0,85.69,94.26,15.3832,recipe,true
2026-07-21,stow,stow,stow,b,Grifter Pale - Pint,6.0,83.19,91.47,19.9764,recipe,true
2026-07-21,stow,stow,stow,b,Villa Fresco Sangiovese - Regular,7.0,68.74,75.6,16.8861,recipe,true
2026-07-21,stow,stow,stow,b,Classic Margarita,4.0,67.27,74.0,16.6896,recipe,true
2026-07-21,stow,stow,stow,b,Version Two Sparkling - Regular,8.0,64.53,71.0,14.1336,recipe,true
2026-07-21,stow,stow,stow,b,Kuku Sauvignon Blanc - Regular,5.0,63.65,70.0,14.5705,recipe,true
2026-07-21,stow,stow,stow,f,Rosemary Salted Fries,5.0,55.52,61.05,9.3,recipe,true
2026-07-21,stow,stow,stow,b,Ottelia Chardonnay - Regular,4.0,55.29,60.8,13.8376,recipe,true
2026-07-21,stow,stow,stow,f,Buffalo Wings,4.0,55.15,60.66,11.9056,recipe,true
2026-07-21,stow,stow,stow,b,Fresh is Best Lager - Schooner,7.0,54.46,59.85,12.6406,recipe,true
2026-07-21,stow,stow,stow,b,Fresh is Best Lager - Pint,5.0,48.17,53.0,12.1095,recipe,true
2026-07-21,stow,stow,stow,b,Version Two Pinot Grigio - Regular,6.4,44.54,49.0,11.3069,recipe,true
2026-07-21,stow,stow,stow,b,Philter XPA - Schooner,5.0,43.98,48.4,11.1925,recipe,true
2026-07-21,stow,stow,stow,b,Tommy's Margarita,2.0,43.18,47.5,10.1144,recipe,true
2026-07-21,stow,stow,stow,b,Geppetto Pinot Noir - Regular,3.0,41.37,45.49,10.536,recipe,true
2026-07-21,stow,stow,stow,b,Fresh is Best Summer Lager - Pint,4.0,41.27,45.4,8.4336,recipe,true
2026-07-21,stow,stow,stow,b,Negroni,2.0,40.0,44.0,8.198,recipe,true
2026-07-21,stow,stow,stow,b,Grifter Pale - Schooner,5.0,35.89,39.5,12.412,recipe,true
2026-07-21,stow,stow,stow,b,Trentham Estate Rosé - Regular,3.0,33.81,37.2,6.33,recipe,true
2026-07-21,stow,stow,stow,b,Stow Vermouth Blend [30ml],3.0,32.73,36.0,4.0779,recipe,true
2026-07-21,stow,stow,stow,b,Espresso Martini,2.0,32.72,36.0,6.57,recipe,true
2026-07-21,stow,stow,stow,b,Oceanside,2.0,28.18,30.98,7.2146,recipe,true
2026-07-21,stow,stow,stow,b,White Light Pure Vodka [House],3.0,27.0,29.7,4.5624,recipe,true
2026-07-21,stow,stow,stow,b,Fresh is Best Summer Lager - Schooner,3.0,23.95,26.34,4.7163,recipe,true
2026-07-21,stow,stow,stow,b,Stone & Wood - Schooner,2.0,23.64,26.0,6.5926,recipe,true
2026-07-21,stow,stow,stow,f,Rocket Man,2.0,23.45,25.81,6.3944,recipe,true
2026-07-21,stow,stow,stow,b,Gin Martini,1.0,20.0,22.0,4.0012,recipe,true
2026-07-21,stow,stow,stow,b,Jameson Irish Whiskey,2.0,17.46,19.2,4.5094,recipe,true
2026-07-21,stow,stow,stow,b,Padrillos Malbec - Regular,1.0,16.36,18.0,3.8666,recipe,true
2026-07-21,stow,stow,stow,b,La Petite Mort Rosso 2025 - Regular,1.0,15.91,17.5,4.579,recipe,true
2026-07-21,stow,stow,stow,b,Status Quo - Pint,1.0,14.32,15.75,4.1587,recipe,true
2026-07-21,stow,stow,stow,b,Mother's Milk Shiraz - Regular,1.0,13.64,15.0,3.2163,recipe,true
2026-07-21,stow,stow,stow,b,Philter XPA - Pint,1.0,13.64,15.0,3.0022,recipe,true
2026-07-21,stow,stow,stow,f,Sweet Potato Fries D,1.0,12.64,13.9,2.5301,recipe,true
2026-07-21,stow,stow,stow,b,Virgin Margy,1.0,12.2,13.42,0.0,lightspeed,true
2026-07-21,stow,stow,stow,f,Sweet Potato Fries,1.0,11.82,13.0,2.5301,recipe,true
2026-07-21,stow,stow,stow,b,Fresh Lime Soda,3.0,9.85,10.84,0.0,lightspeed,true
2026-07-21,stow,stow,stow,b,Little Dragon Can,1.0,9.09,10.0,3.4861,recipe,true
2026-07-21,stow,stow,stow,b,"Lemon, Lime & Bitters",1.0,4.7,5.17,1.0269,recipe,true
2026-07-21,stow,stow,stow,b,Lemonade Glass,1.0,4.23,4.65,0.8032,recipe,true
2026-07-21,stow,stow,stow,b,+$3 Premium Spirit,1.0,2.46,2.7,0.0,lightspeed,true
2026-07-21,stow,stow,stow,f,Side Aioli,3.0,1.27,1.42,0.0,lightspeed,true
2026-07-21,stow,stow,stow,f,2x Aioli,1.0,0.94,1.03,0.0,lightspeed,true
2026-07-21,stow,stow,stow,f,Brownie D,2.0,0.0,0.0,3.9002,recipe,true
2026-07-21,stow,stow,stow,b,Bry Ol San Pell,1.0,0.0,0.0,2.34,recipe,true
2026-07-21,stow,stow,stow,b,Dry,1.0,0.0,0.0,0.0,lightspeed,true
2026-07-21,stow,stow,stow,b,Extra Sauce,1.0,0.0,0.0,0.0,lightspeed,true
2026-07-21,stow,stow,stow,b,Lemon Twist,1.0,0.0,0.0,0.0,lightspeed,true
2026-07-21,stow,stow,stow,b,No Anchovies,1.0,0.0,0.0,0.0,lightspeed,true
2026-07-21,stow,stow,stow,b,On The Rocks,2.0,0.0,0.0,0.0,lightspeed,true
2026-07-21,stow,stow,stow,f,Rocket Man D,1.0,0.0,0.0,3.1972,recipe,true
2026-07-21,stow,stow,stow,b,Side Tomato Sauce,1.0,0.0,0.0,0.0,lightspeed,true
2026-07-22,hg,hg,hg,f,Unlimited BBQ,4.0,163.64,180.0,34.34,lightspeed,true
2026-07-22,hg,hg,hg,f,Miso,8.0,160.0,176.0,0.0,lightspeed,true
2026-07-22,hg,hg,hg,f,Tonkotsu,8.0,148.72,163.6,34.1144,recipe,true
2026-07-22,hg,hg,hg,f,Unlimited Dumplings,5.0,109.09,120.0,34.9905,recipe,true
2026-07-22,hg,hg,hg,f,Shoyu,5.0,100.0,110.0,0.0,lightspeed,true
2026-07-22,hg,hg,hg,f,Dumplings - Prawn Har Gow [GF],5.0,85.43,94.0,22.0095,recipe,true
2026-07-22,hg,hg,hg,b,Classic Margarita,5.0,81.82,90.0,20.862,recipe,true
2026-07-22,hg,hg,hg,b,Aperol Spritz,4.0,69.09,76.0,14.224,recipe,true
2026-07-22,hg,hg,hg,f,Chicken Karaage,4.0,52.53,57.8,0.0,lightspeed,true
2026-07-22,hg,hg,hg,f,Shredded Beef,2.0,47.28,52.0,0.0,lightspeed,true
2026-07-22,hg,hg,hg,b,Azurescens Pinot Noir - Large,2.0,43.64,48.0,9.3334,recipe,true
2026-07-22,hg,hg,hg,f,Fried Rice,2.0,41.82,46.0,5.6484,recipe,true
2026-07-22,hg,hg,hg,f,Edamame,4.0,40.0,44.0,0.0,lightspeed,true
2026-07-22,hg,hg,hg,f,Dumplings - Beef & Cabbage,3.0,36.89,40.6,4.3857,recipe,true
2026-07-22,hg,hg,hg,b,Angas & Bremer Grenache - Regular,4.0,32.36,35.6,7.016,recipe,true
2026-07-22,hg,hg,hg,b,Harry's Lager - Schooner,4.0,29.14,32.05,6.29,recipe,true
2026-07-22,hg,hg,hg,f,Devon's Prawn Toast,2.0,29.1,32.0,7.7792,recipe,true
2026-07-22,hg,hg,hg,f,Duck Spring Roll,2.0,29.1,32.0,7.1384,recipe,true
2026-07-22,hg,hg,hg,b,L'esprit Rosé - Regular,2.0,29.1,32.0,7.2,recipe,true
2026-07-22,hg,hg,hg,b,Trutta Streamside Shiraz - Regular [HG],2.0,27.65,30.4,7.936,recipe,true
2026-07-22,hg,hg,hg,b,Geppetto Chardonnay - Regular,2.0,27.28,30.0,6.2272,recipe,true
2026-07-22,hg,hg,hg,f,Popcorn Cauliflower,2.0,27.28,30.0,1.9222,recipe,true
2026-07-22,hg,hg,hg,f,Chicken Katsu Curry,1.0,24.55,27.0,3.0963,recipe,true
2026-07-22,hg,hg,hg,b,Pepsi Max Glass,6.0,24.54,27.0,7.86,recipe,true
2026-07-22,hg,hg,hg,b,Sapporo - Schooner,3.0,24.54,27.0,9.4605,recipe,true
2026-07-22,hg,hg,hg,f,Dumplings - Veg Gyoza,2.0,24.19,26.6,3.9038,recipe,true
2026-07-22,hg,hg,hg,f,Kids Mie Goreng,2.0,23.64,26.0,0.0,lightspeed,true
2026-07-22,hg,hg,hg,b,Harry's Lager - Pint,2.0,22.72,25.0,4.218,recipe,true
2026-07-22,hg,hg,hg,b,Lemon Chu-hi,2.0,21.82,24.0,3.0082,recipe,true
2026-07-22,hg,hg,hg,f,Kids Dumplings - Beef,3.0,21.81,24.0,0.0,lightspeed,true
2026-07-22,hg,hg,hg,f,Mie Goreng,1.0,20.91,23.0,5.6688,recipe,true
2026-07-22,hg,hg,hg,b,Angas & Bremer Grenache - Large,1.0,17.18,18.9,2.9232,recipe,true
2026-07-22,hg,hg,hg,f,1/2 Marinated Egg,9.0,16.38,18.0,0.0,lightspeed,true
2026-07-22,hg,hg,hg,b,Sapporo - 500ml,1.0,15.0,16.5,3.71,recipe,true
2026-07-22,hg,hg,hg,f,Kids Dumplings - Vegetable,2.0,14.54,16.0,0.0,lightspeed,true
2026-07-22,hg,hg,hg,f,BBQ Pork Buns,1.0,13.64,15.0,3.5,recipe,true
2026-07-22,hg,hg,hg,b,Azurescens Pinot Noir - Regular,1.0,12.28,13.5,2.8001,recipe,true
2026-07-22,hg,hg,hg,b,Kuku Sauv Blanc - Regular,1.0,11.82,13.0,2.6,recipe,true
2026-07-22,hg,hg,hg,b,Grifter Pale - Schooner [HG],1.0,10.45,11.5,0.0,lightspeed,true
2026-07-22,hg,hg,hg,b,Lemonade Glass,2.0,8.19,9.0,1.6064,recipe,true
2026-07-22,hg,hg,hg,b,Chicken,2.0,7.28,8.0,0.0,lightspeed,true
2026-07-22,hg,hg,hg,f,GFO [GF Ramen Noodles],2.0,5.46,6.0,0.0,lightspeed,true
2026-07-22,hg,hg,hg,b,Chicken.,2.0,3.64,4.0,0.0,lightspeed,true
2026-07-22,hg,hg,hg,f,Bamboo Shoots,1.0,1.82,2.0,0.0,lightspeed,true
2026-07-22,hg,hg,hg,f,Jasmine Rice,1.0,1.82,2.0,0.0,lightspeed,true
2026-07-22,hg,hg,stow,f,Miso Ramen,1.0,0.0,0.0,0.0,lightspeed,true
2026-07-22,hg,hg,hg,b,On the Rocks,2.0,0.0,0.0,0.0,lightspeed,true
2026-07-22,hg,hg,hg,b,Remove Black Mushroom,1.0,0.0,0.0,0.0,lightspeed,true
2026-07-22,hg,hg,hg,f,Swap for Chicken,3.0,0.0,0.0,0.0,lightspeed,true
2026-07-22,hg,hg,hg,f,Swap for Tofu,1.0,0.0,0.0,0.0,lightspeed,true
2026-07-22,mari,mari,mari,f,Regular Little Italy [Dine-in],3.0,71.69,78.85,12.4965,recipe,true
2026-07-22,mari,mari,mari,f,Large Little Italy,2.0,56.36,62.0,14.7808,recipe,true
2026-07-22,mari,mari,mari,f,Large Sanchez,2.0,52.73,58.0,11.6748,recipe,true
2026-07-22,mari,mari,mari,f,Gluten-free El Patron [Dine-in],1.0,28.18,31.0,7.9232,recipe,true
2026-07-22,mari,mari,mari,f,Large Meatlovers,1.0,28.18,31.0,6.74,recipe,true
2026-07-22,mari,mari,mari,f,Large BBQ Chicken Pizza,1.0,27.73,30.5,4.111,recipe,true
2026-07-22,mari,mari,mari,f,Gluten-free Uber Margherita [Dine-in],1.0,25.46,28.0,6.9008,recipe,true
2026-07-22,mari,mari,mari,f,Large Hawaiian,1.0,25.45,28.0,3.3157,recipe,true
2026-07-22,mari,mari,mari,f,Large Uber Margherita,1.0,24.55,27.0,4.384,recipe,true
2026-07-22,mari,mari,mari,f,Regular El Patron [Dine-in],1.0,23.64,26.0,3.7287,recipe,true
2026-07-22,mari,mari,mari,f,Regular Sanchez VEGAN [Dine-in],1.0,23.64,26.0,2.0465,recipe,true
2026-07-22,mari,mari,mari,f,Large Cosmopolitan,1.0,22.73,25.0,7.041,recipe,true
2026-07-22,mari,mari,mari,f,Large Truffalo Soldier,1.0,22.73,25.0,5.2,recipe,true
2026-07-22,mari,mari,mari,f,Regular Uber Margherita [Dine-in],1.0,20.91,23.0,2.712,recipe,true
2026-07-22,mari,mari,mari,f,Regular Hawaiian,1.0,13.64,15.0,3.272,recipe,true
2026-07-22,mari,mari,mari,f,Regular Jimmy Jury [Dine-in],1.0,9.82,10.8,3.6214,recipe,true
2026-07-22,mari,mari,mari,f,Garlic Bread,2.0,5.91,6.5,2.9754,recipe,true
2026-07-22,mari,mari,mari,f,Coke Zero Can,1.0,3.64,4.0,1.89,recipe,true
2026-07-22,mari,mari,mari,f,Sour Cream,1.0,0.91,1.0,0.0,lightspeed,true
2026-07-22,mari,mari,mari,f,Less Cheese,1.0,0.0,0.0,0.0,lightspeed,true
2026-07-22,stow,stow,stow,f,Stow Schnitty,22.0,428.11,470.95,120.956,recipe,true
2026-07-22,stow,stow,stow,f,Fancy Pants Parmy - Classic,17.0,378.06,415.84,129.1762,recipe,true
2026-07-22,stow,stow,stow,b,Glaetzer Anaperenna Shiraz Cab - Regular,6.0,157.85,173.66,41.778,recipe,true
2026-07-22,stow,stow,stow,b,Guinness Draught - Pint,9.0,143.19,157.5,43.2459,recipe,true
2026-07-22,stow,stow,stow,b,Kirin - Schooner,11.0,141.7,155.83,41.7659,recipe,true
2026-07-22,stow,stow,stow,b,Mother's Milk Shiraz - Bottle,2.0,118.26,130.09,32.16,lightspeed,true
2026-07-22,stow,stow,stow,b,Status Quo - Pint,7.0,111.37,122.5,29.1109,recipe,true
2026-07-22,stow,stow,stow,b,Stone & Wood - Schooner,9.0,106.39,117.0,29.6667,recipe,true
2026-07-22,stow,stow,stow,b,Kuku Sauvignon Blanc - Bottle,2.0,105.46,116.0,29.15,lightspeed,true
2026-07-22,stow,stow,stow,b,Heaps Normal Tin,10.0,100.99,111.08,26.696,recipe,true
2026-07-22,stow,stow,stow,f,American Standard Burger,4.0,98.6,108.48,23.3612,recipe,true
2026-07-22,stow,stow,stow,b,Villa Fresco Sangiovese - Bottle,2.0,90.56,99.61,24.12,lightspeed,true
2026-07-22,stow,stow,stow,b,Villa Fresco Sangiovese - Regular,8.0,87.28,96.0,19.2984,recipe,true
2026-07-22,stow,stow,stow,f,Fancy Pants Parmy - Mexicali,3.0,84.51,92.97,0.0,lightspeed,true
2026-07-22,stow,stow,stow,b,Crankshaft IPA - Pint,5.0,79.55,87.5,21.512,recipe,true
2026-07-22,stow,stow,stow,f,Beef Cheek,2.0,74.93,82.42,0.0,lightspeed,true
2026-07-22,stow,stow,stow,b,Stone & Wood - Pint,5.0,70.03,77.06,22.1045,recipe,true
2026-07-22,stow,stow,stow,b,Mulled Wine,5.0,69.1,75.98,10.431,recipe,true
2026-07-22,stow,stow,stow,b,Version Two Pinot Grigio - Regular,7.0,67.27,74.0,12.3669,recipe,true
2026-07-22,stow,stow,stow,b,Two Bays Pale Ale Can,4.0,66.52,73.18,18.84,recipe,true
2026-07-22,stow,stow,stow,b,Grifter Pale - Schooner,6.0,62.0,68.23,14.8944,recipe,true
2026-07-22,stow,stow,stow,f,Pie,2.0,60.85,66.93,0.0,lightspeed,true
2026-07-22,stow,stow,stow,b,Philter XPA - Schooner,6.0,58.61,64.5,13.431,recipe,true
2026-07-22,stow,stow,stow,f,BBQ Wings D,4.0,58.21,64.0,12.56,recipe,true
2026-07-22,stow,stow,stow,f,Chicken Burrito,2.0,53.4,58.74,16.562,recipe,true
2026-07-22,stow,stow,stow,b,Kuku Sauvignon Blanc - Regular,4.0,50.92,56.0,11.6564,recipe,true
2026-07-22,stow,stow,stow,f,Sweet Potato Fries,4.0,48.85,53.72,10.1204,recipe,true
2026-07-22,stow,stow,stow,f,Beef Burger D,2.0,47.27,52.0,11.6806,recipe,true
2026-07-22,stow,stow,stow,f,Rosemary Salted Fries,4.0,46.91,51.6,7.44,recipe,true
2026-07-22,stow,stow,stow,b,Mother's Milk Shiraz - Large,2.0,45.46,50.0,10.721,recipe,true
2026-07-22,stow,stow,stow,f,Beef Burrito D,2.0,45.45,50.0,18.8144,recipe,true
2026-07-22,stow,stow,stow,b,Trentham Estate Rosé - Bottle,1.0,44.55,49.0,10.55,lightspeed,true
2026-07-22,stow,stow,stow,b,Version Two Pinot Grigio - Bottle,1.0,44.55,49.0,8.83,lightspeed,true
2026-07-22,stow,stow,stow,b,Version Two Sparkling - Regular,4.0,43.64,48.0,7.0668,recipe,true
2026-07-22,stow,stow,stow,b,Mother's Milk Shiraz - Regular,3.0,41.82,45.99,9.6489,recipe,true
2026-07-22,stow,stow,stow,b,Tommy's Margarita,2.0,41.82,46.0,10.1144,recipe,true
2026-07-22,stow,stow,stow,f,Arancini Balls [5pc],2.0,41.12,45.23,0.0,lightspeed,true
2026-07-22,stow,stow,stow,f,Sensei Calamari,2.0,36.62,40.27,4.5256,recipe,true
2026-07-22,stow,stow,stow,b,Classic Margarita,2.0,36.36,40.0,8.3448,recipe,true
2026-07-22,stow,stow,stow,b,Grifter Pale - Pint,3.0,35.46,39.0,9.9882,recipe,true
2026-07-22,stow,stow,stow,b,Version Two Pinot Grigio - Large,2.0,34.54,38.0,5.889,recipe,true
2026-07-22,stow,stow,stow,b,Year Wines Fiano - Regular,2.0,32.72,36.0,8.542,recipe,true
2026-07-22,stow,stow,stow,b,Fresh is Best Lager - Schooner,7.0,31.42,34.55,12.6406,recipe,true
2026-07-22,stow,stow,stow,f,Fish Burrito D,1.0,27.27,30.0,5.8414,recipe,true
2026-07-22,stow,stow,stow,f,Chicken Shindig Burger,1.0,25.25,27.78,5.3929,recipe,true
2026-07-22,stow,stow,stow,b,Padrillos Malbec - Large,1.0,24.55,27.0,6.4443,recipe,true
2026-07-22,stow,stow,stow,f,Baked Camembert,1.0,23.38,25.72,0.0,lightspeed,true
2026-07-22,stow,stow,stow,b,Fresh is Best Summer Lager - Schooner,3.0,23.19,25.5,4.7163,recipe,true
2026-07-22,stow,stow,stow,f,Arancini Balls 5pcs D,1.0,22.73,25.0,0.0,lightspeed,true
2026-07-22,stow,stow,stow,f,Farmhouse Salad,1.0,22.64,24.9,0.0,lightspeed,true
2026-07-22,stow,stow,stow,b,Geppetto Pinot Noir - Large Glass,1.0,22.53,24.78,5.8533,recipe,true
2026-07-22,stow,stow,stow,b,Lemon Meringue Martini,1.0,22.53,24.79,3.6814,recipe,true
2026-07-22,stow,stow,stow,f,Brownie,2.0,22.18,24.4,5.6452,recipe,true
2026-07-22,stow,stow,stow,b,Jalapeño Marg,1.0,21.61,23.74,3.8458,recipe,true
2026-07-22,stow,stow,stow,b,Kirin - Pint,1.0,16.82,18.5,5.0924,recipe,true
2026-07-22,stow,stow,stow,b,San Pellegrino 500ml,2.0,16.63,18.3,4.64,recipe,true
2026-07-22,stow,stow,stow,f,Buffalo Wings,1.0,16.46,18.1,2.9764,recipe,true
2026-07-22,stow,stow,stow,f,Bang Bang Cauli,1.0,15.95,17.55,2.7659,recipe,true
2026-07-22,stow,stow,stow,f,BBQ Wings,1.0,15.88,17.48,3.14,recipe,true
2026-07-22,stow,stow,stow,f,Buffalo Wings D,1.0,14.55,16.0,2.9764,recipe,true
2026-07-22,stow,stow,stow,b,Casa Gheller Prosecco - Glass,1.0,14.55,16.0,3.348,recipe,true
2026-07-22,stow,stow,stow,b,Petits Detours Rosé - Regular,1.0,14.55,16.0,3.468,recipe,true
2026-07-22,stow,stow,stow,b,Geppetto Pinot Noir - Regular,1.0,13.64,15.0,3.512,recipe,true
2026-07-22,stow,stow,stow,f,Sweet Potato Fries D,1.0,12.73,14.0,2.5301,recipe,true
2026-07-22,stow,stow,stow,b,Lemonade Glass,3.0,12.27,13.5,2.4096,recipe,true
2026-07-22,stow,stow,stow,f,Kids Nuggets & Chips,1.0,12.23,13.45,2.2427,recipe,true
2026-07-22,stow,stow,stow,b,Seadrift Coast Non-alc G&T,1.0,12.2,13.42,2.6518,recipe,true
2026-07-22,stow,stow,stow,f,Amalfi Olives,1.0,10.45,11.5,0.0,lightspeed,true
2026-07-22,stow,stow,stow,b,Hahn Super Dry GF,1.0,9.55,10.5,2.625,recipe,true
2026-07-22,stow,stow,stow,f,Lepinja Bread,1.0,9.09,10.0,0.0,lightspeed,true
2026-07-22,stow,stow,stow,b,White Light Pure Vodka [House],1.0,9.0,9.9,1.5208,recipe,true
2026-07-22,stow,stow,stow,b,Fresh is Best Summer Lager - Pint,1.0,8.18,9.0,2.1084,recipe,true
2026-07-22,stow,stow,stow,f,Swap Fries for Sweet Potato Fries,4.0,7.52,8.28,0.0,lightspeed,true
2026-07-22,stow,stow,stow,b,Bombay Dry [House],1.0,6.36,7.0,2.1644,recipe,true
2026-07-22,stow,stow,stow,f,Side Gravy,4.0,5.6,6.2,1.2032,recipe,true
2026-07-22,stow,stow,stow,f,Extra Patty,1.0,5.45,6.0,0.0,lightspeed,true
2026-07-22,stow,stow,stow,b,Cranberry Juice Glass,1.0,4.7,5.17,0.69,recipe,true
2026-07-22,stow,stow,stow,b,"Lemon, Lime & Bitters",1.0,4.7,5.17,1.0269,recipe,true
2026-07-22,stow,stow,stow,f,Kids Icecream,1.0,4.55,5.0,0.735,recipe,true
2026-07-22,stow,stow,stow,f,GF Flatbread,1.0,3.76,4.13,0.0,lightspeed,true
2026-07-22,stow,stow,stow,b,Fresh Lime Soda,1.0,3.18,3.5,0.0,lightspeed,true
2026-07-22,stow,stow,stow,f,Side Chipotle Mayo,3.0,2.82,3.09,0.0,lightspeed,true
2026-07-22,stow,stow,stow,f,Roasted Tomato Coulis,1.0,2.73,3.0,0.0,lightspeed,true
2026-07-22,stow,stow,stow,f,Side Aioli,5.0,2.27,2.54,0.0,lightspeed,true
2026-07-22,stow,stow,stow,f,2x Aioli,1.0,0.94,1.03,0.0,lightspeed,true
2026-07-22,stow,stow,stow,f,Side Blue Cheese Dip,1.0,0.94,1.03,0.0,lightspeed,true
2026-07-22,stow,stow,stow,f,Side Sour Cream,1.0,0.94,1.03,0.0,lightspeed,true
2026-07-22,stow,stow,stow,b,2 Glasses,3.0,0.0,0.0,0.0,lightspeed,true
2026-07-22,stow,stow,stow,f,Brownie D,3.0,0.0,0.0,5.8503,recipe,true
2026-07-22,stow,stow,stow,b,Bry Ol San Pell,1.0,0.0,0.0,2.34,recipe,true
2026-07-22,stow,stow,hg,f,Chocolate Brownie [HG],1.0,0.0,0.0,0.0,lightspeed,true
2026-07-22,stow,stow,stow,b,Easy Sauce,1.0,0.0,0.0,0.0,lightspeed,true
2026-07-22,stow,stow,stow,b,Make It A Burrito Bowl [gluten-free],2.0,0.0,0.0,0.0,lightspeed,true
2026-07-22,stow,stow,stow,b,No Cheese (Make It Dairy-Free),2.0,0.0,0.0,0.0,lightspeed,true
2026-07-22,stow,stow,stow,b,No Pineapple,1.0,0.0,0.0,0.0,lightspeed,true
2026-07-22,stow,stow,stow,b,No Salad,1.0,0.0,0.0,0.0,lightspeed,true
2026-07-22,stow,stow,stow,b,Philter Red - Schooner,1.0,0.0,0.0,2.5326,recipe,true
2026-07-22,stow,stow,stow,b,Send Kids Food ASAP,1.0,0.0,0.0,0.0,lightspeed,true
2026-07-22,stow,stow,stow,f,Side BBQ Sauce,2.0,0.0,0.0,0.0,lightspeed,true
2026-07-22,stow,stow,stow,b,Side Tomato Sauce,8.0,0.0,0.0,0.0,lightspeed,true
2026-07-22,stow,stow,stow,b,Swap Gravy for Tomato Sauce,1.0,0.0,0.0,0.0,lightspeed,true
2026-07-23,hg,hg,hg,f,Mie Goreng,8.0,167.92,184.7,45.3504,recipe,true
2026-07-23,hg,hg,hg,f,Unlimited BBQ,4.0,163.64,180.0,34.34,lightspeed,true
2026-07-23,hg,hg,hg,f,Dumplings - Prawn Har Gow [GF],6.0,102.72,113.0,26.4114,recipe,true
2026-07-23,hg,hg,hg,f,Devon's Prawn Toast,7.0,101.84,112.0,27.2272,recipe,true
2026-07-23,hg,hg,hg,f,Tonkotsu,4.0,87.09,95.8,17.0572,recipe,true
2026-07-23,hg,hg,hg,b,Sapporo - 500ml,5.0,73.5,80.85,18.55,recipe,true
2026-07-23,hg,hg,hg,f,Shredded Beef,3.0,70.92,78.0,0.0,lightspeed,true
2026-07-23,hg,hg,hg,b,Ottelia Cab Sav - Bottle,1.0,66.36,73.0,23.65,lightspeed,true
2026-07-23,hg,hg,hg,f,Fried Rice,3.0,63.64,70.0,8.4726,recipe,true
2026-07-23,hg,hg,hg,f,Duck Spring Roll,4.0,58.2,64.0,14.2768,recipe,true
2026-07-23,hg,hg,hg,b,Crouching Tiger,3.0,57.27,63.0,12.8019,recipe,true
2026-07-23,hg,hg,hg,b,Geppetto Chardonnay - Regular,4.0,54.56,60.0,12.4544,recipe,true
2026-07-23,hg,hg,hg,f,Chicken Katsu Curry,2.0,49.1,54.0,6.1926,recipe,true
2026-07-23,hg,hg,hg,f,Octopus Karaage,3.0,49.08,54.0,0.0,lightspeed,true
2026-07-23,hg,hg,hg,f,Edamame,4.0,40.0,44.0,0.0,lightspeed,true
2026-07-23,hg,hg,hg,b,Aperol Spritz,2.0,34.54,38.0,7.112,recipe,true
2026-07-23,hg,hg,hg,b,Harry's Lager - Schooner,4.0,30.0,33.0,6.29,recipe,true
2026-07-23,hg,hg,hg,b,Chicken,8.0,28.3,31.1,0.0,lightspeed,true
2026-07-23,hg,hg,hg,f,BBQ Pork Buns,2.0,27.28,30.0,7.0,recipe,true
2026-07-23,hg,hg,hg,f,Shoyu,1.0,26.36,29.0,0.0,lightspeed,true
2026-07-23,hg,hg,hg,f,Popcorn Cauliflower,2.0,25.92,28.5,1.9222,recipe,true
2026-07-23,hg,hg,hg,f,Dumplings - Beef & Cabbage,2.0,25.46,28.0,2.9238,recipe,true
2026-07-23,hg,hg,hg,f,Dumplings - Veg Gyoza,2.0,24.19,26.6,3.9038,recipe,true
2026-07-23,hg,hg,hg,f,Mochi Trio,2.0,23.64,26.0,0.0,lightspeed,true
2026-07-23,hg,hg,hg,b,Birdseye Chilli Marg,1.0,19.09,21.0,3.3368,recipe,true
2026-07-23,hg,hg,hg,b,Drunken Koi,1.0,19.09,21.0,2.4425,recipe,true
2026-07-23,hg,hg,hg,b,Margato,1.0,18.18,20.0,3.7334,recipe,true
2026-07-23,hg,hg,hg,b,Padrillos Malbec - Regular,1.0,16.35,18.0,3.8666,recipe,true
2026-07-23,hg,hg,hg,f,Chicken Karaage,1.0,15.45,17.0,0.0,lightspeed,true
2026-07-23,hg,hg,hg,b,Dragon Juice,1.0,15.45,17.0,2.5854,recipe,true
2026-07-23,hg,hg,hg,b,L'esprit Rosé - Regular,1.0,14.55,16.0,3.6,recipe,true
2026-07-23,hg,hg,hg,b,Angas & Bremer Rosé - Regular,2.0,12.72,14.0,3.508,recipe,true
2026-07-23,hg,hg,hg,b,Pepsi Max Glass,3.0,12.27,13.5,3.93,recipe,true
2026-07-23,hg,hg,hg,b,Sapporo - Schooner,1.0,11.82,13.0,3.1535,recipe,true
2026-07-23,hg,hg,hg,b,Sensei Highball,1.0,10.91,12.0,1.2953,recipe,true
2026-07-23,hg,hg,hg,b,Bombay Dry Gin [House],1.0,10.0,11.0,2.1644,recipe,true
2026-07-23,hg,hg,hg,b,Harry's Lager - Pint,1.0,8.18,9.0,2.109,recipe,true
2026-07-23,hg,hg,hg,b,Yuzu Orange Soda,1.0,8.18,9.0,0.0,lightspeed,true
2026-07-23,hg,hg,hg,b,Apple Juice Glass,2.0,7.28,8.0,1.3188,recipe,true
2026-07-23,hg,hg,hg,f,Potato Salad,1.0,6.36,7.0,9.8749,recipe,true
2026-07-23,hg,hg,hg,f,Tofu,2.0,6.36,7.0,0.0,lightspeed,true
2026-07-23,hg,hg,hg,b,Carafe Sparkling Water,1.0,4.55,5.0,0.0,lightspeed,true
2026-07-23,hg,hg,hg,f,Extra Piece Prawn Toast,1.0,4.55,5.0,0.0,lightspeed,true
2026-07-23,hg,hg,hg,f,Jasmine Rice,1.0,4.08,4.5,0.0,lightspeed,true
2026-07-23,hg,hg,hg,f,1/2 Marinated Egg,2.0,3.64,4.0,0.0,lightspeed,true
2026-07-23,hg,hg,hg,f,Chilli Bomb,2.0,3.64,4.0,0.0,lightspeed,true
2026-07-23,hg,hg,hg,b,Corn,1.0,0.91,1.0,0.0,lightspeed,true
2026-07-23,hg,hg,hg,b,2 Glasses,1.0,0.0,0.0,0.0,lightspeed,true
2026-07-23,hg,hg,hg,b,Lime,1.0,0.0,0.0,0.0,lightspeed,true
2026-07-23,hg,hg,hg,b,Open Price,2.0,0.0,0.0,0.0,lightspeed,true
2026-07-23,hg,hg,hg,b,Tonic,1.0,0.0,0.0,0.8,lightspeed,true
2026-07-23,mari,mari,mari,f,WINGS DEAL,2.0,54.54,60.0,19.889,recipe,true
2026-07-23,mari,mari,mari,f,Large Pepperoni,2.0,50.9,56.0,8.722,recipe,true
2026-07-23,mari,mari,mari,f,Regular Jimmy Jury [Dine-in],2.0,49.1,54.0,7.2428,recipe,true
2026-07-23,mari,mari,mari,f,Regular El Patron [Dine-in],2.0,48.84,53.7,7.4574,recipe,true
2026-07-23,mari,mari,mari,f,Regular Truffalo Soldier [Dine-in],2.0,48.05,52.85,6.136,recipe,true
2026-07-23,mari,mari,mari,f,Regular New Yorker [Dine-in],2.0,45.07,49.57,5.2798,recipe,true
2026-07-23,mari,mari,mari,f,Gluten-free Meatlovers,2.0,43.64,48.0,18.3606,recipe,true
2026-07-23,mari,mari,mari,f,Gluten-free Super House Special,2.0,43.64,48.0,19.6174,recipe,true
2026-07-23,mari,mari,mari,f,Regular Pepperoni,2.0,40.0,44.0,5.3984,recipe,true
2026-07-23,mari,mari,mari,f,Large Vegetarian,2.0,36.36,40.0,8.4872,recipe,true
2026-07-23,mari,mari,mari,f,Regular Uber Margherita,2.0,33.64,37.0,6.6092,recipe,true
2026-07-23,mari,mari,mari,f,Large Meatlovers,3.0,28.18,31.0,20.22,recipe,true
2026-07-23,mari,mari,mari,f,Large Sanchez VEGAN,1.0,28.18,31.0,4.0494,recipe,true
2026-07-23,mari,mari,mari,f,Large Super House Special,1.0,27.27,30.0,7.6177,recipe,true
2026-07-23,mari,mari,mari,f,Large Hail Africa,1.0,24.55,27.0,6.2812,recipe,true
2026-07-23,mari,mari,mari,f,Large Paddock,1.0,24.55,27.0,5.1033,recipe,true
2026-07-23,mari,mari,mari,f,Regular Sanchez [Dine-in],1.0,24.41,26.85,3.9452,recipe,true
2026-07-23,mari,mari,mari,f,"Regular No Chorizo, No Cry [Dine-in]",1.0,23.64,26.0,2.6415,recipe,true
2026-07-23,mari,mari,mari,f,Under the Bridge Pizza,1.0,23.64,26.0,3.9357,recipe,true
2026-07-23,mari,mari,mari,f,Large Tandoori Chicken,1.0,22.73,25.0,3.1928,recipe,true
2026-07-23,mari,mari,mari,f,Regular BBQ Chicken Pizza,1.0,22.27,24.5,3.0876,recipe,true
2026-07-23,mari,mari,mari,f,Regular Jimmy Jury,1.0,21.83,24.0,4.214,recipe,true
2026-07-23,mari,mari,mari,f,Regular Tandoori Chicken,1.0,21.82,24.0,2.0367,recipe,true
2026-07-23,mari,mari,mari,f,Regular Uber Margherita [Dine-in],1.0,20.91,23.0,2.712,recipe,true
2026-07-23,mari,mari,mari,f,Regular Hawaiian,1.0,20.0,22.0,3.272,recipe,true
2026-07-23,mari,mari,mari,f,Large Hawaiian,1.0,18.18,20.0,3.3157,recipe,true
2026-07-23,mari,mari,mari,f,Regular Meatlovers,1.0,17.73,19.5,4.3392,recipe,true
2026-07-23,mari,mari,mari,f,Regular Margherita,1.0,12.73,14.0,2.0331,recipe,true
2026-07-23,mari,mari,mari,f,Coke 1.25L,2.0,12.72,14.0,7.38,recipe,true
2026-07-23,mari,mari,mari,f,Garlic Bread,4.0,10.46,11.5,5.9508,recipe,true
2026-07-23,mari,mari,mari,f,Coke Zero Can,2.0,7.27,8.0,3.78,recipe,true
2026-07-23,mari,mari,mari,f,Online Surcharge,3.0,4.42,4.42,0.0,lightspeed,true
2026-07-23,mari,mari,mari,f,Add Calabrese,1.0,3.64,4.0,0.0,lightspeed,true
2026-07-23,mari,mari,mari,f,Sprite Can,1.0,3.64,4.0,2.4423,recipe,true
2026-07-23,mari,mari,mari,f,Add Mushrooms,1.0,1.55,1.7,0.0,lightspeed,true
2026-07-23,mari,mari,mari,f,Add Olives,1.0,1.4,1.55,0.0,lightspeed,true
2026-07-23,mari,mari,mari,f,Add Basil,1.0,0.94,1.03,0.0,lightspeed,true
2026-07-23,mari,mari,mari,f,Add Chilli,1.0,0.91,1.0,0.0,lightspeed,true
2026-07-23,mari,mari,mari,f,Less Cheese,1.0,0.0,0.0,0.0,lightspeed,true
2026-07-23,stow,stow,stow,b,Fresh is Best Lager - Pint,16.0,173.12,190.5,38.7504,recipe,true
2026-07-23,stow,stow,stow,b,Classic Margarita,12.0,162.76,178.99,50.0688,recipe,true
2026-07-23,stow,stow,stow,b,Fresh is Best Lager - Schooner,18.0,143.26,157.55,32.5044,recipe,true
2026-07-23,stow,stow,stow,b,Guinness Draught - Pint,8.0,128.32,141.14,38.4408,recipe,true
2026-07-23,stow,stow,stow,f,Buffalo Wings,8.0,120.36,132.38,23.8112,recipe,true
2026-07-23,stow,stow,stow,f,Arancini Balls [5pc],6.0,119.43,131.37,0.0,lightspeed,true
2026-07-23,stow,stow,stow,b,Mulled Wine,8.0,109.57,120.49,16.6896,recipe,true
2026-07-23,stow,stow,stow,b,A. Rodda Chardonnay - Bottle,1.0,105.16,115.67,37.7,lightspeed,true
2026-07-23,stow,stow,stow,f,American Standard Burger,4.0,99.41,109.36,23.3612,recipe,true
2026-07-23,stow,stow,stow,b,Jalapeño Marg,6.0,93.72,103.12,23.0748,recipe,true
2026-07-23,stow,stow,stow,b,Stone & Wood - Pint,6.0,93.22,102.56,26.5254,recipe,true
2026-07-23,stow,stow,stow,b,Petits Detours Rosé - Large,4.0,90.92,100.0,23.12,recipe,true
2026-07-23,stow,stow,stow,b,Grifter Pale - Pint,6.0,82.73,90.99,19.9764,recipe,true
2026-07-23,stow,stow,stow,b,Grifter Pale - Schooner,8.0,81.87,90.08,19.8592,recipe,true
2026-07-23,stow,stow,stow,f,Beef Burrito,3.0,81.4,89.55,28.2216,recipe,true
2026-07-23,stow,stow,stow,b,A. Rodda Chardonnay - Regular,3.0,77.19,84.92,22.62,recipe,true
2026-07-23,stow,stow,stow,f,Beef Cheek,2.0,74.94,82.45,0.0,lightspeed,true
2026-07-23,stow,stow,stow,b,Philter XPA - Schooner,8.0,73.32,80.7,17.908,recipe,true
2026-07-23,stow,stow,stow,f,Sensei Calamari,4.0,72.66,79.9,9.0512,recipe,true
2026-07-23,stow,stow,stow,b,Kirin - Schooner,5.0,63.65,70.0,18.9845,recipe,true
2026-07-23,stow,stow,stow,f,Bang Bang Cauli,4.0,62.3,68.56,11.0636,recipe,true
2026-07-23,stow,stow,stow,b,Geppetto Pinot Noir - Regular,4.0,55.9,61.47,14.048,recipe,true
2026-07-23,stow,stow,stow,b,Negroni,4.0,54.56,60.0,16.396,recipe,true
2026-07-23,stow,stow,stow,b,Kirin - Pint,3.0,50.46,55.5,15.2772,recipe,true
2026-07-23,stow,stow,stow,f,Rosemary Salted Fries,4.0,48.1,52.88,7.44,recipe,true
2026-07-23,stow,stow,stow,f,BBQ Wings,3.0,47.09,51.82,9.42,recipe,true
2026-07-23,stow,stow,stow,b,Stone & Wood - Schooner,4.0,46.48,51.12,13.1852,recipe,true
2026-07-23,stow,stow,stow,b,Trentham Estate Rosé - Bottle,1.0,46.0,50.6,10.55,lightspeed,true
2026-07-23,stow,stow,stow,f,BBQ Wings D,5.0,43.66,48.0,15.7,recipe,true
2026-07-23,stow,stow,stow,b,Casa Gheller Prosecco - Glass,3.0,43.65,48.0,10.044,recipe,true
2026-07-23,stow,stow,stow,b,Limoncello,4.0,43.64,48.0,8.52,recipe,true
2026-07-23,stow,stow,stow,b,Kuku Sauvignon Blanc - Large,2.0,41.82,46.0,9.7134,recipe,true
2026-07-23,stow,stow,stow,b,Lychee Martini,3.0,41.81,45.98,11.7234,recipe,true
2026-07-23,stow,stow,stow,b,Mother's Milk Shiraz - Regular,3.0,40.92,45.0,9.6489,recipe,true
2026-07-23,stow,stow,stow,b,Version Two Pinot Grigio - Regular,4.0,39.09,43.0,7.0668,recipe,true
2026-07-23,stow,stow,stow,f,Sweet Potato Fries D,3.0,37.91,41.7,7.5903,recipe,true
2026-07-23,stow,stow,stow,f,Fish Tacos,2.0,37.55,41.32,3.697,recipe,true
2026-07-23,stow,stow,stow,f,Sweet Potato Fries,3.0,36.63,40.29,7.5903,recipe,true
2026-07-23,stow,stow,stow,b,Biscoff Espresso,2.0,36.15,39.76,6.4968,recipe,true
2026-07-23,stow,stow,stow,b,Version Two Pinot Grigio - Large,2.0,35.68,39.26,5.889,recipe,true
2026-07-23,stow,stow,stow,b,Villa Fresco Sangiovese - Large,2.0,34.54,38.0,8.041,recipe,true
2026-07-23,stow,stow,stow,b,Trutta Streamside Shiraz [Chilled] - Regular,2.0,32.72,36.0,7.936,recipe,true
2026-07-23,stow,stow,stow,b,Coconut Margarita,2.0,32.22,35.45,8.4898,recipe,true
2026-07-23,stow,stow,stow,f,Fancy Pants Parmy - Mexicali,1.0,31.94,35.14,0.0,lightspeed,true
2026-07-23,stow,stow,stow,b,Scorched As,2.0,31.93,35.13,8.6946,recipe,true
2026-07-23,stow,stow,stow,b,Ottelia Cab Sav - Regular,2.0,30.91,34.0,9.216,recipe,true
2026-07-23,stow,stow,stow,b,Villa Fresco Sangiovese - Regular,3.0,30.91,34.0,7.2369,recipe,true
2026-07-23,stow,stow,stow,b,Das Juice Pink Pet Nat - Regular,2.0,30.06,33.05,6.6,recipe,true
2026-07-23,stow,stow,stow,b,Sibiliana Nero D'Avola - Regular,2.0,29.45,32.4,6.54,recipe,true
2026-07-23,stow,stow,stow,b,Fresh is Best Summer Lager - Pint,3.0,27.27,30.0,6.3252,recipe,true
2026-07-23,stow,stow,stow,f,Chicken Burrito,1.0,27.13,29.85,8.281,recipe,true
2026-07-23,stow,stow,stow,f,Eggplant Parmy,1.0,26.36,29.0,0.0,lightspeed,true
2026-07-23,stow,stow,stow,b,Belvedere Vodka,2.0,26.29,28.91,5.295,recipe,true
2026-07-23,stow,stow,stow,f,Stow Schnitty,1.0,25.27,27.8,5.498,recipe,true
2026-07-23,stow,stow,stow,b,Peroni 0%,3.0,24.54,27.0,5.5389,recipe,true
2026-07-23,stow,stow,stow,b,Crankshaft IPA - Schooner,2.7,23.31,25.65,8.6613,recipe,true
2026-07-23,stow,stow,stow,f,Cauliflower Burrito D,1.0,22.73,25.0,5.485,recipe,true
2026-07-23,stow,stow,stow,f,Chicken Burrito D,1.0,22.73,25.0,8.281,recipe,true
2026-07-23,stow,stow,stow,f,Fish Burrito D,1.0,22.73,25.0,5.8414,recipe,true
2026-07-23,stow,stow,stow,f,Baked Camembert,1.0,22.64,24.9,0.0,lightspeed,true
2026-07-23,stow,stow,stow,b,Island Time,1.0,22.55,24.8,4.208,recipe,true
2026-07-23,stow,stow,stow,b,Davy's Old Fashioned,1.0,21.82,24.0,4.9656,recipe,true
2026-07-23,stow,stow,stow,b,Trentham Estate Rosé - Regular,2.0,21.82,24.0,4.22,recipe,true
2026-07-23,stow,stow,stow,b,Monkey Shoulder Scotch [House],2.0,20.65,22.72,4.8934,recipe,true
2026-07-23,stow,stow,stow,f,Amalfi Olives,2.0,20.19,22.23,0.0,lightspeed,true
2026-07-23,stow,stow,stow,b,Flower Child,1.0,20.0,22.0,3.5167,recipe,true
2026-07-23,stow,stow,stow,b,Heaps Normal Tin,2.0,20.0,22.0,5.3392,recipe,true
2026-07-23,stow,stow,stow,b,Rooster Rojo Blanco Tequila [House],2.0,20.0,22.0,3.9282,recipe,true
2026-07-23,stow,stow,stow,b,Asahi 3.5%,2.0,19.72,21.68,4.36,recipe,true
2026-07-23,stow,stow,stow,b,Corona,2.0,19.1,21.0,5.1426,recipe,true
2026-07-23,stow,stow,stow,f,Cauliflower Tacos,1.0,18.18,20.0,0.0,lightspeed,true
2026-07-23,stow,stow,stow,f,Rocket Man,1.0,16.91,18.6,3.1972,recipe,true
2026-07-23,stow,stow,stow,b,A. Rodda Tempranillo - Regular,1.0,16.9,18.59,5.5699,recipe,true
2026-07-23,stow,stow,stow,b,Creme Brulee,1.0,16.9,18.59,0.0,lightspeed,true
2026-07-23,stow,stow,stow,b,La Petite Mort Albarino 2025 - Regular,1.0,16.43,18.07,4.579,recipe,true
2026-07-23,stow,stow,stow,b,La Petite Mort Rosso 2025 - Regular,1.0,16.43,18.07,4.579,recipe,true
2026-07-23,stow,stow,stow,f,Fish Tacos D,1.0,16.36,18.0,1.8485,recipe,true
2026-07-23,stow,stow,stow,b,Padrillos Malbec - Regular,1.0,16.36,18.0,3.8666,recipe,true
2026-07-23,stow,stow,stow,b,Pepsi Glass,4.0,16.36,18.0,5.24,recipe,true
2026-07-23,stow,stow,stow,b,Philter XPA - Pint,2.0,16.36,18.0,6.0044,recipe,true
2026-07-23,stow,stow,stow,b,White Light Pure Vodka [House],2.0,16.36,18.0,3.0416,recipe,true
2026-07-23,stow,stow,stow,b,Tommy's Margarita,1.0,15.96,17.56,5.0572,recipe,true
2026-07-23,stow,stow,stow,b,Oceanside,1.0,15.95,17.55,3.6073,recipe,true
2026-07-23,stow,stow,stow,b,Crankshaft IPA - Pint,1.0,15.91,17.5,4.3024,recipe,true
2026-07-23,stow,stow,stow,b,Limoncello Spritz,1.0,15.45,17.0,5.32,recipe,true
2026-07-23,stow,stow,stow,b,Petits Detours Rosé - Regular,1.0,15.03,16.53,3.468,recipe,true
2026-07-23,stow,stow,stow,b,Beetle Juice,1.0,14.55,16.0,3.707,recipe,true
2026-07-23,stow,stow,stow,b,Fresh is Best Summer Lager - Schooner,2.0,14.09,15.5,3.1442,recipe,true
2026-07-23,stow,stow,stow,b,Hendrick's Gin,1.0,13.15,14.46,2.8179,recipe,true
2026-07-23,stow,stow,stow,b,Aperol Spritz,1.0,12.73,14.0,3.556,recipe,true
2026-07-23,stow,stow,stow,b,Kuku Sauvignon Blanc - Regular,1.0,12.73,14.0,2.9141,recipe,true
2026-07-23,stow,stow,stow,b,Status Quo - Schooner,1.0,12.67,13.94,3.1008,recipe,true
2026-07-23,stow,stow,stow,b,Guinness Draught - Schooner,1.0,12.27,13.5,3.5827,recipe,true
2026-07-23,stow,stow,stow,f,Kids Hawaiian Pizza,1.0,11.82,13.0,0.0,lightspeed,true
2026-07-23,stow,stow,stow,f,Kids Margherita Pizza,1.0,11.82,13.0,0.0,lightspeed,true
2026-07-23,stow,stow,hg,f,Nuggets & Chips [HG],1.0,11.82,13.0,0.0,lightspeed,true
2026-07-23,stow,stow,stow,f,Onion Rings,1.0,11.28,12.4,0.0,lightspeed,true
2026-07-23,stow,stow,stow,b,Vinada Sparkling Rose,1.0,10.91,12.0,3.0499,recipe,true
2026-07-23,stow,stow,stow,b,Appleton Rum [House],1.0,10.34,11.38,2.2543,recipe,true
2026-07-23,stow,stow,stow,f,Lepinja Bread,1.0,9.39,10.33,0.0,lightspeed,true
2026-07-23,stow,stow,stow,b,Pineapple Juice Glass,2.0,9.1,10.0,1.3884,recipe,true
2026-07-23,stow,stow,stow,b,James Boags Light,1.0,8.64,9.5,2.34,recipe,true
2026-07-23,stow,stow,stow,b,Lemonade Glass,2.0,8.18,9.0,1.6064,recipe,true
2026-07-23,stow,stow,stow,f,Extra Arancini Ball,2.0,7.52,8.26,0.0,lightspeed,true
2026-07-23,stow,stow,stow,f,Side Blue Cheese Dip,8.0,6.88,7.55,0.0,lightspeed,true
2026-07-23,stow,stow,stow,b,Bombay Dry [House],1.0,6.36,7.0,2.1644,recipe,true
2026-07-23,stow,stow,stow,f,Add Lepinja Bread,1.0,5.63,6.2,0.0,lightspeed,true
2026-07-23,stow,stow,stow,b,"Lemon, Lime & Bitters",1.0,4.55,5.0,1.0269,recipe,true
2026-07-23,stow,stow,stow,b,Tonic Glass,1.0,3.64,4.0,0.0,lightspeed,true
2026-07-23,stow,stow,stow,f,Caramelised Onion Jam,1.0,2.82,3.1,0.0,lightspeed,true
2026-07-23,stow,stow,stow,f,Side Aioli,4.0,1.84,2.08,0.0,lightspeed,true
2026-07-23,stow,stow,stow,f,2x Aioli,2.0,1.82,2.0,0.0,lightspeed,true
2026-07-23,stow,stow,stow,b,Ginger Beer [mixer],1.0,0.94,1.03,0.0,lightspeed,true
2026-07-23,stow,stow,stow,f,Side Horseradish,1.0,0.94,1.03,0.0,lightspeed,true
2026-07-23,stow,stow,stow,f,Side Chipotle Mayo,1.0,0.91,1.0,0.0,lightspeed,true
2026-07-23,stow,stow,stow,b,2 Glasses,2.0,0.0,0.0,0.0,lightspeed,true
2026-07-23,stow,stow,stow,f,Brownie D,1.0,0.0,0.0,1.9501,recipe,true
2026-07-23,stow,stow,stow,b,Easy Sauce,2.0,0.0,0.0,0.0,lightspeed,true
2026-07-23,stow,stow,stow,b,Lemon,2.0,0.0,0.0,0.0,lightspeed,true
2026-07-23,stow,stow,stow,b,Lime,3.0,0.0,0.0,0.0,lightspeed,true
2026-07-23,stow,stow,stow,b,Make It A Burrito Bowl [gluten-free],3.0,0.0,0.0,0.0,lightspeed,true
2026-07-23,stow,stow,stow,b,No Aioli,1.0,0.0,0.0,0.0,lightspeed,true
2026-07-23,stow,stow,stow,b,No Burger Sauce,1.0,0.0,0.0,0.0,lightspeed,true
2026-07-23,stow,stow,stow,b,No Cheese [dairy-free],1.0,0.0,0.0,0.0,lightspeed,true
2026-07-23,stow,stow,stow,b,No Garnish,1.0,0.0,0.0,0.0,lightspeed,true
2026-07-23,stow,stow,stow,b,No Jalape|os,1.0,0.0,0.0,0.0,lightspeed,true
2026-07-23,stow,stow,stow,b,No Mayo,1.0,0.0,0.0,0.0,lightspeed,true
2026-07-23,stow,stow,stow,b,No Pickle,1.0,0.0,0.0,0.0,lightspeed,true
2026-07-23,stow,stow,stow,b,No Pico de Gallo,1.0,0.0,0.0,0.0,lightspeed,true
2026-07-23,stow,stow,stow,b,No Salad,1.0,0.0,0.0,0.0,lightspeed,true
2026-07-23,stow,stow,stow,b,On The Rocks,2.0,0.0,0.0,0.0,lightspeed,true
2026-07-23,stow,stow,stow,b,Send Kids Food ASAP,2.0,0.0,0.0,0.0,lightspeed,true
2026-07-23,stow,stow,stow,f,Side BBQ Sauce,1.0,0.0,0.0,0.0,lightspeed,true
2026-07-23,stow,stow,stow,b,Side Tomato Sauce,2.0,0.0,0.0,0.0,lightspeed,true
2026-07-23,stow,stow,stow,b,Soda [mixer],4.0,0.0,0.0,0.0,lightspeed,true
2026-07-23,stow,stow,stow,b,Tonic [mixer],1.0,0.0,0.0,0.8,lightspeed,true
2026-07-24,hg,hg,hg,f,Tonkotsu,14.0,369.05,406.0,59.7002,recipe,true
2026-07-24,hg,hg,hg,f,Mie Goreng,13.0,275.47,303.0,73.6944,recipe,true
2026-07-24,hg,hg,hg,f,Shredded Beef,11.0,260.04,286.0,0.0,lightspeed,true
2026-07-24,hg,hg,hg,f,Miso,8.0,208.25,229.1,0.0,lightspeed,true
2026-07-24,hg,hg,hg,f,Dumplings - Prawn Har Gow [GF],11.0,188.14,207.0,48.4209,recipe,true
2026-07-24,hg,hg,hg,f,Shoyu,6.0,158.16,174.0,0.0,lightspeed,true
2026-07-24,hg,hg,hg,f,Chicken Katsu Curry,4.0,98.2,108.0,12.3852,recipe,true
2026-07-24,hg,hg,hg,f,Octopus Karaage,6.0,98.16,108.0,0.0,lightspeed,true
2026-07-24,hg,hg,hg,f,Popcorn Cauliflower,6.0,80.93,89.0,5.7666,recipe,true
2026-07-24,hg,hg,hg,b,River Retreat Pinot Grigio - Regular,7.0,76.37,84.0,14.07,recipe,true
2026-07-24,hg,hg,hg,f,Duck Spring Roll,5.0,72.75,80.0,17.846,recipe,true
2026-07-24,hg,hg,hg,b,Sapporo - Schooner,7.0,66.36,73.0,22.0745,recipe,true
2026-07-24,hg,hg,hg,f,Fried Rice,3.0,63.64,70.0,8.4726,recipe,true
2026-07-24,hg,hg,hg,f,Devon's Prawn Toast,4.0,58.2,64.0,15.5584,recipe,true
2026-07-24,hg,hg,hg,b,Salmon Sashimi Special,3.0,57.99,63.8,0.0,lightspeed,true
2026-07-24,hg,hg,hg,b,Demon Slayer,3.0,57.27,63.0,12.3348,recipe,true
2026-07-24,hg,hg,hg,b,Harry's Lager - Pint,5.0,56.8,62.5,10.545,recipe,true
2026-07-24,hg,hg,hg,b,Sapporo - 500ml,4.0,51.68,56.85,14.84,recipe,true
2026-07-24,hg,hg,hg,f,Dumplings - Beef & Cabbage,4.0,50.91,56.0,5.8476,recipe,true
2026-07-24,hg,hg,hg,b,River Retreat Pinot Grigio - Bottle,1.0,44.55,49.0,10.05,lightspeed,true
2026-07-24,hg,hg,hg,b,L'esprit Rosé - Regular,3.0,42.2,46.4,10.8,recipe,true
2026-07-24,hg,hg,hg,b,Palloncino Prosecco - Regular,4.0,41.46,45.6,9.1996,recipe,true
2026-07-24,hg,hg,hg,b,From Sundays Shiraz - Regular,3.0,40.92,45.0,8.4003,recipe,true
2026-07-24,hg,hg,hg,f,Edamame,4.0,40.0,44.0,0.0,lightspeed,true
2026-07-24,hg,hg,hg,b,Chicken,10.0,34.56,38.0,0.0,lightspeed,true
2026-07-24,hg,hg,hg,b,Harry's Lager - Schooner,4.0,34.56,38.0,6.29,recipe,true
2026-07-24,hg,hg,hg,b,Angas & Bremer Grenache - Regular,4.0,34.54,38.0,7.016,recipe,true
2026-07-24,hg,hg,hg,b,Margato,2.0,30.91,34.0,7.4668,recipe,true
2026-07-24,hg,hg,hg,f,Chicken Karaage,2.0,30.9,34.0,0.0,lightspeed,true
2026-07-24,hg,hg,hg,b,Classic Margarita,2.0,30.0,33.0,8.3448,recipe,true
2026-07-24,hg,hg,hg,b,Corona,3.0,30.0,33.0,7.7139,recipe,true
2026-07-24,hg,hg,hg,f,BBQ Pork Buns,2.0,27.28,30.0,7.0,recipe,true
2026-07-24,hg,hg,hg,b,Tengumai Junmai - 180ml  [SERVE WARM],1.0,27.27,30.0,7.0951,recipe,true
2026-07-24,hg,hg,hg,f,1/2 Marinated Egg,15.0,27.12,29.8,0.0,lightspeed,true
2026-07-24,hg,hg,hg,f,Seitan Katsu Curry [vegan],1.0,24.55,27.0,1.1403,recipe,true
2026-07-24,hg,hg,stow,f,Shredded Beef,1.0,23.64,26.0,0.0,lightspeed,true
2026-07-24,hg,hg,hg,b,Lemon Chu-hi,2.0,21.82,24.0,3.0082,recipe,true
2026-07-24,hg,hg,stow,f,Fried Rice,1.0,20.91,23.0,2.8242,recipe,true
2026-07-24,hg,hg,hg,b,Asahi Zero,2.0,19.1,21.0,4.19,lightspeed,true
2026-07-24,hg,hg,hg,b,Crouching Tiger,1.0,19.09,21.0,4.2673,recipe,true
2026-07-24,hg,hg,hg,b,Drunken Koi,1.0,19.09,21.0,2.4425,recipe,true
2026-07-24,hg,hg,stow,f,Dumplings - Prawn Har Gow [GF],1.0,16.36,18.0,4.4019,recipe,true
2026-07-24,hg,hg,hg,b,$19 Custom Cocktail,1.0,15.54,17.1,0.0,lightspeed,true
2026-07-24,hg,hg,hg,f,Dumplings - Veg Gyoza,1.0,12.73,14.0,1.9519,recipe,true
2026-07-24,hg,hg,hg,f,Mochi Trio,1.0,12.73,14.0,0.0,lightspeed,true
2026-07-24,hg,hg,hg,b,Kids Miso,1.0,11.82,13.0,0.0,lightspeed,true
2026-07-24,hg,hg,hg,b,Virgin Margy,1.0,11.82,13.0,0.0,lightspeed,true
2026-07-24,hg,hg,hg,b,Asahi 3.5%,1.0,10.0,11.0,2.18,recipe,true
2026-07-24,hg,hg,hg,b,Carafe Sparkling Water,2.0,9.1,10.0,0.0,lightspeed,true
2026-07-24,hg,hg,hg,b,Dragon Soda,1.0,8.18,9.0,0.0554,recipe,true
2026-07-24,hg,hg,hg,b,Pepsi Glass,2.0,8.18,9.0,2.62,recipe,true
2026-07-24,hg,hg,hg,b,Rice Pudding,1.0,7.78,8.55,0.0,lightspeed,true
2026-07-24,hg,hg,hg,f,Fried Egg,2.0,7.28,8.0,0.0,lightspeed,true
2026-07-24,hg,hg,hg,f,Chilli Bomb,3.0,5.46,6.0,0.0,lightspeed,true
2026-07-24,hg,hg,hg,f,Extra Pork.,1.0,4.55,5.0,0.0,lightspeed,true
2026-07-24,hg,hg,hg,b,Pepsi Max Glass,1.0,4.09,4.5,1.31,recipe,true
2026-07-24,hg,hg,hg,b,Orange Juice Glass,1.0,3.64,4.0,0.4801,recipe,true
2026-07-24,hg,hg,hg,f,Tofu,1.0,3.64,4.0,0.0,lightspeed,true
2026-07-24,hg,hg,hg,b,Fish Cake [x2 slices],1.0,2.73,3.0,0.0,lightspeed,true
2026-07-24,hg,hg,hg,f,GFO [GF Ramen Noodles],1.0,2.73,3.0,0.0,lightspeed,true
2026-07-24,hg,hg,hg,b,Open Price,1.0,2.73,3.0,0.0,lightspeed,true
2026-07-24,hg,hg,hg,b,Soda & Lime Glass,1.0,2.73,3.0,0.0417,recipe,true
2026-07-24,hg,hg,hg,b,Black Mushroom,1.0,1.82,2.0,0.0,lightspeed,true
2026-07-24,hg,hg,hg,f,Bamboo Shoots,1.0,1.64,1.8,0.0,lightspeed,true
2026-07-24,hg,hg,hg,b,2 Glasses,1.0,0.0,0.0,0.0,lightspeed,true
2026-07-24,hg,hg,hg,b,3 Glasses,1.0,0.0,0.0,0.0,lightspeed,true
2026-07-24,hg,hg,hg,b,No Onion,1.0,0.0,0.0,0.0,lightspeed,true
2026-07-24,hg,hg,hg,b,No Pickle,1.0,0.0,0.0,0.0,lightspeed,true
2026-07-24,hg,hg,hg,b,No Tomato,1.0,0.0,0.0,0.0,lightspeed,true
2026-07-24,hg,hg,hg,b,Remove Black Mushroom,1.0,0.0,0.0,0.0,lightspeed,true
2026-07-24,hg,hg,hg,f,Swap for Tofu,2.0,0.0,0.0,0.0,lightspeed,true
2026-07-24,hg,hg,hg,f,Swap for Tofu [Make it Vegan],1.0,0.0,0.0,0.0,lightspeed,true
2026-07-24,hg,hg,hg,b,Tomato Sauce,1.0,0.0,0.0,0.0,lightspeed,true
2026-07-24,hg,hg,hg,b,Vegan,1.0,0.0,0.0,0.0,lightspeed,true
2026-07-24,mari,mari,mari,f,Large Super House Special,11.0,241.8,266.0,83.7947,recipe,true
2026-07-24,mari,mari,mari,f,Regular Little Italy [Dine-in],6.0,146.56,161.19,24.993,recipe,true
2026-07-24,mari,mari,mari,f,Large Margherita,7.0,138.18,152.0,16.2904,recipe,true
2026-07-24,mari,mari,mari,f,Large Hawaiian,7.0,138.16,152.0,23.2099,recipe,true
2026-07-24,mari,mari,mari,f,Large Meatlovers,4.0,109.99,121.0,26.96,recipe,true
2026-07-24,mari,mari,mari,f,Large Bubba Gump,5.0,109.09,120.0,27.503,recipe,true
2026-07-24,mari,mari,mari,f,WINGS DEAL,4.0,109.08,120.0,39.778,recipe,true
2026-07-24,mari,mari,mari,f,Large Pepperoni,6.0,105.44,116.0,26.166,recipe,true
2026-07-24,mari,mari,mari,f,Large Sorrento,4.0,100.91,111.0,23.43,recipe,true
2026-07-24,mari,mari,mari,f,Regular Cosmopolitan,4.0,82.74,91.0,17.8648,recipe,true
2026-07-24,mari,mari,mari,f,Regular Pepperoni,6.0,81.84,90.0,16.1952,recipe,true
2026-07-24,mari,mari,mari,f,$45 FEAST,2.0,81.82,90.0,28.1428,recipe,true
2026-07-24,mari,mari,mari,f,Regular Hawaiian,5.0,80.92,89.0,16.36,recipe,true
2026-07-24,mari,mari,mari,f,Large Sanchez,3.0,77.28,85.0,17.5122,recipe,true
2026-07-24,mari,mari,mari,f,Large New Yorker,3.0,76.37,84.0,14.9193,recipe,true
2026-07-24,mari,mari,mari,f,Regular Sanchez [Dine-in],3.0,73.27,80.57,11.8356,recipe,true
2026-07-24,mari,mari,mari,f,Regular Super House Special,3.0,65.46,72.0,13.8561,recipe,true
2026-07-24,mari,mari,mari,f,Regular Meatlovers,3.0,58.19,64.0,13.0176,recipe,true
2026-07-24,mari,mari,mari,f,Regular BBQ Chicken Pizza,3.0,57.73,63.5,9.2628,recipe,true
2026-07-24,mari,mari,mari,f,Regular Margherita,4.0,56.36,62.0,8.1324,recipe,true
2026-07-24,mari,mari,mari,f,Regular Roma Special,3.0,55.46,61.0,10.6032,recipe,true
2026-07-24,mari,mari,mari,f,Large Cosmopolitan,2.0,51.82,57.0,14.082,recipe,true
2026-07-24,mari,mari,mari,f,Large BBQ Chicken Pizza,3.0,50.46,55.5,12.333,recipe,true
2026-07-24,mari,mari,mari,f,Large Tandoori Chicken,3.0,50.0,55.0,9.5784,recipe,true
2026-07-24,mari,mari,mari,f,Large El Patron,2.0,49.1,54.0,11.624,recipe,true
2026-07-24,mari,mari,mari,f,Cheesy Garlic Bread,7.0,47.25,52.0,12.6189,recipe,true
2026-07-24,mari,mari,mari,f,Regular Little Italy,2.0,41.04,45.14,9.5162,recipe,true
2026-07-24,mari,mari,mari,f,Regular Hail Africa,2.0,40.91,45.0,6.83,recipe,true
2026-07-24,mari,mari,mari,f,Regular El Patron,2.0,40.46,44.5,8.6424,recipe,true
2026-07-24,mari,mari,mari,f,Regular New Yorker,2.0,39.55,43.5,6.465,recipe,true
2026-07-24,mari,mari,mari,f,Online Surcharge,30.0,37.93,37.93,0.0,lightspeed,true
2026-07-24,mari,mari,mari,f,Large Vegetarian,2.0,36.36,40.0,8.4872,recipe,true
2026-07-24,mari,mari,mari,f,Regular Sorrento,2.0,36.36,40.0,8.0148,recipe,true
2026-07-24,mari,mari,mari,f,"Regular No Chorizo, No Cry",2.0,35.46,39.0,6.468,recipe,true
2026-07-24,mari,mari,mari,f,Regular Sanchez,2.0,35.46,39.0,9.0756,recipe,true
2026-07-24,mari,mari,mari,f,Regular Jimmy Jury [Dine-in],2.0,35.18,38.69,7.2428,recipe,true
2026-07-24,mari,mari,mari,f,Gluten-free El Patron,1.0,28.18,31.0,8.5158,recipe,true
2026-07-24,mari,mari,mari,f,Gluten-free Little Italy [Dine-in],1.0,28.18,31.0,9.0534,recipe,true
2026-07-24,mari,mari,mari,f,Mothers Milk Shiraz D,1.0,27.27,30.0,16.0815,recipe,true
2026-07-24,mari,mari,mari,f,"Large No Chorizo, No Cry",1.0,25.38,27.91,5.4669,recipe,true
2026-07-24,mari,mari,mari,f,Regular Hail Africa [Dine-in],1.0,25.36,27.89,2.8225,recipe,true
2026-07-24,mari,mari,mari,f,Regular Truffalo Soldier [Dine-in],1.0,24.48,26.92,3.068,recipe,true
2026-07-24,mari,mari,mari,f,"Regular No Chorizo, No Cry [Dine-in]",1.0,24.42,26.85,2.6415,recipe,true
2026-07-24,mari,mari,mari,f,Gluten-free Bubba Gump,1.0,22.73,25.0,8.2929,recipe,true
2026-07-24,mari,mari,mari,f,Large Roma Special,1.0,22.73,25.0,5.6021,recipe,true
2026-07-24,mari,mari,mari,f,Gluten-free Truffalo Soldier,1.0,22.54,24.79,8.0776,recipe,true
2026-07-24,mari,mari,mari,f,Gluten-free Uber Margherita,1.0,22.54,24.79,7.4934,recipe,true
2026-07-24,mari,mari,mari,f,Regular New Yorker [Dine-in],1.0,22.53,24.78,2.6399,recipe,true
2026-07-24,mari,mari,mari,f,Garlic Bread,9.0,22.28,24.5,13.3893,recipe,true
2026-07-24,mari,mari,mari,f,Gluten-free Sanchez,1.0,21.82,24.0,8.534,recipe,true
2026-07-24,mari,mari,mari,f,Gluten-free Tandoori Chicken,1.0,21.82,24.0,6.6405,recipe,true
2026-07-24,mari,mari,mari,f,Regular Uber Margherita [Dine-in],1.0,20.91,23.0,2.712,recipe,true
2026-07-24,mari,mari,mari,f,Btl Version 2 Pinot Grigio D,1.0,20.46,22.5,8.8335,recipe,true
2026-07-24,mari,mari,mari,f,Regular Uber Margherita,1.0,19.09,21.0,3.3046,recipe,true
2026-07-24,mari,mari,mari,f,Grifter Pale Ale 4-pack D,1.0,18.18,20.0,12.38,recipe,true
2026-07-24,mari,mari,mari,f,Regular Tandoori Chicken,1.0,17.73,19.5,2.0367,recipe,true
2026-07-24,mari,mari,mari,f,Regular Truffalo Soldier,1.0,16.82,18.5,3.6606,recipe,true
2026-07-24,mari,mari,mari,f,Coke 1.25L,2.0,12.72,14.0,7.38,recipe,true
2026-07-24,mari,mari,mari,f,Regular Garlic Cheese Pizza,1.0,12.27,13.5,1.5021,recipe,true
2026-07-24,mari,mari,mari,f,Delivery Fee - Curl Curl / Manly / Dee Why,2.0,11.82,13.0,0.0,lightspeed,true
2026-07-24,mari,mari,mari,f,Large Garlic Cheese Pizza,1.0,11.82,13.0,2.4976,recipe,true
2026-07-24,mari,mari,mari,f,Add Anchovies,6.0,10.92,12.0,0.0,lightspeed,true
2026-07-24,mari,mari,mari,f,Delivery Fee - Freshwater / Queenscliff,2.0,9.1,10.0,0.0,lightspeed,true
2026-07-24,mari,mari,mari,f,Coke Zero Can,2.0,7.28,8.0,3.78,recipe,true
2026-07-24,mari,mari,mari,f,Coke Zero 1.25L,1.0,5.45,6.0,3.09,recipe,true
2026-07-24,mari,mari,mari,f,Solo 1.25L,1.0,5.45,6.0,2.03,recipe,true
2026-07-24,mari,mari,mari,f,Sprite 1.25L,1.0,5.45,6.0,4.2654,recipe,true
2026-07-24,mari,mari,mari,f,Add Chilli,4.0,3.64,4.0,0.0,lightspeed,true
2026-07-24,mari,mari,mari,f,Add Prawns,1.0,3.64,4.0,0.0,lightspeed,true
2026-07-24,mari,mari,mari,f,Chicken,1.0,3.64,4.0,0.0,lightspeed,true
2026-07-24,mari,mari,mari,f,Add Bocconcini,1.0,2.73,3.0,0.0,lightspeed,true
2026-07-24,mari,mari,mari,f,Add Fetta,1.0,2.73,3.0,0.0,lightspeed,true
2026-07-24,mari,mari,mari,f,Add Ham,1.0,2.73,3.0,0.0,lightspeed,true
2026-07-24,mari,mari,mari,f,Add Olives,2.0,2.72,3.0,0.0,lightspeed,true
2026-07-24,mari,mari,mari,f,Add Pineapple,2.0,2.72,3.0,0.0,lightspeed,true
2026-07-24,mari,mari,mari,f,Extra Mozzarella,1.0,2.27,2.5,0.0,lightspeed,true
2026-07-24,mari,mari,mari,f,Add Jalapenos,2.0,1.88,2.06,0.0,lightspeed,true
2026-07-24,mari,mari,mari,f,Add Capsicum,1.0,1.36,1.5,0.0,lightspeed,true
2026-07-24,mari,mari,mari,f,Add Cherry Tomatoes,1.0,1.36,1.5,0.0,lightspeed,true
2026-07-24,mari,mari,mari,f,Add Mushrooms,1.0,1.36,1.5,0.0,lightspeed,true
2026-07-24,mari,mari,mari,f,Add Onion,1.0,1.36,1.5,0.0,lightspeed,true
2026-07-24,mari,mari,mari,f,Add Basil,1.0,0.94,1.03,0.0,lightspeed,true
2026-07-24,mari,mari,mari,f,Sour Cream,1.0,0.91,1.0,0.0,lightspeed,true
2026-07-24,mari,mari,mari,f,Large Little Italy,1.0,0.0,0.0,7.3904,recipe,true
2026-07-24,mari,mari,mari,f,Online Discount,9.0,-88.5,-88.5,0.0,lightspeed,true
2026-07-24,stow,stow,stow,b,Mulled Wine,30.0,415.03,456.35,62.586,recipe,true
2026-07-24,stow,stow,stow,f,Beef Cheek,9.0,333.57,366.96,0.0,lightspeed,true
2026-07-24,stow,stow,stow,b,Classic Margarita,21.0,304.86,335.32,87.6204,recipe,true
2026-07-24,stow,stow,stow,b,Tommy's Margarita,15.0,288.28,317.09,75.858,recipe,true
2026-07-24,stow,stow,stow,b,Guinness Draught - Pint,18.0,283.72,312.07,86.4918,recipe,true
2026-07-24,stow,stow,stow,b,Fresh is Best Lager - Pint,26.0,253.5,278.94,62.9694,recipe,true
2026-07-24,stow,stow,stow,b,Stone & Wood - Pint,16.0,251.32,276.53,70.7344,recipe,true
2026-07-24,stow,stow,stow,b,Version Two Pinot Grigio - Regular,31.7,236.57,260.3,56.0044,recipe,true
2026-07-24,stow,stow,stow,b,Philter XPA - Pint,21.0,229.62,252.55,63.0462,recipe,true
2026-07-24,stow,stow,stow,b,Flower Child,11.0,218.3,240.13,38.6837,recipe,true
2026-07-24,stow,stow,stow,f,Arancini Balls [5pc],10.0,203.69,224.06,0.0,lightspeed,true
2026-07-24,stow,stow,stow,b,Whispering Angel Rosé - Bottle,2.0,202.78,223.07,69.21,lightspeed,true
2026-07-24,stow,stow,stow,b,Philter XPA - Schooner,22.0,193.78,213.26,49.247,recipe,true
2026-07-24,stow,stow,stow,f,Fish Tacos,10.0,186.61,205.29,18.485,recipe,true
2026-07-24,stow,stow,stow,b,Grifter Pale - Pint,14.0,181.41,199.5,46.6116,recipe,true
2026-07-24,stow,stow,stow,b,Fresh is Best Lager - Schooner,24.0,181.04,199.16,43.3392,recipe,true
2026-07-24,stow,stow,stow,b,White Light Pure Vodka [House],19.0,171.13,188.26,28.8952,recipe,true
2026-07-24,stow,stow,stow,b,Stone & Wood - Schooner,14.0,168.56,185.39,46.1482,recipe,true
2026-07-24,stow,stow,stow,b,Geppetto Pinot Noir - Regular,12.0,164.56,180.95,42.144,recipe,true
2026-07-24,stow,stow,stow,f,Fancy Pants Parmy - Classic,6.0,162.5,178.8,45.5916,recipe,true
2026-07-24,stow,stow,stow,b,Casa Gheller Prosecco - Glass,11.0,161.01,177.06,36.828,recipe,true
2026-07-24,stow,stow,stow,b,Jalapeño Marg,10.0,152.55,167.76,38.458,recipe,true
2026-07-24,stow,stow,stow,f,Baked Camembert,6.0,140.34,154.33,0.0,lightspeed,true
2026-07-24,stow,stow,stow,f,Rosemary Salted Fries,11.0,132.13,145.27,20.46,recipe,true
2026-07-24,stow,stow,stow,f,Beef Burger D,6.0,130.92,144.0,35.0418,recipe,true
2026-07-24,stow,stow,stow,b,Ottelia Cab Sav - Bottle,2.0,127.28,140.0,46.08,lightspeed,true
2026-07-24,stow,stow,stow,b,Beetle Juice,6.0,123.92,136.32,22.242,recipe,true
2026-07-24,stow,stow,stow,b,Status Quo - Schooner,10.0,122.7,135.0,31.008,recipe,true
2026-07-24,stow,stow,stow,b,Kirin - Pint,7.0,118.88,130.75,35.6468,recipe,true
2026-07-24,stow,stow,stow,f,Beef Burrito,6.0,117.32,129.05,56.4432,recipe,true
2026-07-24,stow,stow,stow,b,Kirin - Schooner,9.0,114.55,125.99,34.1721,recipe,true
2026-07-24,stow,stow,stow,b,Ottelia Chardonnay - Bottle,2.0,112.72,124.0,34.59,lightspeed,true
2026-07-24,stow,stow,stow,b,Status Quo - Pint,7.0,111.37,122.5,29.1109,recipe,true
2026-07-24,stow,stow,stow,b,Grifter Pale - Schooner,12.0,110.41,121.51,29.7888,recipe,true
2026-07-24,stow,stow,stow,f,Chicken Burrito,4.0,107.69,118.48,33.124,recipe,true
2026-07-24,stow,stow,stow,b,Aperol Spritz,6.0,105.84,116.43,21.336,recipe,true
2026-07-24,stow,stow,stow,b,Unico Zelo Terra Cotta - Regular,6.0,103.62,114.0,26.268,recipe,true
2026-07-24,stow,stow,stow,f,Buffalo Wings D,7.0,103.2,113.5,20.8348,recipe,true
2026-07-24,stow,stow,stow,b,Fresh is Best Summer Lager - Schooner,15.0,103.11,113.43,23.5815,recipe,true
2026-07-24,stow,stow,stow,f,BBQ Wings D,11.0,101.85,112.0,34.54,recipe,true
2026-07-24,stow,stow,stow,b,Ottelia Chardonnay - Regular,7.0,101.84,112.0,24.2158,recipe,true
2026-07-24,stow,stow,stow,b,Lychee Martini,6.0,100.57,110.63,23.4468,recipe,true
2026-07-24,stow,stow,stow,b,Vodka Martini,5.0,100.0,110.0,14.643,recipe,true
2026-07-24,stow,stow,stow,b,Negroni,5.0,97.96,107.76,20.495,recipe,true
2026-07-24,stow,stow,stow,f,Sweet Potato Fries,8.0,97.28,106.99,20.2408,recipe,true
2026-07-24,stow,stow,stow,b,Glaetzer Anaperenna Shiraz Cab - Bottle,1.0,96.36,106.0,37.5,lightspeed,true
2026-07-24,stow,stow,stow,b,Coconut Margarita,5.0,94.17,103.57,21.2245,recipe,true
2026-07-24,stow,stow,stow,b,Espresso Martini,5.0,92.68,101.96,16.425,recipe,true
2026-07-24,stow,stow,stow,b,Hendrick's Gin,7.0,89.53,98.46,19.7253,recipe,true
2026-07-24,stow,stow,stow,b,Lemon Meringue Martini,4.0,87.28,96.0,14.7256,recipe,true
2026-07-24,stow,stow,stow,b,Biscoff Espresso,4.0,86.39,95.03,12.9936,recipe,true
2026-07-24,stow,stow,stow,b,Trentham Estate Rosé - Regular,11.0,84.74,93.24,23.21,recipe,true
2026-07-24,stow,stow,stow,b,Villa Fresco Sangiovese - Regular,10.4,82.94,91.25,25.0879,recipe,true
2026-07-24,stow,stow,stow,f,Buffalo Wings,5.0,81.11,89.21,14.882,recipe,true
2026-07-24,stow,stow,stow,b,Ottelia Cab Sav - Regular,5.0,76.21,83.85,23.04,recipe,true
2026-07-24,stow,stow,stow,b,Kuku Sauvignon Blanc - Regular,6.0,75.51,83.04,17.4846,recipe,true
2026-07-24,stow,stow,stow,b,Petits Detours Rosé - Regular,5.0,73.23,80.53,17.34,recipe,true
2026-07-24,stow,stow,stow,f,Sensei Calamari,4.0,72.68,79.94,9.0512,recipe,true
2026-07-24,stow,stow,stow,b,Sigurd GSM Red Blend - Bottle,1.0,72.29,79.52,23.1,lightspeed,true
2026-07-24,stow,stow,stow,b,Ottelia Chardonnay - Large,3.0,69.68,76.64,17.2971,recipe,true
2026-07-24,stow,stow,stow,b,Version Two Sparkling - Regular,10.0,68.36,75.23,17.667,recipe,true
2026-07-24,stow,stow,stow,b,Mother's Milk Shiraz - Regular,5.0,68.2,75.0,16.0815,recipe,true
2026-07-24,stow,stow,stow,b,Davy's Old Fashioned,3.0,66.9,73.58,14.8967,recipe,true
2026-07-24,stow,stow,stow,b,Sibiliana Nero D'Avola - Regular,4.0,65.98,72.59,13.08,recipe,true
2026-07-24,stow,stow,stow,b,Kuku Sauvignon Blanc - Large,3.0,64.11,70.52,14.5701,recipe,true
2026-07-24,stow,stow,stow,b,Old Fashioned,3.0,61.3,67.44,14.5749,recipe,true
2026-07-24,stow,stow,stow,b,Version Two Pinot Grigio - Large,4.0,61.12,67.24,11.778,recipe,true
2026-07-24,stow,stow,stow,b,Gin Martini,3.0,60.65,66.72,12.0036,recipe,true
2026-07-24,stow,stow,stow,b,Das Juice Pink Pet Nat - Regular,4.0,59.63,65.58,13.2,recipe,true
2026-07-24,stow,stow,stow,f,American Standard Burger,3.0,59.48,65.44,17.5209,recipe,true
2026-07-24,stow,stow,stow,b,Casa Gheller Prosecco - Bottle,1.0,58.18,64.0,16.73,lightspeed,true
2026-07-24,stow,stow,stow,b,Mother's Milk Shiraz - Bottle,1.0,58.18,64.0,16.08,lightspeed,true
2026-07-24,stow,stow,stow,b,Geppetto Pinot Noir - Bottle,1.0,56.34,61.97,17.56,lightspeed,true
2026-07-24,stow,stow,stow,b,Bombay Dry [House],6.0,49.08,54.0,12.9864,recipe,true
2026-07-24,stow,stow,stow,f,Fish Tacos D,3.0,49.08,54.0,5.5455,recipe,true
2026-07-24,stow,stow,stow,b,Petits Detours Rosé - Large,2.0,46.96,51.64,11.56,recipe,true
2026-07-24,stow,stow,stow,b,Mother's Milk Shiraz - Large,2.0,46.95,51.64,10.721,recipe,true
2026-07-24,stow,stow,stow,f,Farmhouse Salad,2.0,46.02,50.62,0.0,lightspeed,true
2026-07-24,stow,stow,stow,b,Version Two Sparkling - Bottle,1.0,46.01,50.61,8.83,lightspeed,true
2026-07-24,stow,stow,stow,b,Island Time,2.0,45.12,49.63,8.416,recipe,true
2026-07-24,stow,stow,stow,f,Amalfi Olives,4.0,42.84,47.14,0.0,lightspeed,true
2026-07-24,stow,stow,stow,b,Heaps Normal Tin,4.0,41.33,45.45,10.6784,recipe,true
2026-07-24,stow,stow,stow,f,Farmhouse Salad D,2.0,38.18,42.0,0.0,lightspeed,true
2026-07-24,stow,stow,stow,b,Southside,2.0,38.18,42.0,8.6574,recipe,true
2026-07-24,stow,stow,stow,b,Campari,4.0,36.36,40.0,7.3388,recipe,true
2026-07-24,stow,stow,stow,b,Sigurd GSM Red Blend - Regular,2.0,36.36,40.0,9.24,recipe,true
2026-07-24,stow,stow,stow,f,Kids Nuggets D,3.0,35.46,39.0,6.7281,recipe,true
2026-07-24,stow,stow,stow,b,Ravensworth Skins Gris - Regular,2.0,35.1,38.62,8.08,recipe,true
2026-07-24,stow,stow,stow,f,Brownie,3.0,33.8,37.17,8.4678,recipe,true
2026-07-24,stow,stow,stow,b,Creme Brulee,2.0,33.8,37.18,0.0,lightspeed,true
2026-07-24,stow,stow,stow,b,Year Wines Fiano - Regular,2.0,32.72,36.0,8.542,recipe,true
2026-07-24,stow,stow,stow,f,Fancy Pants Parmy - Mexicali,1.0,31.92,35.12,0.0,lightspeed,true
2026-07-24,stow,stow,stow,b,Sunkissed Spritz,2.0,30.06,33.05,9.8776,recipe,true
2026-07-24,stow,stow,stow,f,Pie,1.0,29.91,32.9,0.0,lightspeed,true
2026-07-24,stow,stow,stow,b,Corona,3.0,29.27,32.19,7.7139,recipe,true
2026-07-24,stow,stow,stow,b,Peroni,3.0,28.96,31.85,7.5651,recipe,true
2026-07-24,stow,stow,stow,f,Eggplant Parmy,1.0,27.25,29.98,0.0,lightspeed,true
2026-07-24,stow,stow,stow,f,Fish Burrito,1.0,27.13,29.85,5.8414,recipe,true
2026-07-24,stow,stow,stow,f,Pie D,1.0,25.45,28.0,0.0,lightspeed,true
2026-07-24,stow,stow,stow,b,Padrillos Malbec - Large,1.0,25.35,27.88,6.4443,recipe,true
2026-07-24,stow,stow,stow,f,Stow Schnitty,1.0,24.45,26.9,5.498,recipe,true
2026-07-24,stow,stow,stow,f,Eggplant Schnitty,1.0,24.42,26.85,4.438,recipe,true
2026-07-24,stow,stow,stow,f,Kids Nuggets & Chips,2.0,24.05,26.45,4.4854,recipe,true
2026-07-24,stow,stow,hg,f,Beef Burger [HG],1.0,23.64,26.0,5.0,lightspeed,true
2026-07-24,stow,stow,stow,f,Fries D,2.0,23.64,26.0,0.0,lightspeed,true
2026-07-24,stow,stow,stow,b,Grifter Omen Stout Tin,2.0,23.64,26.0,6.38,recipe,true
2026-07-24,stow,stow,stow,b,Jala Marg Duo [2 serves],1.0,23.64,26.0,0.0,lightspeed,true
2026-07-24,stow,stow,stow,b,Macallan Sherry Oak 12yr,1.0,23.64,26.0,5.886,recipe,true
2026-07-24,stow,stow,stow,f,Beef Burrito D,1.0,22.73,25.0,9.4072,recipe,true
2026-07-24,stow,stow,stow,f,Chicken Burrito D,1.0,22.73,25.0,8.281,recipe,true
2026-07-24,stow,stow,stow,f,Chicken Parmy D,1.0,22.73,25.0,0.0,lightspeed,true
2026-07-24,stow,stow,stow,f,Fish Burrito D,1.0,22.73,25.0,5.8414,recipe,true
2026-07-24,stow,stow,stow,f,Onion Rings,2.0,22.54,24.79,0.0,lightspeed,true
2026-07-24,stow,stow,stow,b,Quiet Riot Negroni,1.0,20.91,23.0,4.5695,recipe,true
2026-07-24,stow,stow,stow,b,Balvenie 14 Year Caribbean Cask,1.0,20.66,22.73,5.93,lightspeed,true
2026-07-24,stow,stow,stow,b,Manhattan - Perfect,1.0,20.66,22.72,4.5468,recipe,true
2026-07-24,stow,stow,stow,b,Scorched As,1.0,20.66,22.72,4.3473,recipe,true
2026-07-24,stow,stow,stow,b,Baileys Irish Cream,2.0,20.33,22.36,2.5404,recipe,true
2026-07-24,stow,stow,stow,b,Hugo Spritz,1.0,19.72,21.69,4.096,recipe,true
2026-07-24,stow,stow,stow,f,Extra Taco,3.0,19.5,21.46,2.9478,recipe,true
2026-07-24,stow,stow,stow,b,Brookie's Byron Dry Gin Tonica,1.0,19.09,21.0,5.23,lightspeed,true
2026-07-24,stow,stow,stow,f,Cauliflower Tacos,1.0,18.78,20.66,0.0,lightspeed,true
2026-07-24,stow,stow,stow,f,Lepinja Bread,2.0,18.77,20.65,0.0,lightspeed,true
2026-07-24,stow,stow,stow,b,"Lemon, Lime & Bitters",4.0,18.65,20.49,4.1076,recipe,true
2026-07-24,stow,stow,stow,b,French Martini,1.0,18.18,20.0,3.9211,recipe,true
2026-07-24,stow,stow,stow,b,Villa Fresco Sangiovese - Large,1.0,17.27,19.0,4.0205,recipe,true
2026-07-24,stow,stow,stow,b,San Pellegrino 500ml,2.0,16.63,18.29,4.64,recipe,true
2026-07-24,stow,stow,stow,b,Laphroaig 10yr,1.0,16.36,18.0,3.7273,recipe,true
2026-07-24,stow,stow,stow,f,Rocket Man,1.0,16.36,18.0,3.1972,recipe,true
2026-07-24,stow,stow,stow,f,Bang Bang Cauli,1.0,15.95,17.56,2.7659,recipe,true
2026-07-24,stow,stow,stow,f,BBQ Wings,1.0,15.36,16.9,3.14,recipe,true
2026-07-24,stow,stow,stow,b,Stow's Irish Coffee,1.0,14.08,15.49,0.9175,recipe,true
2026-07-24,stow,stow,stow,f,Rocket Man D,1.0,13.64,15.0,3.1972,recipe,true
2026-07-24,stow,stow,stow,b,Belvedere Vodka,1.0,13.15,14.46,2.6475,recipe,true
2026-07-24,stow,stow,stow,b,Fresh Lime Soda,4.0,13.05,14.36,0.0,lightspeed,true
2026-07-24,stow,stow,stow,b,Boulevardier,1.0,12.73,14.0,3.48,lightspeed,true
2026-07-24,stow,stow,stow,f,Sweet Potato Fries D,1.0,12.73,14.0,2.5301,recipe,true
2026-07-24,stow,stow,stow,b,BBQ Ribs,1.0,12.0,13.2,0.0,lightspeed,true
2026-07-24,stow,stow,stow,b,Amaro Montenegro,1.0,11.82,13.0,1.7792,recipe,true
2026-07-24,stow,stow,stow,f,Brownie D,9.0,11.82,13.0,17.5509,recipe,true
2026-07-24,stow,stow,stow,b,Pepsi Max Glass,3.0,11.45,12.6,3.93,recipe,true
2026-07-24,stow,stow,stow,b,Braulio,1.0,11.27,12.39,1.6,lightspeed,true
2026-07-24,stow,stow,stow,b,Vinada Sparkling Rose,1.0,11.27,12.4,3.0499,recipe,true
2026-07-24,stow,stow,stow,f,Add Grilled Chicken,2.0,11.08,12.2,0.0,lightspeed,true
2026-07-24,stow,stow,stow,b,Two Bays Pale Ale Can,1.0,10.91,12.0,4.71,recipe,true
2026-07-24,stow,stow,stow,b,Philter Red - Schooner,1.0,10.0,11.0,2.5326,recipe,true
2026-07-24,stow,stow,stow,b,Fireball,1.0,9.82,10.8,1.9183,recipe,true
2026-07-24,stow,stow,stow,b,Hahn Super Dry GF,1.0,9.55,10.5,2.625,recipe,true
2026-07-24,stow,stow,stow,b,Monteith's Apple Cider Bottle,1.0,9.55,10.5,3.11,recipe,true
2026-07-24,stow,stow,stow,b,Pink Lemonade Glass,2.0,8.45,9.29,1.8966,recipe,true
2026-07-24,stow,stow,stow,b,Pepsi Glass,2.0,8.32,9.15,2.62,recipe,true
2026-07-24,stow,stow,stow,b,Lemonade Glass,2.0,8.31,9.15,1.6064,recipe,true
2026-07-24,stow,stow,stow,b,Fresh is Best Summer Lager - Pint,1.0,8.18,9.0,2.1084,recipe,true
2026-07-24,stow,stow,stow,f,Extra Patty,1.0,5.63,6.2,0.0,lightspeed,true
2026-07-24,stow,stow,stow,f,Side Aioli,11.0,5.04,5.66,0.0,lightspeed,true
2026-07-24,stow,stow,stow,b,Apple Juice Glass,1.0,4.55,5.0,0.6594,recipe,true
2026-07-24,stow,stow,stow,b,Add Baileys,1.0,3.76,4.13,1.65,recipe,true
2026-07-24,stow,stow,stow,f,Double Scoop,1.0,3.28,3.62,0.0,lightspeed,true
2026-07-24,stow,stow,stow,f,Add Side Spicy Salsa,2.0,1.88,2.06,0.0,lightspeed,true
2026-07-24,stow,stow,stow,f,Side Dijon Mustard,2.0,1.88,2.06,0.0,lightspeed,true
2026-07-24,stow,stow,stow,f,Side Chipotle Mayo,2.0,1.85,2.03,0.0,lightspeed,true
2026-07-24,stow,stow,stow,f,Side Blue Cheese Dip,2.0,1.82,2.0,0.0,lightspeed,true
2026-07-24,stow,stow,stow,b,Swap Fries for Buffalo Wings & Blue Cheese Dip,1.0,1.82,2.0,0.0,lightspeed,true
2026-07-24,stow,stow,stow,f,Add Side Guac,1.0,0.94,1.03,0.0,lightspeed,true
2026-07-24,stow,stow,stow,f,Side English Mustard,1.0,0.94,1.03,0.0,lightspeed,true
2026-07-24,stow,stow,stow,f,Side Sour Cream,1.0,0.94,1.03,0.0,lightspeed,true
2026-07-24,stow,stow,stow,f,Side Spicy Salsa,2.0,0.91,1.0,0.0,lightspeed,true
2026-07-24,stow,stow,stow,b,2 Glasses,4.0,0.0,0.0,0.0,lightspeed,true
2026-07-24,stow,stow,stow,b,3 Glasses,1.0,0.0,0.0,0.0,lightspeed,true
2026-07-24,stow,stow,stow,b,4 Glasses,1.0,0.0,0.0,0.0,lightspeed,true
2026-07-24,stow,stow,stow,b,Classic,1.0,0.0,0.0,0.0,lightspeed,true
2026-07-24,stow,stow,stow,b,Cucumber,1.0,0.0,0.0,0.0,lightspeed,true
2026-07-24,stow,stow,stow,b,Dirty,2.0,0.0,0.0,0.0,lightspeed,true
2026-07-24,stow,stow,stow,b,Dressing on the Side,1.0,0.0,0.0,0.0,lightspeed,true
2026-07-24,stow,stow,stow,b,Easy Sauce,1.0,0.0,0.0,0.0,lightspeed,true
2026-07-24,stow,stow,stow,b,Extra Olives,4.0,0.0,0.0,0.0,lightspeed,true
2026-07-24,stow,stow,stow,b,Fill w Ice,3.0,0.0,0.0,0.0,lightspeed,true
2026-07-24,stow,stow,stow,b,Filthy,5.0,0.0,0.0,0.0,lightspeed,true
2026-07-24,stow,stow,stow,b,Glass of Ice on the Side,3.0,0.0,0.0,0.0,lightspeed,true
2026-07-24,stow,stow,stow,f,Jalapeños Inside Burrito,1.0,0.0,0.0,0.0,lightspeed,true
2026-07-24,stow,stow,stow,b,Lemon,1.0,0.0,0.0,0.0,lightspeed,true
2026-07-24,stow,stow,stow,b,Lime,4.0,0.0,0.0,0.0,lightspeed,true
2026-07-24,stow,stow,stow,b,Make It A Burrito Bowl [gluten-free],1.0,0.0,0.0,0.0,lightspeed,true
2026-07-24,stow,stow,stow,b,Make it Vegan [use vegan cheese],1.0,0.0,0.0,0.0,lightspeed,true
2026-07-24,stow,stow,stow,b,No Cheese (Make It Dairy-Free),1.0,0.0,0.0,0.0,lightspeed,true
2026-07-24,stow,stow,stow,b,No Cherry Tomatoes,1.0,0.0,0.0,0.0,lightspeed,true
2026-07-24,stow,stow,stow,b,No Garnish,2.0,0.0,0.0,0.0,lightspeed,true
2026-07-24,stow,stow,stow,b,No Glasses Needed,1.0,0.0,0.0,0.0,lightspeed,true
2026-07-24,stow,stow,stow,b,No Jalape|os,1.0,0.0,0.0,0.0,lightspeed,true
2026-07-24,stow,stow,stow,b,No Mayo,1.0,0.0,0.0,0.0,lightspeed,true
2026-07-24,stow,stow,stow,b,No Pineapple,2.0,0.0,0.0,0.0,lightspeed,true
2026-07-24,stow,stow,stow,b,No Salt,4.0,0.0,0.0,0.0,lightspeed,true
2026-07-24,stow,stow,stow,b,No Spiced Sour Cream,2.0,0.0,0.0,0.0,lightspeed,true
2026-07-24,stow,stow,stow,b,No Sugar,1.0,0.0,0.0,0.0,lightspeed,true
2026-07-24,stow,stow,stow,b,No Sun-dried Tomatoes,1.0,0.0,0.0,0.0,lightspeed,true
2026-07-24,stow,stow,stow,b,No Tomato,1.0,0.0,0.0,0.0,lightspeed,true
2026-07-24,stow,stow,stow,b,Olive,4.0,0.0,0.0,0.0,lightspeed,true
2026-07-24,stow,stow,stow,b,On The Rocks,10.0,0.0,0.0,0.0,lightspeed,true
2026-07-24,stow,stow,stow,b,One Ice Block,3.0,0.0,0.0,0.0,lightspeed,true
2026-07-24,stow,stow,stow,b,Orange,3.0,0.0,0.0,0.0,lightspeed,true
2026-07-24,stow,stow,stow,b,Send Kids Food ASAP,2.0,0.0,0.0,0.0,lightspeed,true
2026-07-24,stow,stow,stow,f,Side BBQ Sauce,1.0,0.0,0.0,0.0,lightspeed,true
2026-07-24,stow,stow,stow,b,Side Tomato Sauce,7.0,0.0,0.0,0.0,lightspeed,true
2026-07-24,stow,stow,stow,b,Soda [mixer],7.0,0.0,0.0,0.0,lightspeed,true
2026-07-24,stow,stow,stow,b,Tonic [mixer],1.0,0.0,0.0,0.8,lightspeed,true
2026-07-25,hg,hg,hg,f,Mie Goreng,12.0,232.47,255.7,68.0256,recipe,true
2026-07-25,hg,hg,hg,f,Shredded Beef,9.0,212.76,234.0,0.0,lightspeed,true
2026-07-25,hg,hg,hg,f,Dumplings - Prawn Har Gow [GF],12.0,204.51,225.0,52.8228,recipe,true
2026-07-25,hg,hg,hg,b,Sapporo - 500ml,16.0,204.25,224.7,59.36,recipe,true
2026-07-25,hg,hg,hg,f,Devon's Prawn Toast,14.0,202.25,222.4,54.4544,recipe,true
2026-07-25,hg,hg,hg,f,Tonkotsu,6.0,155.52,171.1,25.5858,recipe,true
2026-07-25,hg,hg,hg,f,Chicken Karaage,8.0,122.06,134.3,0.0,lightspeed,true
2026-07-25,hg,hg,hg,f,Dumplings - Beef & Cabbage,8.0,100.57,110.6,11.6952,recipe,true
2026-07-25,hg,hg,hg,b,Salmon Sashimi Special,5.0,98.0,107.8,0.0,lightspeed,true
2026-07-25,hg,hg,hg,f,Edamame,9.0,90.0,99.0,0.0,lightspeed,true
2026-07-25,hg,hg,hg,f,Duck Spring Roll,6.0,87.3,96.0,21.4152,recipe,true
2026-07-25,hg,hg,hg,b,Classic Margarita,5.0,84.62,93.1,20.862,recipe,true
2026-07-25,hg,hg,hg,f,BBQ Pork Buns,6.0,81.84,90.0,21.0,recipe,true
2026-07-25,hg,hg,hg,f,Miso,3.0,79.08,87.0,0.0,lightspeed,true
2026-07-25,hg,hg,hg,b,Lemon Chu-hi,7.0,76.37,84.0,10.5287,recipe,true
2026-07-25,hg,hg,hg,f,Chicken Katsu Curry,3.0,73.65,81.0,9.2889,recipe,true
2026-07-25,hg,hg,hg,f,BBQ Meat Platter,2.0,65.44,72.0,0.0,lightspeed,true
2026-07-25,hg,hg,hg,b,Padrillos Malbec - Regular,4.0,65.44,72.0,15.4664,recipe,true
2026-07-25,hg,hg,hg,f,Popcorn Cauliflower,5.0,65.02,71.5,4.8055,recipe,true
2026-07-25,hg,hg,hg,f,Dumplings - Veg Gyoza,5.0,63.65,70.0,9.7595,recipe,true
2026-07-25,hg,hg,hg,f,Fried Rice,3.0,60.64,66.7,8.4726,recipe,true
2026-07-25,hg,hg,hg,b,L'esprit Rosé - Large,3.0,58.9,64.8,18.0,recipe,true
2026-07-25,hg,hg,hg,f,Shoyu,2.0,52.72,58.0,0.0,lightspeed,true
2026-07-25,hg,hg,hg,f,Octopus Karaage,3.0,49.08,54.0,0.0,lightspeed,true
2026-07-25,hg,hg,hg,b,Angas & Bremer Grenache - Regular,8.0,48.35,53.2,14.032,recipe,true
2026-07-25,hg,hg,hg,b,Dragon Juice,3.0,46.35,51.0,7.7562,recipe,true
2026-07-25,hg,hg,hg,b,Pepsi Max Glass,11.0,44.99,49.5,14.41,recipe,true
2026-07-25,hg,hg,hg,b,Harry's Lager - Pint,4.0,41.13,45.25,8.436,recipe,true
2026-07-25,hg,hg,hg,b,Demon Slayer,2.0,38.18,42.0,8.2232,recipe,true
2026-07-25,hg,hg,hg,b,Grifter Pale - Pint [HG],3.0,36.84,40.5,0.0,lightspeed,true
2026-07-25,hg,hg,hg,b,Mulled Wine [HG],3.0,36.84,40.5,6.2586,recipe,true
2026-07-25,hg,hg,hg,b,Negroni,2.0,36.36,40.0,8.198,recipe,true
2026-07-25,hg,hg,hg,b,Margato,2.0,34.54,38.0,7.4668,recipe,true
2026-07-25,hg,hg,hg,b,River Retreat Pinot Grigio - Regular,3.0,32.73,36.0,6.03,recipe,true
2026-07-25,hg,hg,hg,b,Bombay Dry Gin [House],4.0,30.72,33.8,8.6576,recipe,true
2026-07-25,hg,hg,hg,b,Lychee Martini,2.0,30.0,33.0,7.8156,recipe,true
2026-07-25,hg,hg,hg,b,L'esprit Rosé - Regular,2.0,29.1,32.0,7.2,recipe,true
2026-07-25,hg,hg,stow,f,Tonkotsu,1.0,26.36,29.0,4.2643,recipe,true
2026-07-25,hg,hg,hg,b,Jinro Chamisul - 360ml,1.0,26.18,28.8,12.55,lightspeed,true
2026-07-25,hg,hg,hg,f,Matcha Sando,2.0,25.46,28.0,0.0,lightspeed,true
2026-07-25,hg,hg,hg,f,BBQ Veg Platter,1.0,24.54,27.0,0.0,lightspeed,true
2026-07-25,hg,hg,hg,f,Mochi Trio,2.0,23.64,26.0,0.0,lightspeed,true
2026-07-25,hg,hg,stow,f,Shredded Beef,1.0,23.64,26.0,0.0,lightspeed,true
2026-07-25,hg,hg,hg,b,Chicken,7.0,20.46,22.5,0.0,lightspeed,true
2026-07-25,hg,hg,hg,b,Drunken Koi,1.0,19.09,21.0,2.4425,recipe,true
2026-07-25,hg,hg,hg,b,Rice Pudding,2.0,17.28,19.0,0.0,lightspeed,true
2026-07-25,hg,hg,hg,b,Kids Miso,2.0,16.55,18.2,0.0,lightspeed,true
2026-07-25,hg,hg,hg,b,Dragon Soda,2.0,16.36,18.0,0.1108,recipe,true
2026-07-25,hg,hg,stow,f,Dumplings - Prawn Har Gow [GF],1.0,16.36,18.0,4.4019,recipe,true
2026-07-25,hg,hg,hg,b,Guinness Draught - Pint [HG],1.0,14.32,15.75,0.0,lightspeed,true
2026-07-25,hg,hg,hg,f,Extra Piece Prawn Toast,3.0,13.65,15.0,0.0,lightspeed,true
2026-07-25,hg,hg,hg,b,Azurescens Pinot Noir - Regular,1.0,13.64,15.0,2.8001,recipe,true
2026-07-25,hg,hg,hg,f,Fried Egg,5.0,13.64,15.0,0.0,lightspeed,true
2026-07-25,hg,hg,hg,b,Geppetto Chardonnay - Regular,1.0,13.64,15.0,3.1136,recipe,true
2026-07-25,hg,hg,hg,b,Aperol Spritz,1.0,12.73,14.0,3.556,recipe,true
2026-07-25,hg,hg,hg,b,Espresso Martini,1.0,12.73,14.0,3.285,recipe,true
2026-07-25,hg,hg,hg,f,Vegetarian Spring Rolls,1.0,12.73,14.0,1.6492,recipe,true
2026-07-25,hg,hg,stow,f,Dumplings - Beef & Cabbage,1.0,11.82,13.0,1.4619,recipe,true
2026-07-25,hg,hg,stow,f,Dumplings - Veg Gyoza,1.0,11.82,13.0,1.9519,recipe,true
2026-07-25,hg,hg,hg,f,Kids Mie Goreng,1.0,11.82,13.0,0.0,lightspeed,true
2026-07-25,hg,hg,hg,b,Sapporo - Schooner,1.0,11.82,13.0,3.1535,recipe,true
2026-07-25,hg,hg,hg,b,Lemonade Glass,3.0,11.45,12.6,2.4096,recipe,true
2026-07-25,hg,hg,stow,f,Edamame,1.0,10.0,11.0,0.0,lightspeed,true
2026-07-25,hg,hg,hg,b,Asahi Zero,1.0,9.55,10.5,2.1,lightspeed,true
2026-07-25,hg,hg,hg,f,Jasmine Rice,2.0,9.1,10.0,0.0,lightspeed,true
2026-07-25,hg,hg,hg,f,Extra Pork.,2.0,8.65,9.5,0.0,lightspeed,true
2026-07-25,hg,hg,hg,b,Jinro Chamisul - 60ml,1.0,8.18,9.0,2.02,recipe,true
2026-07-25,hg,hg,hg,b,Yuzu Orange Soda,1.0,8.18,9.0,0.0,lightspeed,true
2026-07-25,hg,hg,hg,b,Palloncino Prosecco - Regular,1.0,6.36,7.0,2.2999,recipe,true
2026-07-25,hg,hg,stow,f,Karaage Chicken,1.0,5.82,6.4,0.0,lightspeed,true
2026-07-25,hg,hg,hg,b,Carafe Sparkling Water,1.0,4.55,5.0,0.0,lightspeed,true
2026-07-25,hg,hg,hg,b,Lemon Lime Bitters,1.0,4.09,4.5,1.0269,recipe,true
2026-07-25,hg,hg,hg,f,1/2 Marinated Egg,2.0,3.64,4.0,0.0,lightspeed,true
2026-07-25,hg,hg,hg,f,Chilli Bomb,2.0,3.64,4.0,0.0,lightspeed,true
2026-07-25,hg,hg,hg,f,Extra Piece,1.0,3.64,4.0,0.0,lightspeed,true
2026-07-25,hg,hg,hg,f,Tofu,1.0,3.64,4.0,0.0,lightspeed,true
2026-07-25,hg,hg,hg,b,Fever-Tree Light Tonic [mixer],1.0,0.91,1.0,0.0,lightspeed,true
2026-07-25,hg,hg,hg,b,2 Glasses,1.0,0.0,0.0,0.0,lightspeed,true
2026-07-25,hg,hg,hg,b,Glass of Ice on the Side,1.0,0.0,0.0,0.0,lightspeed,true
2026-07-25,hg,hg,hg,b,Lime,3.0,0.0,0.0,0.0,lightspeed,true
2026-07-25,hg,hg,hg,b,Orange,1.0,0.0,0.0,0.0,lightspeed,true
2026-07-25,hg,hg,hg,b,Soda,1.0,0.0,0.0,0.0,lightspeed,true
2026-07-25,hg,hg,hg,b,Tonic,2.0,0.0,0.0,1.61,lightspeed,true
2026-07-25,mari,mari,mari,f,Regular Little Italy [Dine-in],7.0,170.12,187.1,29.1585,recipe,true
2026-07-25,mari,mari,mari,f,Regular Super House Special,8.0,158.2,174.0,36.9496,recipe,true
2026-07-25,mari,mari,mari,f,Regular Margherita,10.0,143.62,158.0,20.331,recipe,true
2026-07-25,mari,mari,mari,f,Large Meatlovers,6.0,135.44,149.0,40.44,recipe,true
2026-07-25,mari,mari,mari,f,Large Super House Special,7.0,134.53,148.0,53.3239,recipe,true
2026-07-25,mari,mari,mari,f,Regular New Yorker [Dine-in],5.0,111.95,123.14,13.1995,recipe,true
2026-07-25,mari,mari,mari,f,Regular Paddock,5.0,103.65,114.0,20.419,recipe,true
2026-07-25,mari,mari,mari,f,Large Hawaiian,6.0,96.34,106.0,19.8942,recipe,true
2026-07-25,mari,mari,mari,f,Large Sorrento,4.0,88.65,97.5,23.43,recipe,true
2026-07-25,mari,mari,mari,f,$45 FEAST,2.0,81.82,90.0,28.1428,recipe,true
2026-07-25,mari,mari,mari,f,Large Margherita,4.0,80.91,89.0,9.3088,recipe,true
2026-07-25,mari,mari,mari,f,Regular Hail Africa [Dine-in],3.0,76.06,83.67,8.4675,recipe,true
2026-07-25,mari,mari,mari,f,Regular Jimmy Jury [Dine-in],3.0,75.25,82.76,10.8642,recipe,true
2026-07-25,mari,mari,mari,f,Regular Hawaiian,4.0,73.64,81.0,13.088,recipe,true
2026-07-25,mari,mari,mari,f,Regular Pepperoni,4.0,73.64,81.0,10.7968,recipe,true
2026-07-25,mari,mari,mari,f,Regular Sanchez [Dine-in],3.0,73.24,80.56,11.8356,recipe,true
2026-07-25,mari,mari,mari,f,Large Paddock,3.0,68.63,75.5,15.3099,recipe,true
2026-07-25,mari,mari,mari,f,Regular Sorrento,3.0,61.82,68.0,12.0222,recipe,true
2026-07-25,mari,mari,mari,f,Large Bubba Gump,3.0,58.18,64.0,16.5018,recipe,true
2026-07-25,mari,mari,mari,f,Large Little Italy,2.0,56.36,62.0,14.7808,recipe,true
2026-07-25,mari,mari,mari,f,$60 BANQUET,1.0,54.55,60.0,21.1281,recipe,true
2026-07-25,mari,mari,mari,f,Mothers Milk Shiraz D,2.0,54.55,60.0,32.163,recipe,true
2026-07-25,mari,mari,mari,f,WINGS DEAL,2.0,54.54,60.0,19.889,recipe,true
2026-07-25,mari,mari,mari,f,Large Jimmy Jury,2.0,51.82,57.0,12.4022,recipe,true
2026-07-25,mari,mari,mari,f,Large New Yorker,3.0,51.82,57.0,14.9193,recipe,true
2026-07-25,mari,mari,mari,f,Regular Truffalo Soldier [Dine-in],2.0,48.05,52.85,6.136,recipe,true
2026-07-25,mari,mari,mari,f,Large BBQ Chicken Pizza,3.0,45.46,50.0,12.333,recipe,true
2026-07-25,mari,mari,mari,f,Regular Meatlovers,2.0,45.46,50.0,8.6784,recipe,true
2026-07-25,mari,mari,mari,f,Cheesy Garlic Bread,7.0,45.43,50.0,12.6189,recipe,true
2026-07-25,mari,mari,mari,f,Regular BBQ Chicken Pizza,2.0,44.54,49.0,6.1752,recipe,true
2026-07-25,mari,mari,mari,f,Regular Uber Margherita [Dine-in],2.0,43.2,47.52,5.424,recipe,true
2026-07-25,mari,mari,mari,f,Gluten-free Margherita,2.0,41.82,46.0,11.9696,recipe,true
2026-07-25,mari,mari,mari,f,Regular Bubba Gump,2.0,41.82,46.0,7.2762,recipe,true
2026-07-25,mari,mari,mari,f,Large El Patron,2.0,36.83,40.5,11.624,recipe,true
2026-07-25,mari,mari,mari,f,Large Pepperoni,3.0,36.36,40.0,13.083,recipe,true
2026-07-25,mari,mari,mari,f,Large Vegetarian,2.0,36.36,40.0,8.4872,recipe,true
2026-07-25,mari,mari,mari,f,Garlic Bread,11.0,35.93,39.5,16.3647,recipe,true
2026-07-25,mari,mari,mari,f,Regular Little Italy,2.0,35.46,39.0,9.5162,recipe,true
2026-07-25,mari,mari,mari,f,Gluten-free El Patron [Dine-in],1.0,28.18,31.0,7.9232,recipe,true
2026-07-25,mari,mari,mari,f,Gluten-free Tandoori Chicken,1.0,28.18,31.0,6.6405,recipe,true
2026-07-25,mari,mari,mari,f,Large Sanchez VEGAN,1.0,28.18,31.0,4.0494,recipe,true
2026-07-25,mari,mari,mari,f,Large Hail Africa,1.0,24.55,27.0,6.2812,recipe,true
2026-07-25,mari,mari,mari,f,Large Uber Margherita,1.0,24.55,27.0,4.384,recipe,true
2026-07-25,mari,mari,mari,f,Unico Zelo Terra Cotta D,1.0,24.54,27.0,21.8903,recipe,true
2026-07-25,mari,mari,mari,f,Under the Bridge Pizza,1.0,24.43,26.86,3.9357,recipe,true
2026-07-25,mari,mari,mari,f,Regular El Patron [Dine-in],1.0,24.42,26.85,3.7287,recipe,true
2026-07-25,mari,mari,mari,f,Online Surcharge,18.0,23.66,23.66,0.0,lightspeed,true
2026-07-25,mari,mari,mari,f,Regular Meatlovers [Dine-in],1.0,23.64,26.0,3.7466,recipe,true
2026-07-25,mari,mari,mari,f,Gluten-free Bubba Gump,1.0,22.73,25.0,8.2929,recipe,true
2026-07-25,mari,mari,mari,f,Large Roma Special,1.0,22.73,25.0,5.6021,recipe,true
2026-07-25,mari,mari,mari,f,Regular Hail Africa,1.0,22.73,25.0,3.415,recipe,true
2026-07-25,mari,mari,mari,f,Regular Tandoori Chicken,1.0,21.83,24.0,2.0367,recipe,true
2026-07-25,mari,mari,mari,f,Gluten-free BBQ Chicken Pizza,1.0,21.82,24.0,7.2979,recipe,true
2026-07-25,mari,mari,mari,f,Gluten-free Super House Special,1.0,21.82,24.0,9.8087,recipe,true
2026-07-25,mari,mari,mari,f,Regular New Yorker,1.0,21.82,24.0,3.2325,recipe,true
2026-07-25,mari,mari,mari,f,Coke 1.25L,3.0,18.17,20.0,11.07,recipe,true
2026-07-25,mari,mari,mari,f,Regular Cosmopolitan,1.0,17.73,19.5,4.4662,recipe,true
2026-07-25,mari,mari,mari,f,Regular Jimmy Jury,1.0,17.73,19.5,4.214,recipe,true
2026-07-25,mari,mari,mari,f,Gluten-free Base,3.0,14.1,15.48,12.3,recipe,true
2026-07-25,mari,mari,mari,f,Large Tandoori Chicken,1.0,11.37,12.5,3.1928,recipe,true
2026-07-25,mari,mari,mari,f,Add Chicken,3.0,10.92,12.0,0.0,lightspeed,true
2026-07-25,mari,mari,mari,f,Coke Can,3.0,10.91,12.0,5.67,recipe,true
2026-07-25,mari,mari,mari,f,Delivery Fee - Freshwater / Queenscliff,2.0,9.1,10.0,0.0,lightspeed,true
2026-07-25,mari,mari,mari,f,Bundaberg Ginger Beer D,1.0,7.27,8.0,3.7208,recipe,true
2026-07-25,mari,mari,mari,f,San Pellegrino 500ml D,1.0,7.27,8.0,2.34,recipe,true
2026-07-25,mari,mari,mari,f,Solo 1.25L,1.0,6.36,7.0,2.03,recipe,true
2026-07-25,mari,mari,mari,f,Add Anchovies,3.0,5.46,6.0,0.0,lightspeed,true
2026-07-25,mari,mari,mari,f,VB Can D,1.0,5.45,6.0,2.34,recipe,true
2026-07-25,mari,mari,mari,f,Extra Mozzarella,2.0,4.54,5.0,0.0,lightspeed,true
2026-07-25,mari,mari,mari,f,Add Bacon,1.0,3.64,4.0,0.0,lightspeed,true
2026-07-25,mari,mari,mari,f,Coke Zero Can,1.0,3.64,4.0,1.89,recipe,true
2026-07-25,mari,mari,mari,f,Sprite Can,1.0,3.64,4.0,2.4423,recipe,true
2026-07-25,mari,mari,mari,f,Add Jalapenos,2.0,2.3,2.53,0.0,lightspeed,true
2026-07-25,mari,mari,mari,f,Add Chilli,2.0,1.82,2.0,0.0,lightspeed,true
2026-07-25,mari,mari,mari,f,Add BBQ Sauce,1.0,1.36,1.5,0.0,lightspeed,true
2026-07-25,mari,mari,mari,f,Add Capsicum,1.0,1.36,1.5,0.0,lightspeed,true
2026-07-25,mari,mari,mari,f,Add Cherry Tomatoes,1.0,1.36,1.5,0.0,lightspeed,true
2026-07-25,mari,mari,mari,f,Add Corn,1.0,1.36,1.5,0.0,lightspeed,true
2026-07-25,mari,mari,mari,f,Add Garlic,1.0,1.36,1.5,0.0,lightspeed,true
2026-07-25,mari,mari,mari,f,Add Mushrooms,1.0,1.36,1.5,0.0,lightspeed,true
2026-07-25,mari,mari,mari,f,Add Olives,1.0,1.36,1.5,0.0,lightspeed,true
2026-07-25,mari,mari,mari,f,Add Onion,1.0,1.36,1.5,0.0,lightspeed,true
2026-07-25,mari,mari,mari,f,Add Pineapple,1.0,1.36,1.5,0.0,lightspeed,true
2026-07-25,mari,mari,mari,f,Add Basil,1.0,0.91,1.0,0.0,lightspeed,true
2026-07-25,mari,mari,mari,f,Sour Cream,1.0,0.91,1.0,0.0,lightspeed,true
2026-07-25,mari,mari,mari,f,Coke Zero 1.25L,1.0,0.0,0.0,3.09,recipe,true
2026-07-25,mari,mari,mari,f,Less Cheese,1.0,0.0,0.0,0.0,lightspeed,true
2026-07-25,mari,mari,mari,f,Online Discount,2.0,-23.5,-23.5,0.0,lightspeed,true
2026-07-25,stow,stow,stow,b,Roast Turkey,55.0,1485.25,1633.91,0.0,lightspeed,true
2026-07-25,stow,stow,stow,b,The Full Monty [Roast + Dessert + Wine + Tawny],14.0,910.13,1001.06,0.0,lightspeed,true
2026-07-25,stow,stow,stow,b,Classic Margarita,47.0,772.6,849.87,196.1028,recipe,true
2026-07-25,stow,stow,stow,b,Mulled Wine,42.0,570.05,626.9,87.6204,recipe,true
2026-07-25,stow,stow,stow,b,Jalapeño Marg,19.0,374.42,411.83,73.0702,recipe,true
2026-07-25,stow,stow,stow,f,American Standard Burger,17.0,353.86,389.29,99.2851,recipe,true
2026-07-25,stow,stow,stow,b,Guinness Draught - Pint,21.0,335.67,369.21,100.9071,recipe,true
2026-07-25,stow,stow,stow,b,Geppetto Pinot Noir - Bottle,5.0,276.32,303.93,87.8,lightspeed,true
2026-07-25,stow,stow,stow,b,Aperol Spritz,19.0,268.85,295.68,67.564,recipe,true
2026-07-25,stow,stow,stow,b,Fresh is Best Summer Lager - Schooner,32.0,241.36,265.4,50.3072,recipe,true
2026-07-25,stow,stow,stow,b,Fresh is Best Lager - Pint,20.0,216.88,238.65,48.438,recipe,true
2026-07-25,stow,stow,stow,b,Philter XPA - Schooner,28.0,210.94,232.16,62.678,recipe,true
2026-07-25,stow,stow,stow,b,Geppetto Pinot Noir - Regular,15.0,207.73,228.44,52.68,recipe,true
2026-07-25,stow,stow,stow,b,Grifter Pale - Pint,18.0,205.51,226.06,59.9292,recipe,true
2026-07-25,stow,stow,stow,f,Arancini Balls [5pc],10.0,204.96,225.45,0.0,lightspeed,true
2026-07-25,stow,stow,stow,b,Grifter Pale - Schooner,22.0,202.79,223.18,54.6128,recipe,true
2026-07-25,stow,stow,stow,b,Espresso Martini,13.0,197.03,216.74,42.705,recipe,true
2026-07-25,stow,stow,stow,b,Coconut Margarita,9.0,179.88,197.85,38.2041,recipe,true
2026-07-25,stow,stow,stow,f,Sensei Calamari,10.0,179.62,197.54,22.628,recipe,true
2026-07-25,stow,stow,stow,b,Mother's Milk Shiraz - Regular,13.0,178.22,195.98,41.8119,recipe,true
2026-07-25,stow,stow,stow,b,Ottelia Chardonnay - Regular,12.0,172.16,189.3,41.5128,recipe,true
2026-07-25,stow,stow,stow,b,Version Two Pinot Grigio - Bottle,4.0,163.3,179.62,35.33,lightspeed,true
2026-07-25,stow,stow,stow,b,Beetle Juice,9.0,162.25,178.47,33.363,recipe,true
2026-07-25,stow,stow,stow,b,Kuku Sauvignon Blanc - Bottle,3.0,158.19,174.0,43.72,lightspeed,true
2026-07-25,stow,stow,stow,b,Bombay Dry [House],15.0,150.0,165.0,32.466,recipe,true
2026-07-25,stow,stow,stow,b,Status Quo - Pint,9.0,144.76,159.23,37.4283,recipe,true
2026-07-25,stow,stow,stow,b,Flower Child,7.0,141.31,155.44,24.6169,recipe,true
2026-07-25,stow,stow,stow,b,Stone & Wood - Pint,9.0,139.05,153.0,39.7881,recipe,true
2026-07-25,stow,stow,stow,f,Fancy Pants Parmy - Classic,5.0,134.41,147.88,37.993,recipe,true
2026-07-25,stow,stow,stow,f,Fish Burrito,5.0,133.93,147.34,29.207,recipe,true
2026-07-25,stow,stow,stow,b,Philter XPA - Pint,11.0,133.65,147.0,33.0242,recipe,true
2026-07-25,stow,stow,stow,b,Petits Detours Rosé - Regular,9.0,131.89,145.05,31.212,recipe,true
2026-07-25,stow,stow,stow,f,Buffalo Wings,8.0,131.46,144.58,23.8112,recipe,true
2026-07-25,stow,stow,stow,b,Year Wines Fiano - Bottle,2.0,129.1,142.0,42.74,lightspeed,true
2026-07-25,stow,stow,stow,b,Villa Fresco Sangiovese - Bottle,3.0,126.19,138.81,36.18,lightspeed,true
2026-07-25,stow,stow,stow,b,A. Rodda Tempranillo - Bottle,2.0,124.36,136.8,55.72,lightspeed,true
2026-07-25,stow,stow,stow,b,Version Two Pinot Grigio - Regular,13.0,124.15,136.54,22.9671,recipe,true
2026-07-25,stow,stow,stow,f,Sweet Potato Fries,11.0,121.68,133.84,27.8311,recipe,true
2026-07-25,stow,stow,stow,b,Old Fashioned,6.0,120.65,132.72,29.1498,recipe,true
2026-07-25,stow,stow,stow,b,Kirin - Pint,7.0,118.29,130.11,35.6468,recipe,true
2026-07-25,stow,stow,stow,b,Cri De Couer Pinot Noir - Bottle,1.0,115.45,127.0,62.15,lightspeed,true
2026-07-25,stow,stow,stow,b,Villa Fresco Sangiovese - Regular,12.7,115.35,126.88,30.6362,recipe,true
2026-07-25,stow,stow,stow,b,Fresh is Best Lager - Schooner,15.0,106.61,117.16,27.087,recipe,true
2026-07-25,stow,stow,stow,f,$2 Buffalo Wing,58.0,104.83,115.25,21.5818,recipe,true
2026-07-25,stow,stow,stow,b,Negroni,6.0,102.77,113.06,24.594,recipe,true
2026-07-25,stow,stow,stow,b,Kuku Sauvignon Blanc - Regular,8.0,102.26,112.46,23.3128,recipe,true
2026-07-25,stow,stow,stow,f,Fish Tacos,6.0,99.05,108.97,11.091,recipe,true
2026-07-25,stow,stow,stow,b,Crankshaft IPA - Pint,6.0,95.98,105.58,25.8144,recipe,true
2026-07-25,stow,stow,stow,b,Version Two Sparkling - Regular,12.0,95.1,104.63,21.2004,recipe,true
2026-07-25,stow,stow,stow,b,Mother's Milk Shiraz - Large,4.0,92.41,101.64,21.442,recipe,true
2026-07-25,stow,stow,stow,b,Kirin - Schooner,7.0,90.81,99.86,26.5783,recipe,true
2026-07-25,stow,stow,stow,f,Beef Burrito,4.0,90.18,99.21,37.6288,recipe,true
2026-07-25,stow,stow,stow,b,Kraken Rum,7.0,89.11,98.0,16.8567,recipe,true
2026-07-25,stow,stow,stow,b,Villa Fresco Sangiovese - Large,5.0,88.06,96.86,20.1025,recipe,true
2026-07-25,stow,stow,stow,f,Chicken Shindig Burger,4.0,87.82,96.61,21.5716,recipe,true
2026-07-25,stow,stow,stow,b,Casa Gheller Prosecco - Glass,6.0,87.3,96.0,20.088,recipe,true
2026-07-25,stow,stow,stow,f,Rosemary Salted Fries,8.0,84.42,92.83,14.88,recipe,true
2026-07-25,stow,stow,stow,b,Scorched As,4.0,81.97,90.16,17.3892,recipe,true
2026-07-25,stow,stow,stow,f,Chicken Burrito,3.0,80.53,88.6,24.843,recipe,true
2026-07-25,stow,stow,stow,f,Bang Bang Cauli,5.0,78.79,86.69,13.8295,recipe,true
2026-07-25,stow,stow,stow,f,Nut Roast,3.0,77.28,85.01,14.7843,recipe,true
2026-07-25,stow,stow,stow,f,BBQ Wings D,7.0,72.75,80.0,21.98,recipe,true
2026-07-25,stow,stow,stow,b,Petits Detours Rosé - Large,3.0,70.44,77.46,17.34,recipe,true
2026-07-25,stow,stow,stow,f,Baked Camembert,3.0,69.41,76.33,0.0,lightspeed,true
2026-07-25,stow,stow,stow,b,Little Dragon Can,6.0,68.53,75.41,20.9166,recipe,true
2026-07-25,stow,stow,stow,b,Creme Brulee,4.0,67.62,74.37,0.0,lightspeed,true
2026-07-25,stow,stow,stow,b,Island Time,3.0,67.61,74.37,12.624,recipe,true
2026-07-25,stow,stow,stow,b,Padrillos Malbec - Bottle,1.0,65.45,72.0,19.33,lightspeed,true
2026-07-25,stow,stow,stow,b,Tommy's Margarita,3.0,64.82,71.29,15.1716,recipe,true
2026-07-25,stow,stow,stow,b,Biscoff Espresso,3.0,64.8,71.27,9.7452,recipe,true
2026-07-25,stow,stow,stow,b,Kuku Sauvignon Blanc - Large,3.0,64.79,71.27,14.5701,recipe,true
2026-07-25,stow,stow,stow,f,BBQ Wings,4.0,62.95,69.25,12.56,recipe,true
2026-07-25,stow,stow,stow,f,Cauliflower Cheese,10.0,59.67,65.64,8.81,recipe,true
2026-07-25,stow,stow,stow,b,Bread & Butter Pud,4.0,59.66,65.61,0.0,lightspeed,true
2026-07-25,stow,stow,stow,b,Casa Gheller Prosecco - Bottle,1.0,58.18,64.0,16.73,lightspeed,true
2026-07-25,stow,stow,stow,f,Pie,2.0,57.81,63.59,0.0,lightspeed,true
2026-07-25,stow,stow,stow,f,Beef Burrito D,2.0,54.54,60.0,18.8144,recipe,true
2026-07-25,stow,stow,stow,b,Cosmo,3.0,54.54,60.0,10.0743,recipe,true
2026-07-25,stow,stow,stow,b,Cri De Couer Pinot Noir - Regular,9.0,54.54,60.0,111.8727,recipe,true
2026-07-25,stow,stow,stow,f,Eggplant Parmy,2.0,54.5,59.95,0.0,lightspeed,true
2026-07-25,stow,stow,stow,b,Version Two Pinot Grigio - Large,3.0,53.52,58.89,8.8335,recipe,true
2026-07-25,stow,stow,stow,b,Whispering Angel Rosé - Regular,2.0,52.59,57.87,13.718,recipe,true
2026-07-25,stow,stow,stow,b,Unico Zelo Terra Cotta - Large,2.0,52.56,57.82,14.5936,recipe,true
2026-07-25,stow,stow,stow,b,Bombay Sapphire,4.0,50.92,56.0,9.4236,recipe,true
2026-07-25,stow,stow,stow,f,Stow Schnitty,2.0,50.5,55.55,10.996,recipe,true
2026-07-25,stow,stow,stow,b,Jala Marg PartyJar [6 serves],1.0,50.0,55.0,0.0,lightspeed,true
2026-07-25,stow,stow,stow,f,Eggplant Schnitty,2.0,48.84,53.72,8.876,recipe,true
2026-07-25,stow,stow,stow,b,Virgin Margy,4.0,48.42,53.26,0.0,lightspeed,true
2026-07-25,stow,stow,stow,b,Open Price,2.0,48.18,53.0,0.0,lightspeed,true
2026-07-25,stow,stow,stow,b,Stone & Wood - Schooner,4.0,48.06,52.85,13.1852,recipe,true
2026-07-25,stow,stow,stow,b,Trentham Estate Rosé - Regular,6.0,48.06,52.88,12.66,recipe,true
2026-07-25,stow,stow,stow,b,White Light Pure Vodka [House],5.0,48.0,52.8,7.604,recipe,true
2026-07-25,stow,stow,stow,f,Chicken Schnitty D,2.0,45.45,50.0,0.0,lightspeed,true
2026-07-25,stow,stow,stow,f,Brownie,4.0,45.1,49.61,11.2904,recipe,true
2026-07-25,stow,stow,stow,f,Buffalo Wings D,3.0,44.09,48.5,8.9292,recipe,true
2026-07-25,stow,stow,stow,b,Jack Daniels,4.0,43.64,48.0,9.0532,recipe,true
2026-07-25,stow,stow,stow,b,BBQ Ribs,1.0,41.35,45.48,0.0,lightspeed,true
2026-07-25,stow,stow,stow,f,Rocket Man D,3.0,40.92,45.0,9.5916,recipe,true
2026-07-25,stow,stow,stow,b,Fresh is Best Summer Lager - Pint,4.0,38.91,42.79,8.4336,recipe,true
2026-07-25,stow,stow,stow,f,$2 BBQ Wing,21.0,38.38,42.21,8.2425,recipe,true
2026-07-25,stow,stow,stow,b,Four Pillars Bloody Shiraz Gin Tonica,2.0,38.18,42.0,11.1192,recipe,true
2026-07-25,stow,stow,stow,b,Whisky Sour,2.0,38.18,42.0,9.2692,recipe,true
2026-07-25,stow,stow,stow,b,Pepsi Max Glass,10.0,37.35,41.1,13.1,recipe,true
2026-07-25,stow,stow,stow,f,Lepinja Bread,4.0,37.27,41.0,0.0,lightspeed,true
2026-07-25,stow,stow,stow,b,Crankshaft IPA - Schooner,3.0,37.22,40.94,9.6237,recipe,true
2026-07-25,stow,stow,stow,b,Lemon Meringue Martini,2.0,37.08,40.78,7.3628,recipe,true
2026-07-25,stow,stow,stow,b,Status Quo - Schooner,3.0,36.81,40.5,9.3024,recipe,true
2026-07-25,stow,stow,stow,b,$21 Custom Cocktail,2.0,36.27,39.9,0.0,lightspeed,true
2026-07-25,stow,stow,stow,b,Pink Lemonade Glass,8.0,33.8,37.19,7.5864,recipe,true
2026-07-25,stow,stow,stow,b,Year Wines Fiano - Regular,2.0,33.26,36.59,8.542,recipe,true
2026-07-25,stow,stow,stow,b,San Pellegrino 500ml,4.0,32.72,36.0,9.28,recipe,true
2026-07-25,stow,stow,stow,b,Lychee Martini,2.0,31.92,35.11,7.8156,recipe,true
2026-07-25,stow,stow,stow,f,Bang Bang Cauli D,2.0,31.82,35.0,5.5318,recipe,true
2026-07-25,stow,stow,stow,f,Amalfi Olives,3.0,31.69,34.88,0.0,lightspeed,true
2026-07-25,stow,stow,stow,b,Rooster Rojo Blanco Tequila [House],3.0,30.0,33.0,5.8923,recipe,true
2026-07-25,stow,stow,hg,f,Chocolate Brownie [HG],3.0,29.46,32.4,0.0,lightspeed,true
2026-07-25,stow,stow,stow,b,Lemonade Glass,7.0,29.03,31.95,5.6224,recipe,true
2026-07-25,stow,stow,stow,f,Cauliflower Burrito,1.0,27.13,29.85,5.485,recipe,true
2026-07-25,stow,stow,stow,b,"Lemon, Lime & Bitters",6.0,27.01,29.68,6.1614,recipe,true
2026-07-25,stow,stow,stow,b,A. Rodda Chardonnay - Regular,3.0,25.45,28.0,22.62,recipe,true
2026-07-25,stow,stow,stow,f,Sweet Potato Fries D,2.0,25.37,27.9,5.0602,recipe,true
2026-07-25,stow,stow,stow,b,Guinness Draught - Schooner,2.0,25.35,27.88,7.1654,recipe,true
2026-07-25,stow,stow,stow,b,Four Pillars Bloody Shiraz Gin,2.0,25.01,27.54,5.9332,recipe,true
2026-07-25,stow,stow,stow,b,Peroni 0%,3.0,24.81,27.3,5.5389,recipe,true
2026-07-25,stow,stow,stow,b,Lagavulin 16yr,1.0,24.55,27.0,7.5009,recipe,true
2026-07-25,stow,stow,stow,f,Kids Hawaiian Pizza,2.0,24.42,26.86,0.0,lightspeed,true
2026-07-25,stow,stow,stow,f,Kids Nuggets & Chips,2.0,22.85,25.13,4.4854,recipe,true
2026-07-25,stow,stow,stow,f,Chicken Parmy D,1.0,22.73,25.0,0.0,lightspeed,true
2026-07-25,stow,stow,stow,f,Fries D,2.0,22.73,25.0,0.0,lightspeed,true
2026-07-25,stow,stow,stow,b,Ottelia Chardonnay - Large,1.0,22.73,25.0,5.7657,recipe,true
2026-07-25,stow,stow,stow,b,Patron Silver Margarita,1.0,22.53,24.78,5.3622,recipe,true
2026-07-25,stow,stow,stow,b,Jameson Irish Whiskey,2.0,21.82,24.0,4.5094,recipe,true
2026-07-25,stow,stow,stow,b,Pepsi Glass,5.0,20.71,22.8,6.55,recipe,true
2026-07-25,stow,stow,stow,b,Heaps Normal Tin,2.0,20.33,22.37,5.3392,recipe,true
2026-07-25,stow,stow,stow,f,Extra Gravy,12.0,20.2,22.21,3.6096,recipe,true
2026-07-25,stow,stow,stow,b,Vodka Martini,1.0,20.0,22.0,2.9286,recipe,true
2026-07-25,stow,stow,stow,b,Daiquiri,1.0,19.72,21.69,4.9868,recipe,true
2026-07-25,stow,stow,stow,b,Philter Pale - Schooner,2.0,19.42,21.35,0.0,lightspeed,true
2026-07-25,stow,stow,stow,b,Amarretto Sour,1.0,19.09,21.0,3.8267,recipe,true
2026-07-25,stow,stow,stow,f,Baked Camembert D,1.0,19.09,21.0,0.0,lightspeed,true
2026-07-25,stow,stow,stow,b,Mojito,1.0,19.09,21.0,3.7401,recipe,true
2026-07-25,stow,stow,stow,b,Moscow Mule,1.0,19.09,21.0,3.4136,recipe,true
2026-07-25,stow,stow,stow,f,Sensei Calamari D,1.0,19.09,21.0,2.2628,recipe,true
2026-07-25,stow,stow,stow,f,Extra Yorkshire Pudding,10.0,18.56,20.42,0.0,lightspeed,true
2026-07-25,stow,stow,stow,f,Cauliflower Tacos D,1.0,18.18,20.0,0.0,lightspeed,true
2026-07-25,stow,stow,stow,b,French Martini,1.0,18.18,20.0,3.9211,recipe,true
2026-07-25,stow,stow,stow,b,Sigurd GSM Red Blend - Regular,1.0,18.18,20.0,4.62,recipe,true
2026-07-25,stow,stow,stow,f,Kids Meat Roast,1.0,18.17,20.0,0.0,lightspeed,true
2026-07-25,stow,stow,stow,b,Unico Zelo Terra Cotta - Regular,1.0,17.84,19.62,4.378,recipe,true
2026-07-25,stow,stow,stow,b,A. Rodda Tempranillo - Regular,1.0,16.89,18.59,5.5699,recipe,true
2026-07-25,stow,stow,stow,f,Rocket Man,1.0,16.36,18.0,3.1972,recipe,true
2026-07-25,stow,stow,stow,b,Fresh Lime Soda,5.0,16.21,17.84,0.0,lightspeed,true
2026-07-25,stow,stow,stow,b,Ottelia Cab Sav - Regular,1.0,15.45,17.0,4.608,recipe,true
2026-07-25,stow,stow,stow,b,Wolf Lane Navy Gin,1.0,15.03,16.52,3.6489,recipe,true
2026-07-25,stow,stow,stow,b,Never Never Oyster Shell Gin,1.0,14.09,15.49,2.9841,recipe,true
2026-07-25,stow,stow,stow,f,Extra Veg,5.0,13.92,15.3,0.0,lightspeed,true
2026-07-25,stow,stow,stow,b,Stow's Irish Coffee,1.0,13.64,15.0,0.9175,recipe,true
2026-07-25,stow,stow,stow,b,Four Pillars Rare Dry,1.0,13.61,14.98,3.096,recipe,true
2026-07-25,stow,stow,stow,b,Trade Winds,1.0,13.16,14.47,1.4538,recipe,true
2026-07-25,stow,stow,stow,b,Belvedere Vodka,1.0,13.15,14.46,2.6475,recipe,true
2026-07-25,stow,stow,stow,b,Grey Goose,1.0,13.15,14.46,2.574,recipe,true
2026-07-25,stow,stow,stow,b,Philter Pale - Pint,1.0,12.73,14.0,0.0,lightspeed,true
2026-07-25,stow,stow,stow,f,Kids Ham & Cheese Pizza,1.0,12.21,13.43,0.0,lightspeed,true
2026-07-25,stow,stow,stow,b,Seadrift Coast Non-alc G&T,1.0,12.21,13.43,2.6518,recipe,true
2026-07-25,stow,stow,stow,f,Brownie D,11.0,11.82,13.0,21.4511,recipe,true
2026-07-25,stow,stow,stow,f,Roasted Tomato Coulis,4.0,11.19,12.3,0.0,lightspeed,true
2026-07-25,stow,stow,stow,b,Fellr Watermelon Seltzer Tin,1.0,10.91,12.0,3.41,lightspeed,true
2026-07-25,stow,stow,stow,f,Side Blue Cheese Dip,11.0,10.25,11.24,0.0,lightspeed,true
2026-07-25,stow,stow,stow,b,Kahlúa Coffee Liqueur,1.0,10.0,11.0,1.4359,recipe,true
2026-07-25,stow,stow,stow,b,Sailor Jerry [House],1.0,10.0,11.0,2.0293,recipe,true
2026-07-25,stow,stow,stow,b,Monteith's Apple Cider Bottle,1.0,9.86,10.84,3.11,recipe,true
2026-07-25,stow,stow,stow,b,Corona,1.0,9.55,10.5,2.5713,recipe,true
2026-07-25,stow,stow,stow,f,Kids Icecream,2.0,8.8,9.67,1.47,recipe,true
2026-07-25,stow,stow,stow,f,Side Aioli,18.0,8.22,9.27,0.0,lightspeed,true
2026-07-25,stow,stow,stow,f,Lepinja Bread D,1.0,8.18,9.0,0.0,lightspeed,true
2026-07-25,stow,stow,stow,b,Stow Soda - Passionfruit,1.0,8.18,9.0,0.2466,recipe,true
2026-07-25,stow,stow,stow,b,Stow Soda - Grapefruit,1.0,7.36,8.1,0.0866,recipe,true
2026-07-25,stow,stow,stow,f,Swap Fries for Sweet Potato Fries,3.0,5.58,6.14,0.0,lightspeed,true
2026-07-25,stow,stow,stow,b,Apple Juice Glass,1.0,4.7,5.16,0.6594,recipe,true
2026-07-25,stow,stow,stow,b,Bundaberg Ginger Beer,1.0,4.7,5.16,0.9922,recipe,true
2026-07-25,stow,stow,stow,f,Side Spicy Salsa,5.0,4.61,5.06,0.0,lightspeed,true
2026-07-25,stow,stow,stow,b,Orange Juice Glass,1.0,4.55,5.0,0.4801,recipe,true
2026-07-25,stow,stow,stow,b,Ginger Ale,1.0,3.77,4.14,0.0,lightspeed,true
2026-07-25,stow,stow,stow,f,Extra Arancini Ball,1.0,3.76,4.13,0.0,lightspeed,true
2026-07-25,stow,stow,stow,f,Make it Gluten-free [gf/vg bun w sweet pot. fries],2.0,3.76,4.14,0.0,lightspeed,true
2026-07-25,stow,stow,stow,f,Add Onion Rings,1.0,3.28,3.6,0.0,lightspeed,true
2026-07-25,stow,stow,stow,f,Add Side Salad,1.0,2.73,3.0,0.0,lightspeed,true
2026-07-25,stow,stow,stow,f,Caramelised Onion Jam,1.0,2.73,3.0,0.0,lightspeed,true
2026-07-25,stow,stow,stow,f,Hot Honey,1.0,2.73,3.0,0.0,lightspeed,true
2026-07-25,stow,stow,stow,f,Swap for Sweet Potato Fries,1.0,1.88,2.07,0.0,lightspeed,true
2026-07-25,stow,stow,stow,f,Add Cheese,1.0,1.82,2.0,0.0,lightspeed,true
2026-07-25,stow,stow,stow,b,Fever-Tree Mediterannean  [mixer],1.0,0.94,1.03,0.0,lightspeed,true
2026-07-25,stow,stow,stow,f,Side Guac,1.0,0.91,1.0,0.0,lightspeed,true
2026-07-25,stow,stow,stow,f,Side Sour Cream,1.0,0.91,1.0,0.0,lightspeed,true
2026-07-25,stow,stow,stow,b,1 Glass,1.0,0.0,0.0,0.0,lightspeed,true
2026-07-25,stow,stow,stow,b,2 Glasses,2.0,0.0,0.0,0.0,lightspeed,true
2026-07-25,stow,stow,stow,b,4 Glasses,1.0,0.0,0.0,0.0,lightspeed,true
2026-07-25,stow,stow,stow,b,Chashu Pork Belly,1.0,0.0,0.0,0.0,lightspeed,true
2026-07-25,stow,stow,stow,b,Classic,1.0,0.0,0.0,0.0,lightspeed,true
2026-07-25,stow,stow,stow,b,Cri De Couer Pinot Noir - Regular.,4.0,0.0,0.0,49.7212,recipe,true
2026-07-25,stow,stow,stow,b,Easy Sauce,2.0,0.0,0.0,0.0,lightspeed,true
2026-07-25,stow,stow,stow,b,Glass of Ice on the Side,3.0,0.0,0.0,0.0,lightspeed,true
2026-07-25,stow,stow,stow,b,Gluten-free [Corn Tortillas],1.0,0.0,0.0,0.0,lightspeed,true
2026-07-25,stow,stow,stow,b,Gluten-free [remove Yorkshire],1.0,0.0,0.0,0.0,lightspeed,true
2026-07-25,stow,stow,stow,b,Ice,1.0,0.0,0.0,0.0,lightspeed,true
2026-07-25,stow,stow,stow,b,Jug of Water,1.0,0.0,0.0,0.0,lightspeed,true
2026-07-25,stow,stow,stow,b,Lemonade [mixer],1.0,0.0,0.0,0.8,lightspeed,true
2026-07-25,stow,stow,stow,b,Lime,6.0,0.0,0.0,0.0,lightspeed,true
2026-07-25,stow,stow,stow,b,Lime Wedge,1.0,0.0,0.0,0.0,lightspeed,true
2026-07-25,stow,stow,stow,b,Make It A Burrito Bowl [gluten-free],3.0,0.0,0.0,0.0,lightspeed,true
2026-07-25,stow,stow,stow,b,Make it Vegan [use vegan cheese],1.0,0.0,0.0,0.0,lightspeed,true
2026-07-25,stow,stow,stow,b,Medium Rare,2.0,0.0,0.0,0.0,lightspeed,true
2026-07-25,stow,stow,stow,b,No Beans,2.0,0.0,0.0,0.0,lightspeed,true
2026-07-25,stow,stow,stow,b,No Caramelised Onion,1.0,0.0,0.0,0.0,lightspeed,true
2026-07-25,stow,stow,stow,b,No Cheese (Make It Dairy-Free),1.0,0.0,0.0,0.0,lightspeed,true
2026-07-25,stow,stow,stow,b,No Chilli,1.0,0.0,0.0,0.0,lightspeed,true
2026-07-25,stow,stow,stow,b,No Glasses Needed,1.0,0.0,0.0,0.0,lightspeed,true
2026-07-25,stow,stow,stow,b,No Jalape|os,1.0,0.0,0.0,0.0,lightspeed,true
2026-07-25,stow,stow,stow,b,No Mayo,1.0,0.0,0.0,0.0,lightspeed,true
2026-07-25,stow,stow,stow,b,No Olives,1.0,0.0,0.0,0.0,lightspeed,true
2026-07-25,stow,stow,stow,b,No Onion,1.0,0.0,0.0,0.0,lightspeed,true
2026-07-25,stow,stow,stow,b,No Pickle,1.0,0.0,0.0,0.0,lightspeed,true
2026-07-25,stow,stow,stow,b,No Pineapple,2.0,0.0,0.0,0.0,lightspeed,true
2026-07-25,stow,stow,stow,b,No Rice,2.0,0.0,0.0,0.0,lightspeed,true
2026-07-25,stow,stow,stow,b,No Salt,1.0,0.0,0.0,0.0,lightspeed,true
2026-07-25,stow,stow,stow,b,No Shallots,1.0,0.0,0.0,0.0,lightspeed,true
2026-07-25,stow,stow,stow,b,No Sliced Tomato,1.0,0.0,0.0,0.0,lightspeed,true
2026-07-25,stow,stow,stow,b,Olive,1.0,0.0,0.0,0.0,lightspeed,true
2026-07-25,stow,stow,stow,b,On The Rocks,3.0,0.0,0.0,0.0,lightspeed,true
2026-07-25,stow,stow,stow,b,Pepsi [mixer],1.0,0.0,0.0,0.8,lightspeed,true
2026-07-25,stow,stow,stow,b,Send Kids Food ASAP,3.0,0.0,0.0,0.0,lightspeed,true
2026-07-25,stow,stow,stow,b,Send Kids Food With Mains,2.0,0.0,0.0,0.0,lightspeed,true
2026-07-25,stow,stow,stow,f,Side BBQ Sauce,8.0,0.0,0.0,0.0,lightspeed,true
2026-07-25,stow,stow,stow,b,Side Tomato Sauce,12.0,0.0,0.0,0.0,lightspeed,true
2026-07-25,stow,stow,stow,b,Soda [mixer],1.0,0.0,0.0,0.0,lightspeed,true
2026-07-25,stow,stow,stow,b,Tonic [mixer],2.0,0.0,0.0,1.61,lightspeed,true
2026-07-26,mari,mari,mari,f,Large Margherita,6.0,122.73,135.0,13.9632,recipe,true
2026-07-26,mari,mari,mari,f,Large Pepperoni,5.0,116.35,128.0,21.805,recipe,true
2026-07-26,mari,mari,mari,f,Regular Meatlovers,5.0,110.42,121.45,21.696,recipe,true
2026-07-26,mari,mari,mari,f,$45 FEAST,2.0,90.0,99.0,28.1428,recipe,true
2026-07-26,mari,mari,mari,f,Large Sanchez,3.0,81.0,89.1,17.5122,recipe,true
2026-07-26,mari,mari,mari,f,Regular Little Italy [Dine-in],3.0,80.55,88.59,12.4965,recipe,true
2026-07-26,mari,mari,mari,f,Large Tandoori Chicken,3.0,75.0,82.5,9.5784,recipe,true
2026-07-26,mari,mari,mari,f,Regular BBQ Chicken Pizza,3.0,64.04,70.45,9.2628,recipe,true
2026-07-26,mari,mari,mari,f,Banquet Deal Pizzas,1.0,60.0,66.0,21.1281,recipe,true
2026-07-26,mari,mari,mari,f,Regular Super House Special,3.0,59.05,64.95,13.8561,recipe,true
2026-07-26,mari,mari,mari,f,Large Super House Special,3.0,58.0,63.8,22.8531,recipe,true
2026-07-26,mari,mari,mari,f,"Large No Chorizo, No Cry",3.0,54.0,59.4,16.4007,recipe,true
2026-07-26,mari,mari,mari,f,Large Cosmopolitan,3.0,50.0,55.0,21.123,recipe,true
2026-07-26,mari,mari,mari,f,Regular Hail Africa,2.0,40.0,44.0,6.83,recipe,true
2026-07-26,mari,mari,mari,f,Regular Cosmopolitan,2.0,39.0,42.9,8.9324,recipe,true
2026-07-26,mari,mari,mari,f,Regular Truffalo Soldier,2.0,37.0,40.7,7.3212,recipe,true
2026-07-26,mari,mari,mari,f,Gluten-free Hail Africa,1.0,28.18,31.0,8.8518,recipe,true
2026-07-26,mari,mari,mari,f,Large El Patron,1.0,28.18,31.0,5.812,recipe,true
2026-07-26,mari,mari,mari,f,Large Meatlovers,1.0,28.0,30.8,6.74,recipe,true
2026-07-26,mari,mari,mari,f,Regular Jimmy Jury [Dine-in],1.0,27.0,29.7,3.6214,recipe,true
2026-07-26,mari,mari,mari,f,"Regular No Chorizo, No Cry [Dine-in]",1.0,26.0,28.6,2.6415,recipe,true
2026-07-26,mari,mari,mari,f,Delivery Fee - Freshwater / Queenscliff,5.0,25.0,27.5,0.0,lightspeed,true
2026-07-26,mari,mari,mari,f,Large Bubba Gump,2.0,25.0,27.5,11.0012,recipe,true
2026-07-26,mari,mari,mari,f,Regular Uber Margherita [Dine-in],1.0,23.77,26.15,2.712,recipe,true
2026-07-26,mari,mari,mari,f,Garlic Bread,5.0,20.91,23.0,7.4385,recipe,true
2026-07-26,mari,mari,mari,f,Large Hawaiian,1.0,20.0,22.0,3.3157,recipe,true
2026-07-26,mari,mari,mari,f,Online Delivery Fee,1.0,19.95,19.95,0.0,lightspeed,true
2026-07-26,mari,mari,mari,f,Regular El Patron,1.0,19.5,21.45,4.3212,recipe,true
2026-07-26,mari,mari,mari,f,Regular Little Italy,1.0,19.5,21.45,4.7581,recipe,true
2026-07-26,mari,mari,mari,f,"Regular No Chorizo, No Cry",1.0,19.5,21.45,3.234,recipe,true
2026-07-26,mari,mari,mari,f,Regular Paddock,1.0,19.5,21.45,4.0838,recipe,true
2026-07-26,mari,mari,mari,f,Regular Sanchez,1.0,19.5,21.45,4.5378,recipe,true
2026-07-26,mari,mari,mari,f,Regular Tandoori Chicken,1.0,19.5,21.45,2.0367,recipe,true
2026-07-26,mari,mari,mari,f,Regular Hawaiian,1.0,15.0,16.5,3.272,recipe,true
2026-07-26,mari,mari,mari,f,Large Hail Africa,1.0,13.5,14.85,6.2812,recipe,true
2026-07-26,mari,mari,mari,f,Large Truffalo Soldier,1.0,12.5,13.75,5.2,recipe,true
2026-07-26,mari,mari,mari,f,Sprite 1.25L,2.0,12.36,13.6,8.5308,recipe,true
2026-07-26,mari,mari,mari,f,Cheesy Garlic Bread,2.0,12.0,13.2,3.6054,recipe,true
2026-07-26,mari,mari,mari,f,Online Surcharge,8.0,11.54,11.54,0.0,lightspeed,true
2026-07-26,mari,mari,mari,f,Add Pepperoni,3.0,9.0,9.9,0.0,lightspeed,true
2026-07-26,mari,mari,mari,f,Delivery Fee - Curl Curl / Manly / Dee Why,1.0,6.5,7.15,0.0,lightspeed,true
2026-07-26,mari,mari,mari,f,Coke 1.25L,1.0,6.36,7.0,3.69,recipe,true
2026-07-26,mari,mari,mari,f,Coke Zero 1.25L,1.0,6.36,7.0,3.09,recipe,true
2026-07-26,mari,mari,mari,f,Vegan Cheese [Pizza],2.0,6.0,6.6,0.0,lightspeed,true
2026-07-26,mari,mari,mari,f,Add Bacon,2.0,5.6,6.16,0.0,lightspeed,true
2026-07-26,mari,mari,mari,f,Add Mushrooms,3.0,4.5,4.95,0.0,lightspeed,true
2026-07-26,mari,mari,mari,f,Add Fetta,1.0,3.0,3.3,0.0,lightspeed,true
2026-07-26,mari,mari,mari,f,Add Garlic,2.0,3.0,3.3,0.0,lightspeed,true
2026-07-26,mari,mari,mari,f,Add Ham,1.0,3.0,3.3,0.0,lightspeed,true
2026-07-26,mari,mari,mari,f,Add Anchovies,1.0,2.0,2.2,0.0,lightspeed,true
2026-07-26,mari,mari,mari,f,Add BBQ Sauce,1.0,1.5,1.65,0.0,lightspeed,true
2026-07-26,mari,mari,mari,f,Add Basil,1.0,1.0,1.1,0.0,lightspeed,true
2026-07-26,mari,mari,mari,f,Add Chilli,1.0,1.0,1.1,0.0,lightspeed,true
2026-07-26,mari,mari,mari,f,Online Rounding,2.0,0.02,0.02,0.0,lightspeed,true
2026-07-26,mari,mari,mari,f,.1.25L Coke,1.0,0.0,0.0,3.69,recipe,true
2026-07-26,mari,mari,mari,f,.Garlic Bread,1.0,0.0,0.0,1.4877,recipe,true
2026-07-26,mari,mari,mari,f,BBQ Chicken.,1.0,0.0,0.0,0.0,lightspeed,true
2026-07-26,mari,mari,mari,f,Large Uber Margherita,1.0,0.0,0.0,4.384,recipe,true
2026-07-26,mari,mari,mari,f,Online Discount,2.0,-21.46,-21.46,0.0,lightspeed,true
2026-07-26,stow,stow,stow,f,Pork Roast,26.0,732.77,806.08,117.7488,recipe,true
2026-07-26,stow,stow,stow,b,Roast Turkey,21.0,639.86,703.87,0.0,lightspeed,true
2026-07-26,stow,stow,stow,b,Fresh is Best Lager - Pint,30.0,310.41,341.45,72.657,recipe,true
2026-07-26,stow,stow,stow,b,Guinness Draught - Pint,16.0,273.57,300.93,76.8816,recipe,true
2026-07-26,stow,stow,stow,f,Nut Roast,9.0,270.92,298.01,44.3529,recipe,true
2026-07-26,stow,stow,stow,b,Stone & Wood - Schooner,20.0,240.49,264.53,65.926,recipe,true
2026-07-26,stow,stow,stow,f,Beef Cheek,6.0,228.66,251.53,0.0,lightspeed,true
2026-07-26,stow,stow,stow,b,Mulled Wine,15.0,227.94,250.74,31.293,recipe,true
2026-07-26,stow,stow,stow,b,Grifter Pale - Pint,13.0,196.47,216.12,43.2822,recipe,true
2026-07-26,stow,stow,stow,b,Classic Margarita,9.0,183.93,202.32,37.5516,recipe,true
2026-07-26,stow,stow,stow,b,Veuve Clicquot Yellow Label - Glass,5.0,183.52,201.87,80.763,recipe,true
2026-07-26,stow,stow,stow,f,Beef Burger D,10.0,180.0,198.0,58.403,recipe,true
2026-07-26,stow,stow,stow,f,Fish Tacos,9.0,175.26,192.79,16.6365,recipe,true
2026-07-26,stow,stow,stow,f,Stow Schnitty,6.0,165.79,182.39,32.988,recipe,true
2026-07-26,stow,stow,stow,b,Fresh is Best Lager - Schooner,18.7,156.39,172.03,33.7685,recipe,true
2026-07-26,stow,stow,stow,b,Kirin - Schooner,10.7,150.26,165.28,40.6268,recipe,true
2026-07-26,stow,stow,stow,b,Casa Gheller Prosecco - Glass,9.0,144.0,158.4,30.132,recipe,true
2026-07-26,stow,stow,stow,f,Buffalo Wings,9.0,142.88,157.17,26.7876,recipe,true
2026-07-26,stow,stow,stow,f,Sensei Calamari,7.0,140.37,154.39,15.8396,recipe,true
2026-07-26,stow,stow,stow,b,Negroni,7.0,132.0,145.2,28.693,recipe,true
2026-07-26,stow,stow,stow,b,Aperol Spritz,6.0,117.31,129.04,21.336,recipe,true
2026-07-26,stow,stow,stow,f,Cauliflower Cheese,17.0,108.95,119.85,14.977,recipe,true
2026-07-26,stow,stow,stow,f,Baked Camembert,4.0,101.23,111.36,0.0,lightspeed,true
2026-07-26,stow,stow,stow,b,Petits Detours Rosé - Regular,6.0,97.04,106.75,20.808,recipe,true
2026-07-26,stow,stow,stow,b,Ottelia Chardonnay - Regular,6.0,96.52,106.17,20.7564,recipe,true
2026-07-26,stow,stow,stow,b,Coconut Margarita,4.0,93.5,102.86,16.9796,recipe,true
2026-07-26,stow,stow,stow,b,Mother's Milk Shiraz - Regular,6.0,91.48,100.62,19.2978,recipe,true
2026-07-26,stow,stow,stow,b,Stone & Wood - Pint,5.0,86.11,94.73,22.1045,recipe,true
2026-07-26,stow,stow,stow,f,American Standard Burger,3.0,83.34,91.67,17.5209,recipe,true
2026-07-26,stow,stow,stow,f,Pie,3.0,80.03,88.04,0.0,lightspeed,true
2026-07-26,stow,stow,stow,b,Villa Fresco Sangiovese - Regular,7.0,79.98,87.98,16.8861,recipe,true
2026-07-26,stow,stow,stow,f,Fancy Pants Parmy - Classic,5.0,76.35,83.98,37.993,recipe,true
2026-07-26,stow,stow,stow,b,Little Dragon Can,6.0,76.23,83.85,20.9166,recipe,true
2026-07-26,stow,stow,stow,b,BBQ Ribs,2.0,71.85,79.03,0.0,lightspeed,true
2026-07-26,stow,stow,stow,b,Kuku Sauvignon Blanc - Regular,5.0,70.46,77.51,14.5705,recipe,true
2026-07-26,stow,stow,stow,b,Grifter Pale - Schooner,7.0,69.38,76.31,17.3768,recipe,true
2026-07-26,stow,stow,stow,b,Beetle Juice,3.0,68.19,75.0,11.121,recipe,true
2026-07-26,stow,stow,stow,b,Scorched As,3.0,68.18,74.99,13.0419,recipe,true
2026-07-26,stow,stow,stow,b,Flower Child,3.0,66.72,73.39,10.5501,recipe,true
2026-07-26,stow,stow,stow,f,Chicken Shindig Burger,3.0,65.44,71.99,16.1787,recipe,true
2026-07-26,stow,stow,stow,b,Grifter Omen Stout Tin,5.0,65.43,71.97,15.95,recipe,true
2026-07-26,stow,stow,stow,b,Petits Detours Rosé Mediterranee - Bottle,1.0,64.0,70.4,17.34,recipe,true
2026-07-26,stow,stow,stow,b,"Lemon, Lime & Bitters",12.0,61.15,67.29,12.3228,recipe,true
2026-07-26,stow,stow,stow,b,Version Two Pinot Grigio - Regular,5.0,60.0,66.0,8.8335,recipe,true
2026-07-26,stow,stow,stow,b,Crankshaft IPA - Schooner,4.0,54.0,59.4,12.8316,recipe,true
2026-07-26,stow,stow,stow,b,Status Quo - Pint,3.0,53.07,58.38,12.4761,recipe,true
2026-07-26,stow,stow,stow,f,Bang Bang Cauli,3.0,52.68,57.95,8.2977,recipe,true
2026-07-26,stow,stow,stow,b,Bread & Butter Pud,4.0,49.57,54.52,0.0,lightspeed,true
2026-07-26,stow,stow,stow,b,Version Two Sparkling - Bottle,1.0,49.0,53.9,8.83,lightspeed,true
2026-07-26,stow,stow,stow,b,Version Two Sparkling - Regular,4.0,48.39,53.23,7.0668,recipe,true
2026-07-26,stow,stow,stow,f,BBQ Wings D,3.0,48.0,52.8,9.42,recipe,true
2026-07-26,stow,stow,stow,f,Amalfi Olives,4.0,47.52,52.26,0.0,lightspeed,true
2026-07-26,stow,stow,stow,b,Kuku Sauvignon Blanc - Large,2.0,47.5,52.26,9.7134,recipe,true
2026-07-26,stow,stow,stow,b,Pepsi Max Glass,10.0,45.74,50.31,13.1,recipe,true
2026-07-26,stow,stow,stow,f,Arancini Balls [5pc],2.0,45.25,49.76,0.0,lightspeed,true
2026-07-26,stow,stow,stow,b,Jalapeño Marg,2.0,44.45,48.9,7.6916,recipe,true
2026-07-26,stow,stow,stow,f,Kids Nuggets & Chips,3.0,39.85,43.84,6.7281,recipe,true
2026-07-26,stow,stow,stow,b,Villa Fresco Sangiovese - Large,2.0,39.24,43.17,8.041,recipe,true
2026-07-26,stow,stow,stow,f,Rosemary Salted Fries,3.0,39.12,43.03,5.58,recipe,true
2026-07-26,stow,stow,stow,b,Creme Brulee,2.0,37.19,40.91,0.0,lightspeed,true
2026-07-26,stow,stow,stow,b,Padrillos Malbec - Regular,2.0,37.18,40.9,7.7332,recipe,true
2026-07-26,stow,stow,stow,b,Kirin - Pint,2.0,37.0,40.7,10.1848,recipe,true
2026-07-26,stow,stow,stow,b,Lemonade Glass,8.0,36.3,39.92,6.4256,recipe,true
2026-07-26,stow,stow,stow,b,Trutta Streamside Shiraz [Chilled] - Regular,2.0,36.0,39.6,7.936,recipe,true
2026-07-26,stow,stow,stow,f,BBQ Wings,2.0,34.91,38.4,6.28,recipe,true
2026-07-26,stow,stow,stow,f,Buffalo Wings D,2.0,33.0,36.3,5.9528,recipe,true
2026-07-26,stow,stow,stow,b,White Light Pure Vodka [House],3.0,31.9,35.09,4.5624,recipe,true
2026-07-26,stow,stow,stow,b,Monteith's Apple Cider Bottle,3.0,31.5,34.65,9.33,recipe,true
2026-07-26,stow,stow,stow,f,Chicken Roast,1.0,30.0,33.0,5.3788,recipe,true
2026-07-26,stow,stow,stow,b,Glaetzer Anaperenna Shiraz Cab - Regular,1.0,28.0,30.8,6.963,recipe,true
2026-07-26,stow,stow,stow,b,Stow Soda - Grapefruit,3.0,27.59,30.34,0.2598,recipe,true
2026-07-26,stow,stow,stow,f,Extra Gravy,13.0,26.56,29.16,3.9104,recipe,true
2026-07-26,stow,stow,stow,f,Sweet Potato Fries,2.0,26.43,29.07,5.0602,recipe,true
2026-07-26,stow,stow,stow,b,Fresh is Best Summer Lager - Schooner,3.0,25.77,28.35,4.7163,recipe,true
2026-07-26,stow,stow,stow,b,Ottelia Chardonnay - Large,3.0,25.0,27.5,17.2971,recipe,true
2026-07-26,stow,stow,stow,f,Brownie,2.0,24.8,27.28,5.6452,recipe,true
2026-07-26,stow,stow,stow,b,Lemon Meringue Martini,1.0,24.0,26.4,3.6814,recipe,true
2026-07-26,stow,stow,stow,b,Biscoff Espresso,2.0,23.75,26.13,6.4968,recipe,true
2026-07-26,stow,stow,stow,f,Brownie D,6.0,23.64,26.0,11.7006,recipe,true
2026-07-26,stow,stow,stow,b,Philter XPA - Schooner,6.0,23.0,25.3,13.431,recipe,true
2026-07-26,stow,stow,stow,b,Bombay Dry [House],2.0,22.0,24.2,4.3288,recipe,true
2026-07-26,stow,stow,stow,b,Guinness Draught - Schooner,2.0,21.6,23.76,7.1654,recipe,true
2026-07-26,stow,stow,stow,f,Farmhouse Salad D,1.0,21.0,23.1,0.0,lightspeed,true
2026-07-26,stow,stow,stow,b,Philter Pale - Schooner,2.0,21.0,23.1,0.0,lightspeed,true
2026-07-26,stow,stow,stow,b,Heaps Normal Tin,2.0,20.9,22.99,5.3392,recipe,true
2026-07-26,stow,stow,stow,f,Cauliflower Tacos,1.0,20.65,22.72,0.0,lightspeed,true
2026-07-26,stow,stow,stow,b,Cosmo,1.0,20.0,22.0,3.3581,recipe,true
2026-07-26,stow,stow,stow,b,Sigurd GSM Red Blend - Regular,1.0,20.0,22.0,4.62,recipe,true
2026-07-26,stow,stow,stow,b,Trentham Estate Rosé - Large,1.0,19.0,20.9,3.5168,recipe,true
2026-07-26,stow,stow,stow,b,Unico Zelo Terra Cotta - Regular,1.0,19.0,20.9,4.378,recipe,true
2026-07-26,stow,stow,stow,b,Version Two Pinot Grigio - Large,1.0,19.0,20.9,2.9445,recipe,true
2026-07-26,stow,stow,stow,b,San Pellegrino 500ml,3.0,18.29,20.12,6.96,recipe,true
2026-07-26,stow,stow,stow,b,Crankshaft IPA - Pint,1.0,18.07,19.88,4.3024,recipe,true
2026-07-26,stow,stow,stow,b,A. Rodda Tempranillo - Regular,1.0,18.0,19.8,5.5699,recipe,true
2026-07-26,stow,stow,stow,f,Rocket Man,1.0,18.0,19.8,3.1972,recipe,true
2026-07-26,stow,stow,stow,b,Pepsi Glass,4.0,16.2,17.82,5.24,recipe,true
2026-07-26,stow,stow,stow,b,Geppetto Pinot Noir - Regular,1.0,15.0,16.5,3.512,recipe,true
2026-07-26,stow,stow,stow,b,Bombay Sapphire,1.0,14.46,15.91,2.3559,recipe,true
2026-07-26,stow,stow,stow,b,Belvedere Vodka,1.0,14.0,15.4,2.6475,recipe,true
2026-07-26,stow,stow,stow,b,San Giorgio Ciampoleto Rosso di Montalcino 2023 - Regular Glass,1.0,14.0,15.4,8.14,recipe,true
2026-07-26,stow,stow,stow,b,Status Quo - Schooner,2.0,13.94,15.34,6.2016,recipe,true
2026-07-26,stow,stow,stow,f,Kids Margherita Pizza,1.0,13.0,14.3,0.0,lightspeed,true
2026-07-26,stow,stow,stow,b,Grifter Big Sur IPA Tin,1.0,12.6,13.86,4.0,recipe,true
2026-07-26,stow,stow,stow,b,Fresh is Best Summer Lager - Pint,1.0,12.0,13.2,2.1084,recipe,true
2026-07-26,stow,stow,stow,b,Jameson Irish Whiskey,1.0,12.0,13.2,2.2547,recipe,true
2026-07-26,stow,stow,stow,b,Trentham Estate Rosé - Regular,1.0,12.0,13.2,2.11,recipe,true
2026-07-26,stow,stow,stow,f,Extra Veg,4.0,11.8,12.98,0.0,lightspeed,true
2026-07-26,stow,stow,stow,b,Corona,1.0,10.5,11.55,2.5713,recipe,true
2026-07-26,stow,stow,stow,b,Cranberry Juice Glass,2.0,10.17,11.18,1.38,recipe,true
2026-07-26,stow,stow,stow,f,Lepinja Bread,1.0,10.0,11.0,0.0,lightspeed,true
2026-07-26,stow,stow,stow,f,Onion Rings D,1.0,10.0,11.0,0.0,lightspeed,true
2026-07-26,stow,stow,stow,b,Stow's Irish Coffee,1.0,9.0,9.9,0.9175,recipe,true
2026-07-26,stow,stow,stow,f,Extra Yorkshire Pudding,4.0,8.07,8.87,0.0,lightspeed,true
2026-07-26,stow,stow,stow,f,Extra Taco,1.0,7.23,7.95,0.9826,recipe,true
2026-07-26,stow,stow,stow,b,Fresh Lime Soda,2.0,7.0,7.7,0.0,lightspeed,true
2026-07-26,stow,stow,stow,f,Side Gravy,4.0,6.15,6.76,1.2032,recipe,true
2026-07-26,stow,stow,stow,b,Apple Juice Glass,1.0,5.16,5.68,0.6594,recipe,true
2026-07-26,stow,stow,stow,b,Pink Lemonade Glass,1.0,4.5,4.95,0.9483,recipe,true
2026-07-26,stow,stow,stow,f,Add Onion Rings,1.0,4.13,4.54,0.0,lightspeed,true
2026-07-26,stow,stow,stow,b,Tonic Glass,1.0,4.0,4.4,0.0,lightspeed,true
2026-07-26,stow,stow,stow,f,Side Blue Cheese Dip,2.0,2.03,2.24,0.0,lightspeed,true
2026-07-26,stow,stow,stow,f,Make it Gluten-free [gf/vg bun w sweet pot. fries],1.0,2.0,2.2,0.0,lightspeed,true
2026-07-26,stow,stow,stow,f,Add Side Guac,1.0,1.03,1.14,0.0,lightspeed,true
2026-07-26,stow,stow,stow,f,Side Chipotle Mayo,1.0,1.03,1.14,0.0,lightspeed,true
2026-07-26,stow,stow,stow,f,Side Aioli,2.0,1.02,1.12,0.0,lightspeed,true
2026-07-26,stow,stow,stow,f,Add Cheese,1.0,0.8,0.88,0.0,lightspeed,true
2026-07-26,stow,stow,stow,b,1 Glass,1.0,0.0,0.0,0.0,lightspeed,true
2026-07-26,stow,stow,stow,b,A. Rodda Chardonnay - Regular,0.5,0.0,0.0,3.77,recipe,true
2026-07-26,stow,stow,stow,b,Extra Sauce,1.0,0.0,0.0,0.0,lightspeed,true
2026-07-26,stow,stow,stow,b,Glass of Ice on the Side,1.0,0.0,0.0,0.0,lightspeed,true
2026-07-26,stow,stow,stow,b,Gluten-free [Corn Tortillas],1.0,0.0,0.0,0.0,lightspeed,true
2026-07-26,stow,stow,stow,b,Ice,2.0,0.0,0.0,0.0,lightspeed,true
2026-07-26,stow,stow,stow,b,Jug of Water,2.0,0.0,0.0,0.0,lightspeed,true
2026-07-26,stow,stow,stow,b,Lime,1.0,0.0,0.0,0.0,lightspeed,true
2026-07-26,stow,stow,stow,b,Lime Wedge,2.0,0.0,0.0,0.0,lightspeed,true
2026-07-26,stow,stow,stow,b,No Ice,1.0,0.0,0.0,0.0,lightspeed,true
2026-07-26,stow,stow,stow,b,No Lime,1.0,0.0,0.0,0.0,lightspeed,true
2026-07-26,stow,stow,stow,b,No Onion,1.0,0.0,0.0,0.0,lightspeed,true
2026-07-26,stow,stow,stow,b,No Salt,2.0,0.0,0.0,0.0,lightspeed,true
2026-07-26,stow,stow,stow,b,On The Rocks,9.0,0.0,0.0,0.0,lightspeed,true
2026-07-26,stow,stow,stow,b,Pepperoni.,1.0,0.0,0.0,0.0,lightspeed,true
2026-07-26,stow,stow,stow,b,Remove Onion,1.0,0.0,0.0,0.0,lightspeed,true
2026-07-26,stow,stow,stow,b,Send Kids Food ASAP,2.0,0.0,0.0,0.0,lightspeed,true
2026-07-26,stow,stow,stow,b,Send Kids Food With Mains,2.0,0.0,0.0,0.0,lightspeed,true
2026-07-26,stow,stow,stow,f,Side BBQ Sauce,2.0,0.0,0.0,0.0,lightspeed,true
2026-07-26,stow,stow,stow,b,Side Tomato Sauce,2.0,0.0,0.0,0.0,lightspeed,true
2026-07-26,stow,stow,stow,b,Super House Special.,1.0,0.0,0.0,0.0,lightspeed,true
2026-07-26,stow,stow,stow,b,Tonic [mixer],1.0,0.0,0.0,0.8,lightspeed,true
2026-07-26,stow,stow,stow,f,Vegan Aioli,1.0,0.0,0.0,0.0,lightspeed,true
2026-07-27,hg,hg,hg,f,Unlimited Dumplings,66.0,1435.76,1579.2,461.8746,recipe,true
2026-07-27,hg,hg,stow,f,Unlimited Dumplings,29.0,632.78,696.0,202.9449,recipe,true
2026-07-27,hg,hg,hg,b,Sapporo - 500ml,14.0,155.45,171.0,51.94,recipe,true
2026-07-27,hg,hg,hg,b,Pepsi Max Glass,25.0,102.25,112.5,32.75,recipe,true
2026-07-27,hg,hg,stow,f,Katsu Curry,4.0,100.61,110.66,12.3852,recipe,true
2026-07-27,hg,hg,stow,f,Shredded Beef,4.0,95.34,104.86,0.0,lightspeed,true
2026-07-27,hg,hg,hg,b,Harry's Lager - Pint,8.0,89.74,98.75,16.872,recipe,true
2026-07-27,hg,hg,hg,f,Tonkotsu,2.0,52.72,58.0,8.5286,recipe,true
2026-07-27,hg,hg,hg,b,Harry's Lager - Schooner,6.0,50.99,56.05,9.435,recipe,true
2026-07-27,hg,hg,stow,f,Mie Goreng,3.0,50.87,55.95,17.0064,recipe,true
2026-07-27,hg,hg,hg,f,Duck Spring Roll,3.0,43.64,48.0,10.7076,recipe,true
2026-07-27,hg,hg,stow,f,BBQ Pork Buns,3.0,42.26,46.47,10.5,recipe,true
2026-07-27,hg,hg,hg,f,Mie Goreng,2.0,41.82,46.0,11.3376,recipe,true
2026-07-27,hg,hg,stow,f,Popcorn Cauliflower,3.0,39.02,42.92,2.8833,recipe,true
2026-07-27,hg,hg,stow,f,Dumplings - Beef & Cabbage,3.0,36.63,40.29,4.3857,recipe,true
2026-07-27,hg,hg,stow,f,Dumplings - Veg Gyoza,3.0,36.63,40.29,5.8557,recipe,true
2026-07-27,hg,hg,hg,f,Dumplings - Prawn Har Gow [GF],2.0,34.54,38.0,8.8038,recipe,true
2026-07-27,hg,hg,stow,f,Dumplings - Prawn Har Gow [GF],2.0,33.26,36.59,8.8038,recipe,true
2026-07-27,hg,hg,hg,b,Padrillos Malbec - Regular,2.0,32.72,36.0,7.7332,recipe,true
2026-07-27,hg,hg,hg,b,Crankshaft IPA - Pint [HG],2.0,31.82,35.0,0.0,lightspeed,true
2026-07-27,hg,hg,stow,f,Duck Spring Rolls,2.0,30.08,33.06,0.0,lightspeed,true
2026-07-27,hg,hg,hg,b,Aperol Spritz,2.0,30.0,33.0,7.112,recipe,true
2026-07-27,hg,hg,stow,f,Veg Spring Rolls,2.0,27.73,30.49,0.0,lightspeed,true
2026-07-27,hg,hg,hg,f,Popcorn Cauliflower,2.0,26.37,29.0,1.9222,recipe,true
2026-07-27,hg,hg,hg,f,Shoyu,1.0,26.36,29.0,0.0,lightspeed,true
2026-07-27,hg,hg,hg,b,Dragon Juice,2.0,25.46,28.0,5.1708,recipe,true
2026-07-27,hg,hg,hg,b,Espresso Martini,2.0,25.46,28.0,6.57,recipe,true
2026-07-27,hg,hg,hg,b,Classic Margarita,2.0,25.45,28.0,8.3448,recipe,true
2026-07-27,hg,hg,hg,b,Pepsi Glass,6.0,24.54,27.0,7.86,recipe,true
2026-07-27,hg,hg,hg,f,Fried Rice,1.0,21.82,24.0,2.8242,recipe,true
2026-07-27,hg,hg,stow,f,Fried Rice,1.0,20.91,23.0,2.8242,recipe,true
2026-07-27,hg,hg,hg,f,Chicken Karaage,1.0,15.45,17.0,0.0,lightspeed,true
2026-07-27,hg,hg,hg,b,Azurescens Pinot Noir - Regular,1.0,13.64,15.0,2.8001,recipe,true
2026-07-27,hg,hg,hg,b,L'esprit Rosé - Regular,1.0,13.09,14.4,3.6,recipe,true
2026-07-27,hg,hg,hg,b,Crouching Tiger,1.0,12.73,14.0,4.2673,recipe,true
2026-07-27,hg,hg,hg,b,Drunken Koi,1.0,12.73,14.0,2.4425,recipe,true
2026-07-27,hg,hg,hg,f,Dumplings - Beef & Cabbage,1.0,12.73,14.0,1.4619,recipe,true
2026-07-27,hg,hg,hg,f,Dumplings - Veg Gyoza,1.0,12.73,14.0,1.9519,recipe,true
2026-07-27,hg,hg,hg,b,Lemon Lime Bitters,3.0,12.27,13.5,3.0807,recipe,true
2026-07-27,hg,hg,hg,b,River Retreat Pinot Grigio - Regular,1.0,10.91,12.0,2.01,recipe,true
2026-07-27,hg,hg,hg,b,Bintang,1.0,10.01,11.0,2.34,recipe,true
2026-07-27,hg,hg,hg,f,Edamame,1.0,10.0,11.0,0.0,lightspeed,true
2026-07-27,hg,hg,hg,b,Open Price,2.0,9.09,10.0,0.0,lightspeed,true
2026-07-27,hg,hg,hg,b,Dragon Soda,1.0,8.18,9.0,0.0554,recipe,true
2026-07-27,hg,hg,hg,b,Lemonade Glass,2.0,8.18,9.0,1.6064,recipe,true
2026-07-27,hg,hg,hg,b,Yuzu Orange Soda,1.0,8.18,9.0,0.0,lightspeed,true
2026-07-27,hg,hg,hg,b,Rice Pudding,1.0,7.78,8.55,0.0,lightspeed,true
2026-07-27,hg,hg,stow,f,Kids Dumplings - Veg,1.0,7.52,8.26,0.0,lightspeed,true
2026-07-27,hg,hg,hg,b,Chicken,2.0,7.28,8.0,0.0,lightspeed,true
2026-07-27,hg,hg,stow,f,Jasmine Rice,2.0,7.28,8.0,0.0,lightspeed,true
2026-07-27,hg,hg,hg,f,1/2 Marinated Egg,3.0,5.46,6.0,0.0,lightspeed,true
2026-07-27,hg,hg,hg,b,Carafe Sparkling Water,1.0,4.55,5.0,0.0,lightspeed,true
2026-07-27,hg,hg,hg,f,Extra Pork.,1.0,4.55,5.0,0.0,lightspeed,true
2026-07-27,hg,hg,hg,b,Apple Juice Glass,1.0,3.64,4.0,0.6594,recipe,true
2026-07-27,hg,hg,hg,f,Tofu,1.0,3.64,4.0,0.0,lightspeed,true
2026-07-27,hg,hg,hg,f,GFO [GF Ramen Noodles],1.0,2.73,3.0,0.0,lightspeed,true
2026-07-27,hg,hg,hg,b,Soda & Lime Glass,1.0,2.73,3.0,0.0417,recipe,true
2026-07-27,hg,hg,hg,b,Nori Sheet,1.0,0.91,1.0,0.0,lightspeed,true
2026-07-27,mari,mari,mari,f,Chicken,1.0,3.64,4.0,0.0,lightspeed,true
2026-07-27,mari,mari,mari,f,Coke Zero 1.25L,1.0,0.0,0.0,3.09,recipe,true
2026-07-27,stow,stow,stow,b,Stone & Wood - Pint,9.0,139.56,153.56,39.7881,recipe,true
2026-07-27,stow,stow,stow,b,Guinness Draught - Pint,7.0,111.37,122.5,33.6357,recipe,true
2026-07-27,stow,stow,stow,b,Fresh is Best Lager - Pint,7.0,73.9,81.32,16.9533,recipe,true
2026-07-27,stow,stow,stow,b,Status Quo - Pint,4.0,63.64,70.0,16.6348,recipe,true
2026-07-27,stow,stow,stow,b,Old Fashioned,3.0,60.0,66.0,14.5749,recipe,true
2026-07-27,stow,stow,stow,b,Stone & Wood - Schooner,5.0,59.49,65.43,16.4815,recipe,true
2026-07-27,stow,stow,stow,b,Fresh is Best Lager - Schooner,7.0,56.48,62.12,12.6406,recipe,true
2026-07-27,stow,stow,stow,b,Villa Fresco Sangiovese - Regular,7.0,56.41,62.06,16.8861,recipe,true
2026-07-27,stow,stow,stow,b,Flower Child,3.0,55.2,60.72,10.5501,recipe,true
2026-07-27,stow,stow,stow,b,Kuku Sauvignon Blanc - Bottle,1.0,52.73,58.0,14.57,lightspeed,true
2026-07-27,stow,stow,stow,b,Heaps Normal Tin,5.0,50.33,55.37,13.348,recipe,true
2026-07-27,stow,stow,stow,b,Jalapeño Marg,3.0,44.59,49.05,11.5374,recipe,true
2026-07-27,stow,stow,stow,b,Version Two Pinot Grigio - Bottle,1.0,44.55,49.0,8.83,lightspeed,true
2026-07-27,stow,stow,stow,b,Version Two Sparkling - Bottle,1.0,44.55,49.0,8.83,lightspeed,true
2026-07-27,stow,stow,stow,b,Coconut Margarita,2.0,43.19,47.5,8.4898,recipe,true
2026-07-27,stow,stow,stow,b,Kuku Sauvignon Blanc - Large,2.0,41.82,46.0,9.7134,recipe,true
2026-07-27,stow,stow,stow,b,Classic Margarita,2.0,36.36,40.0,8.3448,recipe,true
2026-07-27,stow,stow,stow,b,Aperol Spritz,2.0,31.33,34.46,7.112,recipe,true
2026-07-27,stow,stow,stow,b,Grifter Pale - Pint,3.0,30.0,33.0,9.9882,recipe,true
2026-07-27,stow,stow,stow,b,Ottelia Chardonnay - Regular,2.0,29.1,32.0,6.9188,recipe,true
2026-07-27,stow,stow,stow,b,Mulled Wine,2.0,27.73,30.49,4.1724,recipe,true
2026-07-27,stow,stow,stow,b,Kirin - Schooner,2.0,25.88,28.46,7.5938,recipe,true
2026-07-27,stow,stow,stow,b,Fresh is Best Summer Lager - Schooner,4.0,25.86,28.46,6.2884,recipe,true
2026-07-27,stow,stow,stow,b,Little Dragon Can,2.0,23.09,25.41,6.9722,recipe,true
2026-07-27,stow,stow,stow,b,Philter XPA - Schooner,2.0,21.25,23.38,4.477,recipe,true
2026-07-27,stow,stow,stow,b,Biscoff Espresso,1.0,20.91,23.0,3.2484,recipe,true
2026-07-27,stow,stow,stow,b,Unico Zelo Terra Cotta - Regular,1.0,17.83,19.62,4.378,recipe,true
2026-07-27,stow,stow,stow,b,Version Two Pinot Grigio - Regular,4.0,17.63,19.4,7.0668,recipe,true
2026-07-27,stow,stow,stow,b,White Light Pure Vodka [House],2.0,12.72,14.0,3.0416,recipe,true
2026-07-27,stow,stow,stow,b,Status Quo - Schooner,1.0,12.67,13.94,3.1008,recipe,true
2026-07-27,stow,stow,stow,b,Pepsi Max Glass,3.0,12.27,13.5,3.93,recipe,true
2026-07-27,stow,stow,stow,b,Virgin Margy,1.0,12.2,13.42,0.0,lightspeed,true
2026-07-27,stow,stow,stow,f,Rosemary Salted Fries,1.0,11.73,12.9,1.86,recipe,true
2026-07-27,stow,stow,stow,b,Fresh is Best Summer Lager - Pint,1.0,11.27,12.39,2.1084,recipe,true
2026-07-27,stow,stow,stow,b,Grifter Pale - Schooner,1.0,10.79,11.88,2.4824,recipe,true
2026-07-27,stow,stow,stow,b,Asahi 3.5%,1.0,9.55,10.5,2.18,recipe,true
2026-07-27,stow,stow,stow,b,Bundaberg Ginger Beer,2.0,9.4,10.33,1.9844,recipe,true
2026-07-27,stow,stow,stow,b,"Lemon, Lime & Bitters",2.0,9.1,10.0,2.0538,recipe,true
2026-07-27,stow,stow,stow,b,James Boags Light,1.0,8.64,9.5,2.34,recipe,true
2026-07-27,stow,stow,stow,b,Pink Lemonade Glass,2.0,8.31,9.15,1.8966,recipe,true
2026-07-27,stow,stow,stow,b,Philter XPA - Pint,1.0,8.18,9.0,3.0022,recipe,true
2026-07-27,stow,stow,stow,b,Trentham Estate Rosé - Regular,1.0,6.57,7.23,2.11,recipe,true
2026-07-27,stow,stow,stow,b,Lemonade Glass,1.0,4.22,4.65,0.8032,recipe,true
2026-07-27,stow,stow,stow,f,Side Aioli,1.0,0.45,0.5,0.0,lightspeed,true
2026-07-27,stow,stow,stow,b,Glass of Ice on the Side,2.0,0.0,0.0,0.0,lightspeed,true
2026-07-27,stow,stow,stow,b,Ice,1.0,0.0,0.0,0.0,lightspeed,true
2026-07-27,stow,stow,stow,b,Jug of Water,1.0,0.0,0.0,0.0,lightspeed,true
2026-07-27,stow,stow,stow,b,Lime Wedge,1.0,0.0,0.0,0.0,lightspeed,true
2026-07-27,stow,stow,stow,b,No Salt,1.0,0.0,0.0,0.0,lightspeed,true
2026-07-28,mari,mari,mari,f,Regular Little Italy [Dine-in],12.0,200.12,220.17,49.986,recipe,true
2026-07-28,mari,mari,mari,f,Regular Hail Africa [Dine-in],6.0,97.05,106.77,16.935,recipe,true
2026-07-28,mari,mari,mari,f,Regular New Yorker [Dine-in],5.0,80.18,88.21,13.1995,recipe,true
2026-07-28,mari,mari,mari,f,Regular Jimmy Jury [Dine-in],4.0,67.05,73.77,14.4856,recipe,true
2026-07-28,mari,mari,mari,f,"Regular No Chorizo, No Cry [Dine-in]",4.0,67.05,73.77,10.566,recipe,true
2026-07-28,mari,mari,mari,f,Large Super House Special,2.0,52.72,58.0,15.2354,recipe,true
2026-07-28,mari,mari,mari,f,Regular Uber Margherita [Dine-in],3.0,50.69,55.76,8.136,recipe,true
2026-07-28,mari,mari,mari,f,Regular Bubba Gump [Dine-in],3.0,50.18,55.2,9.1365,recipe,true
2026-07-28,mari,mari,mari,f,Regular Sanchez [Dine-in],3.0,40.34,44.38,11.8356,recipe,true
2026-07-28,mari,mari,mari,f,Regular Hawaiian [Dine-in],2.0,33.81,37.2,5.3588,recipe,true
2026-07-28,mari,mari,mari,f,Regular Sanchez VEGAN [Dine-in],2.0,33.81,37.18,4.093,recipe,true
2026-07-28,mari,mari,mari,f,Regular Truffalo Soldier [Dine-in],2.0,33.81,37.19,6.136,recipe,true
2026-07-28,mari,mari,mari,f,Regular Sorrento [Dine-in],2.0,33.8,37.18,6.8298,recipe,true
2026-07-28,mari,mari,mari,f,Regular The Paddock [Dine-in],2.0,33.8,37.18,6.9824,recipe,true
2026-07-28,mari,mari,mari,f,Axl Rose Pizza,2.0,33.79,37.18,0.0,lightspeed,true
2026-07-28,mari,mari,mari,f,Regular Tandoori Chicken [Dine-in],2.0,33.79,37.18,2.8884,recipe,true
2026-07-28,mari,mari,mari,f,Regular Vegetarian,2.0,33.64,37.0,5.8034,recipe,true
2026-07-28,mari,mari,mari,f,Regular Meatlovers [Dine-in],2.0,33.26,36.59,7.4932,recipe,true
2026-07-28,mari,mari,mari,f,Regular Pepperoni [Dine-in],2.0,33.26,36.59,4.2134,recipe,true
2026-07-28,mari,mari,mari,f,Regular El Patron [Dine-in],2.0,32.72,36.0,7.4574,recipe,true
2026-07-28,mari,mari,mari,f,Regular Cosmopolitan [Dine-in],2.0,31.08,34.2,7.7472,recipe,true
2026-07-28,mari,mari,mari,f,Large Sanchez Wings Deal,1.0,27.27,30.0,8.9774,recipe,true
2026-07-28,mari,mari,mari,f,Btl Villa Fresco Sangiovese D,1.0,22.73,25.0,12.0615,recipe,true
2026-07-28,mari,mari,mari,f,Regular Truffalo Soldier,1.0,21.82,24.0,3.6606,recipe,true
2026-07-28,mari,mari,mari,f,Regular Pepperoni,1.0,20.0,22.0,2.6992,recipe,true
2026-07-28,mari,mari,mari,f,Under the Bridge Pizza,1.0,18.61,20.47,3.9357,recipe,true
2026-07-28,mari,mari,mari,f,Regular BBQ Chicken Pizza,1.0,17.73,19.5,3.0876,recipe,true
2026-07-28,mari,mari,mari,f,Regular Little Italy,1.0,17.73,19.5,4.7581,recipe,true
2026-07-28,mari,mari,mari,f,Regular Super House Special [Dine-in],1.0,16.9,18.59,4.0262,recipe,true
2026-07-28,mari,mari,mari,f,Regular Roma Special [Dine-in],1.0,16.36,18.0,2.9418,recipe,true
2026-07-28,mari,mari,mari,f,Coke 1.25L,2.0,11.81,13.0,7.38,recipe,true
2026-07-28,mari,mari,mari,f,Gluten-free Base,2.0,9.4,10.34,8.2,recipe,true
2026-07-28,mari,mari,mari,f,Garlic Bread,2.0,4.55,5.0,2.9754,recipe,true
2026-07-28,mari,mari,mari,f,Add Prosciutto,1.0,3.76,4.13,0.0,lightspeed,true
2026-07-28,mari,mari,mari,f,Add Calabrese,1.0,3.64,4.0,0.0,lightspeed,true
2026-07-28,mari,mari,mari,f,Add Anchovies,2.0,3.46,3.8,0.0,lightspeed,true
2026-07-28,mari,mari,mari,f,Vegan Cheese [Pizza],1.0,2.73,3.0,0.0,lightspeed,true
2026-07-28,mari,mari,mari,f,Online Surcharge,2.0,2.41,2.41,0.0,lightspeed,true
2026-07-28,mari,mari,mari,f,Add Mushrooms,1.0,1.41,1.55,0.0,lightspeed,true
2026-07-28,mari,mari,mari,f,Add Olives,1.0,1.41,1.55,0.0,lightspeed,true
2026-07-28,mari,mari,mari,f,Add Jalapenos,1.0,1.4,1.55,0.0,lightspeed,true
2026-07-28,mari,mari,mari,f,Add Basil,1.0,0.94,1.03,0.0,lightspeed,true
2026-07-28,mari,mari,mari,f,Add Chilli,1.0,0.91,1.0,0.0,lightspeed,true
2026-07-28,mari,mari,mari,f,BBQ Wings [Wings Deal],1.0,0.0,0.0,0.0,lightspeed,true
2026-07-28,mari,mari,mari,f,Garlic  Bread.,1.0,0.0,0.0,1.4877,recipe,true
2026-07-28,mari,mari,mari,f,Less Cheese,1.0,0.0,0.0,0.0,lightspeed,true
2026-07-28,stow,stow,stow,b,Stone & Wood - Schooner,20.0,236.77,260.43,65.926,recipe,true
2026-07-28,stow,stow,stow,b,Grifter Pale - Pint,11.0,120.91,132.98,36.6234,recipe,true
2026-07-28,stow,stow,stow,b,Villa Fresco Sangiovese - Regular,11.0,114.2,125.6,26.5353,recipe,true
2026-07-28,stow,stow,stow,b,Aperol Spritz,6.0,99.98,109.97,21.336,recipe,true
2026-07-28,stow,stow,stow,b,Mulled Wine,7.0,98.17,107.96,14.6034,recipe,true
2026-07-28,stow,stow,stow,b,Padrillos Malbec - Regular,6.0,94.88,104.4,23.1996,recipe,true
2026-07-28,stow,stow,stow,b,Status Quo - Pint,6.0,93.87,103.25,24.9522,recipe,true
2026-07-28,stow,stow,stow,b,Stone & Wood - Pint,6.0,92.7,102.0,26.5254,recipe,true
2026-07-28,stow,stow,stow,b,Version Two Pinot Grigio - Bottle,2.0,89.11,98.0,17.67,lightspeed,true
2026-07-28,stow,stow,stow,b,Kuku Sauvignon Blanc - Regular,7.0,87.84,96.6,20.3987,recipe,true
2026-07-28,stow,stow,stow,f,Rosemary Salted Fries,7.0,84.81,93.28,13.02,recipe,true
2026-07-28,stow,stow,stow,b,Version Two Pinot Grigio - Regular,10.0,82.16,90.4,17.667,recipe,true
2026-07-28,stow,stow,stow,b,Classic Margarita,5.0,81.81,90.0,20.862,recipe,true
2026-07-28,stow,stow,stow,b,Beetle Juice,4.0,80.67,88.73,14.828,recipe,true
2026-07-28,stow,stow,stow,b,Crankshaft IPA - Pint,5.0,79.55,87.5,21.512,recipe,true
2026-07-28,stow,stow,stow,b,Guinness Draught - Pint,5.0,77.95,85.75,24.0255,recipe,true
2026-07-28,stow,stow,stow,b,Mother's Milk Shiraz - Regular,5.0,66.84,73.5,16.0815,recipe,true
2026-07-28,stow,stow,stow,b,Fresh is Best Lager - Schooner,8.0,65.96,72.51,14.4464,recipe,true
2026-07-28,stow,stow,stow,b,Villa Fresco Sangiovese - Large,4.0,63.89,70.3,16.082,recipe,true
2026-07-28,stow,stow,stow,b,Lychee Martini,4.0,62.42,68.66,15.6312,recipe,true
2026-07-28,stow,stow,stow,b,Fresh is Best Summer Lager - Schooner,8.0,60.8,66.85,12.5768,recipe,true
2026-07-28,stow,stow,stow,b,Heaps Normal Tin,6.0,60.0,66.0,16.0176,recipe,true
2026-07-28,stow,stow,stow,b,Casa Gheller Prosecco - Glass,4.0,58.2,64.0,13.392,recipe,true
2026-07-28,stow,stow,stow,b,Ottelia Chardonnay - Bottle,1.0,55.45,61.0,17.3,lightspeed,true
2026-07-28,stow,stow,stow,f,Baked Camembert,3.0,55.09,60.61,0.0,lightspeed,true
2026-07-28,stow,stow,stow,b,Little Dragon Can,5.0,54.9,60.41,17.4305,recipe,true
2026-07-28,stow,stow,stow,b,Fresh is Best Lager - Pint,5.0,51.34,56.5,12.1095,recipe,true
2026-07-28,stow,stow,stow,b,Philter XPA - Pint,4.0,49.1,54.0,12.0088,recipe,true
2026-07-28,stow,stow,stow,f,Sweet Potato Fries,4.0,48.84,53.7,10.1204,recipe,true
2026-07-28,stow,stow,stow,b,Cri De Couer Pinot Noir - Large,1.0,45.11,49.61,20.7172,recipe,true
2026-07-28,stow,stow,stow,b,Kuku Sauvignon Blanc - Large,2.0,41.82,46.0,9.7134,recipe,true
2026-07-28,stow,stow,stow,b,Ottelia Chardonnay - Regular,3.0,40.75,44.8,10.3782,recipe,true
2026-07-28,stow,stow,stow,b,Unico Zelo Terra Cotta - Bottle,1.0,39.82,43.8,21.8903,recipe,true
2026-07-28,stow,stow,stow,b,White Light Pure Vodka [House],4.0,36.0,39.6,6.0832,recipe,true
2026-07-28,stow,stow,stow,f,Rocket Man,2.0,33.8,37.18,6.3944,recipe,true
2026-07-28,stow,stow,stow,b,San Pellegrino 500ml,4.0,32.44,35.7,9.28,recipe,true
2026-07-28,stow,stow,stow,b,Espresso Martini,2.0,30.91,34.0,6.57,recipe,true
2026-07-28,stow,stow,stow,b,Coconut Margarita,2.0,29.27,32.2,8.4898,recipe,true
2026-07-28,stow,stow,stow,b,Petits Detours Rosé - Regular,2.0,29.1,32.0,6.936,recipe,true
2026-07-28,stow,stow,stow,b,Sigurd GSM Red Blend - Regular,2.0,29.08,32.0,9.24,recipe,true
2026-07-28,stow,stow,stow,f,Pork Roast,1.0,28.17,30.99,4.5288,recipe,true
2026-07-28,stow,stow,stow,b,Geppetto Pinot Noir - Regular,2.0,27.28,30.0,7.024,recipe,true
2026-07-28,stow,stow,stow,b,Campari,3.0,27.27,30.0,5.5041,recipe,true
2026-07-28,stow,stow,stow,b,Guinness Draught - Schooner,2.0,25.35,27.89,7.1654,recipe,true
2026-07-28,stow,stow,stow,b,Virgin Margy,2.0,24.03,26.43,0.0,lightspeed,true
2026-07-28,stow,stow,stow,b,Mother's Milk Shiraz - Large,1.0,23.48,25.82,5.3605,recipe,true
2026-07-28,stow,stow,stow,b,Fresh is Best Summer Lager - Pint,2.0,21.82,24.0,4.2168,recipe,true
2026-07-28,stow,stow,stow,b,Geppetto Pinot Noir - Large Glass,1.0,21.82,24.0,5.8533,recipe,true
2026-07-28,stow,stow,stow,b,Sailor Jerry [House],2.0,20.65,22.72,4.0586,recipe,true
2026-07-28,stow,stow,stow,b,Pepsi Max Glass,5.0,20.45,22.5,6.55,recipe,true
2026-07-28,stow,stow,stow,b,"Lemon, Lime & Bitters",4.0,18.35,20.16,4.1076,recipe,true
2026-07-28,stow,stow,stow,f,Buffalo Wings,1.0,16.43,18.07,2.9764,recipe,true
2026-07-28,stow,stow,stow,b,Flower Child,1.0,16.0,17.6,3.5167,recipe,true
2026-07-28,stow,stow,stow,f,Bang Bang Cauli,1.0,15.96,17.56,2.7659,recipe,true
2026-07-28,stow,stow,stow,b,Johnnie Walker Black,1.0,15.95,17.55,2.454,recipe,true
2026-07-28,stow,stow,stow,f,BBQ Wings,1.0,15.87,17.45,3.14,recipe,true
2026-07-28,stow,stow,stow,b,Sibiliana Nero D'Avola - Regular,1.0,14.72,16.2,3.27,recipe,true
2026-07-28,stow,stow,stow,b,Kirin - Schooner,1.0,13.15,14.46,3.7969,recipe,true
2026-07-28,stow,stow,stow,f,Brownie,2.0,13.09,14.4,5.6452,recipe,true
2026-07-28,stow,stow,stow,b,Pepsi Glass,3.0,12.4,13.65,3.93,recipe,true
2026-07-28,stow,stow,stow,b,Status Quo - Schooner,1.0,12.27,13.5,3.1008,recipe,true
2026-07-28,stow,stow,stow,b,Brookie's Byron Dry Gin Tonica,1.0,11.45,12.6,5.23,lightspeed,true
2026-07-28,stow,stow,stow,f,Fries D,1.0,10.91,12.0,0.0,lightspeed,true
2026-07-28,stow,stow,stow,b,Version Two Sparkling - Regular,1.0,10.91,12.0,1.7667,recipe,true
2026-07-28,stow,stow,stow,f,Sensei Calamari,1.0,10.64,11.7,2.2628,recipe,true
2026-07-28,stow,stow,stow,b,Buffalo Trace Bourbon [House],1.0,10.0,11.0,2.3173,recipe,true
2026-07-28,stow,stow,stow,b,Monkey Shoulder Scotch [House],1.0,10.0,11.0,2.4467,recipe,true
2026-07-28,stow,stow,stow,b,Monteith's Apple Cider Bottle,1.0,9.55,10.5,3.11,recipe,true
2026-07-28,stow,stow,stow,b,Philter Pale - Schooner,1.0,9.55,10.5,0.0,lightspeed,true
2026-07-28,stow,stow,stow,b,Bundaberg Ginger Beer,2.0,9.4,10.33,1.9844,recipe,true
2026-07-28,stow,stow,stow,b,Cranberry Juice Glass,2.0,9.4,10.33,1.38,recipe,true
2026-07-28,stow,stow,stow,b,Bombay Dry [House],1.0,6.36,7.0,2.1644,recipe,true
2026-07-28,stow,stow,stow,b,Fresh Lime Soda,2.0,6.36,7.0,0.0,lightspeed,true
2026-07-28,stow,stow,stow,b,Pineapple Juice Glass,1.0,4.7,5.17,0.6942,recipe,true
2026-07-28,stow,stow,stow,b,Lemonade Glass,1.0,4.09,4.5,0.8032,recipe,true
2026-07-28,stow,stow,stow,f,Side Aioli,6.0,2.76,3.12,0.0,lightspeed,true
2026-07-28,stow,stow,stow,b,2 Glasses,2.0,0.0,0.0,0.0,lightspeed,true
2026-07-28,stow,stow,stow,b,Ice,1.0,0.0,0.0,0.0,lightspeed,true
2026-07-28,stow,stow,stow,b,Lime,2.0,0.0,0.0,0.0,lightspeed,true
2026-07-28,stow,stow,stow,b,Lime Wedge,1.0,0.0,0.0,0.0,lightspeed,true
2026-07-28,stow,stow,stow,b,No Basil,1.0,0.0,0.0,0.0,lightspeed,true
2026-07-28,stow,stow,stow,b,No Bocconcini,1.0,0.0,0.0,0.0,lightspeed,true
2026-07-28,stow,stow,stow,b,No Capsicum,1.0,0.0,0.0,0.0,lightspeed,true
2026-07-28,stow,stow,stow,b,No Cherry Tomatoes,1.0,0.0,0.0,0.0,lightspeed,true
2026-07-28,stow,stow,stow,b,No Chilli,1.0,0.0,0.0,0.0,lightspeed,true
2026-07-28,stow,stow,stow,b,No Garnish,1.0,0.0,0.0,0.0,lightspeed,true
2026-07-28,stow,stow,stow,b,No Olives,1.0,0.0,0.0,0.0,lightspeed,true
2026-07-28,stow,stow,stow,b,No Pineapple,1.0,0.0,0.0,0.0,lightspeed,true
2026-07-28,stow,stow,stow,b,No Truffle Oil,1.0,0.0,0.0,0.0,lightspeed,true
2026-07-28,stow,stow,stow,b,On The Rocks,2.0,0.0,0.0,0.0,lightspeed,true
2026-07-28,stow,stow,stow,b,One Ice Cube,1.0,0.0,0.0,0.0,lightspeed,true
2026-07-28,stow,stow,stow,b,Pepsi [mixer],3.0,0.0,0.0,2.41,lightspeed,true
2026-07-28,stow,stow,stow,f,Side BBQ Sauce,1.0,0.0,0.0,0.0,lightspeed,true
2026-07-28,stow,stow,stow,b,Side Tomato Sauce,3.0,0.0,0.0,0.0,lightspeed,true
2026-07-29,hg,hg,hg,f,Tonkotsu,26.0,516.67,568.34,110.8718,recipe,true
2026-07-29,hg,hg,hg,f,Miso,6.0,120.0,132.0,0.0,lightspeed,true
2026-07-29,hg,hg,hg,f,Shoyu,6.0,91.7,100.88,0.0,lightspeed,true
2026-07-29,hg,hg,hg,f,Dumplings - Prawn Har Gow [GF],5.0,84.53,93.0,22.0095,recipe,true
2026-07-29,hg,hg,hg,b,Kirin - Pint [HG],6.0,81.84,89.99,0.0,lightspeed,true
2026-07-29,hg,hg,hg,b,Birdseye Chilli Marg,4.0,76.35,84.0,13.3472,recipe,true
2026-07-29,hg,hg,hg,b,Philter XPA - Pint [HG],5.0,68.2,75.0,0.0,lightspeed,true
2026-07-29,hg,hg,hg,f,1/2 Marinated Egg,29.0,47.56,52.28,0.0,lightspeed,true
2026-07-29,hg,hg,hg,f,Devon's Prawn Toast,3.0,43.65,48.0,11.6688,recipe,true
2026-07-29,hg,hg,hg,f,Mie Goreng,2.0,42.73,47.0,11.3376,recipe,true
2026-07-29,hg,hg,hg,f,Fried Rice,2.0,41.82,46.0,5.6484,recipe,true
2026-07-29,hg,hg,hg,f,BBQ Pork Buns,3.0,40.92,45.0,10.5,recipe,true
2026-07-29,hg,hg,hg,f,Popcorn Cauliflower,3.0,40.01,44.0,2.8833,recipe,true
2026-07-29,hg,hg,hg,b,Geppetto Chardonnay - Regular,3.0,39.56,43.5,9.3408,recipe,true
2026-07-29,hg,hg,hg,b,Angas & Bremer Rosé - Regular,4.0,34.54,38.0,7.016,recipe,true
2026-07-29,hg,hg,hg,b,Angas & Bremer Grenache - Regular,3.0,32.73,36.0,5.262,recipe,true
2026-07-29,hg,hg,hg,b,Padrillos Malbec - Regular,2.0,32.73,36.0,7.7332,recipe,true
2026-07-29,hg,hg,hg,f,Duck Spring Roll,2.0,29.1,32.0,7.1384,recipe,true
2026-07-29,hg,hg,hg,f,Dumplings - Beef & Cabbage,2.0,25.46,28.0,2.9238,recipe,true
2026-07-29,hg,hg,hg,f,Dumplings - Veg Gyoza,2.0,25.46,28.0,3.9038,recipe,true
2026-07-29,hg,hg,hg,f,Chicken Katsu Curry,1.0,24.55,27.0,3.0963,recipe,true
2026-07-29,hg,hg,hg,f,Seitan Katsu Curry [vegan],1.0,24.55,27.0,1.1403,recipe,true
2026-07-29,hg,hg,hg,b,Lemon Chu-hi,2.0,21.82,24.0,3.0082,recipe,true
2026-07-29,hg,hg,hg,b,Philter XPA - Schooner [HG],2.0,20.9,23.0,0.0,lightspeed,true
2026-07-29,hg,hg,hg,f,Edamame,2.0,17.93,19.72,0.0,lightspeed,true
2026-07-29,hg,hg,hg,b,Dragon Soda,2.0,16.36,18.0,0.1108,recipe,true
2026-07-29,hg,hg,hg,b,Ottelia Cab Sav - Regular,1.0,16.36,18.0,4.608,recipe,true
2026-07-29,hg,hg,hg,b,Sapporo - 500ml,2.0,16.36,18.0,7.42,recipe,true
2026-07-29,hg,hg,hg,f,Chicken Karaage,1.0,15.45,17.0,0.0,lightspeed,true
2026-07-29,hg,hg,stow,f,Duck Spring Rolls,1.0,14.55,16.0,0.0,lightspeed,true
2026-07-29,hg,hg,hg,b,Chicken,4.0,14.1,15.5,0.0,lightspeed,true
2026-07-29,hg,hg,hg,b,From Sundays Shiraz - Regular,1.0,13.64,15.0,2.8001,recipe,true
2026-07-29,hg,hg,hg,b,Aperol Spritz,1.0,12.73,14.0,3.556,recipe,true
2026-07-29,hg,hg,hg,b,Lychee Martini,1.0,12.73,14.0,3.9078,recipe,true
2026-07-29,hg,hg,hg,f,Vegetarian Spring Rolls,1.0,12.73,14.0,1.6492,recipe,true
2026-07-29,hg,hg,hg,b,Virgin Margy,1.0,11.82,13.0,0.0,lightspeed,true
2026-07-29,hg,hg,hg,f,GFO [GF Ramen Noodles],4.0,10.92,12.0,0.0,lightspeed,true
2026-07-29,hg,hg,hg,b,Carafe Sparkling Water,2.0,9.1,10.0,0.0,lightspeed,true
2026-07-29,hg,hg,hg,f,Extra Pork.,2.0,9.1,10.0,0.0,lightspeed,true
2026-07-29,hg,hg,hg,b,Harry's Lager - Schooner,1.0,8.64,9.5,1.5725,recipe,true
2026-07-29,hg,hg,hg,b,Lemonade Glass,2.0,8.18,9.0,1.6064,recipe,true
2026-07-29,hg,hg,hg,b,Extra Chicken.,2.0,7.28,8.0,0.0,lightspeed,true
2026-07-29,hg,hg,hg,f,Extra Tofu.,2.0,7.28,8.0,0.0,lightspeed,true
2026-07-29,hg,hg,hg,b,Lemon Lime Bitters,1.0,4.09,4.5,1.0269,recipe,true
2026-07-29,hg,hg,hg,f,Black Garlic Oil,2.0,3.64,4.0,0.0,lightspeed,true
2026-07-29,hg,hg,hg,f,Chilli Bomb,2.0,3.64,4.0,0.0,lightspeed,true
2026-07-29,hg,hg,hg,b,Orange Juice Glass,1.0,3.63,4.0,0.4801,recipe,true
2026-07-29,hg,hg,hg,b,Corn,1.0,0.72,0.79,0.0,lightspeed,true
2026-07-29,hg,hg,hg,b,Gluten-Free,1.0,0.0,0.0,0.0,lightspeed,true
2026-07-29,hg,hg,hg,f,Swap for Chicken,3.0,0.0,0.0,0.0,lightspeed,true
2026-07-29,mari,mari,mari,f,Large Hawaiian,3.0,69.08,76.0,9.9471,recipe,true
2026-07-29,mari,mari,mari,f,Regular Little Italy [Dine-in],3.0,57.52,63.27,12.4965,recipe,true
2026-07-29,mari,mari,mari,f,Large BBQ Chicken Pizza,2.0,55.46,61.0,8.222,recipe,true
2026-07-29,mari,mari,mari,f,Large Meatlovers,2.0,53.63,59.0,13.48,recipe,true
2026-07-29,mari,mari,mari,f,Regular Uber Margherita [Dine-in],2.0,43.19,47.5,5.424,recipe,true
2026-07-29,mari,mari,mari,f,Feast Deal Pizzas,1.0,40.91,45.0,14.0714,recipe,true
2026-07-29,mari,mari,mari,f,Large Pepperoni,2.0,36.36,40.0,8.722,recipe,true
2026-07-29,mari,mari,mari,f,Gluten-free Sanchez [Dine-in],1.0,28.18,31.0,7.9414,recipe,true
2026-07-29,mari,mari,mari,f,Large Sanchez,1.0,28.18,31.0,5.8374,recipe,true
2026-07-29,mari,mari,mari,f,Large Super House Special,1.0,27.27,30.0,7.6177,recipe,true
2026-07-29,mari,mari,mari,f,Gluten-free Vegetarian,1.0,24.55,27.0,7.3569,recipe,true
2026-07-29,mari,mari,mari,f,Large Jimmy Jury,1.0,24.55,27.0,6.2011,recipe,true
2026-07-29,mari,mari,mari,f,Large Little Italy,2.0,24.55,27.0,14.7808,recipe,true
2026-07-29,mari,mari,mari,f,"Regular No Chorizo, No Cry [Dine-in]",1.0,24.44,26.87,2.6415,recipe,true
2026-07-29,mari,mari,mari,f,Regular Truffalo Soldier [Dine-in],1.0,24.41,26.85,3.068,recipe,true
2026-07-29,mari,mari,mari,f,Large Tandoori Chicken,1.0,22.73,25.0,3.1928,recipe,true
2026-07-29,mari,mari,mari,f,Regular New Yorker [Dine-in],1.0,22.53,24.78,2.6399,recipe,true
2026-07-29,mari,mari,mari,f,Regular BBQ Chicken Pizza,1.0,22.27,24.5,3.0876,recipe,true
2026-07-29,mari,mari,mari,f,Gluten-free Jimmy Jury,1.0,21.82,24.0,8.7944,recipe,true
2026-07-29,mari,mari,mari,f,Regular Super House Special,1.0,21.82,24.0,4.6187,recipe,true
2026-07-29,mari,mari,mari,f,Garlic Bread,8.0,20.92,23.0,11.9016,recipe,true
2026-07-29,mari,mari,mari,f,Regular Bubba Gump,1.0,18.18,20.0,3.6381,recipe,true
2026-07-29,mari,mari,mari,f,Regular New Yorker,1.0,17.73,19.5,3.2325,recipe,true
2026-07-29,mari,mari,mari,f,Regular Tandoori Chicken,1.0,17.73,19.5,2.0367,recipe,true
2026-07-29,mari,mari,mari,f,Regular Hawaiian,1.0,13.64,15.0,3.272,recipe,true
2026-07-29,mari,mari,mari,f,Regular Margherita,1.0,12.73,14.0,2.0331,recipe,true
2026-07-29,mari,mari,mari,f,Cheesy Garlic Bread,2.0,10.9,12.0,3.6054,recipe,true
2026-07-29,mari,mari,mari,f,Online Surcharge,3.0,3.9,3.9,0.0,lightspeed,true
2026-07-29,mari,mari,mari,f,Coke Can,1.0,3.64,4.0,1.89,recipe,true
2026-07-29,mari,mari,mari,f,Add Fetta,1.0,2.82,3.1,0.0,lightspeed,true
2026-07-29,mari,mari,mari,f,Vegan Cheese [Pizza],1.0,2.82,3.1,0.0,lightspeed,true
2026-07-29,mari,mari,mari,f,Add Jalapenos,1.0,1.36,1.5,0.0,lightspeed,true
2026-07-29,mari,mari,mari,f,Choc  Brownie,1.0,0.0,0.0,1.9501,recipe,true
2026-07-29,mari,mari,mari,f,Coke Zero Can,1.0,0.0,0.0,1.89,recipe,true
2026-07-29,mari,mari,mari,f,Garlic  Bread,1.0,0.0,0.0,1.4877,recipe,true
2026-07-29,mari,mari,mari,f,"Large No Chorizo, No Cry",1.0,0.0,0.0,5.4669,recipe,true
2026-07-29,mari,mari,mari,f,Regular Little Italy,2.0,0.0,0.0,9.5162,recipe,true
2026-07-29,mari,mari,mari,f,"Regular No Chorizo, No Cry",1.0,0.0,0.0,3.234,recipe,true
2026-07-29,stow,stow,stow,b,Guinness Draught - Pint,9.0,135.22,148.75,43.2459,recipe,true
2026-07-29,stow,stow,stow,f,Eggplant Parmy,6.0,135.21,148.72,0.0,lightspeed,true
2026-07-29,stow,stow,stow,b,Kuku Sauvignon Blanc - Regular,10.0,128.13,140.92,29.141,recipe,true
2026-07-29,stow,stow,stow,b,A. Rodda Chardonnay - Regular,5.0,121.29,133.44,37.7,recipe,true
2026-07-29,stow,stow,stow,f,Fancy Pants Parmy - Classic,5.0,110.54,121.57,37.993,recipe,true
2026-07-29,stow,stow,stow,b,Grifter Pale - Pint,8.0,109.12,120.0,26.6352,recipe,true
2026-07-29,stow,stow,stow,f,Fish Burrito,4.0,105.94,116.55,23.3656,recipe,true
2026-07-29,stow,stow,stow,b,A. Rodda Chardonnay - Bottle,1.0,105.25,115.77,37.7,lightspeed,true
2026-07-29,stow,stow,stow,f,Stow Schnitty,5.0,85.25,93.78,27.49,recipe,true
2026-07-29,stow,stow,stow,b,Flower Child,4.0,80.0,88.0,14.0668,recipe,true
2026-07-29,stow,stow,stow,f,American Standard Burger,3.0,75.75,83.35,17.5209,recipe,true
2026-07-29,stow,stow,stow,b,Version Two Pinot Grigio - Regular,10.0,74.61,82.1,17.667,recipe,true
2026-07-29,stow,stow,stow,b,Classic Margarita,4.0,73.91,81.31,16.6896,recipe,true
2026-07-29,stow,stow,stow,b,Fresh is Best Lager - Schooner,8.0,69.4,76.31,14.4464,recipe,true
2026-07-29,stow,stow,stow,b,Mulled Wine,5.0,67.74,74.48,10.431,recipe,true
2026-07-29,stow,stow,stow,b,Island Time,3.0,65.46,72.0,12.624,recipe,true
2026-07-29,stow,stow,stow,b,Kuku Sauvignon Blanc - Large,3.0,64.11,70.51,14.5701,recipe,true
2026-07-29,stow,stow,stow,f,Beef Burrito,3.0,63.05,69.36,28.2216,recipe,true
2026-07-29,stow,stow,stow,b,Kuku Sauvignon Blanc - Bottle,1.0,52.73,58.0,14.57,lightspeed,true
2026-07-29,stow,stow,stow,b,Grey Goose,4.0,52.17,57.38,10.296,recipe,true
2026-07-29,stow,stow,stow,b,Aperol Spritz,3.0,50.71,55.78,10.668,recipe,true
2026-07-29,stow,stow,stow,b,Kirin - Pint,3.0,50.46,55.5,15.2772,recipe,true
2026-07-29,stow,stow,stow,f,Bang Bang Cauli,3.0,46.85,51.55,8.2977,recipe,true
2026-07-29,stow,stow,stow,b,Stone & Wood - Pint,3.0,46.35,51.0,13.2627,recipe,true
2026-07-29,stow,stow,stow,b,Fresh is Best Lager - Pint,4.0,45.81,50.41,9.6876,recipe,true
2026-07-29,stow,stow,stow,b,Version Two Pinot Grigio - Bottle,1.0,44.55,49.0,8.83,lightspeed,true
2026-07-29,stow,stow,stow,b,Version Two Sparkling - Bottle,1.0,44.55,49.0,8.83,lightspeed,true
2026-07-29,stow,stow,stow,b,Casa Gheller Prosecco - Glass,3.0,43.65,48.0,10.044,recipe,true
2026-07-29,stow,stow,stow,b,Geppetto Pinot Noir - Regular,3.0,41.37,45.49,10.536,recipe,true
2026-07-29,stow,stow,stow,f,Arancini Balls [5pc],2.0,40.47,44.52,0.0,lightspeed,true
2026-07-29,stow,stow,stow,b,Villa Fresco Sangiovese - Regular,4.0,36.73,40.41,9.6492,recipe,true
2026-07-29,stow,stow,stow,f,Fish Tacos D,2.0,36.36,40.0,3.697,recipe,true
2026-07-29,stow,stow,stow,f,Beef Cheek,1.0,36.27,39.9,0.0,lightspeed,true
2026-07-29,stow,stow,stow,f,Rosemary Salted Fries,3.0,35.58,39.12,5.58,recipe,true
2026-07-29,stow,stow,stow,f,Sensei Calamari,2.0,34.27,37.69,4.5256,recipe,true
2026-07-29,stow,stow,stow,b,Veuve Clicquot Yellow Label - Glass,1.0,33.8,37.18,16.1526,recipe,true
2026-07-29,stow,stow,stow,b,Fresh is Best Summer Lager - Schooner,4.0,31.69,34.84,6.2884,recipe,true
2026-07-29,stow,stow,stow,b,Corona,3.0,28.96,31.84,7.7139,recipe,true
2026-07-29,stow,stow,stow,f,Fancy Pants Parmy - Mexicali,1.0,28.17,30.97,0.0,lightspeed,true
2026-07-29,stow,stow,stow,b,Sigurd GSM Red Blend - Large,1.0,26.36,29.0,7.7,recipe,true
2026-07-29,stow,stow,stow,f,Chicken Burrito,1.0,26.27,28.9,8.281,recipe,true
2026-07-29,stow,stow,stow,b,Status Quo - Schooner,2.0,24.54,27.0,6.2016,recipe,true
2026-07-29,stow,stow,stow,f,Sweet Potato Fries,2.0,23.64,26.0,5.0602,recipe,true
2026-07-29,stow,stow,stow,f,Chicken Burrito D,1.0,22.73,25.0,8.281,recipe,true
2026-07-29,stow,stow,stow,f,Fries D,2.0,22.73,25.0,0.0,lightspeed,true
2026-07-29,stow,stow,stow,f,Baked Camembert,1.0,22.64,24.9,0.0,lightspeed,true
2026-07-29,stow,stow,stow,b,Jack Daniels,2.0,22.54,24.79,4.5266,recipe,true
2026-07-29,stow,stow,stow,b,Geppetto Pinot Noir - Large Glass,1.0,22.53,24.79,5.8533,recipe,true
2026-07-29,stow,stow,stow,b,Philter XPA - Pint,2.0,21.82,24.0,6.0044,recipe,true
2026-07-29,stow,stow,stow,f,Amalfi Olives,2.0,21.24,23.38,0.0,lightspeed,true
2026-07-29,stow,stow,stow,b,Coconut Margarita,1.0,20.91,23.0,4.2449,recipe,true
2026-07-29,stow,stow,stow,b,Heaps Normal Tin,2.0,20.0,22.0,5.3392,recipe,true
2026-07-29,stow,stow,stow,f,Farmhouse Salad D,1.0,19.09,21.0,0.0,lightspeed,true
2026-07-29,stow,stow,stow,b,Sigurd GSM Red Blend - Regular,1.0,18.18,20.0,4.62,recipe,true
2026-07-29,stow,stow,stow,f,Buffalo Wings,1.0,16.43,18.07,2.9764,recipe,true
2026-07-29,stow,stow,stow,f,Rocket Man,1.0,16.36,18.0,3.1972,recipe,true
2026-07-29,stow,stow,stow,b,Two Bays Pale Ale Can,1.0,16.36,18.0,4.71,recipe,true
2026-07-29,stow,stow,stow,f,Arancini Balls 5pcs D,1.0,15.91,17.5,0.0,lightspeed,true
2026-07-29,stow,stow,stow,b,Status Quo - Pint,1.0,15.91,17.5,4.1587,recipe,true
2026-07-29,stow,stow,stow,b,Ottelia Cab Sav - Regular,1.0,15.45,17.0,4.608,recipe,true
2026-07-29,stow,stow,stow,f,Buffalo Wings D,1.0,14.55,16.0,2.9764,recipe,true
2026-07-29,stow,stow,stow,b,Ottelia Chardonnay - Regular,1.0,14.55,16.0,3.4594,recipe,true
2026-07-29,stow,stow,stow,b,"Lemon, Lime & Bitters",3.0,14.1,15.49,3.0807,recipe,true
2026-07-29,stow,stow,stow,b,Mother's Milk Shiraz - Regular,1.0,13.64,15.0,3.2163,recipe,true
2026-07-29,stow,stow,stow,b,Hendrick's Gin,1.0,12.73,14.0,2.8179,recipe,true
2026-07-29,stow,stow,stow,f,Sweet Potato Fries D,2.0,12.73,14.0,5.0602,recipe,true
2026-07-29,stow,stow,stow,f,Brownie D,1.0,11.82,13.0,1.9501,recipe,true
2026-07-29,stow,stow,stow,b,Stone & Wood - Schooner,1.0,11.82,13.0,3.2963,recipe,true
2026-07-29,stow,stow,stow,b,Little Dragon Can,1.0,11.36,12.5,3.4861,recipe,true
2026-07-29,stow,stow,stow,f,Onion Rings,1.0,11.27,12.39,0.0,lightspeed,true
2026-07-29,stow,stow,stow,b,White Light Pure Vodka [House],1.0,10.0,11.0,1.5208,recipe,true
2026-07-29,stow,stow,stow,b,Philter Pale - Schooner,1.0,9.55,10.5,0.0,lightspeed,true
2026-07-29,stow,stow,stow,f,Lepinja Bread,1.0,9.09,10.0,0.0,lightspeed,true
2026-07-29,stow,stow,stow,b,Espresso Martini,1.0,6.67,7.34,3.285,recipe,true
2026-07-29,stow,stow,stow,b,Philter XPA - Schooner,1.0,5.45,6.0,2.2385,recipe,true
2026-07-29,stow,stow,stow,b,Pepsi Max Glass,1.0,4.22,4.65,1.31,recipe,true
2026-07-29,stow,stow,stow,f,Swap Fries for Sweet Potato Fries,2.0,3.76,4.14,0.0,lightspeed,true
2026-07-29,stow,stow,stow,f,GF Flatbread,1.0,3.64,4.0,0.0,lightspeed,true
2026-07-29,stow,stow,stow,b,Fresh Lime Soda,1.0,3.18,3.5,0.0,lightspeed,true
2026-07-29,stow,stow,stow,f,Roasted Tomato Coulis,1.0,2.82,3.1,0.0,lightspeed,true
2026-07-29,stow,stow,stow,f,Side Aioli,5.0,1.83,2.06,0.0,lightspeed,true
2026-07-29,stow,stow,stow,f,Side Gravy,1.0,1.4,1.55,0.3008,recipe,true
2026-07-29,stow,stow,stow,f,Side Spicy Salsa,1.0,0.94,1.03,0.0,lightspeed,true
2026-07-29,stow,stow,stow,f,Add Side Guac,1.0,0.91,1.0,0.0,lightspeed,true
2026-07-29,stow,stow,stow,f,Add Side Spicy Salsa,1.0,0.91,1.0,0.0,lightspeed,true
2026-07-29,stow,stow,stow,b,2 Glasses,1.0,0.0,0.0,0.0,lightspeed,true
2026-07-29,stow,stow,stow,f,Cauliflower Burrito,1.0,0.0,0.0,5.485,recipe,true
2026-07-29,stow,stow,stow,b,Cranberry Juice [mixer],2.0,0.0,0.0,1.38,recipe,true
2026-07-29,stow,stow,stow,b,Easy Sauce,1.0,0.0,0.0,0.0,lightspeed,true
2026-07-29,stow,stow,stow,b,Hawaiian.,2.0,0.0,0.0,0.0,lightspeed,true
2026-07-29,stow,stow,stow,b,Lemon,2.0,0.0,0.0,0.0,lightspeed,true
2026-07-29,stow,stow,stow,b,Lime,3.0,0.0,0.0,0.0,lightspeed,true
2026-07-29,stow,stow,stow,b,Make It A Burrito Bowl [gluten-free],1.0,0.0,0.0,0.0,lightspeed,true
2026-07-29,stow,stow,stow,b,Make it Vegan [use vegan cheese],2.0,0.0,0.0,0.0,lightspeed,true
2026-07-29,stow,stow,stow,b,No Caramelised Onion,1.0,0.0,0.0,0.0,lightspeed,true
2026-07-29,stow,stow,stow,b,No Olives,1.0,0.0,0.0,0.0,lightspeed,true
2026-07-29,stow,stow,stow,b,No Onion,3.0,0.0,0.0,0.0,lightspeed,true
2026-07-29,stow,stow,stow,b,One Ice Cube,1.0,0.0,0.0,0.0,lightspeed,true
2026-07-29,stow,stow,stow,b,Pepsi [mixer],2.0,0.0,0.0,1.61,lightspeed,true
2026-07-29,stow,stow,stow,b,Pink Lemonade [mixer],1.0,0.0,0.0,0.1088,recipe,true
2026-07-29,stow,stow,stow,f,Sensei Calamari D,1.0,0.0,0.0,2.2628,recipe,true
2026-07-29,stow,stow,stow,f,Side BBQ Sauce,2.0,0.0,0.0,0.0,lightspeed,true
2026-07-29,stow,stow,stow,b,Side Tomato Sauce,2.0,0.0,0.0,0.0,lightspeed,true
2026-07-29,stow,stow,stow,f,Vegan Aioli,1.0,0.0,0.0,0.0,lightspeed,true
2026-07-30,hg,hg,hg,f,Unlimited BBQ,4.0,163.64,180.0,34.34,lightspeed,true
2026-07-30,hg,hg,hg,f,Tonkotsu,6.0,158.16,174.0,25.5858,recipe,true
2026-07-30,hg,hg,hg,f,Dumplings - Prawn Har Gow [GF],9.0,154.52,170.0,39.6171,recipe,true
2026-07-30,hg,hg,hg,f,Mie Goreng,5.0,105.46,116.0,28.344,recipe,true
2026-07-30,hg,hg,hg,f,Miso,4.0,105.44,116.0,0.0,lightspeed,true
2026-07-30,hg,hg,hg,b,Harry's Lager - Schooner,14.0,105.0,115.5,22.015,recipe,true
2026-07-30,hg,hg,hg,b,Palloncino Prosecco - Regular,8.0,82.73,91.0,18.3992,recipe,true
2026-07-30,hg,hg,hg,f,Edamame,6.0,60.0,66.0,0.0,lightspeed,true
2026-07-30,hg,hg,hg,b,Azurescens Pinot Noir - Regular,4.0,54.56,60.0,11.2004,recipe,true
2026-07-30,hg,hg,hg,f,Shredded Beef,2.0,47.28,52.0,0.0,lightspeed,true
2026-07-30,hg,hg,hg,f,Devon's Prawn Toast,3.0,43.65,48.0,11.6688,recipe,true
2026-07-30,hg,hg,hg,b,L'esprit Rosé - Regular,3.0,43.65,48.0,10.8,recipe,true
2026-07-30,hg,hg,hg,f,Popcorn Cauliflower,3.0,40.92,45.0,2.8833,recipe,true
2026-07-30,hg,hg,hg,b,Angas & Bremer Grenache - Regular,5.0,40.9,45.0,8.77,recipe,true
2026-07-30,hg,hg,hg,b,Margato,3.0,38.19,42.0,11.2002,recipe,true
2026-07-30,hg,hg,hg,b,Harry's Lager - Pint,4.0,35.9,39.5,8.436,recipe,true
2026-07-30,hg,hg,hg,f,Kids Mie Goreng,3.0,35.46,39.0,0.0,lightspeed,true
2026-07-30,hg,hg,hg,b,Classic Margarita,2.0,34.54,38.0,8.3448,recipe,true
2026-07-30,hg,hg,hg,b,Bombay Dry Gin [House],4.0,32.72,36.0,8.6576,recipe,true
2026-07-30,hg,hg,hg,f,Octopus Karaage,2.0,32.72,36.0,0.0,lightspeed,true
2026-07-30,hg,hg,hg,f,Chicken Karaage,2.0,30.9,34.0,0.0,lightspeed,true
2026-07-30,hg,hg,hg,b,Dragon Juice,2.0,30.9,34.0,5.1708,recipe,true
2026-07-30,hg,hg,hg,f,BBQ Pork Buns,2.0,27.28,30.0,7.0,recipe,true
2026-07-30,hg,hg,hg,f,Shoyu,1.0,26.36,29.0,0.0,lightspeed,true
2026-07-30,hg,hg,hg,f,Dumplings - Beef & Cabbage,2.0,25.46,28.0,2.9238,recipe,true
2026-07-30,hg,hg,hg,f,Dumplings - Veg Gyoza,2.0,25.46,28.0,3.9038,recipe,true
2026-07-30,hg,hg,hg,b,Grifter Big Sur IPA Can [HG],2.0,25.46,28.0,8.0,recipe,true
2026-07-30,hg,hg,hg,b,Negroni,2.0,25.45,28.0,8.198,recipe,true
2026-07-30,hg,hg,hg,b,Angas & Bremer Rosé - Regular,3.0,23.63,26.0,5.262,recipe,true
2026-07-30,hg,hg,hg,b,Yuzu Chu-hi,2.0,21.82,24.0,2.9074,recipe,true
2026-07-30,hg,hg,hg,f,Fried Rice,1.0,20.91,23.0,2.8242,recipe,true
2026-07-30,hg,hg,hg,b,Drunken Koi,1.0,19.09,21.0,2.4425,recipe,true
2026-07-30,hg,hg,hg,b,Aperol Spritz,1.0,17.27,19.0,3.556,recipe,true
2026-07-30,hg,hg,hg,b,Tsingtao Longneck,1.0,15.45,17.0,4.69,recipe,true
2026-07-30,hg,hg,hg,f,Wagyu Slices,1.0,15.45,17.0,0.0,lightspeed,true
2026-07-30,hg,hg,hg,b,From Sundays Shiraz - Regular,1.0,13.64,15.0,2.8001,recipe,true
2026-07-30,hg,hg,hg,f,Vegetarian Spring Rolls,1.0,12.73,14.0,1.6492,recipe,true
2026-07-30,hg,hg,hg,f,Kids Tonkotsu,1.0,11.82,13.0,0.0,lightspeed,true
2026-07-30,hg,hg,hg,b,Kuku Sauv Blanc - Regular,1.0,11.82,13.0,2.6,recipe,true
2026-07-30,hg,hg,hg,b,Saika Junmai Daiginjo - 60ml,1.0,11.82,13.0,3.6658,recipe,true
2026-07-30,hg,hg,hg,b,Lemon Chu-hi,1.0,10.91,12.0,1.5041,recipe,true
2026-07-30,hg,hg,hg,b,River Retreat Pinot Grigio - Regular,1.0,10.91,12.0,2.01,recipe,true
2026-07-30,hg,hg,hg,b,Chicken,3.0,10.46,11.5,0.0,lightspeed,true
2026-07-30,hg,hg,hg,b,Dragon Soda,1.0,8.18,9.0,0.0554,recipe,true
2026-07-30,hg,hg,hg,f,1/2 Marinated Egg,4.0,7.28,8.0,0.0,lightspeed,true
2026-07-30,hg,hg,hg,b,Apple Juice Glass,2.0,7.28,8.0,1.3188,recipe,true
2026-07-30,hg,hg,hg,b,Lemonade Glass,1.0,4.09,4.5,0.8032,recipe,true
2026-07-30,hg,hg,hg,b,Chicken.,2.0,3.64,4.0,0.0,lightspeed,true
2026-07-30,hg,hg,hg,f,Fried Egg,1.0,3.64,4.0,0.0,lightspeed,true
2026-07-30,hg,hg,hg,b,Fish Cake [x2 slices],1.0,2.73,3.0,0.0,lightspeed,true
2026-07-30,hg,hg,hg,f,GFO [GF Ramen Noodles],1.0,2.73,3.0,0.0,lightspeed,true
2026-07-30,hg,hg,hg,f,Chilli Bomb,1.0,1.82,2.0,0.0,lightspeed,true
2026-07-30,hg,hg,hg,b,Corn,1.0,0.91,1.0,0.0,lightspeed,true
2026-07-30,hg,hg,hg,b,1 Glass,1.0,0.0,0.0,0.0,lightspeed,true
2026-07-30,hg,hg,stow,f,2x Soft-boiled Eggs,1.0,0.0,0.0,0.0,lightspeed,true
2026-07-30,hg,hg,stow,f,Kids Fried Rice D,1.0,0.0,0.0,0.0,lightspeed,true
2026-07-30,hg,hg,hg,b,Lime,4.0,0.0,0.0,0.0,lightspeed,true
2026-07-30,hg,hg,stow,f,Shoyu,1.0,0.0,0.0,0.0,lightspeed,true
2026-07-30,hg,hg,hg,f,Swap for Tofu [Make it Vegan],2.0,0.0,0.0,0.0,lightspeed,true
2026-07-30,hg,hg,hg,b,Tonic,4.0,0.0,0.0,3.21,lightspeed,true
2026-07-30,mari,mari,mari,f,Large Super House Special,5.0,135.44,149.0,38.0885,recipe,true
2026-07-30,mari,mari,mari,f,$90 PIZZA PARTY,1.0,81.82,90.0,35.5228,recipe,true
2026-07-30,mari,mari,mari,f,Regular Jimmy Jury [Dine-in],3.0,60.52,66.58,10.8642,recipe,true
2026-07-30,mari,mari,mari,f,WINGS DEAL,2.0,54.54,60.0,19.889,recipe,true
2026-07-30,mari,mari,mari,f,Regular Margherita,4.0,50.92,56.0,8.1324,recipe,true
2026-07-30,mari,mari,mari,f,"Large No Chorizo, No Cry",3.0,49.1,54.0,16.4007,recipe,true
2026-07-30,mari,mari,mari,f,Large Pepperoni,3.0,43.63,48.0,13.083,recipe,true
2026-07-30,mari,mari,mari,f,$45 FEAST,1.0,40.91,45.0,14.0714,recipe,true
2026-07-30,mari,mari,mari,f,Regular Pepperoni,3.0,40.0,44.0,8.0976,recipe,true
2026-07-30,mari,mari,mari,f,Large El Patron,1.0,28.18,31.0,5.812,recipe,true
2026-07-30,mari,mari,mari,f,Large Sanchez,1.0,28.18,31.0,5.8374,recipe,true
2026-07-30,mari,mari,mari,f,Gluten-free New Yorker,1.0,27.27,30.0,7.9151,recipe,true
2026-07-30,mari,mari,mari,f,Gluten-free Roma Special,1.0,27.27,30.0,8.3656,recipe,true
2026-07-30,mari,mari,mari,f,Large Sorrento.,1.0,27.27,30.0,5.8575,recipe,true
2026-07-30,mari,mari,mari,f,Large Hawaiian,2.0,25.45,28.0,6.6314,recipe,true
2026-07-30,mari,mari,mari,f,Large Little Italy,2.0,24.55,27.0,14.7808,recipe,true
2026-07-30,mari,mari,mari,f,Regular El Patron [Dine-in],1.0,24.42,26.85,3.7287,recipe,true
2026-07-30,mari,mari,mari,f,"Regular No Chorizo, No Cry [Dine-in]",1.0,24.42,26.85,2.6415,recipe,true
2026-07-30,mari,mari,mari,f,Regular Truffalo Soldier [Dine-in],1.0,24.42,26.85,3.068,recipe,true
2026-07-30,mari,mari,mari,f,Regular Bubba Gump,1.0,23.64,26.0,3.6381,recipe,true
2026-07-30,mari,mari,mari,f,Gluten-free Uber Margherita [Dine-in],1.0,22.91,25.2,6.9008,recipe,true
2026-07-30,mari,mari,mari,f,Large Bubba Gump,3.0,22.73,25.0,16.5018,recipe,true
2026-07-30,mari,mari,mari,f,Regular Sanchez,1.0,22.73,25.0,4.5378,recipe,true
2026-07-30,mari,mari,mari,f,Regular Super House Special,1.0,21.82,24.0,4.6187,recipe,true
2026-07-30,mari,mari,mari,f,Regular Little Italy [Dine-in],1.0,21.28,23.4,4.1655,recipe,true
2026-07-30,mari,mari,mari,f,Large Margherita,2.0,18.18,20.0,4.6544,recipe,true
2026-07-30,mari,mari,mari,f,Regular Cosmopolitan,1.0,17.73,19.5,4.4662,recipe,true
2026-07-30,mari,mari,mari,f,Regular Little Italy,1.0,17.73,19.5,4.7581,recipe,true
2026-07-30,mari,mari,mari,f,Sprite Can,6.0,10.92,12.0,14.6538,recipe,true
2026-07-30,mari,mari,mari,f,Garlic Bread,11.0,10.46,11.5,16.3647,recipe,true
2026-07-30,mari,mari,mari,f,Add Pepperoni,3.0,7.37,8.1,0.0,lightspeed,true
2026-07-30,mari,mari,mari,f,Online Surcharge,6.0,7.29,7.29,0.0,lightspeed,true
2026-07-30,mari,mari,mari,f,Sprite 1.25L,1.0,5.45,6.0,4.2654,recipe,true
2026-07-30,mari,mari,mari,f,Add Anchovies,2.0,3.64,4.0,0.0,lightspeed,true
2026-07-30,mari,mari,mari,f,Add Calabrese,1.0,3.64,4.0,0.0,lightspeed,true
2026-07-30,mari,mari,mari,f,Add Chicken,1.0,3.64,4.0,0.0,lightspeed,true
2026-07-30,mari,mari,mari,f,Add Ham,1.0,2.73,3.0,0.0,lightspeed,true
2026-07-30,mari,mari,mari,f,Vegan Cheese [Pizza],1.0,2.73,3.0,0.0,lightspeed,true
2026-07-30,mari,mari,mari,f,Add Mushrooms,2.0,2.72,3.0,0.0,lightspeed,true
2026-07-30,mari,mari,mari,f,Add Pineapple,1.0,1.4,1.55,0.0,lightspeed,true
2026-07-30,mari,mari,mari,f,Add Cherry Tomatoes,1.0,1.36,1.5,0.0,lightspeed,true
2026-07-30,mari,mari,mari,f,Add Olives,1.0,1.36,1.5,0.0,lightspeed,true
2026-07-30,mari,mari,mari,f,Add Rocket,1.0,1.36,1.5,0.0,lightspeed,true
2026-07-30,mari,mari,mari,f,Add Chilli,1.0,0.91,1.0,0.0,lightspeed,true
2026-07-30,mari,mari,mari,f,Add Prawns,1.0,0.0,0.0,0.0,lightspeed,true
2026-07-30,mari,mari,mari,f,Coke 1.25L,1.0,0.0,0.0,3.69,recipe,true
2026-07-30,mari,mari,mari,f,Coke Can,3.0,0.0,0.0,5.67,recipe,true
2026-07-30,mari,mari,mari,f,Coke Zero 1.25L,2.0,0.0,0.0,6.18,recipe,true
2026-07-30,mari,mari,mari,f,Coke Zero Can,1.0,0.0,0.0,1.89,recipe,true
2026-07-30,mari,mari,mari,f,Large Meatlovers,2.0,0.0,0.0,13.48,recipe,true
2026-07-30,mari,mari,mari,f,Less Cheese,2.0,0.0,0.0,0.0,lightspeed,true
2026-07-30,mari,mari,mari,f,Online Discount,6.0,-18.75,-18.75,0.0,lightspeed,true
2026-07-30,stow,stow,stow,f,Pork Roast,69.0,1881.82,2070.0,312.4872,recipe,true
2026-07-30,stow,stow,stow,f,Brownie,38.0,414.58,456.0,107.2588,recipe,true
2026-07-30,stow,stow,stow,b,Guinness Draught - Pint,25.0,314.47,345.89,120.1275,recipe,true
2026-07-30,stow,stow,stow,b,Mulled Wine,21.0,286.43,315.0,43.8102,recipe,true
2026-07-30,stow,stow,stow,b,Grifter Pale - Pint,15.0,199.11,219.0,49.941,recipe,true
2026-07-30,stow,stow,stow,b,Fresh is Best Lager - Pint,17.0,195.35,214.96,41.1723,recipe,true
2026-07-30,stow,stow,stow,b,Version Two Pinot Grigio - Regular,16.0,163.65,180.0,28.2672,recipe,true
2026-07-30,stow,stow,stow,f,Nut Roast,6.0,163.64,180.0,29.5686,recipe,true
2026-07-30,stow,stow,stow,b,White Light Pure Vodka [House],14.0,140.0,154.0,21.2912,recipe,true
2026-07-30,stow,stow,stow,b,Apple Crumble,9.0,130.95,144.0,0.0,lightspeed,true
2026-07-30,stow,stow,stow,b,Mother's Milk Shiraz - Regular,8.0,109.12,120.0,25.7304,recipe,true
2026-07-30,stow,stow,stow,b,Grifter Pale - Schooner,11.0,106.77,117.5,27.3064,recipe,true
2026-07-30,stow,stow,stow,b,Villa Fresco Sangiovese - Regular,8.0,87.28,96.0,19.2984,recipe,true
2026-07-30,stow,stow,stow,f,Buffalo Wings,5.0,81.64,89.8,14.882,recipe,true
2026-07-30,stow,stow,stow,b,Whispering Angel Rosé - Large,2.0,78.18,86.0,22.8634,recipe,true
2026-07-30,stow,stow,stow,b,Philter XPA - Pint,6.0,76.38,84.0,18.0132,recipe,true
2026-07-30,stow,stow,stow,f,Beef Burrito D,3.0,72.72,80.0,28.2216,recipe,true
2026-07-30,stow,stow,stow,b,Trentham Estate Rosé - Regular,6.0,65.46,72.0,12.66,recipe,true
2026-07-30,stow,stow,stow,b,Kuku Sauvignon Blanc - Large,3.0,64.12,70.53,14.5701,recipe,true
2026-07-30,stow,stow,stow,b,Fresh is Best Lager - Schooner,15.0,60.48,66.5,27.087,recipe,true
2026-07-30,stow,stow,stow,b,Bombay Dry [House],6.0,60.0,66.0,12.9864,recipe,true
2026-07-30,stow,stow,stow,b,Version Two Sparkling - Regular,5.0,54.55,60.0,8.8335,recipe,true
2026-07-30,stow,stow,stow,f,Beef Burrito,2.0,54.27,59.7,18.8144,recipe,true
2026-07-30,stow,stow,stow,b,Classic Margarita,4.0,53.64,58.99,16.6896,recipe,true
2026-07-30,stow,stow,stow,f,Chicken Burrito,2.0,53.4,58.75,16.562,recipe,true
2026-07-30,stow,stow,stow,b,Ottelia Cab Sav - Large,2.0,49.1,54.0,15.36,recipe,true
2026-07-30,stow,stow,stow,b,Stone & Wood - Schooner,5.0,47.67,52.42,16.4815,recipe,true
2026-07-30,stow,stow,stow,b,Ottelia Chardonnay - Large,2.0,46.95,51.63,11.5314,recipe,true
2026-07-30,stow,stow,stow,b,Hugo Spritz,3.0,46.35,51.0,12.288,recipe,true
2026-07-30,stow,stow,stow,b,Petits Detours Rosé - Large,2.0,46.2,50.82,11.56,recipe,true
2026-07-30,stow,stow,stow,b,Whispering Angel Rosé - Regular,2.0,45.8,50.4,13.718,recipe,true
2026-07-30,stow,stow,stow,f,Buffalo Wings D,3.0,43.65,48.0,8.9292,recipe,true
2026-07-30,stow,stow,stow,b,Casa Gheller Prosecco - Glass,3.0,43.65,48.0,10.044,recipe,true
2026-07-30,stow,stow,stow,b,Geppetto Pinot Noir - Regular,3.0,41.36,45.49,10.536,recipe,true
2026-07-30,stow,stow,stow,b,BBQ Ribs,1.0,41.35,45.48,0.0,lightspeed,true
2026-07-30,stow,stow,stow,b,Monkey Shoulder Scotch [House],4.0,41.3,45.44,9.7868,recipe,true
2026-07-30,stow,stow,stow,b,"Lemon, Lime & Bitters",9.0,40.95,45.0,9.2421,recipe,true
2026-07-30,stow,stow,stow,b,Aperol Spritz,3.0,40.92,45.0,10.668,recipe,true
2026-07-30,stow,stow,stow,b,Vodka Martini,2.0,40.0,44.0,5.8572,recipe,true
2026-07-30,stow,stow,stow,b,Fresh is Best Summer Lager - Schooner,6.0,38.65,42.5,9.4326,recipe,true
2026-07-30,stow,stow,stow,b,Kuku Sauvignon Blanc - Regular,3.0,38.19,42.0,8.7423,recipe,true
2026-07-30,stow,stow,stow,b,Peroni 0%,4.0,32.99,36.29,7.3852,recipe,true
2026-07-30,stow,stow,stow,b,Crankshaft IPA - Pint,2.0,31.82,35.0,8.6048,recipe,true
2026-07-30,stow,stow,stow,b,Rooster Rojo Blanco Tequila [House],3.0,30.33,33.36,5.8923,recipe,true
2026-07-30,stow,stow,stow,b,Petits Detours Rosé - Regular,2.0,29.58,32.53,6.936,recipe,true
2026-07-30,stow,stow,stow,b,Ottelia Chardonnay - Regular,2.0,29.1,32.0,6.9188,recipe,true
2026-07-30,stow,stow,stow,b,Monteith's Apple Cider Bottle,3.0,28.64,31.5,9.33,recipe,true
2026-07-30,stow,stow,stow,b,Pepsi Glass,7.0,28.63,31.5,9.17,recipe,true
2026-07-30,stow,stow,stow,b,Dark & Stormy,2.0,28.18,30.99,8.0236,recipe,true
2026-07-30,stow,stow,stow,f,Fancy Pants Parmy - Classic,1.0,27.22,29.95,7.5986,recipe,true
2026-07-30,stow,stow,stow,b,A. Rodda Tempranillo - Large,1.0,26.28,28.92,9.29,lightspeed,true
2026-07-30,stow,stow,stow,b,Kirin - Schooner,2.0,25.46,28.0,7.5938,recipe,true
2026-07-30,stow,stow,stow,f,Chicken Burrito D,1.0,22.73,25.0,8.281,recipe,true
2026-07-30,stow,stow,stow,b,Geppetto Pinot Noir - Large Glass,1.0,22.53,24.78,5.8533,recipe,true
2026-07-30,stow,stow,stow,b,Young Henrys Cloudy Cider Can,2.0,21.82,24.0,5.16,recipe,true
2026-07-30,stow,stow,stow,f,Southern Squid D,1.0,20.91,23.0,0.0,lightspeed,true
2026-07-30,stow,stow,stow,b,Philter XPA - Schooner,3.0,20.9,23.0,6.7155,recipe,true
2026-07-30,stow,stow,stow,f,Arancini Balls [5pc],1.0,20.56,22.62,0.0,lightspeed,true
2026-07-30,stow,stow,stow,b,Heaps Normal Tin,2.0,20.0,22.0,5.3392,recipe,true
2026-07-30,stow,stow,stow,b,Manhattan - Perfect,1.0,20.0,22.0,4.5468,recipe,true
2026-07-30,stow,stow,stow,f,Fish Tacos,1.0,18.78,20.66,1.8485,recipe,true
2026-07-30,stow,stow,stow,b,Version Two Pinot Grigio - Large,1.0,17.27,19.0,2.9445,recipe,true
2026-07-30,stow,stow,stow,b,Asahi 3.5%,2.0,17.19,18.9,4.36,recipe,true
2026-07-30,stow,stow,stow,b,A. Rodda Tempranillo - Regular,1.0,16.9,18.59,5.5699,recipe,true
2026-07-30,stow,stow,stow,b,Pepsi Max Glass,4.0,16.49,18.15,5.24,recipe,true
2026-07-30,stow,stow,stow,b,Scorched As,1.0,15.96,17.56,4.3473,recipe,true
2026-07-30,stow,stow,stow,b,Coconut Margarita,1.0,15.95,17.55,4.2449,recipe,true
2026-07-30,stow,stow,stow,b,Jalapeño Marg,1.0,15.95,17.55,3.8458,recipe,true
2026-07-30,stow,stow,stow,f,Bang Bang Cauli,1.0,15.45,17.0,2.7659,recipe,true
2026-07-30,stow,stow,stow,b,Patron Silver,1.0,14.1,15.51,3.2833,recipe,true
2026-07-30,stow,stow,stow,f,BBQ Wings,1.0,13.82,15.21,3.14,recipe,true
2026-07-30,stow,stow,stow,b,Tommy's Margarita,1.0,13.09,14.4,5.0572,recipe,true
2026-07-30,stow,stow,stow,b,Lychee Martini,1.0,12.73,14.0,3.9078,recipe,true
2026-07-30,stow,stow,stow,b,Crankshaft IPA - Schooner,1.5,12.27,13.5,4.8118,recipe,true
2026-07-30,stow,stow,stow,f,Sweet Potato Fries,1.0,12.21,13.43,2.5301,recipe,true
2026-07-30,stow,stow,stow,b,Lemonade Glass,3.0,12.11,13.5,2.4096,recipe,true
2026-07-30,stow,stow,stow,f,Rosemary Salted Fries,1.0,12.11,13.32,1.86,recipe,true
2026-07-30,stow,stow,stow,f,Fries D,1.0,11.82,13.0,0.0,lightspeed,true
2026-07-30,stow,stow,hg,f,Nuggets & Chips [HG],1.0,11.82,13.0,0.0,lightspeed,true
2026-07-30,stow,stow,stow,b,Little Dragon Can,1.0,11.73,12.9,3.4861,recipe,true
2026-07-30,stow,stow,stow,b,Buffalo Trace Bourbon [House],1.0,10.0,11.0,2.3173,recipe,true
2026-07-30,stow,stow,stow,f,Chicken Shindig Burger,1.0,9.78,10.76,5.3929,recipe,true
2026-07-30,stow,stow,stow,b,Corona,1.0,9.55,10.5,2.5713,recipe,true
2026-07-30,stow,stow,stow,b,Fresh Lime Soda,3.0,9.54,10.5,0.0,lightspeed,true
2026-07-30,stow,stow,stow,b,Apple Juice Glass,2.0,9.1,10.0,1.3188,recipe,true
2026-07-30,stow,stow,stow,f,Kids Icecream,2.0,9.1,10.0,1.47,recipe,true
2026-07-30,stow,stow,stow,f,Extra Taco,1.0,6.57,7.23,0.9826,recipe,true
2026-07-30,stow,stow,stow,b,Ginger Ale,1.0,3.64,4.0,0.0,lightspeed,true
2026-07-30,stow,stow,stow,f,Side Chipotle Mayo,3.0,2.21,2.43,0.0,lightspeed,true
2026-07-30,stow,stow,stow,f,Side Blue Cheese Dip,1.0,0.94,1.03,0.0,lightspeed,true
2026-07-30,stow,stow,stow,f,Side Spicy Salsa,1.0,0.94,1.03,0.0,lightspeed,true
2026-07-30,stow,stow,stow,f,Side Aioli,1.0,0.46,0.52,0.0,lightspeed,true
2026-07-30,stow,stow,stow,f,BBQ Wings D,2.0,0.0,0.0,6.28,recipe,true
2026-07-30,stow,stow,stow,f,Brownie D,3.0,0.0,0.0,5.8503,recipe,true
2026-07-30,stow,stow,stow,b,Dirty,2.0,0.0,0.0,0.0,lightspeed,true
2026-07-30,stow,stow,stow,b,Easy Sauce,1.0,0.0,0.0,0.0,lightspeed,true
2026-07-30,stow,stow,stow,b,Ice,1.0,0.0,0.0,0.0,lightspeed,true
2026-07-30,stow,stow,stow,b,Lemon,2.0,0.0,0.0,0.0,lightspeed,true
2026-07-30,stow,stow,stow,b,Lime,4.0,0.0,0.0,0.0,lightspeed,true
2026-07-30,stow,stow,stow,b,Lime Wedge,1.0,0.0,0.0,0.0,lightspeed,true
2026-07-30,stow,stow,stow,b,Marinated Tofu,1.0,0.0,0.0,0.0,lightspeed,true
2026-07-30,stow,stow,stow,b,No Aioli,1.0,0.0,0.0,0.0,lightspeed,true
2026-07-30,stow,stow,stow,b,No Anchovies,1.0,0.0,0.0,0.0,lightspeed,true
2026-07-30,stow,stow,stow,b,No Cheese (Make It Dairy-Free),3.0,0.0,0.0,0.0,lightspeed,true
2026-07-30,stow,stow,stow,b,No Chipotle Mayo,1.0,0.0,0.0,0.0,lightspeed,true
2026-07-30,stow,stow,stow,b,No Garnish,1.0,0.0,0.0,0.0,lightspeed,true
2026-07-30,stow,stow,stow,b,No Olives,1.0,0.0,0.0,0.0,lightspeed,true
2026-07-30,stow,stow,stow,b,No Onion,1.0,0.0,0.0,0.0,lightspeed,true
2026-07-30,stow,stow,stow,b,Olive,2.0,0.0,0.0,0.0,lightspeed,true
2026-07-30,stow,stow,stow,b,On The Rocks,1.0,0.0,0.0,0.0,lightspeed,true
2026-07-30,stow,stow,stow,b,Pepsi [mixer],2.0,0.0,0.0,1.61,lightspeed,true
2026-07-30,stow,stow,stow,b,Pineapple Juice [mixer],1.0,0.0,0.0,0.5901,recipe,true
2026-07-30,stow,stow,stow,b,San Pellegrino 500ml,4.0,0.0,0.0,9.28,recipe,true
2026-07-30,stow,stow,stow,f,Side BBQ Sauce,1.0,0.0,0.0,0.0,lightspeed,true
2026-07-30,stow,stow,stow,b,Soda [mixer],4.0,0.0,0.0,0.0,lightspeed,true
2026-07-30,stow,stow,stow,b,Trutta Streamside Shiraz [Chilled] - Regular,1.0,0.0,0.0,3.968,recipe,true
2026-07-31,hg,hg,hg,f,Tonkotsu,15.0,395.4,435.0,63.9645,recipe,true
2026-07-31,hg,hg,hg,f,Mie Goreng,15.0,317.55,349.27,85.032,recipe,true
2026-07-31,hg,hg,hg,f,Dumplings - Prawn Har Gow [GF],16.0,272.77,300.1,70.4304,recipe,true
2026-07-31,hg,hg,hg,f,BBQ Meat Platter,6.0,218.17,240.0,0.0,lightspeed,true
2026-07-31,hg,hg,hg,b,Classic Margarita,11.0,167.27,184.0,45.8964,recipe,true
2026-07-31,hg,hg,hg,f,Miso,6.0,158.17,174.0,0.0,lightspeed,true
2026-07-31,hg,hg,hg,f,Chicken Katsu Curry,6.0,147.3,162.0,18.5778,recipe,true
2026-07-31,hg,hg,hg,f,Fried Rice,7.0,145.19,159.7,19.7694,recipe,true
2026-07-31,hg,hg,hg,f,Shredded Beef,6.0,141.84,156.0,0.0,lightspeed,true
2026-07-31,hg,hg,hg,b,Chicken skewers,7.0,138.0,151.8,0.0,lightspeed,true
2026-07-31,hg,hg,hg,f,Shoyu,5.0,131.81,145.0,0.0,lightspeed,true
2026-07-31,hg,hg,hg,b,Sapporo - 500ml,11.0,123.25,135.6,40.81,recipe,true
2026-07-31,hg,hg,hg,f,Chicken Karaage,8.0,122.06,134.3,0.0,lightspeed,true
2026-07-31,hg,hg,hg,f,Devon's Prawn Toast,8.0,116.4,128.0,31.1168,recipe,true
2026-07-31,hg,hg,hg,f,Dumplings - Veg Gyoza,8.0,101.84,112.0,15.6152,recipe,true
2026-07-31,hg,hg,hg,f,Edamame,10.0,99.99,110.0,0.0,lightspeed,true
2026-07-31,hg,hg,hg,b,Margato,6.0,98.18,108.0,22.4004,recipe,true
2026-07-31,hg,hg,hg,b,Angas & Bremer Rosé - Bottle,2.0,89.1,98.0,19.3,lightspeed,true
2026-07-31,hg,hg,hg,b,River Retreat Pinot Grigio - Bottle,2.0,89.1,98.0,20.1,lightspeed,true
2026-07-31,hg,hg,hg,b,Angas & Bremer Grenache - Regular,9.0,82.36,90.6,15.786,recipe,true
2026-07-31,hg,hg,hg,f,Popcorn Cauliflower,6.0,79.11,87.0,5.7666,recipe,true
2026-07-31,hg,hg,hg,b,L'esprit Rosé - Regular,6.0,78.55,86.4,21.6,recipe,true
2026-07-31,hg,hg,hg,b,River Retreat Pinot Grigio - Regular,8.0,78.18,86.0,16.08,recipe,true
2026-07-31,hg,hg,hg,b,Dragon Juice,5.0,69.09,76.0,12.927,recipe,true
2026-07-31,hg,hg,hg,f,Dumplings - Beef & Cabbage,5.0,63.65,70.0,7.3095,recipe,true
2026-07-31,hg,hg,hg,b,Salmon Sashimi Special,3.0,60.0,66.0,0.0,lightspeed,true
2026-07-31,hg,hg,hg,b,Chicken,17.0,59.92,65.88,0.0,lightspeed,true
2026-07-31,hg,hg,hg,b,From Sundays Shiraz - Bottle,1.0,56.36,62.0,14.0,lightspeed,true
2026-07-31,hg,hg,hg,f,BBQ Pork Buns,4.0,54.56,60.0,14.0,recipe,true
2026-07-31,hg,hg,hg,b,Sapporo - Schooner,6.0,54.54,60.0,18.921,recipe,true
2026-07-31,hg,hg,hg,b,Negroni,4.0,50.92,56.0,16.396,recipe,true
2026-07-31,hg,hg,hg,b,Grifter Pale - Pint [HG],4.0,49.12,54.0,0.0,lightspeed,true
2026-07-31,hg,hg,hg,b,Padrillos Malbec - Regular,3.0,47.44,52.2,11.5998,recipe,true
2026-07-31,hg,hg,hg,b,Kuku Sauv Blanc - Bottle,1.0,46.36,51.0,14.57,lightspeed,true
2026-07-31,hg,hg,hg,b,Harry's Lager - Pint,5.0,46.12,50.75,10.545,recipe,true
2026-07-31,hg,hg,hg,f,Duck Spring Roll,3.0,43.65,48.0,10.7076,recipe,true
2026-07-31,hg,hg,hg,b,Azurescens Pinot Noir - Regular,3.0,38.19,42.0,8.4003,recipe,true
2026-07-31,hg,hg,hg,b,Angas & Bremer Rosé - Large,2.0,38.18,42.0,5.8464,recipe,true
2026-07-31,hg,hg,hg,b,Harry's Lager - Schooner,4.0,34.56,38.0,6.29,recipe,true
2026-07-31,hg,hg,hg,b,Corona,3.0,30.0,33.0,7.7139,recipe,true
2026-07-31,hg,hg,hg,f,BBQ Veg Platter,1.0,27.27,30.0,0.0,lightspeed,true
2026-07-31,hg,hg,hg,f,Mochi Trio,2.0,23.64,26.0,0.0,lightspeed,true
2026-07-31,hg,hg,hg,b,Kraken Black Rum,3.0,22.91,25.2,7.2243,recipe,true
2026-07-31,hg,hg,hg,b,Asahi 3.5%,2.0,20.0,22.0,4.36,recipe,true
2026-07-31,hg,hg,hg,b,Philter Old Ale [HG],2.0,19.99,22.0,6.0,recipe,true
2026-07-31,hg,hg,hg,b,Asahi Zero,2.0,19.1,21.0,4.19,lightspeed,true
2026-07-31,hg,hg,hg,b,Demon Slayer,1.0,19.09,21.0,4.1116,recipe,true
2026-07-31,hg,hg,hg,b,Palloncino Prosecco - Regular,2.0,17.27,19.0,4.5998,recipe,true
2026-07-31,hg,hg,hg,b,Dragon Soda,2.0,16.36,18.0,0.1108,recipe,true
2026-07-31,hg,hg,hg,f,Octopus Karaage,1.0,16.36,18.0,0.0,lightspeed,true
2026-07-31,hg,hg,hg,b,Ottelia Cab Sav - Regular,1.0,16.36,18.0,4.608,recipe,true
2026-07-31,hg,hg,hg,b,Yuzu Orange Soda,2.0,16.36,18.0,0.0,lightspeed,true
2026-07-31,hg,hg,hg,b,Trutta Streamside Shiraz - Regular [HG],1.0,14.55,16.0,3.968,recipe,true
2026-07-31,hg,hg,hg,f,Extra BBQ Wagyu,1.0,13.64,15.0,0.0,lightspeed,true
2026-07-31,hg,hg,hg,b,Geppetto Chardonnay - Regular,1.0,13.64,15.0,3.1136,recipe,true
2026-07-31,hg,hg,hg,f,1/2 Marinated Egg,7.0,12.74,14.0,0.0,lightspeed,true
2026-07-31,hg,hg,hg,b,Aperol Spritz,1.0,12.73,14.0,3.556,recipe,true
2026-07-31,hg,hg,hg,b,Drunken Koi,1.0,12.73,14.0,2.4425,recipe,true
2026-07-31,hg,hg,hg,b,Grifter Big Sur IPA Can [HG],1.0,12.73,14.0,4.0,recipe,true
2026-07-31,hg,hg,hg,b,Lychee Martini,1.0,12.73,14.0,3.9078,recipe,true
2026-07-31,hg,hg,hg,f,Kids Mie Goreng,1.0,11.82,13.0,0.0,lightspeed,true
2026-07-31,hg,hg,hg,b,Kids Miso,1.0,11.82,13.0,0.0,lightspeed,true
2026-07-31,hg,hg,hg,b,Kuku Sauv Blanc - Regular,1.0,11.82,13.0,2.6,recipe,true
2026-07-31,hg,hg,hg,b,Crouching Tiger,1.0,11.46,12.6,4.2673,recipe,true
2026-07-31,hg,hg,hg,b,Yuzu Chu-hi,1.0,10.91,12.0,1.4537,recipe,true
2026-07-31,hg,hg,hg,b,Bintang,1.0,10.0,11.0,2.34,recipe,true
2026-07-31,hg,hg,hg,f,Fried Egg,3.0,10.0,11.0,0.0,lightspeed,true
2026-07-31,hg,hg,stow,f,Fried Rice,1.0,8.36,9.2,2.8242,recipe,true
2026-07-31,hg,hg,hg,f,GFO [GF Ramen Noodles],3.0,8.19,9.0,0.0,lightspeed,true
2026-07-31,hg,hg,hg,b,Lemonade Glass,2.0,8.18,9.0,1.6064,recipe,true
2026-07-31,hg,hg,hg,b,Pink Lemonade Glass,2.0,8.18,9.0,1.8966,recipe,true
2026-07-31,hg,hg,hg,f,Chilli Bomb,4.0,7.28,8.0,0.0,lightspeed,true
2026-07-31,hg,hg,hg,f,Kids Dumplings - Beef,1.0,6.54,7.2,0.0,lightspeed,true
2026-07-31,hg,hg,hg,f,Black Garlic Oil,3.0,5.46,6.0,0.0,lightspeed,true
2026-07-31,hg,hg,hg,f,Jasmine Rice,1.0,4.55,5.0,0.0,lightspeed,true
2026-07-31,hg,hg,hg,b,Lemon Lime Bitters,1.0,4.09,4.5,1.0269,recipe,true
2026-07-31,hg,hg,hg,b,Pepsi Max Glass,1.0,4.09,4.5,1.31,recipe,true
2026-07-31,hg,hg,hg,b,Apple Juice Glass,1.0,3.64,4.0,0.6594,recipe,true
2026-07-31,hg,hg,hg,f,Extra Tofu.,1.0,3.64,4.0,0.0,lightspeed,true
2026-07-31,hg,hg,hg,f,Bamboo Shoots,1.0,1.82,2.0,0.0,lightspeed,true
2026-07-31,hg,hg,hg,b,Corn,1.0,0.91,1.0,0.0,lightspeed,true
2026-07-31,hg,hg,hg,b,2 Glasses,5.0,0.0,0.0,0.0,lightspeed,true
2026-07-31,hg,hg,hg,b,No Garnish,3.0,0.0,0.0,0.0,lightspeed,true
2026-07-31,hg,hg,hg,b,No Glasses Needed,1.0,0.0,0.0,0.0,lightspeed,true
2026-07-31,hg,hg,hg,f,Swap for Chicken,1.0,0.0,0.0,0.0,lightspeed,true
2026-07-31,hg,hg,hg,f,Swap for Tofu,3.0,0.0,0.0,0.0,lightspeed,true
2026-07-31,hg,hg,hg,f,Swap for Tofu [Make it Vegan],1.0,0.0,0.0,0.0,lightspeed,true
2026-07-31,hg,hg,hg,b,Tonic,3.0,0.0,0.0,2.41,lightspeed,true
2026-07-31,mari,mari,mari,f,Large Super House Special,10.0,267.24,294.0,76.177,recipe,true
2026-07-31,mari,mari,mari,f,Large Meatlovers,10.0,237.24,261.0,67.4,recipe,true
2026-07-31,mari,mari,mari,f,Regular Margherita,21.0,150.91,166.0,42.6951,recipe,true
2026-07-31,mari,mari,mari,f,"Regular No Chorizo, No Cry [Dine-in]",6.0,146.51,161.15,15.849,recipe,true
2026-07-31,mari,mari,mari,f,Large Bubba Gump,7.0,142.74,157.0,38.5042,recipe,true
2026-07-31,mari,mari,mari,f,$45 FEAST,3.0,122.73,135.0,42.2142,recipe,true
2026-07-31,mari,mari,mari,f,Feast Deal Pizzas,3.0,122.73,135.0,42.2142,recipe,true
2026-07-31,mari,mari,mari,f,Large Pepperoni,7.0,122.04,134.26,30.527,recipe,true
2026-07-31,mari,mari,mari,f,Regular Little Italy [Dine-in],5.0,121.29,133.4,20.8275,recipe,true
2026-07-31,mari,mari,mari,f,Regular Meatlovers,5.0,103.65,114.0,21.696,recipe,true
2026-07-31,mari,mari,mari,f,Large Little Italy,6.0,101.83,112.0,44.3424,recipe,true
2026-07-31,mari,mari,mari,f,Large Hawaiian,6.0,98.17,108.0,19.8942,recipe,true
2026-07-31,mari,mari,mari,f,Regular New Yorker [Dine-in],4.0,88.71,97.57,10.5596,recipe,true
2026-07-31,mari,mari,mari,f,Regular Uber Margherita [Dine-in],4.0,85.71,94.26,10.848,recipe,true
2026-07-31,mari,mari,mari,f,$90 PIZZA PARTY,1.0,81.82,90.0,35.5228,recipe,true
2026-07-31,mari,mari,mari,f,Large Hail Africa,3.0,77.28,85.0,18.8436,recipe,true
2026-07-31,mari,mari,mari,f,Regular Margherita [Dine-in],4.0,76.54,84.0,5.762,recipe,true
2026-07-31,mari,mari,mari,f,Regular Little Italy,4.0,75.92,83.5,19.0324,recipe,true
2026-07-31,mari,mari,mari,f,Regular Hawaiian,5.0,75.46,83.0,16.36,recipe,true
2026-07-31,mari,mari,mari,f,Regular Uber Margherita,4.0,71.82,79.0,13.2184,recipe,true
2026-07-31,mari,mari,mari,f,Garlic Bread,18.0,61.93,68.06,26.7786,recipe,true
2026-07-31,mari,mari,mari,f,Regular Pepperoni [Dine-in],3.0,57.89,63.69,6.3201,recipe,true
2026-07-31,mari,mari,mari,f,Regular Super House Special,3.0,57.28,63.0,13.8561,recipe,true
2026-07-31,mari,mari,mari,f,Regular Sorrento,3.0,54.54,60.0,12.0222,recipe,true
2026-07-31,mari,mari,mari,f,Large Roma Special,2.0,50.0,55.0,11.2042,recipe,true
2026-07-31,mari,mari,mari,f,"Large No Chorizo, No Cry",4.0,49.1,54.0,21.8676,recipe,true
2026-07-31,mari,mari,mari,f,Large Sanchez,3.0,49.1,54.0,17.5122,recipe,true
2026-07-31,mari,mari,mari,f,Large Sorrento,2.0,49.1,54.0,11.715,recipe,true
2026-07-31,mari,mari,mari,f,Under the Bridge Pizza,2.0,48.84,53.73,7.8714,recipe,true
2026-07-31,mari,mari,mari,f,Regular Truffalo Soldier [Dine-in],2.0,48.83,53.71,6.136,recipe,true
2026-07-31,mari,mari,mari,f,Regular Sanchez [Dine-in],2.0,48.06,52.85,7.8904,recipe,true
2026-07-31,mari,mari,mari,f,Regular Paddock,2.0,45.46,50.0,8.1676,recipe,true
2026-07-31,mari,mari,mari,f,Gluten-free Pepperoni,2.0,43.63,48.0,14.9538,recipe,true
2026-07-31,mari,mari,mari,f,Regular Vegetarian [Dine-in],2.0,41.82,46.0,4.6184,recipe,true
2026-07-31,mari,mari,mari,f,Regular Jimmy Jury,2.0,39.55,43.5,8.428,recipe,true
2026-07-31,mari,mari,mari,f,Regular Bubba Gump,2.0,36.36,40.0,7.2762,recipe,true
2026-07-31,mari,mari,mari,f,Online Surcharge,23.0,28.61,28.61,0.0,lightspeed,true
2026-07-31,mari,mari,mari,f,Large El Patron,1.0,28.18,31.0,5.812,recipe,true
2026-07-31,mari,mari,mari,f,Large Paddock,1.0,28.18,31.0,5.1033,recipe,true
2026-07-31,mari,mari,mari,f,Regular Pepperoni,2.0,27.28,30.0,5.3984,recipe,true
2026-07-31,mari,mari,mari,f,Large Jimmy Jury Wings Deal,1.0,27.27,30.0,9.3411,recipe,true
2026-07-31,mari,mari,mari,f,WINGS DEAL,1.0,27.27,30.0,9.9445,recipe,true
2026-07-31,mari,mari,mari,f,Gluten-free Hawaiian,1.0,25.45,28.0,6.6926,recipe,true
2026-07-31,mari,mari,mari,f,Large New Yorker,1.0,24.55,27.0,4.9731,recipe,true
2026-07-31,mari,mari,mari,f,Regular Jimmy Jury [Dine-in],1.0,24.55,27.0,3.6214,recipe,true
2026-07-31,mari,mari,mari,f,Regular Bubba Gump [Dine-in],1.0,23.64,26.0,3.0455,recipe,true
2026-07-31,mari,mari,mari,f,Regular El Patron [Dine-in],1.0,23.64,26.0,3.7287,recipe,true
2026-07-31,mari,mari,mari,f,Regular Cosmopolitan [Dine-in],1.0,23.62,26.0,3.8736,recipe,true
2026-07-31,mari,mari,mari,f,Gluten-free Sorrento,1.0,22.73,25.0,8.5484,recipe,true
2026-07-31,mari,mari,mari,f,Large Cosmopolitan,1.0,22.73,25.0,7.041,recipe,true
2026-07-31,mari,mari,mari,f,Large Uber Margherita,1.0,22.73,25.0,4.384,recipe,true
2026-07-31,mari,mari,mari,f,Regular Sanchez,1.0,22.73,25.0,4.5378,recipe,true
2026-07-31,mari,mari,mari,f,Gluten-free Uber Margherita,1.0,21.82,24.0,7.4934,recipe,true
2026-07-31,mari,mari,mari,f,Regular Hawaiian [Dine-in],1.0,19.72,21.69,2.6794,recipe,true
2026-07-31,mari,mari,mari,f,Large Vegetarian,2.0,18.18,20.0,8.4872,recipe,true
2026-07-31,mari,mari,mari,f,Regular BBQ Chicken Pizza,1.0,17.73,19.5,3.0876,recipe,true
2026-07-31,mari,mari,mari,f,Regular New Yorker,1.0,17.73,19.5,3.2325,recipe,true
2026-07-31,mari,mari,mari,f,"Regular No Chorizo, No Cry",1.0,17.73,19.5,3.234,recipe,true
2026-07-31,mari,mari,mari,f,Regular Tandoori Chicken,1.0,17.73,19.5,2.0367,recipe,true
2026-07-31,mari,mari,mari,f,Coke Zero 1.25L,3.0,17.26,19.0,9.27,recipe,true
2026-07-31,mari,mari,mari,f,Regular Roma Special,1.0,16.82,18.5,3.5344,recipe,true
2026-07-31,mari,mari,mari,f,Coke Zero Can,3.0,10.92,12.0,5.67,recipe,true
2026-07-31,mari,mari,mari,f,Cheesy Garlic Bread,3.0,10.9,12.0,5.4081,recipe,true
2026-07-31,mari,mari,mari,f,Add Prawns,3.0,7.4,8.13,0.0,lightspeed,true
2026-07-31,mari,mari,mari,f,Sprite Can,2.0,7.28,8.0,4.8846,recipe,true
2026-07-31,mari,mari,mari,f,Grifter Pale Ale Cans D,1.0,6.36,7.0,2.74,recipe,true
2026-07-31,mari,mari,mari,f,Add Bocconcini,2.0,5.46,6.0,0.0,lightspeed,true
2026-07-31,mari,mari,mari,f,Coke 1.25L,1.0,5.45,6.0,3.69,recipe,true
2026-07-31,mari,mari,mari,f,Gluten-free Margherita,1.0,5.45,6.0,5.9848,recipe,true
2026-07-31,mari,mari,mari,f,Large Margherita,3.0,5.45,6.0,6.9816,recipe,true
2026-07-31,mari,mari,mari,f,VB Can D,1.0,5.45,6.0,2.34,recipe,true
2026-07-31,mari,mari,mari,f,Add Chilli,5.0,4.55,5.0,0.0,lightspeed,true
2026-07-31,mari,mari,mari,f,Delivery Fee - Freshwater / Queenscliff,1.0,4.55,5.0,0.0,lightspeed,true
2026-07-31,mari,mari,mari,f,Add Chorizo,1.0,4.09,4.5,0.0,lightspeed,true
2026-07-31,mari,mari,mari,f,Add Mushrooms,3.0,4.08,4.5,0.0,lightspeed,true
2026-07-31,mari,mari,mari,f,Add Chicken,1.0,3.76,4.13,0.0,lightspeed,true
2026-07-31,mari,mari,mari,f,Coke Can,1.0,3.64,4.0,1.89,recipe,true
2026-07-31,mari,mari,mari,f,Add Ham,1.0,2.73,3.0,0.0,lightspeed,true
2026-07-31,mari,mari,mari,f,Add Olives,2.0,2.72,3.0,0.0,lightspeed,true
2026-07-31,mari,mari,mari,f,Add Calabrese,1.0,2.59,2.85,0.0,lightspeed,true
2026-07-31,mari,mari,mari,f,Add Anchovies,1.0,1.82,2.0,0.0,lightspeed,true
2026-07-31,mari,mari,mari,f,Add Capsicum,1.0,1.36,1.5,0.0,lightspeed,true
2026-07-31,mari,mari,mari,f,Add Pineapple,2.0,0.97,1.07,0.0,lightspeed,true
2026-07-31,mari,mari,mari,f,.1.25L Coke,2.0,0.0,0.0,7.38,recipe,true
2026-07-31,mari,mari,mari,f,.1.25L Coke Zero,1.0,0.0,0.0,3.98,lightspeed,true
2026-07-31,mari,mari,mari,f,.1.25L Sunkist,1.0,0.0,0.0,3.77,recipe,true
2026-07-31,mari,mari,mari,f,.Garlic Bread,4.0,0.0,0.0,5.9508,recipe,true
2026-07-31,mari,mari,mari,f,BBQ Chicken.,2.0,0.0,0.0,0.0,lightspeed,true
2026-07-31,mari,mari,mari,f,BBQ Wings [Wings Deal],1.0,0.0,0.0,0.0,lightspeed,true
2026-07-31,mari,mari,mari,f,Banquet Deal Pizzas,4.0,0.0,0.0,84.5124,recipe,true
2026-07-31,mari,mari,mari,f,Choc  Brownie,3.0,0.0,0.0,5.8503,recipe,true
2026-07-31,mari,mari,mari,f,Garlic  Bread,3.0,0.0,0.0,4.4631,recipe,true
2026-07-31,mari,mari,mari,f,Garlic  Bread.,1.0,0.0,0.0,1.4877,recipe,true
2026-07-31,mari,mari,mari,f,Gluten-free Base,2.0,0.0,0.0,8.2,recipe,true
2026-07-31,mari,mari,mari,f,Large BBQ Chicken Pizza,3.0,0.0,0.0,12.333,recipe,true
2026-07-31,mari,mari,mari,f,Less Cheese,1.0,0.0,0.0,0.0,lightspeed,true
2026-07-31,mari,mari,mari,f,Solo 1.25L,2.0,0.0,0.0,4.06,recipe,true
2026-07-31,mari,mari,mari,f,Vegan Cheese [Pizza],1.0,0.0,0.0,0.0,lightspeed,true
2026-07-31,mari,mari,mari,f,Online Discount,19.0,-170.0,-170.0,0.0,lightspeed,true
2026-07-31,stow,stow,stow,b,$60 Soiree,40.0,2181.82,2400.0,0.0,lightspeed,true
2026-07-31,stow,stow,stow,b,Classic Margarita,47.0,743.06,817.36,196.1028,recipe,true
2026-07-31,stow,stow,stow,b,Mulled Wine,49.0,675.06,742.39,102.2238,recipe,true
2026-07-31,stow,stow,stow,b,Guinness Draught - Pint,50.0,544.64,599.07,240.255,recipe,true
2026-07-31,stow,stow,stow,b,Kirin - Pint,24.0,388.51,427.33,122.2176,recipe,true
2026-07-31,stow,stow,stow,b,Stone & Wood - Pint,24.0,294.06,323.56,106.1016,recipe,true
2026-07-31,stow,stow,stow,b,Version Two Pinot Grigio - Regular,40.4,286.33,315.02,71.3747,recipe,true
2026-07-31,stow,stow,stow,f,Arancini Balls [5pc],12.0,244.15,268.61,0.0,lightspeed,true
2026-07-31,stow,stow,stow,b,Lychee Martini,15.0,240.13,264.15,58.617,recipe,true
2026-07-31,stow,stow,stow,b,Hendrick's Gin,18.0,234.16,257.51,50.7222,recipe,true
2026-07-31,stow,stow,stow,b,Grifter Pale - Pint,21.0,233.76,257.09,69.9174,recipe,true
2026-07-31,stow,stow,stow,b,Casa Gheller Prosecco - Glass,26.0,232.8,256.0,87.048,recipe,true
2026-07-31,stow,stow,stow,b,Stone & Wood - Schooner,19.0,226.51,249.13,62.6297,recipe,true
2026-07-31,stow,stow,stow,b,Negroni,11.0,222.61,244.88,45.089,recipe,true
2026-07-31,stow,stow,stow,f,Open Food,1.0,200.0,220.0,0.0,lightspeed,true
2026-07-31,stow,stow,stow,b,White Light Pure Vodka [House],41.0,197.35,217.08,62.3528,recipe,true
2026-07-31,stow,stow,stow,b,Jalapeño Marg,12.0,195.05,214.51,46.1496,recipe,true
2026-07-31,stow,stow,stow,b,Fresh is Best Lager - Schooner,29.0,193.49,212.87,52.3682,recipe,true
2026-07-31,stow,stow,stow,f,Rosemary Salted Fries,15.0,179.04,196.89,27.9,recipe,true
2026-07-31,stow,stow,stow,b,Fresh is Best Summer Lager - Schooner,26.0,173.84,191.25,40.8746,recipe,true
2026-07-31,stow,stow,stow,b,Ottelia Chardonnay - Regular,21.0,147.39,162.09,72.6474,recipe,true
2026-07-31,stow,stow,stow,b,Fresh is Best Lager - Pint,19.0,146.52,161.23,46.0161,recipe,true
2026-07-31,stow,stow,stow,b,Beetle Juice,7.0,141.32,155.45,25.949,recipe,true
2026-07-31,stow,stow,stow,b,Scorched As,7.0,136.51,150.16,30.4311,recipe,true
2026-07-31,stow,stow,stow,b,Aperol Spritz,9.0,132.11,145.31,32.004,recipe,true
2026-07-31,stow,stow,stow,b,Year Wines Fiano - Bottle,2.0,129.1,142.0,42.74,lightspeed,true
2026-07-31,stow,stow,stow,b,Fresh is Best Summer Lager - Pint,11.0,120.36,132.39,23.1924,recipe,true
2026-07-31,stow,stow,stow,b,Buffalo Trace Bourbon [House],15.0,120.0,132.0,34.7595,recipe,true
2026-07-31,stow,stow,stow,b,Casa Gheller Prosecco - Bottle,2.0,118.26,130.09,33.46,lightspeed,true
2026-07-31,stow,stow,stow,b,Version Two Sparkling - Regular,19.5,115.65,127.23,34.4506,recipe,true
2026-07-31,stow,stow,stow,b,Geppetto Pinot Noir - Regular,8.0,110.92,121.97,28.096,recipe,true
2026-07-31,stow,stow,stow,f,Sensei Calamari,6.0,107.54,118.28,13.5768,recipe,true
2026-07-31,stow,stow,stow,f,American Standard Burger,4.0,101.02,111.15,23.3612,recipe,true
2026-07-31,stow,stow,stow,f,Stow Schnitty,4.0,99.42,109.38,21.992,recipe,true
2026-07-31,stow,stow,stow,f,Sweet Potato Fries,8.0,96.51,106.13,20.2408,recipe,true
2026-07-31,stow,stow,stow,b,Crankshaft IPA - Pint,6.0,95.46,105.0,25.8144,recipe,true
2026-07-31,stow,stow,stow,f,Baked Camembert,4.0,92.04,101.23,0.0,lightspeed,true
2026-07-31,stow,stow,stow,b,Version Two Pinot Grigio - Bottle,2.0,89.1,98.0,17.67,lightspeed,true
2026-07-31,stow,stow,stow,b,Grifter Pale - Schooner,11.0,86.32,95.0,27.3064,recipe,true
2026-07-31,stow,stow,stow,b,Philter XPA - Schooner,18.0,84.06,92.49,40.293,recipe,true
2026-07-31,stow,stow,stow,f,Buffalo Wings,5.0,81.64,89.78,14.882,recipe,true
2026-07-31,stow,stow,stow,b,Davy's Old Fashioned,4.0,81.45,89.57,19.8438,recipe,true
2026-07-31,stow,stow,stow,f,Fancy Pants Parmy - Classic,3.0,80.8,88.9,22.7958,recipe,true
2026-07-31,stow,stow,stow,f,Bang Bang Cauli,5.0,78.78,86.67,13.8295,recipe,true
2026-07-31,stow,stow,stow,f,Chicken Burrito,3.0,77.04,84.75,24.843,recipe,true
2026-07-31,stow,stow,stow,b,Kuku Sauvignon Blanc - Regular,6.0,76.79,84.46,17.4846,recipe,true
2026-07-31,stow,stow,stow,f,Fish Tacos,4.0,74.51,81.98,7.394,recipe,true
2026-07-31,stow,stow,stow,b,Crankshaft IPA - Schooner,6.0,73.63,81.0,19.2474,recipe,true
2026-07-31,stow,stow,stow,b,Villa Fresco Sangiovese - Regular,11.7,73.63,81.02,28.2239,recipe,true
2026-07-31,stow,stow,stow,b,Lemon Meringue Martini,4.0,73.46,80.78,14.7256,recipe,true
2026-07-31,stow,stow,stow,b,Four Pillars Rare Dry Martini,3.0,73.23,80.55,13.566,recipe,true
2026-07-31,stow,stow,stow,b,Status Quo - Pint,5.0,73.2,80.5,20.7935,recipe,true
2026-07-31,stow,stow,stow,b,Old Fashioned,3.0,60.65,66.72,14.5749,recipe,true
2026-07-31,stow,stow,stow,b,Philter XPA - Pint,7.0,60.0,66.0,21.0154,recipe,true
2026-07-31,stow,stow,stow,b,Four Pillars Bloody Shiraz Gin Tonica,3.0,59.15,65.07,16.6788,recipe,true
2026-07-31,stow,stow,stow,f,Buffalo Wings D,4.0,59.1,65.0,11.9056,recipe,true
2026-07-31,stow,stow,stow,b,Petits Detours Rosé - Regular,14.0,58.68,64.52,48.552,recipe,true
2026-07-31,stow,stow,stow,b,Ottelia Chardonnay - Bottle,1.0,55.45,61.0,17.3,lightspeed,true
2026-07-31,stow,stow,stow,b,Flower Child,4.0,55.03,60.53,14.0668,recipe,true
2026-07-31,stow,stow,stow,b,Hugo Spritz,3.0,53.21,58.53,12.288,recipe,true
2026-07-31,stow,stow,stow,b,BBQ Ribs,2.0,52.61,57.88,0.0,lightspeed,true
2026-07-31,stow,stow,stow,b,Trentham Estate Rosé - Regular,6.0,52.23,57.46,12.66,recipe,true
2026-07-31,stow,stow,stow,b,Coconut Margarita,3.0,50.97,56.06,12.7347,recipe,true
2026-07-31,stow,stow,stow,b,Ottelia Cab Sav - Large,2.0,50.71,55.77,15.36,recipe,true
2026-07-31,stow,stow,stow,b,Guinness Draught - Schooner,4.0,50.28,55.32,14.3308,recipe,true
2026-07-31,stow,stow,stow,b,Bombay Dry [House],6.0,49.08,54.0,12.9864,recipe,true
2026-07-31,stow,stow,stow,b,Ottelia Cab Sav - Regular,3.0,46.85,51.56,13.824,recipe,true
2026-07-31,stow,stow,stow,b,Villa Fresco Sangiovese - Bottle,1.0,46.01,50.61,12.06,lightspeed,true
2026-07-31,stow,stow,stow,f,Chicken Schnitty D,2.0,45.45,50.0,0.0,lightspeed,true
2026-07-31,stow,stow,stow,b,Geppetto Pinot Noir - Large Glass,2.0,45.07,49.57,11.7066,recipe,true
2026-07-31,stow,stow,stow,b,Version Two Sparkling - Bottle,2.0,44.55,49.0,17.67,lightspeed,true
2026-07-31,stow,stow,stow,f,Chicken Burger D,2.0,43.64,48.0,0.0,lightspeed,true
2026-07-31,stow,stow,stow,b,Tommy's Margarita,2.0,42.51,46.76,10.1144,recipe,true
2026-07-31,stow,stow,stow,b,Mother's Milk Shiraz - Regular,3.0,40.92,45.0,9.6489,recipe,true
2026-07-31,stow,stow,stow,b,Kirin - Schooner,3.1,39.46,43.4,11.7704,recipe,true
2026-07-31,stow,stow,stow,b,Dark & Stormy,2.0,37.56,41.31,8.0236,recipe,true
2026-07-31,stow,stow,stow,b,Espresso Martini,2.0,36.96,40.66,6.57,recipe,true
2026-07-31,stow,stow,stow,f,Cauliflower Tacos,2.0,36.95,40.65,0.0,lightspeed,true
2026-07-31,stow,stow,stow,b,Archie Rose Signature Gin,3.0,35.46,39.0,8.49,recipe,true
2026-07-31,stow,stow,hg,f,Nuggets & Chips [HG],3.0,35.46,39.0,0.0,lightspeed,true
2026-07-31,stow,stow,stow,b,Jack Daniels,3.0,33.09,36.39,6.7899,recipe,true
2026-07-31,stow,stow,stow,b,Vinada Sparkling Rose,3.0,33.09,36.4,9.1497,recipe,true
2026-07-31,stow,stow,stow,b,Jameson Irish Whiskey,3.0,32.73,36.0,6.7641,recipe,true
2026-07-31,stow,stow,stow,b,A. Rodda Tempranillo - Regular,6.0,32.72,36.0,33.4194,recipe,true
2026-07-31,stow,stow,stow,f,BBQ Wings,2.0,31.73,34.91,6.28,recipe,true
2026-07-31,stow,stow,stow,f,Amalfi Olives,3.0,31.7,34.88,0.0,lightspeed,true
2026-07-31,stow,stow,stow,f,BBQ Wings D,3.0,29.1,32.0,9.42,recipe,true
2026-07-31,stow,stow,stow,f,Eggplant Parmy,1.0,27.22,29.95,0.0,lightspeed,true
2026-07-31,stow,stow,stow,f,Rocket Man D,2.0,26.37,29.0,6.3944,recipe,true
2026-07-31,stow,stow,stow,b,Monkey Shoulder Scotch [House],3.0,26.36,29.0,7.3401,recipe,true
2026-07-31,stow,stow,stow,b,Trutta Streamside Shiraz [Chilled] - Regular,2.0,26.18,28.8,7.936,recipe,true
2026-07-31,stow,stow,stow,b,Bombay Sapphire,2.0,25.46,28.0,4.7118,recipe,true
2026-07-31,stow,stow,stow,b,Kraken Rum,2.0,25.46,28.0,4.8162,recipe,true
2026-07-31,stow,stow,stow,f,Kids Nuggets D,2.0,24.55,27.0,4.4854,recipe,true
2026-07-31,stow,stow,stow,b,Status Quo - Schooner,2.0,24.54,27.0,6.2016,recipe,true
2026-07-31,stow,stow,stow,f,Kids Nuggets & Chips,2.0,24.42,26.86,4.4854,recipe,true
2026-07-31,stow,stow,stow,b,Macallan Sherry Oak 12yr,1.0,24.41,26.85,5.886,recipe,true
2026-07-31,stow,stow,stow,b,Grifter Omen Stout Tin,2.0,23.64,26.0,6.38,recipe,true
2026-07-31,stow,stow,stow,b,Jala Marg Duo [2 serves],1.0,23.64,26.0,0.0,lightspeed,true
2026-07-31,stow,stow,stow,f,Farmhouse Salad,1.0,23.38,25.72,0.0,lightspeed,true
2026-07-31,stow,stow,stow,f,Southern Squid,1.0,23.18,25.5,2.28,recipe,true
2026-07-31,stow,stow,stow,f,Chicken Parmy D,1.0,22.73,25.0,0.0,lightspeed,true
2026-07-31,stow,stow,stow,f,Beef Burger D,1.0,21.82,24.0,5.8403,recipe,true
2026-07-31,stow,stow,stow,b,Fireball,12.0,21.82,24.0,23.0196,recipe,true
2026-07-31,stow,stow,stow,b,Bunnahabhain 12yr,1.0,20.66,22.72,4.8591,recipe,true
2026-07-31,stow,stow,stow,b,Gin Martini,1.0,20.66,22.72,4.0012,recipe,true
2026-07-31,stow,stow,stow,b,Gosling's Black Dark & Stormy,1.0,20.65,22.72,5.2853,recipe,true
2026-07-31,stow,stow,stow,b,Manhattan - Perfect,1.0,20.65,22.72,4.5468,recipe,true
2026-07-31,stow,stow,stow,b,Heaps Normal Tin,2.0,20.0,22.0,5.3392,recipe,true
2026-07-31,stow,stow,stow,b,Pornstar Martini,1.0,20.0,22.0,3.3949,recipe,true
2026-07-31,stow,stow,stow,b,Hahn Super Dry GF,2.0,19.41,21.34,5.25,recipe,true
2026-07-31,stow,stow,stow,b,Asahi 3.5%,2.0,19.1,21.0,4.36,recipe,true
2026-07-31,stow,stow,stow,b,Philter Pale - Schooner,3.0,19.1,21.0,0.0,lightspeed,true
2026-07-31,stow,stow,stow,b,$21 Custom Cocktail,2.0,19.09,21.0,0.0,lightspeed,true
2026-07-31,stow,stow,stow,b,Daiquiri,1.0,19.09,21.0,4.9868,recipe,true
2026-07-31,stow,stow,stow,b,Southside,1.0,19.09,21.0,4.3287,recipe,true
2026-07-31,stow,stow,stow,b,Ravensworth Skins Gris - Regular,1.0,17.27,19.0,4.04,recipe,true
2026-07-31,stow,stow,stow,f,Rocket Man,1.0,16.9,18.59,3.1972,recipe,true
2026-07-31,stow,stow,stow,b,Padrillos Malbec - Regular,1.0,16.89,18.59,3.8666,recipe,true
2026-07-31,stow,stow,stow,f,Fish Tacos D,1.0,16.36,18.0,1.8485,recipe,true
2026-07-31,stow,stow,stow,f,Lepinja Bread,2.0,16.36,18.0,0.0,lightspeed,true
2026-07-31,stow,stow,stow,b,Pepsi Glass,4.0,16.36,18.0,5.24,recipe,true
2026-07-31,stow,stow,stow,f,Extra Arancini Ball,4.0,14.92,16.39,0.0,lightspeed,true
2026-07-31,stow,stow,stow,b,Das Juice Pink Pet Nat - Regular,1.0,14.55,16.0,3.3,recipe,true
2026-07-31,stow,stow,stow,f,Sweet Potato Fries D,1.0,12.73,14.0,2.5301,recipe,true
2026-07-31,stow,stow,stow,b,Pepsi Max Glass,3.0,12.54,13.8,3.93,recipe,true
2026-07-31,stow,stow,stow,b,Lemonade Glass,5.0,12.41,13.65,4.016,recipe,true
2026-07-31,stow,stow,stow,f,Kids Ham & Cheese Pizza,1.0,12.2,13.42,0.0,lightspeed,true
2026-07-31,stow,stow,stow,f,Kids Margherita Pizza,1.0,12.2,13.42,0.0,lightspeed,true
2026-07-31,stow,stow,stow,b,Seadrift Coast Non-alc G&T,1.0,11.82,13.0,2.6518,recipe,true
2026-07-31,stow,stow,stow,f,Onion Rings D,1.0,11.73,12.9,0.0,lightspeed,true
2026-07-31,stow,stow,stow,b,Poor Tom's Strawberry Gin Tonica,0.6,11.45,12.6,2.667,recipe,true
2026-07-31,stow,stow,stow,b,Little Dragon Can,1.0,11.36,12.5,3.4861,recipe,true
2026-07-31,stow,stow,stow,f,Onion Rings,1.0,11.29,12.41,0.0,lightspeed,true
2026-07-31,stow,stow,stow,b,Disaronno,1.0,10.91,12.0,1.8574,recipe,true
2026-07-31,stow,stow,stow,f,Fries D,1.0,10.91,12.0,0.0,lightspeed,true
2026-07-31,stow,stow,stow,b,Rooster Rojo Blanco Tequila [House],1.0,10.0,11.0,1.9641,recipe,true
2026-07-31,stow,stow,stow,b,Peroni,1.0,9.87,10.85,2.5217,recipe,true
2026-07-31,stow,stow,stow,b,Corona,1.0,9.86,10.84,2.5713,recipe,true
2026-07-31,stow,stow,stow,f,Add Fried Cauliflower,2.0,8.34,9.16,0.0,lightspeed,true
2026-07-31,stow,stow,stow,b,Peroni 0%,2.0,8.18,9.0,3.6926,recipe,true
2026-07-31,stow,stow,stow,b,Fresh Lime Soda,4.0,6.36,7.0,0.0,lightspeed,true
2026-07-31,stow,stow,stow,f,Side Aioli,13.0,5.9,6.6,0.0,lightspeed,true
2026-07-31,stow,stow,stow,b,Apple Juice Glass,1.0,4.7,5.16,0.6594,recipe,true
2026-07-31,stow,stow,stow,f,Add Grilled Chicken,1.0,4.55,5.0,0.0,lightspeed,true
2026-07-31,stow,stow,stow,b,"Lemon, Lime & Bitters",2.0,4.55,5.0,2.0538,recipe,true
2026-07-31,stow,stow,stow,f,GF Flatbread,1.0,3.64,4.0,0.0,lightspeed,true
2026-07-31,stow,stow,stow,f,Roasted Tomato Coulis,1.0,2.82,3.1,0.0,lightspeed,true
2026-07-31,stow,stow,stow,f,Side Chipotle Mayo,3.0,2.82,3.09,0.0,lightspeed,true
2026-07-31,stow,stow,stow,f,Side Blue Cheese Dip,3.0,2.79,3.06,0.0,lightspeed,true
2026-07-31,stow,stow,stow,f,Hot Honey,1.0,2.73,3.0,0.0,lightspeed,true
2026-07-31,stow,stow,stow,f,Make it Gluten-free [gf/vg bun w sweet pot. fries],1.0,1.88,2.07,0.0,lightspeed,true
2026-07-31,stow,stow,stow,f,Side Gravy,1.0,1.36,1.5,0.3008,recipe,true
2026-07-31,stow,stow,stow,f,2x Aioli,1.0,0.94,1.03,0.0,lightspeed,true
2026-07-31,stow,stow,stow,f,Jalapeños on Side,1.0,0.94,1.03,0.0,lightspeed,true
2026-07-31,stow,stow,stow,f,Side Spicy Salsa,1.0,0.94,1.03,0.0,lightspeed,true
2026-07-31,stow,stow,stow,b,Fever-Tree Light Tonic [mixer],1.0,0.91,1.0,0.0,lightspeed,true
2026-07-31,stow,stow,stow,b,2 Glasses,1.0,0.0,0.0,0.0,lightspeed,true
2026-07-31,stow,stow,stow,b,4 Glasses,1.0,0.0,0.0,0.0,lightspeed,true
2026-07-31,stow,stow,stow,f,Brownie D,4.0,0.0,0.0,7.8004,recipe,true
2026-07-31,stow,stow,stow,b,Bundaberg Ginger Beer,2.0,0.0,0.0,1.9844,recipe,true
2026-07-31,stow,stow,stow,b,Cranberry Juice [mixer],1.0,0.0,0.0,0.69,recipe,true
2026-07-31,stow,stow,stow,b,Cucumber,2.0,0.0,0.0,0.0,lightspeed,true
2026-07-31,stow,stow,stow,b,Dirty,2.0,0.0,0.0,0.0,lightspeed,true
2026-07-31,stow,stow,stow,b,Dressing on the Side,1.0,0.0,0.0,0.0,lightspeed,true
2026-07-31,stow,stow,stow,b,Dry,1.0,0.0,0.0,0.0,lightspeed,true
2026-07-31,stow,stow,stow,b,Extra Olives,2.0,0.0,0.0,0.0,lightspeed,true
2026-07-31,stow,stow,stow,b,Fill w Ice,1.0,0.0,0.0,0.0,lightspeed,true
2026-07-31,stow,stow,stow,b,Filthy,2.0,0.0,0.0,0.0,lightspeed,true
2026-07-31,stow,stow,stow,b,Gluten-free [Corn Tortillas],1.0,0.0,0.0,0.0,lightspeed,true
2026-07-31,stow,stow,stow,b,Island Time,1.0,0.0,0.0,4.208,recipe,true
2026-07-31,stow,stow,stow,b,Lemon Twist,3.0,0.0,0.0,0.0,lightspeed,true
2026-07-31,stow,stow,stow,b,Lime,15.0,0.0,0.0,0.0,lightspeed,true
2026-07-31,stow,stow,stow,b,Little Italy.,1.0,0.0,0.0,0.0,lightspeed,true
2026-07-31,stow,stow,stow,b,Make It A Burrito Bowl [gluten-free],1.0,0.0,0.0,0.0,lightspeed,true
2026-07-31,stow,stow,stow,b,Make it Vegan [use vegan cheese],1.0,0.0,0.0,0.0,lightspeed,true
2026-07-31,stow,stow,stow,b,Meatlovers.,1.0,0.0,0.0,0.0,lightspeed,true
2026-07-31,stow,stow,stow,b,Neat,2.0,0.0,0.0,0.0,lightspeed,true
2026-07-31,stow,stow,stow,b,No Bacon,1.0,0.0,0.0,0.0,lightspeed,true
2026-07-31,stow,stow,stow,b,No Basil,1.0,0.0,0.0,0.0,lightspeed,true
2026-07-31,stow,stow,stow,b,No Capsicum,1.0,0.0,0.0,0.0,lightspeed,true
2026-07-31,stow,stow,stow,b,No Cherry Tomatoes,1.0,0.0,0.0,0.0,lightspeed,true
2026-07-31,stow,stow,stow,b,No Chilli,2.0,0.0,0.0,0.0,lightspeed,true
2026-07-31,stow,stow,stow,b,No Garlic,1.0,0.0,0.0,0.0,lightspeed,true
2026-07-31,stow,stow,stow,b,No Garnish,2.0,0.0,0.0,0.0,lightspeed,true
2026-07-31,stow,stow,stow,b,No Olives,1.0,0.0,0.0,0.0,lightspeed,true
2026-07-31,stow,stow,stow,b,No Onion,2.0,0.0,0.0,0.0,lightspeed,true
2026-07-31,stow,stow,stow,b,No Pineapple,1.0,0.0,0.0,0.0,lightspeed,true
2026-07-31,stow,stow,stow,b,No Salt,3.0,0.0,0.0,0.0,lightspeed,true
2026-07-31,stow,stow,stow,b,No Side Sauce,2.0,0.0,0.0,0.0,lightspeed,true
2026-07-31,stow,stow,stow,b,No Sliced Tomato,1.0,0.0,0.0,0.0,lightspeed,true
2026-07-31,stow,stow,stow,b,On The Rocks,5.0,0.0,0.0,0.0,lightspeed,true
2026-07-31,stow,stow,stow,b,Pepperoni.,4.0,0.0,0.0,0.0,lightspeed,true
2026-07-31,stow,stow,stow,b,Pepsi Max [mixer],1.0,0.0,0.0,0.8,lightspeed,true
2026-07-31,stow,stow,stow,b,Pink Lemonade Glass,1.0,0.0,0.0,0.9483,recipe,true
2026-07-31,stow,stow,stow,b,Roma Special.,1.0,0.0,0.0,0.0,lightspeed,true
2026-07-31,stow,stow,stow,b,Sanchez [Vegan].,1.0,0.0,0.0,0.0,lightspeed,true
2026-07-31,stow,stow,stow,b,Send Kids Food ASAP,4.0,0.0,0.0,0.0,lightspeed,true
2026-07-31,stow,stow,stow,f,Side BBQ Sauce,2.0,0.0,0.0,0.0,lightspeed,true
2026-07-31,stow,stow,stow,b,Side Tomato Sauce,7.0,0.0,0.0,0.0,lightspeed,true
2026-07-31,stow,stow,stow,b,Soda [mixer],2.0,0.0,0.0,0.0,lightspeed,true
2026-07-31,stow,stow,stow,b,Super House Special.,3.0,0.0,0.0,0.0,lightspeed,true
2026-07-31,stow,stow,stow,b,Swap Gravy for Tomato Sauce,1.0,0.0,0.0,0.0,lightspeed,true
2026-07-31,stow,stow,stow,b,Tandoori Chicken.,1.0,0.0,0.0,0.0,lightspeed,true
2026-07-31,stow,stow,stow,b,The Paddock.,1.0,0.0,0.0,0.0,lightspeed,true
2026-07-31,stow,stow,stow,b,Tonic [mixer],12.0,0.0,0.0,9.64,lightspeed,true
2026-07-31,stow,stow,stow,b,Truffalo Soldier.,1.0,0.0,0.0,0.0,lightspeed,true
2026-07-31,stow,stow,stow,b,Uber Margherita.,1.0,0.0,0.0,0.0,lightspeed,true
2026-07-31,stow,stow,stow,b,Vegetarian.,1.0,0.0,0.0,0.0,lightspeed,true
2026-07-31,stow,stow,stow,b,Vodka Martini,1.0,0.0,0.0,2.9286,recipe,true
2026-08-01,hg,hg,hg,f,Tonkotsu,15.0,369.05,406.0,63.9645,recipe,true
2026-08-01,hg,hg,hg,f,BBQ Meat Platter,5.0,170.88,188.0,0.0,lightspeed,true
2026-08-01,hg,hg,hg,b,Sapporo - 500ml,13.0,150.93,166.05,48.23,recipe,true
2026-08-01,hg,hg,hg,b,Harry's Lager - Pint,14.0,148.64,163.6,29.526,recipe,true
2026-08-01,hg,hg,hg,f,Dumplings - Prawn Har Gow [GF],8.0,138.17,152.0,35.2152,recipe,true
2026-08-01,hg,hg,hg,f,Chicken Karaage,8.0,123.6,136.0,0.0,lightspeed,true
2026-08-01,hg,hg,hg,f,Shredded Beef,5.0,118.2,130.0,0.0,lightspeed,true
2026-08-01,hg,hg,hg,b,Chicken skewers,6.0,118.0,129.8,0.0,lightspeed,true
2026-08-01,hg,hg,hg,f,Miso,4.0,102.8,113.1,0.0,lightspeed,true
2026-08-01,hg,hg,hg,f,Dumplings - Beef & Cabbage,8.0,101.84,112.0,11.6952,recipe,true
2026-08-01,hg,hg,hg,f,Duck Spring Roll,7.0,100.4,110.4,24.9844,recipe,true
2026-08-01,hg,hg,hg,f,Devon's Prawn Toast,7.0,98.95,108.8,27.2272,recipe,true
2026-08-01,hg,hg,hg,f,Mie Goreng,4.0,85.46,94.0,22.6752,recipe,true
2026-08-01,hg,hg,hg,b,Margato,6.0,79.26,87.2,22.4004,recipe,true
2026-08-01,hg,hg,hg,f,Shoyu,3.0,76.44,84.1,0.0,lightspeed,true
2026-08-01,hg,hg,hg,b,Classic Margarita,6.0,75.11,82.6,25.0344,recipe,true
2026-08-01,hg,hg,hg,f,Chicken Katsu Curry,3.0,74.55,82.0,9.2889,recipe,true
2026-08-01,hg,hg,hg,f,Meat Platter,2.0,72.73,80.0,0.0,lightspeed,true
2026-08-01,hg,hg,hg,f,Fried Rice,4.0,71.09,78.2,11.2968,recipe,true
2026-08-01,hg,hg,hg,b,Geppetto Chardonnay - Regular,5.0,66.84,73.5,15.568,recipe,true
2026-08-01,hg,hg,hg,f,Popcorn Cauliflower,5.0,66.84,73.5,4.8055,recipe,true
2026-08-01,hg,hg,hg,b,Jinro Strawberry - 360ml,2.0,58.18,64.0,23.12,lightspeed,true
2026-08-01,hg,hg,hg,f,BBQ Pork Buns,4.0,54.56,60.0,14.0,recipe,true
2026-08-01,hg,hg,hg,b,Bintang,5.0,50.0,55.0,11.7,recipe,true
2026-08-01,hg,hg,hg,f,Edamame,5.0,48.0,52.8,0.0,lightspeed,true
2026-08-01,hg,hg,hg,b,Sapporo - Schooner,5.0,44.64,49.1,15.7675,recipe,true
2026-08-01,hg,hg,hg,b,L'esprit Rosé - Regular,3.0,39.3,43.2,10.8,recipe,true
2026-08-01,hg,hg,hg,b,Birdseye Chilli Marg,2.0,38.18,42.0,6.6736,recipe,true
2026-08-01,hg,hg,hg,b,Drunken Koi,2.0,38.18,42.0,4.885,recipe,true
2026-08-01,hg,hg,hg,f,Dumplings - Veg Gyoza,3.0,36.92,40.6,5.8557,recipe,true
2026-08-01,hg,hg,hg,b,Harry's Lager - Schooner,5.0,36.37,40.0,7.8625,recipe,true
2026-08-01,hg,hg,hg,f,Mochi Trio,3.0,35.45,39.0,0.0,lightspeed,true
2026-08-01,hg,hg,hg,b,Rice Pudding,4.0,34.56,38.0,0.0,lightspeed,true
2026-08-01,hg,hg,hg,b,Aperol Spritz,2.0,34.54,38.0,7.112,recipe,true
2026-08-01,hg,hg,hg,b,River Retreat Pinot Grigio - Regular,3.0,29.46,32.4,6.03,recipe,true
2026-08-01,hg,hg,hg,b,Pink Lemonade Glass,7.0,25.76,28.35,6.6381,recipe,true
2026-08-01,hg,hg,hg,b,Grifter Big Sur IPA Can [HG],2.0,25.46,28.0,8.0,recipe,true
2026-08-01,hg,hg,hg,b,Little Dragon Ginger Beer Can,2.0,25.46,28.0,6.7566,recipe,true
2026-08-01,hg,hg,hg,b,From Sundays Shiraz - Regular,2.0,24.56,27.0,5.6002,recipe,true
2026-08-01,hg,hg,stow,f,Kids Fried Rice,2.0,24.44,26.88,0.0,lightspeed,true
2026-08-01,hg,hg,hg,b,L'esprit Rosé - Large,1.0,21.82,24.0,6.0,recipe,true
2026-08-01,hg,hg,hg,b,Kuku Sauv Blanc - Large,1.0,20.0,22.0,4.3333,recipe,true
2026-08-01,hg,hg,hg,b,Lemonade Glass,5.0,19.63,21.6,4.016,recipe,true
2026-08-01,hg,hg,hg,b,Crouching Tiger,1.0,19.09,21.0,4.2673,recipe,true
2026-08-01,hg,hg,hg,f,Jasmine Rice,4.0,17.75,19.5,0.0,lightspeed,true
2026-08-01,hg,hg,hg,b,Chicken,5.0,17.28,19.0,0.0,lightspeed,true
2026-08-01,hg,hg,hg,b,Palloncino Prosecco - Regular,2.0,17.27,19.0,4.5998,recipe,true
2026-08-01,hg,hg,hg,b,Azurescens Pinot Noir - Regular,1.0,13.64,15.0,2.8001,recipe,true
2026-08-01,hg,hg,hg,f,1/2 Marinated Egg,9.0,12.74,14.0,0.0,lightspeed,true
2026-08-01,hg,hg,hg,b,Virgin Margy,1.0,11.82,13.0,0.0,lightspeed,true
2026-08-01,hg,hg,hg,b,Sensei Highball,1.0,10.91,12.0,1.2953,recipe,true
2026-08-01,hg,hg,hg,b,Yuzu Chu-hi,1.0,10.91,12.0,1.4537,recipe,true
2026-08-01,hg,hg,hg,b,Monteith's Apple Cider [HG],1.0,10.0,11.0,3.11,recipe,true
2026-08-01,hg,hg,hg,f,Extra Pork.,2.0,9.1,10.0,0.0,lightspeed,true
2026-08-01,hg,hg,stow,f,Mie Goreng,1.0,8.36,9.2,5.6688,recipe,true
2026-08-01,hg,hg,hg,b,Pepsi Glass,1.0,4.09,4.5,1.31,recipe,true
2026-08-01,hg,hg,hg,b,Pepsi Max Glass,1.0,4.09,4.5,1.31,recipe,true
2026-08-01,hg,hg,hg,f,Bamboo Shoots,2.0,3.64,4.0,0.0,lightspeed,true
2026-08-01,hg,hg,hg,f,Extra Tofu.,1.0,3.64,4.0,0.0,lightspeed,true
2026-08-01,hg,hg,hg,f,Fried Egg,1.0,3.64,4.0,0.0,lightspeed,true
2026-08-01,hg,hg,hg,f,GFO [GF Ramen Noodles],1.0,2.73,3.0,0.0,lightspeed,true
2026-08-01,hg,hg,stow,f,Tofu.,1.0,1.88,2.07,0.0,lightspeed,true
2026-08-01,hg,hg,hg,f,Black Garlic Oil,1.0,1.82,2.0,0.0,lightspeed,true
2026-08-01,hg,hg,hg,f,Chilli Bomb,1.0,1.82,2.0,0.0,lightspeed,true
2026-08-01,hg,hg,hg,f,Side Guac,1.0,0.82,0.9,0.0,lightspeed,true
2026-08-01,hg,hg,hg,b,2 Glasses,2.0,0.0,0.0,0.0,lightspeed,true
2026-08-01,hg,hg,hg,b,Remove Black Mushroom,2.0,0.0,0.0,0.0,lightspeed,true
2026-08-01,hg,hg,hg,f,Swap for Chicken,1.0,0.0,0.0,0.0,lightspeed,true
2026-08-01,hg,hg,hg,f,Swap for Tofu,1.0,0.0,0.0,0.0,lightspeed,true
2026-08-01,hg,hg,hg,b,Tomato Sauce,1.0,0.0,0.0,0.0,lightspeed,true
2026-08-01,hg,hg,hg,b,Vegetarian Option,1.0,0.0,0.0,0.0,lightspeed,true
2026-08-01,mari,mari,mari,f,Large Super House Special,4.0,109.08,120.0,30.4708,recipe,true
2026-08-01,mari,mari,mari,f,Large Bubba Gump,4.0,97.28,107.0,22.0024,recipe,true
2026-08-01,mari,mari,mari,f,Large BBQ Chicken Pizza,4.0,95.92,105.5,16.444,recipe,true
2026-08-01,mari,mari,mari,f,Large Cosmopolitan,4.0,90.92,100.0,28.164,recipe,true
2026-08-01,mari,mari,mari,f,Regular Little Italy,4.0,85.92,94.5,19.0324,recipe,true
2026-08-01,mari,mari,mari,f,$45 FEAST,2.0,81.82,90.0,28.1428,recipe,true
2026-08-01,mari,mari,mari,f,Large Margherita,5.0,80.91,89.0,11.636,recipe,true
2026-08-01,mari,mari,mari,f,Large Meatlovers,5.0,79.08,87.0,33.7,recipe,true
2026-08-01,mari,mari,mari,f,Large Paddock,3.0,77.28,85.0,15.3099,recipe,true
2026-08-01,mari,mari,mari,f,Large New Yorker,3.0,76.37,84.0,14.9193,recipe,true
2026-08-01,mari,mari,mari,f,Regular Hail Africa [Dine-in],4.0,74.46,81.89,11.29,recipe,true
2026-08-01,mari,mari,mari,f,"Regular No Chorizo, No Cry [Dine-in]",3.0,73.24,80.56,7.9245,recipe,true
2026-08-01,mari,mari,mari,f,Regular Sanchez [Dine-in],3.0,72.48,79.72,11.8356,recipe,true
2026-08-01,mari,mari,mari,f,Regular Meatlovers,3.0,68.19,75.0,13.0176,recipe,true
2026-08-01,mari,mari,mari,f,Regular Hawaiian,3.0,53.64,59.0,9.816,recipe,true
2026-08-01,mari,mari,mari,f,"Large No Chorizo, No Cry",3.0,49.1,54.0,16.4007,recipe,true
2026-08-01,mari,mari,mari,f,Regular Little Italy [Dine-in],2.0,48.84,53.72,8.331,recipe,true
2026-08-01,mari,mari,mari,f,Axl Rose Pizza,2.0,48.83,53.7,0.0,lightspeed,true
2026-08-01,mari,mari,mari,f,Regular El Patron [Dine-in],2.0,48.05,52.86,7.4574,recipe,true
2026-08-01,mari,mari,mari,f,Regular Meatlovers [Dine-in],2.0,47.27,52.0,7.4932,recipe,true
2026-08-01,mari,mari,mari,f,$90 PIZZA PARTY,1.0,45.46,50.0,35.5228,recipe,true
2026-08-01,mari,mari,mari,f,Large Pepperoni,2.0,43.63,48.0,8.722,recipe,true
2026-08-01,mari,mari,mari,f,Regular Margherita,11.0,43.63,48.0,22.3641,recipe,true
2026-08-01,mari,mari,mari,f,Feast Deal Pizzas,1.0,40.91,45.0,14.0714,recipe,true
2026-08-01,mari,mari,mari,f,Garlic Bread,10.0,40.01,44.0,14.877,recipe,true
2026-08-01,mari,mari,mari,f,Regular Margherita [Dine-in],2.0,38.18,42.0,2.881,recipe,true
2026-08-01,mari,mari,mari,f,Regular Roma Special [Dine-in],2.0,36.27,39.9,5.8836,recipe,true
2026-08-01,mari,mari,mari,f,Large Sorrento,1.0,27.27,30.0,5.8575,recipe,true
2026-08-01,mari,mari,mari,f,Large Hawaiian,2.0,25.45,28.0,6.6314,recipe,true
2026-08-01,mari,mari,mari,f,Regular Jimmy Jury [Dine-in],1.0,25.35,27.88,3.6214,recipe,true
2026-08-01,mari,mari,mari,f,Large El Patron,1.0,24.55,27.0,5.812,recipe,true
2026-08-01,mari,mari,mari,f,Large Little Italy,2.0,24.55,27.0,14.7808,recipe,true
2026-08-01,mari,mari,mari,f,Large Sanchez,1.0,24.55,27.0,5.8374,recipe,true
2026-08-01,mari,mari,mari,f,Under the Bridge Pizza,1.0,24.41,26.85,3.9357,recipe,true
2026-08-01,mari,mari,mari,f,Gluten-free Uber Margherita,1.0,24.09,26.5,7.4934,recipe,true
2026-08-01,mari,mari,mari,f,Regular Bubba Gump,1.0,23.64,26.0,3.6381,recipe,true
2026-08-01,mari,mari,mari,f,Regular Cosmopolitan,1.0,23.64,26.0,4.4662,recipe,true
2026-08-01,mari,mari,mari,f,Large Roma Special,1.0,22.73,25.0,5.6021,recipe,true
2026-08-01,mari,mari,mari,f,Large Tandoori Chicken,1.0,22.73,25.0,3.1928,recipe,true
2026-08-01,mari,mari,mari,f,Large Uber Margherita,1.0,22.73,25.0,4.384,recipe,true
2026-08-01,mari,mari,mari,f,Regular No Chorizo No Cry Solo Combo,1.0,22.73,25.0,2.5,lightspeed,true
2026-08-01,mari,mari,mari,f,Regular New Yorker [Dine-in],1.0,22.56,24.81,2.6399,recipe,true
2026-08-01,mari,mari,mari,f,Regular BBQ Chicken Pizza,1.0,21.82,24.0,3.0876,recipe,true
2026-08-01,mari,mari,mari,f,Regular Roma Special,1.0,21.82,24.0,3.5344,recipe,true
2026-08-01,mari,mari,mari,f,Regular Super House Special,1.0,21.82,24.0,4.6187,recipe,true
2026-08-01,mari,mari,mari,f,Cheesy Garlic Bread,3.0,21.81,24.0,5.4081,recipe,true
2026-08-01,mari,mari,mari,f,Regular Uber Margherita [Dine-in],1.0,21.6,23.76,2.712,recipe,true
2026-08-01,mari,mari,mari,f,Regular Cosmopolitan [Dine-in],1.0,21.28,23.4,3.8736,recipe,true
2026-08-01,mari,mari,mari,f,Regular Pepperoni,1.0,20.0,22.0,2.6992,recipe,true
2026-08-01,mari,mari,mari,f,Regular Hawaiian [Dine-in],1.0,19.09,21.0,2.6794,recipe,true
2026-08-01,mari,mari,mari,f,Coke Zero 1.25L,4.0,19.08,21.0,12.36,recipe,true
2026-08-01,mari,mari,mari,f,Beef Burger [no chips] Solo Combo,1.0,18.18,20.0,0.0,lightspeed,true
2026-08-01,mari,mari,mari,f,Regular New Yorker,1.0,17.73,19.5,3.2325,recipe,true
2026-08-01,mari,mari,mari,f,Regular Garlic Cheese Pizza,1.0,12.27,13.5,1.5021,recipe,true
2026-08-01,mari,mari,mari,f,Online Surcharge,11.0,11.91,11.91,0.0,lightspeed,true
2026-08-01,mari,mari,mari,f,Add Prawns,3.0,10.13,11.13,0.0,lightspeed,true
2026-08-01,mari,mari,mari,f,Delivery Fee - Freshwater / Queenscliff,2.0,9.1,10.0,0.0,lightspeed,true
2026-08-01,mari,mari,mari,f,Regular Vegetarian [Dine-in],1.0,8.36,9.2,2.3092,recipe,true
2026-08-01,mari,mari,mari,f,Add Bacon,2.0,7.28,8.0,0.0,lightspeed,true
2026-08-01,mari,mari,mari,f,Coke Zero Can,2.0,7.28,8.0,3.78,recipe,true
2026-08-01,mari,mari,mari,f,Sprite Can,4.0,7.28,8.0,9.7692,recipe,true
2026-08-01,mari,mari,mari,f,Coke 1.25L,1.0,6.36,7.0,3.69,recipe,true
2026-08-01,mari,mari,mari,f,Add Anchovies,3.0,5.46,6.0,0.0,lightspeed,true
2026-08-01,mari,mari,mari,f,Add Pepperoni,2.0,5.46,6.0,0.0,lightspeed,true
2026-08-01,mari,mari,mari,f,VB Can D,1.0,5.45,6.0,2.34,recipe,true
2026-08-01,mari,mari,mari,f,Extra Mozzarella,2.0,4.54,5.0,0.0,lightspeed,true
2026-08-01,mari,mari,mari,f,Add Calabrese,1.0,3.64,4.0,0.0,lightspeed,true
2026-08-01,mari,mari,mari,f,Add Prosciutto,1.0,3.64,4.0,0.0,lightspeed,true
2026-08-01,mari,mari,mari,f,Coke Can,2.0,3.64,4.0,3.78,recipe,true
2026-08-01,mari,mari,mari,f,Add Ham,1.0,2.73,3.0,0.0,lightspeed,true
2026-08-01,mari,mari,mari,f,Add Mushrooms,2.0,2.72,3.0,0.0,lightspeed,true
2026-08-01,mari,mari,mari,f,Add Olives,2.0,2.72,3.0,0.0,lightspeed,true
2026-08-01,mari,mari,mari,f,Add Pineapple,2.0,2.72,3.0,0.0,lightspeed,true
2026-08-01,mari,mari,mari,f,Chicken.,1.0,1.88,2.07,0.0,lightspeed,true
2026-08-01,mari,mari,mari,f,Add Chicken,1.0,1.82,2.0,0.0,lightspeed,true
2026-08-01,mari,mari,mari,f,Add Jalapenos,1.0,1.36,1.5,0.0,lightspeed,true
2026-08-01,mari,mari,mari,f,.Coke Can,1.0,0.0,0.0,1.89,recipe,true
2026-08-01,mari,mari,mari,f,Choc  Brownie,1.0,0.0,0.0,1.9501,recipe,true
2026-08-01,mari,mari,mari,f,Garlic  Bread,1.0,0.0,0.0,1.4877,recipe,true
2026-08-01,mari,mari,mari,f,Large Truffalo Soldier,1.0,0.0,0.0,5.2,recipe,true
2026-08-01,mari,mari,mari,f,Large Vegetarian,1.0,0.0,0.0,4.2436,recipe,true
2026-08-01,mari,mari,mari,f,Sprite 1.25L,1.0,0.0,0.0,4.2654,recipe,true
2026-08-01,mari,mari,mari,f,Online Discount,10.0,-122.5,-122.5,0.0,lightspeed,true
2026-08-01,stow,stow,stow,b,Stone & Wood - Schooner,54.0,647.84,712.58,178.0002,recipe,true
2026-08-01,stow,stow,stow,b,Guinness Draught - Pint,41.0,624.63,687.05,197.0091,recipe,true
2026-08-01,stow,stow,stow,b,Classic Margarita,24.0,439.93,484.0,100.1376,recipe,true
2026-08-01,stow,stow,stow,b,Mulled Wine,31.0,425.94,468.42,64.6722,recipe,true
2026-08-01,stow,stow,stow,f,American Standard Burger,20.0,402.6,442.91,116.806,recipe,true
2026-08-01,stow,stow,stow,b,Jalapeño Marg,17.0,352.53,387.76,65.3786,recipe,true
2026-08-01,stow,stow,stow,b,Aperol Spritz,17.0,316.23,347.89,60.452,recipe,true
2026-08-01,stow,stow,stow,b,Version Two Pinot Grigio - Regular,28.0,274.71,302.19,49.4676,recipe,true
2026-08-01,stow,stow,stow,b,Fresh is Best Lager - Pint,23.0,265.74,292.42,55.7037,recipe,true
2026-08-01,stow,stow,stow,b,Stone & Wood - Pint,16.0,249.25,274.24,70.7344,recipe,true
2026-08-01,stow,stow,stow,f,Arancini Balls [5pc],12.0,246.1,270.67,0.0,lightspeed,true
2026-08-01,stow,stow,stow,b,Petits Detours Rosé Mediterranee - Bottle,4.0,236.62,260.29,69.36,recipe,true
2026-08-01,stow,stow,stow,b,Fresh is Best Lager - Schooner,27.0,223.56,245.84,48.7566,recipe,true
2026-08-01,stow,stow,stow,b,Petits Detours Rosé - Regular,15.0,222.1,244.2,52.02,recipe,true
2026-08-01,stow,stow,stow,b,Kirin - Pint,13.0,220.31,242.32,66.2012,recipe,true
2026-08-01,stow,stow,stow,b,Beetle Juice,11.0,205.6,226.16,40.777,recipe,true
2026-08-01,stow,stow,stow,b,Whispering Angel Rosé - Bottle,2.0,202.78,223.06,69.21,lightspeed,true
2026-08-01,stow,stow,stow,b,Negroni,10.0,198.65,218.52,40.99,recipe,true
2026-08-01,stow,stow,stow,b,Grifter Pale - Schooner,18.7,192.36,211.69,46.4209,recipe,true
2026-08-01,stow,stow,stow,b,Kirin - Schooner,15.0,192.22,211.4,56.9535,recipe,true
2026-08-01,stow,stow,stow,b,Mother's Milk Shiraz - Regular,12.0,166.34,182.94,38.5956,recipe,true
2026-08-01,stow,stow,stow,b,Espresso Martini,9.0,163.62,180.0,29.565,recipe,true
2026-08-01,stow,stow,stow,b,Philter XPA - Schooner,15.0,161.26,177.44,33.5775,recipe,true
2026-08-01,stow,stow,stow,b,Casa Gheller Prosecco - Glass,11.0,161.01,177.05,36.828,recipe,true
2026-08-01,stow,stow,stow,b,Patron Reposado,11.0,150.04,165.0,33.4851,recipe,true
2026-08-01,stow,stow,stow,f,Sweet Potato Fries,12.0,145.38,159.88,30.3612,recipe,true
2026-08-01,stow,stow,stow,b,Crankshaft IPA - Pint,9.0,143.71,158.07,38.7216,recipe,true
2026-08-01,stow,stow,stow,b,Grifter Pale - Pint,14.0,142.37,156.6,46.6116,recipe,true
2026-08-01,stow,stow,stow,b,Trentham Estate Rosé - Regular,13.0,140.75,154.8,27.43,recipe,true
2026-08-01,stow,stow,stow,f,Rosemary Salted Fries,12.0,132.51,145.73,22.32,recipe,true
2026-08-01,stow,stow,stow,f,Fish Tacos,7.0,129.05,141.96,12.9395,recipe,true
2026-08-01,stow,stow,stow,b,Biscoff Espresso,6.0,128.21,141.03,19.4904,recipe,true
2026-08-01,stow,stow,stow,f,Sensei Calamari,7.0,127.02,139.7,15.8396,recipe,true
2026-08-01,stow,stow,stow,f,Bang Bang Cauli,8.0,125.12,137.68,22.1272,recipe,true
2026-08-01,stow,stow,stow,b,White Light Pure Vodka [House],14.0,123.44,135.8,21.2912,recipe,true
2026-08-01,stow,stow,stow,f,Chicken Shindig Burger,7.0,115.06,126.59,37.7503,recipe,true
2026-08-01,stow,stow,stow,f,Beef Cheek,3.0,110.0,121.01,0.0,lightspeed,true
2026-08-01,stow,stow,stow,b,Kuku Sauvignon Blanc - Bottle,2.0,108.92,119.8,29.15,lightspeed,true
2026-08-01,stow,stow,stow,f,Chicken Burrito,4.0,108.53,119.4,33.124,recipe,true
2026-08-01,stow,stow,stow,b,Tommy's Margarita,5.0,104.55,115.0,25.286,recipe,true
2026-08-01,stow,stow,stow,b,Gin Martini,5.0,101.3,111.44,20.006,recipe,true
2026-08-01,stow,stow,stow,f,Buffalo Wings,6.0,98.07,107.88,17.8584,recipe,true
2026-08-01,stow,stow,stow,b,Bombay Dry [House],10.0,92.72,102.0,21.644,recipe,true
2026-08-01,stow,stow,stow,b,Rooster Rojo Blanco Tequila [House],9.0,90.0,99.0,17.6769,recipe,true
2026-08-01,stow,stow,stow,b,Villa Fresco Sangiovese - Regular,8.0,83.09,91.39,19.2984,recipe,true
2026-08-01,stow,stow,stow,b,Trutta Streamside Shiraz [Chilled] - Regular,5.0,81.8,90.0,19.84,recipe,true
2026-08-01,stow,stow,stow,f,Beef Burrito,4.0,80.53,88.6,37.6288,recipe,true
2026-08-01,stow,stow,stow,b,Status Quo - Pint,5.0,80.07,88.07,20.7935,recipe,true
2026-08-01,stow,stow,stow,b,Whispering Angel Rosé - Regular,3.0,78.86,86.77,20.577,recipe,true
2026-08-01,stow,stow,stow,b,Kuku Sauvignon Blanc - Regular,6.0,76.81,84.47,17.4846,recipe,true
2026-08-01,stow,stow,stow,f,Stow Schnitty,3.0,74.95,82.46,16.494,recipe,true
2026-08-01,stow,stow,stow,b,Crankshaft IPA - Schooner,6.0,73.62,81.0,19.2474,recipe,true
2026-08-01,stow,stow,stow,f,$2 Buffalo Wing,43.0,68.5,75.28,16.0003,recipe,true
2026-08-01,stow,stow,stow,b,Padrillos Malbec - Bottle,1.0,67.6,74.36,19.33,lightspeed,true
2026-08-01,stow,stow,stow,b,Pepsi Max Glass,16.0,66.24,72.9,20.96,recipe,true
2026-08-01,stow,stow,stow,b,Ottelia Cab Sav - Bottle,1.0,65.73,72.3,23.04,lightspeed,true
2026-08-01,stow,stow,stow,f,Fancy Pants Parmy - Classic,3.0,65.0,71.5,22.7958,recipe,true
2026-08-01,stow,stow,stow,f,BBQ Wings,4.0,62.98,69.27,12.56,recipe,true
2026-08-01,stow,stow,stow,b,Flower Child,3.0,61.32,67.46,10.5501,recipe,true
2026-08-01,stow,stow,stow,f,Kids Nuggets & Chips,5.0,59.49,65.43,11.2135,recipe,true
2026-08-01,stow,stow,stow,b,Hugo Spritz,3.0,59.15,65.06,12.288,recipe,true
2026-08-01,stow,stow,stow,b,Ottelia Chardonnay - Regular,6.0,58.69,64.54,20.7564,recipe,true
2026-08-01,stow,stow,stow,b,Fresh is Best Summer Lager - Pint,5.0,56.34,61.98,10.542,recipe,true
2026-08-01,stow,stow,stow,b,Fresh is Best Summer Lager - Schooner,7.0,55.86,61.44,11.0047,recipe,true
2026-08-01,stow,stow,stow,b,Geppetto Pinot Noir - Regular,4.0,54.56,60.0,14.048,recipe,true
2026-08-01,stow,stow,stow,b,Geppetto Pinot Noir - Bottle,1.0,54.55,60.0,17.56,lightspeed,true
2026-08-01,stow,stow,stow,f,Eggplant Parmy,2.0,54.45,59.9,0.0,lightspeed,true
2026-08-01,stow,stow,stow,b,Trentham Estate Rosé - Large,3.0,53.5,58.87,10.5504,recipe,true
2026-08-01,stow,stow,stow,b,Heaps Normal Tin,5.0,50.99,56.08,13.348,recipe,true
2026-08-01,stow,stow,stow,b,Lemon Meringue Martini,3.0,50.92,56.0,11.0442,recipe,true
2026-08-01,stow,stow,stow,b,Ottelia Cab Sav - Large,2.0,49.91,54.89,15.36,recipe,true
2026-08-01,stow,stow,stow,f,Brownie D,7.0,47.28,52.0,13.6507,recipe,true
2026-08-01,stow,stow,stow,b,Macallan Sherry Oak 12yr,2.0,47.27,52.0,11.772,recipe,true
2026-08-01,stow,stow,stow,f,Baked Camembert,2.0,46.77,51.42,0.0,lightspeed,true
2026-08-01,stow,stow,stow,b,Trentham Estate Rosé - Bottle,1.0,46.01,50.61,10.55,lightspeed,true
2026-08-01,stow,stow,stow,b,Corona,5.0,45.84,50.4,12.8565,recipe,true
2026-08-01,stow,stow,stow,f,Onion Rings,6.0,44.74,49.21,0.0,lightspeed,true
2026-08-01,stow,stow,stow,b,Young Henrys Cloudy Cider Can,4.0,44.73,49.19,10.32,recipe,true
2026-08-01,stow,stow,stow,b,Version Two Pinot Grigio - Bottle,1.0,44.55,49.0,8.83,lightspeed,true
2026-08-01,stow,stow,stow,b,Villa Fresco Sangiovese - Bottle,1.0,44.55,49.0,12.06,lightspeed,true
2026-08-01,stow,stow,stow,f,BBQ Wings D,3.0,43.65,48.0,9.42,recipe,true
2026-08-01,stow,stow,stow,b,Coconut Margarita,2.0,43.19,47.51,8.4898,recipe,true
2026-08-01,stow,stow,stow,f,Amalfi Olives,4.0,42.49,46.75,0.0,lightspeed,true
2026-08-01,stow,stow,stow,b,Patron Silver,3.0,42.27,46.47,9.8499,recipe,true
2026-08-01,stow,stow,stow,b,Scorched As,2.0,41.31,45.44,8.6946,recipe,true
2026-08-01,stow,stow,stow,f,Rocket Man D,3.0,40.01,44.0,9.5916,recipe,true
2026-08-01,stow,stow,stow,b,Baileys Irish Cream,4.0,40.0,44.0,5.0808,recipe,true
2026-08-01,stow,stow,stow,b,Philter Pale - Pint,3.0,39.03,42.92,0.0,lightspeed,true
2026-08-01,stow,stow,stow,b,Grey Goose,3.0,39.02,42.91,7.722,recipe,true
2026-08-01,stow,stow,stow,f,Sensei Calamari D,2.0,38.18,42.0,4.5256,recipe,true
2026-08-01,stow,stow,stow,f,Sweet Potato Fries D,3.0,38.1,41.9,7.5903,recipe,true
2026-08-01,stow,stow,stow,b,Sigurd GSM Red Blend - Regular,2.0,36.36,40.0,9.24,recipe,true
2026-08-01,stow,stow,stow,b,1800 Coconut,3.0,35.46,39.0,8.7312,recipe,true
2026-08-01,stow,stow,stow,f,Fries D,3.0,35.46,39.0,0.0,lightspeed,true
2026-08-01,stow,stow,hg,f,Nuggets & Chips [HG],3.0,35.46,39.0,0.0,lightspeed,true
2026-08-01,stow,stow,stow,b,Unico Zelo Terra Cotta - Regular,2.0,34.54,38.0,8.756,recipe,true
2026-08-01,stow,stow,hg,f,Uber Margherita Pizza [HG],2.0,34.36,37.8,0.0,lightspeed,true
2026-08-01,stow,stow,stow,b,Pepsi Glass,8.0,32.72,36.0,10.48,recipe,true
2026-08-01,stow,stow,stow,b,Ottelia Cab Sav - Regular,2.0,30.9,34.0,9.216,recipe,true
2026-08-01,stow,stow,stow,b,Lemonade Glass,7.0,28.63,31.5,5.6224,recipe,true
2026-08-01,stow,stow,stow,b,Philter XPA - Pint,2.0,27.28,30.0,6.0044,recipe,true
2026-08-01,stow,stow,stow,b,San Giorgio Ciampoleto Rosso di Montalcino 2023 - Regular Glass,1.0,26.36,29.0,8.14,recipe,true
2026-08-01,stow,stow,stow,b,Hendrick's Gin,2.0,25.88,28.46,5.6358,recipe,true
2026-08-01,stow,stow,stow,b,San Pellegrino 500ml,3.0,25.35,27.9,6.96,recipe,true
2026-08-01,stow,stow,stow,b,Status Quo - Schooner,2.0,24.54,27.0,6.2016,recipe,true
2026-08-01,stow,stow,stow,b,Ottelia Chardonnay - Large,1.0,23.47,25.81,5.7657,recipe,true
2026-08-01,stow,stow,hg,f,Beef Burrito [HG],1.0,22.91,25.2,0.0,lightspeed,true
2026-08-01,stow,stow,stow,f,Arancini Balls 5pcs D,1.0,22.73,25.0,0.0,lightspeed,true
2026-08-01,stow,stow,stow,f,Farmhouse Salad,1.0,22.64,24.9,0.0,lightspeed,true
2026-08-01,stow,stow,stow,f,Brownie,2.0,22.54,24.8,5.6452,recipe,true
2026-08-01,stow,stow,stow,b,Limoncello,2.0,22.53,24.78,4.26,recipe,true
2026-08-01,stow,stow,stow,b,Version Two Sparkling - Regular,2.0,21.82,24.0,3.5334,recipe,true
2026-08-01,stow,stow,hg,f,Beef Burger [HG],1.0,21.28,23.4,5.0,lightspeed,true
2026-08-01,stow,stow,hg,f,Hail Africa Pizza [HG],1.0,21.28,23.4,0.0,lightspeed,true
2026-08-01,stow,stow,stow,b,Appleton Rum [House],2.0,20.33,22.36,4.5086,recipe,true
2026-08-01,stow,stow,stow,f,Chicken Schnitty D,1.0,20.0,22.0,0.0,lightspeed,true
2026-08-01,stow,stow,stow,b,Old Fashioned,1.0,20.0,22.0,4.8583,recipe,true
2026-08-01,stow,stow,stow,b,Philter Pale - Schooner,2.0,19.72,21.68,0.0,lightspeed,true
2026-08-01,stow,stow,stow,b,Monteith's Apple Cider Bottle,2.0,19.1,21.0,6.22,recipe,true
2026-08-01,stow,stow,stow,f,Baked Camembert D,1.0,19.09,21.0,0.0,lightspeed,true
2026-08-01,stow,stow,stow,b,Four Pillars Rare Dry Gin Tonica,1.0,19.09,21.0,5.8041,recipe,true
2026-08-01,stow,stow,stow,b,Mojito,1.0,19.09,21.0,3.7401,recipe,true
2026-08-01,stow,stow,stow,b,Whisky Sour,1.0,19.09,21.0,4.6346,recipe,true
2026-08-01,stow,stow,stow,f,Cauliflower Tacos,1.0,18.78,20.65,0.0,lightspeed,true
2026-08-01,stow,stow,stow,b,Dark & Stormy,1.0,18.78,20.65,4.0118,recipe,true
2026-08-01,stow,stow,stow,f,Lepinja Bread,2.0,18.47,20.32,0.0,lightspeed,true
2026-08-01,stow,stow,stow,b,Bundaberg Ginger Beer,4.0,18.35,20.16,3.9688,recipe,true
2026-08-01,stow,stow,stow,b,French Martini,1.0,18.18,20.0,3.9211,recipe,true
2026-08-01,stow,stow,stow,b,Lychee Martini,1.0,18.18,20.0,3.9078,recipe,true
2026-08-01,stow,stow,stow,b,Villa Fresco Sangiovese - Large,1.0,17.84,19.63,4.0205,recipe,true
2026-08-01,stow,stow,stow,b,Version Two Pinot Grigio - Large,1.0,17.27,19.0,2.9445,recipe,true
2026-08-01,stow,stow,stow,f,Rocket Man,1.0,16.9,18.59,3.1972,recipe,true
2026-08-01,stow,stow,stow,b,Peroni 0%,2.0,16.63,18.3,3.6926,recipe,true
2026-08-01,stow,stow,stow,f,Cauliflower Tacos D,1.0,16.36,18.0,0.0,lightspeed,true
2026-08-01,stow,stow,stow,b,Fresh Lime Soda,5.0,16.0,17.61,0.0,lightspeed,true
2026-08-01,stow,stow,stow,b,$21 Custom Cocktail,1.0,15.27,16.8,0.0,lightspeed,true
2026-08-01,stow,stow,stow,b,Bread & Butter Pud,1.0,15.03,16.53,0.0,lightspeed,true
2026-08-01,stow,stow,stow,b,Das Juice Pink Pet Nat - Regular,1.0,15.03,16.52,3.3,recipe,true
2026-08-01,stow,stow,stow,f,Buffalo Wings D,1.0,15.0,16.5,2.9764,recipe,true
2026-08-01,stow,stow,stow,b,"Lemon, Lime & Bitters",3.0,13.95,15.33,3.0807,recipe,true
2026-08-01,stow,stow,stow,f,$2 BBQ Wing,12.0,13.16,14.48,4.71,recipe,true
2026-08-01,stow,stow,stow,b,Archie Rose Signature Gin,1.0,12.21,13.43,2.83,recipe,true
2026-08-01,stow,stow,stow,f,Kids Nuggets D,1.0,11.82,13.0,2.2427,recipe,true
2026-08-01,stow,stow,stow,b,Little Dragon Can,1.0,11.74,12.92,3.4861,recipe,true
2026-08-01,stow,stow,stow,b,Open Price,2.0,11.36,12.5,0.0,lightspeed,true
2026-08-01,stow,stow,stow,b,Roast Turkey,1.0,10.92,12.0,0.0,lightspeed,true
2026-08-01,stow,stow,stow,f,Side Blue Cheese Dip,14.0,10.25,11.24,0.0,lightspeed,true
2026-08-01,stow,stow,stow,b,Asahi 3.5%,1.0,9.55,10.5,2.18,recipe,true
2026-08-01,stow,stow,stow,b,Orange Juice Glass,2.0,9.1,10.0,0.9602,recipe,true
2026-08-01,stow,stow,stow,b,VB Tinnie,1.0,8.18,9.0,1.96,recipe,true
2026-08-01,stow,stow,stow,f,Side Aioli,20.0,7.78,8.76,0.0,lightspeed,true
2026-08-01,stow,stow,stow,f,Make it Vegetarian [plant-based patty],2.0,7.54,8.28,0.0,lightspeed,true
2026-08-01,stow,stow,stow,f,Add Pulled Beef Brisket,1.0,5.45,6.0,0.0,lightspeed,true
2026-08-01,stow,stow,stow,f,Add Grilled Chicken,1.0,4.7,5.16,0.0,lightspeed,true
2026-08-01,stow,stow,stow,b,Pineapple Juice Glass,1.0,4.7,5.16,0.6942,recipe,true
2026-08-01,stow,stow,stow,f,Make it Gluten-free [gf/vg bun w sweet pot. fries],2.0,3.76,4.14,0.0,lightspeed,true
2026-08-01,stow,stow,stow,f,Side Chipotle Mayo,7.0,3.76,4.13,0.0,lightspeed,true
2026-08-01,stow,stow,stow,f,Caramelised Onion Jam,1.0,2.73,3.0,0.0,lightspeed,true
2026-08-01,stow,stow,stow,f,Roasted Tomato Coulis,1.0,2.73,3.0,0.0,lightspeed,true
2026-08-01,stow,stow,stow,f,Side Gravy,6.0,2.31,2.55,1.8048,recipe,true
2026-08-01,stow,stow,stow,f,Side Spicy Salsa,6.0,1.88,2.06,0.0,lightspeed,true
2026-08-01,stow,stow,stow,b,Fever-Tree Mediterannean  [mixer],1.0,0.94,1.03,0.0,lightspeed,true
2026-08-01,stow,stow,stow,f,Side Guac,1.0,0.94,1.03,0.0,lightspeed,true
2026-08-01,stow,stow,stow,b,2 Glasses,6.0,0.0,0.0,0.0,lightspeed,true
2026-08-01,stow,stow,stow,f,2x Aioli,3.0,0.0,0.0,0.0,lightspeed,true
2026-08-01,stow,stow,stow,b,3 Glasses,2.0,0.0,0.0,0.0,lightspeed,true
2026-08-01,stow,stow,stow,b,4 Glasses,2.0,0.0,0.0,0.0,lightspeed,true
2026-08-01,stow,stow,stow,f,Chicken Parmy D,1.0,0.0,0.0,0.0,lightspeed,true
2026-08-01,stow,stow,stow,b,Dirty,2.0,0.0,0.0,0.0,lightspeed,true
2026-08-01,stow,stow,stow,b,Dressing on the Side,2.0,0.0,0.0,0.0,lightspeed,true
2026-08-01,stow,stow,stow,b,Dry,3.0,0.0,0.0,0.0,lightspeed,true
2026-08-01,stow,stow,stow,f,Eggplant Schnitty D,1.0,0.0,0.0,4.438,recipe,true
2026-08-01,stow,stow,stow,b,Extra Sauce,4.0,0.0,0.0,0.0,lightspeed,true
2026-08-01,stow,stow,stow,b,Glass of Ice on the Side,4.0,0.0,0.0,0.0,lightspeed,true
2026-08-01,stow,stow,stow,f,Hot Honey,2.0,0.0,0.0,0.0,lightspeed,true
2026-08-01,stow,stow,stow,b,Ice,1.0,0.0,0.0,0.0,lightspeed,true
2026-08-01,stow,stow,stow,f,Jalapeños Inside Burrito,1.0,0.0,0.0,0.0,lightspeed,true
2026-08-01,stow,stow,stow,b,Jug of Water,1.0,0.0,0.0,0.0,lightspeed,true
2026-08-01,stow,stow,stow,f,Kids Margherita Pizza,0.0,0.0,0.0,0.0,lightspeed,true
2026-08-01,stow,stow,stow,b,Lemon,3.0,0.0,0.0,0.0,lightspeed,true
2026-08-01,stow,stow,stow,b,Lemon Twist,3.0,0.0,0.0,0.0,lightspeed,true
2026-08-01,stow,stow,stow,b,Lime,14.0,0.0,0.0,0.0,lightspeed,true
2026-08-01,stow,stow,stow,b,Lime Wedge,1.0,0.0,0.0,0.0,lightspeed,true
2026-08-01,stow,stow,stow,b,Make It A Burrito Bowl [gluten-free],3.0,0.0,0.0,0.0,lightspeed,true
2026-08-01,stow,stow,stow,b,Make it Vegan [use vegan cheese],1.0,0.0,0.0,0.0,lightspeed,true
2026-08-01,stow,stow,stow,b,Meatlovers.,1.0,0.0,0.0,0.0,lightspeed,true
2026-08-01,stow,stow,stow,b,No Burger Sauce,3.0,0.0,0.0,0.0,lightspeed,true
2026-08-01,stow,stow,stow,b,No Cheese [dairy-free],1.0,0.0,0.0,0.0,lightspeed,true
2026-08-01,stow,stow,stow,b,No Chilli,1.0,0.0,0.0,0.0,lightspeed,true
2026-08-01,stow,stow,stow,b,"No Chorizo, No Cry.",1.0,0.0,0.0,0.0,lightspeed,true
2026-08-01,stow,stow,stow,b,No Glasses Needed,2.0,0.0,0.0,0.0,lightspeed,true
2026-08-01,stow,stow,stow,b,No Guac,2.0,0.0,0.0,0.0,lightspeed,true
2026-08-01,stow,stow,stow,b,No Lettuce,2.0,0.0,0.0,0.0,lightspeed,true
2026-08-01,stow,stow,stow,b,No Mayo,3.0,0.0,0.0,0.0,lightspeed,true
2026-08-01,stow,stow,stow,b,No Mushroom,2.0,0.0,0.0,0.0,lightspeed,true
2026-08-01,stow,stow,stow,b,No Olives,1.0,0.0,0.0,0.0,lightspeed,true
2026-08-01,stow,stow,stow,b,No Onion,5.0,0.0,0.0,0.0,lightspeed,true
2026-08-01,stow,stow,stow,b,No Pickle,3.0,0.0,0.0,0.0,lightspeed,true
2026-08-01,stow,stow,stow,b,No Pineapple,1.0,0.0,0.0,0.0,lightspeed,true
2026-08-01,stow,stow,stow,b,No Slaw,2.0,0.0,0.0,0.0,lightspeed,true
2026-08-01,stow,stow,stow,b,No Sliced Tomato,1.0,0.0,0.0,0.0,lightspeed,true
2026-08-01,stow,stow,stow,b,No Tomato,4.0,0.0,0.0,0.0,lightspeed,true
2026-08-01,stow,stow,stow,b,Olive,2.0,0.0,0.0,0.0,lightspeed,true
2026-08-01,stow,stow,stow,b,On The Rocks,1.0,0.0,0.0,0.0,lightspeed,true
2026-08-01,stow,stow,stow,b,One Ice Block,2.0,0.0,0.0,0.0,lightspeed,true
2026-08-01,stow,stow,stow,b,Pepsi Max [mixer],1.0,0.0,0.0,0.8,lightspeed,true
2026-08-01,stow,stow,stow,b,Pineapple Juice [mixer],2.0,0.0,0.0,1.1802,recipe,true
2026-08-01,stow,stow,stow,b,Remove Cheese [make it dairy-free],1.0,0.0,0.0,0.0,lightspeed,true
2026-08-01,stow,stow,stow,b,Send Kids Food ASAP,4.0,0.0,0.0,0.0,lightspeed,true
2026-08-01,stow,stow,stow,b,Send Kids Food With Mains,1.0,0.0,0.0,0.0,lightspeed,true
2026-08-01,stow,stow,stow,f,Side BBQ Sauce,9.0,0.0,0.0,0.0,lightspeed,true
2026-08-01,stow,stow,stow,f,Side Guacamole,3.0,0.0,0.0,0.0,lightspeed,true
2026-08-01,stow,stow,stow,b,Side Tomato Sauce,9.0,0.0,0.0,0.0,lightspeed,true
2026-08-01,stow,stow,stow,b,Soda [mixer],8.0,0.0,0.0,0.0,lightspeed,true
2026-08-01,stow,stow,stow,f,Swap Fries for Sweet Potato Fries,1.0,0.0,0.0,0.0,lightspeed,true
2026-08-01,stow,stow,stow,b,Tonic [mixer],3.0,0.0,0.0,2.41,lightspeed,true
2026-08-01,stow,stow,stow,b,Vegan,1.0,0.0,0.0,0.0,lightspeed,true
2026-08-01,stow,stow,stow,b,Virgin Margy,1.0,0.0,0.0,0.0,lightspeed,true
2026-08-02,hg,hg,hg,b,Open Price,3.0,2181.82,2400.0,0.0,lightspeed,true
2026-08-02,hg,hg,stow,f,Kids Fried Rice,1.0,13.0,14.3,0.0,lightspeed,true
2026-08-02,hg,hg,stow,f,Tofu.,1.0,2.0,2.2,0.0,lightspeed,true
2026-08-02,hg,hg,hg,b,Angas & Bremer Grenache - Regular,1.0,0.0,0.0,1.754,recipe,true
2026-08-02,hg,hg,hg,b,Asahi Zero,3.0,0.0,0.0,6.29,lightspeed,true
2026-08-02,hg,hg,hg,b,Birdseye Chilli Marg,6.0,0.0,0.0,20.0208,recipe,true
2026-08-02,hg,hg,hg,b,Classic Margarita,13.0,0.0,0.0,54.2412,recipe,true
2026-08-02,hg,hg,hg,b,Diplomatico Mantuana,2.0,0.0,0.0,0.0,lightspeed,true
2026-08-02,hg,hg,hg,b,Harry's Lager - Pint,5.0,0.0,0.0,10.545,recipe,true
2026-08-02,hg,hg,hg,b,Harry's Lager - Schooner,13.0,0.0,0.0,20.4425,recipe,true
2026-08-02,hg,hg,hg,b,Lemon Chu-hi,10.0,0.0,0.0,15.041,recipe,true
2026-08-02,hg,hg,hg,b,Lime,4.0,0.0,0.0,0.0,lightspeed,true
2026-08-02,hg,hg,hg,b,Margato,1.0,0.0,0.0,3.7334,recipe,true
2026-08-02,hg,hg,hg,b,No Garnish,1.0,0.0,0.0,0.0,lightspeed,true
2026-08-02,hg,hg,hg,b,Palloncino Prosecco - Regular,8.0,0.0,0.0,18.3992,recipe,true
2026-08-02,hg,hg,hg,b,Pepsi,1.0,0.0,0.0,0.8,lightspeed,true
2026-08-02,hg,hg,hg,b,Rooster Blanco Tequila [House],3.0,0.0,0.0,5.8923,recipe,true
2026-08-02,hg,hg,hg,b,Sapporo - 500ml,9.0,0.0,0.0,33.39,recipe,true
2026-08-02,hg,hg,hg,b,Sapporo - Schooner,19.0,0.0,0.0,59.9165,recipe,true
2026-08-02,hg,hg,hg,b,Soda,4.0,0.0,0.0,0.0,lightspeed,true
2026-08-02,mari,mari,mari,f,Banquet Deal Pizzas,2.0,120.0,132.0,42.2562,recipe,true
2026-08-02,mari,mari,mari,f,Large Super House Special,4.0,116.0,127.6,30.4708,recipe,true
2026-08-02,mari,mari,mari,f,Large Hawaiian,5.0,110.9,122.0,16.5785,recipe,true
2026-08-02,mari,mari,mari,f,"Regular No Chorizo, No Cry [Dine-in]",3.0,77.1,84.8,7.9245,recipe,true
2026-08-02,mari,mari,mari,f,Large Pepperoni,3.0,70.9,78.0,13.083,recipe,true
2026-08-02,mari,mari,mari,f,Large Margherita,4.0,66.36,73.0,9.3088,recipe,true
2026-08-02,mari,mari,mari,f,Regular Cosmopolitan,3.0,58.5,64.35,13.3986,recipe,true
2026-08-02,mari,mari,mari,f,Large Meatlovers,3.0,56.0,61.6,20.22,recipe,true
2026-08-02,mari,mari,mari,f,Regular Hail Africa [Dine-in],2.0,55.77,61.34,5.645,recipe,true
2026-08-02,mari,mari,mari,f,Regular Little Italy [Dine-in],2.0,52.85,58.14,8.331,recipe,true
2026-08-02,mari,mari,mari,f,$45 FEAST,1.0,45.0,49.5,14.0714,recipe,true
2026-08-02,mari,mari,mari,f,Corona 6-pack D,2.0,45.0,49.5,30.9188,recipe,true
2026-08-02,mari,mari,mari,f,Regular BBQ Chicken Pizza,2.0,41.77,45.95,6.1752,recipe,true
2026-08-02,mari,mari,mari,f,Regular Little Italy,2.0,39.0,42.9,9.5162,recipe,true
2026-08-02,mari,mari,mari,f,Fellr Watermelon Seltzer Seltzer 4-pack D,2.0,33.99,37.39,27.28,recipe,true
2026-08-02,mari,mari,mari,f,Large Cosmopolitan,1.0,29.09,32.0,7.041,recipe,true
2026-08-02,mari,mari,mari,f,Kuku Sauvignon Blanc D,1.0,28.0,30.8,14.5702,recipe,true
2026-08-02,mari,mari,mari,f,Regular Jimmy Jury [Dine-in],1.0,27.88,30.68,3.6214,recipe,true
2026-08-02,mari,mari,mari,f,Large BBQ Chicken Pizza,2.0,27.27,30.0,8.222,recipe,true
2026-08-02,mari,mari,mari,f,Large Sorrento,1.0,27.27,30.0,5.8575,recipe,true
2026-08-02,mari,mari,mari,f,Large Little Italy,1.0,27.0,29.7,7.3904,recipe,true
2026-08-02,mari,mari,mari,f,Large New Yorker,1.0,27.0,29.7,4.9731,recipe,true
2026-08-02,mari,mari,mari,f,Axl Rose Pizza,1.0,26.85,29.54,0.0,lightspeed,true
2026-08-02,mari,mari,mari,f,Regular El Patron [Dine-in],1.0,26.84,29.54,3.7287,recipe,true
2026-08-02,mari,mari,mari,f,Regular Truffalo Soldier [Dine-in],1.0,26.0,28.6,3.068,recipe,true
2026-08-02,mari,mari,mari,f,Regular Uber Margherita [Dine-in],1.0,23.75,26.13,2.712,recipe,true
2026-08-02,mari,mari,mari,f,Regular Meatlovers,1.0,22.73,25.0,4.3392,recipe,true
2026-08-02,mari,mari,mari,f,Regular Sanchez,1.0,22.73,25.0,4.5378,recipe,true
2026-08-02,mari,mari,mari,f,Btl Version 2 Pinot Grigio D,1.0,22.5,24.75,8.8335,recipe,true
2026-08-02,mari,mari,mari,f,Garlic Bread,5.0,21.82,24.0,7.4385,recipe,true
2026-08-02,mari,mari,mari,f,Regular Garlic Cheese Pizza,2.0,21.68,23.85,3.0042,recipe,true
2026-08-02,mari,mari,mari,f,Regular Hawaiian,1.0,20.0,22.0,3.272,recipe,true
2026-08-02,mari,mari,mari,f,Regular Pepperoni,1.0,20.0,22.0,2.6992,recipe,true
2026-08-02,mari,mari,mari,f,Regular Paddock,1.0,19.5,21.45,4.0838,recipe,true
2026-08-02,mari,mari,mari,f,Regular Super House Special,1.0,19.5,21.45,4.6187,recipe,true
2026-08-02,mari,mari,mari,f,Cheesy Garlic Bread,3.0,19.27,21.2,5.4081,recipe,true
2026-08-02,mari,mari,mari,f,Delivery Fee - Curl Curl / Manly / Dee Why,2.0,13.0,14.3,0.0,lightspeed,true
2026-08-02,mari,mari,mari,f,Online Surcharge,10.0,11.41,11.41,0.0,lightspeed,true
2026-08-02,mari,mari,mari,f,Add Fetta,2.0,6.1,6.71,0.0,lightspeed,true
2026-08-02,mari,mari,mari,f,Gluten-free Margherita,1.0,5.45,6.0,5.9848,recipe,true
2026-08-02,mari,mari,mari,f,Delivery Fee - Freshwater / Queenscliff,1.0,5.0,5.5,0.0,lightspeed,true
2026-08-02,mari,mari,mari,f,Add Bacon,2.0,4.0,4.4,0.0,lightspeed,true
2026-08-02,mari,mari,mari,f,Coke Can,3.0,3.64,4.0,5.67,recipe,true
2026-08-02,mari,mari,mari,f,Add Ham,1.0,3.0,3.3,0.0,lightspeed,true
2026-08-02,mari,mari,mari,f,Add Pepperoni,1.0,3.0,3.3,0.0,lightspeed,true
2026-08-02,mari,mari,mari,f,Add Anchovies,1.0,2.0,2.2,0.0,lightspeed,true
2026-08-02,mari,mari,mari,f,Add Olives,1.0,1.5,1.65,0.0,lightspeed,true
2026-08-02,mari,mari,mari,f,Add Pineapple,1.0,1.5,1.65,0.0,lightspeed,true
2026-08-02,mari,mari,mari,f,Add Chilli,1.0,1.0,1.1,0.0,lightspeed,true
2026-08-02,mari,mari,mari,f,.1.25L Coke,1.0,0.0,0.0,3.69,recipe,true
2026-08-02,mari,mari,mari,f,.1.25L Coke Zero,1.0,0.0,0.0,3.39,lightspeed,true
2026-08-02,mari,mari,mari,f,.Garlic Bread,2.0,0.0,0.0,2.9754,recipe,true
2026-08-02,mari,mari,mari,f,Add Chorizo,1.0,0.0,0.0,0.0,lightspeed,true
2026-08-02,mari,mari,mari,f,Add Pesto,1.0,0.0,0.0,0.0,lightspeed,true
2026-08-02,mari,mari,mari,f,BBQ Chicken.,2.0,0.0,0.0,0.0,lightspeed,true
2026-08-02,mari,mari,mari,f,Large Sanchez VEGAN,1.0,0.0,0.0,4.0494,recipe,true
2026-08-02,mari,mari,mari,f,Large Vegetarian,2.0,0.0,0.0,8.4872,recipe,true
2026-08-02,mari,mari,mari,f,Regular Margherita,1.0,0.0,0.0,2.0331,recipe,true
2026-08-02,mari,mari,mari,f,Vegan Cheese [Pizza],1.0,0.0,0.0,0.0,lightspeed,true
2026-08-02,mari,mari,mari,f,Online Discount,4.0,-58.3,-58.3,0.0,lightspeed,true
2026-08-02,stow,stow,stow,f,Beef Roast,59.0,1739.74,1913.75,319.1192,recipe,true
2026-08-02,stow,stow,stow,b,Guinness Draught - Pint,35.0,614.79,676.27,168.1785,recipe,true
2026-08-02,stow,stow,stow,b,Roast Turkey,19.0,576.9,634.6,0.0,lightspeed,true
2026-08-02,stow,stow,stow,b,Mulled Wine,29.0,433.41,476.76,60.4998,recipe,true
2026-08-02,stow,stow,stow,b,Jalapeño Marg,14.0,329.54,362.5,53.8412,recipe,true
2026-08-02,stow,stow,stow,f,American Standard Burger,10.0,246.51,271.16,58.403,recipe,true
2026-08-02,stow,stow,stow,f,Nut Roast,8.0,239.85,263.84,39.4248,recipe,true
2026-08-02,stow,stow,stow,b,Grifter Pale - Pint,14.0,210.0,231.0,46.6116,recipe,true
2026-08-02,stow,stow,stow,f,Fish Tacos,10.0,205.9,226.49,18.485,recipe,true
2026-08-02,stow,stow,stow,b,Stone & Wood - Pint,12.0,204.0,224.4,53.0508,recipe,true
2026-08-02,stow,stow,stow,b,Aperol Spritz,10.0,200.65,220.72,35.56,recipe,true
2026-08-02,stow,stow,stow,b,Fresh is Best Lager - Pint,16.0,200.41,220.45,38.7504,recipe,true
2026-08-02,stow,stow,stow,f,Stow Schnitty,7.0,190.06,209.07,38.486,recipe,true
2026-08-02,stow,stow,stow,f,Sensei Calamari,9.0,178.7,196.55,20.3652,recipe,true
2026-08-02,stow,stow,stow,b,Stone & Wood - Schooner,13.0,168.56,185.41,42.8519,recipe,true
2026-08-02,stow,stow,stow,b,Grifter Pale - Schooner,14.0,161.38,177.52,34.7536,recipe,true
2026-08-02,stow,stow,stow,b,Fresh is Best Lager - Schooner,20.7,151.97,167.17,37.3801,recipe,true
2026-08-02,stow,stow,stow,b,Version Two Pinot Grigio - Bottle,3.0,147.0,161.7,26.5,lightspeed,true
2026-08-02,stow,stow,stow,f,Buffalo Wings,8.0,142.88,157.17,23.8112,recipe,true
2026-08-02,stow,stow,stow,b,Coconut Margarita,6.0,142.51,156.76,25.4694,recipe,true
2026-08-02,stow,stow,stow,b,BBQ Ribs,3.0,136.33,149.96,0.0,lightspeed,true
2026-08-02,stow,stow,stow,b,Espresso Martini,7.0,128.0,140.8,22.995,recipe,true
2026-08-02,stow,stow,stow,f,Cauliflower Cheese,17.0,101.37,111.51,14.977,recipe,true
2026-08-02,stow,stow,stow,b,Classic Margarita,5.0,101.31,111.44,20.862,recipe,true
2026-08-02,stow,stow,stow,f,Rosemary Salted Fries,8.0,91.57,100.74,14.88,recipe,true
2026-08-02,stow,stow,stow,b,Padrillos Malbec - Regular,5.0,90.0,99.0,19.333,recipe,true
2026-08-02,stow,stow,stow,f,BBQ Wings,5.0,85.6,94.17,15.7,recipe,true
2026-08-02,stow,stow,stow,f,Farmhouse Salad,3.0,76.37,83.98,0.0,lightspeed,true
2026-08-02,stow,stow,stow,b,Mother's Milk Shiraz - Large,3.0,75.0,82.5,16.0815,recipe,true
2026-08-02,stow,stow,stow,b,A. Rodda Tempranillo - Bottle,1.0,72.0,79.2,27.86,lightspeed,true
2026-08-02,stow,stow,stow,f,Beef Cheek D,2.0,70.0,77.0,0.0,lightspeed,true
2026-08-02,stow,stow,stow,b,Status Quo - Pint,4.0,70.0,77.0,16.6348,recipe,true
2026-08-02,stow,stow,stow,f,Fancy Pants Parmy - Classic,3.0,69.6,76.56,22.7958,recipe,true
2026-08-02,stow,stow,stow,b,Boulevardier,3.0,68.17,74.98,10.42,lightspeed,true
2026-08-02,stow,stow,stow,f,Sweet Potato Fries,5.0,66.71,73.38,12.6505,recipe,true
2026-08-02,stow,stow,stow,f,Kids Nuggets & Chips,5.0,65.0,71.5,11.2135,recipe,true
2026-08-02,stow,stow,stow,b,Ottelia Chardonnay - Regular,4.0,64.0,70.4,13.8376,recipe,true
2026-08-02,stow,stow,stow,b,Ottelia Chardonnay - Bottle,1.0,63.0,69.3,17.3,lightspeed,true
2026-08-02,stow,stow,stow,f,Buffalo Wings D,4.0,62.1,68.3,11.9056,recipe,true
2026-08-02,stow,stow,stow,b,Geppetto Pinot Noir - Regular,4.0,60.49,66.54,14.048,recipe,true
2026-08-02,stow,stow,stow,b,Geppetto Pinot Noir - Bottle,1.0,60.0,66.0,17.56,lightspeed,true
2026-08-02,stow,stow,stow,b,Villa Fresco Sangiovese - Regular,7.0,60.0,66.0,16.8861,recipe,true
2026-08-02,stow,stow,stow,f,Eggplant Parmy,2.0,59.9,65.88,0.0,lightspeed,true
2026-08-02,stow,stow,stow,b,Kuku Sauvignon Blanc - Regular,4.0,56.92,62.61,11.6564,recipe,true
2026-08-02,stow,stow,stow,b,Whispering Angel Rosé - Regular,2.0,56.0,61.6,13.718,recipe,true
2026-08-02,stow,stow,stow,b,Heaps Normal Tin,5.0,55.72,61.3,13.348,recipe,true
2026-08-02,stow,stow,stow,b,Kirin - Pint,3.0,55.5,61.05,15.2772,recipe,true
2026-08-02,stow,stow,stow,b,Jala Marg PartyJar [6 serves],1.0,55.0,60.5,0.0,lightspeed,true
2026-08-02,stow,stow,stow,b,Padrillos Malbec - Large,2.0,54.88,60.37,12.8886,recipe,true
2026-08-02,stow,stow,stow,f,Chicken Shindig Burger,2.0,54.68,60.15,10.7858,recipe,true
2026-08-02,stow,stow,stow,b,Pepsi Max Glass,12.0,54.3,59.72,15.72,recipe,true
2026-08-02,stow,stow,stow,b,Ottelia Cab Sav - Large,2.0,54.0,59.4,15.36,recipe,true
2026-08-02,stow,stow,stow,b,Crankshaft IPA - Pint,3.0,53.64,59.01,12.9072,recipe,true
2026-08-02,stow,stow,stow,b,"Lemon, Lime & Bitters",10.0,51.13,56.26,10.269,recipe,true
2026-08-02,stow,stow,stow,f,Baked Camembert,2.0,50.61,55.67,0.0,lightspeed,true
2026-08-02,stow,stow,stow,b,Fresh is Best Summer Lager - Schooner,5.7,49.0,53.91,8.961,recipe,true
2026-08-02,stow,stow,stow,b,Villa Fresco Sangiovese - Bottle,1.0,49.0,53.9,12.06,lightspeed,true
2026-08-02,stow,stow,stow,b,Philter XPA - Pint,3.0,45.0,49.5,9.0066,recipe,true
2026-08-02,stow,stow,stow,b,Stow's Irish Coffee,3.0,45.0,49.5,2.7525,recipe,true
2026-08-02,stow,stow,stow,b,Whispering Angel Rosé - Large,1.0,44.41,48.85,11.4317,recipe,true
2026-08-02,stow,stow,stow,b,Beetle Juice,2.0,44.0,48.4,7.414,recipe,true
2026-08-02,stow,stow,stow,b,Bombay Dry [House],4.0,44.0,48.4,8.6576,recipe,true
2026-08-02,stow,stow,stow,b,Monkey Shoulder Scotch [House],4.0,44.0,48.4,9.7868,recipe,true
2026-08-02,stow,stow,stow,b,Negroni,2.0,44.0,48.4,8.198,recipe,true
2026-08-02,stow,stow,stow,b,Kirin - Schooner,3.0,42.0,46.2,11.3907,recipe,true
2026-08-02,stow,stow,stow,f,Bang Bang Cauli,3.0,41.37,45.51,8.2977,recipe,true
2026-08-02,stow,stow,stow,b,Status Quo - Schooner,3.0,40.5,44.55,9.3024,recipe,true
2026-08-02,stow,stow,stow,f,Beef Cheek,1.0,39.9,43.89,0.0,lightspeed,true
2026-08-02,stow,stow,stow,b,Trentham Estate Rosé - Large,2.0,38.0,41.8,7.0336,recipe,true
2026-08-02,stow,stow,stow,b,Unico Zelo Terra Cotta - Regular,2.0,38.0,41.8,8.756,recipe,true
2026-08-02,stow,stow,stow,b,Version Two Pinot Grigio - Large,2.0,38.0,41.8,5.889,recipe,true
2026-08-02,stow,stow,stow,b,Pepsi Glass,8.0,36.3,39.92,10.48,recipe,true
2026-08-02,stow,stow,stow,b,Trentham Estate Rosé - Regular,3.0,36.0,39.6,6.33,recipe,true
2026-08-02,stow,stow,stow,b,Year Wines Fiano - Regular,2.0,36.0,39.6,8.542,recipe,true
2026-08-02,stow,stow,stow,f,BBQ Wings D,3.0,32.0,35.2,9.42,recipe,true
2026-08-02,stow,stow,stow,b,Monteith's Apple Cider Bottle,3.0,31.85,35.03,9.33,recipe,true
2026-08-02,stow,stow,stow,b,Mother's Milk Shiraz - Regular,2.0,30.0,33.0,6.4326,recipe,true
2026-08-02,stow,stow,stow,b,Peroni 0%,3.0,27.0,29.7,5.5389,recipe,true
2026-08-02,stow,stow,stow,b,Bombay Sapphire Gin Martini,1.0,25.82,28.4,3.5352,recipe,true
2026-08-02,stow,stow,stow,b,Ottelia Chardonnay - Large,1.0,25.82,28.4,5.7657,recipe,true
2026-08-02,stow,stow,stow,f,Chicken Parmy D,1.0,25.0,27.5,0.0,lightspeed,true
2026-08-02,stow,stow,stow,b,Petits Detours Rosé - Large,1.0,25.0,27.5,5.78,recipe,true
2026-08-02,stow,stow,stow,f,Eggplant Parmy D,1.0,24.55,27.0,0.0,lightspeed,true
2026-08-02,stow,stow,stow,f,Brownie,2.0,24.39,26.83,5.6452,recipe,true
2026-08-02,stow,stow,stow,f,Onion Rings,2.0,24.39,26.83,0.0,lightspeed,true
2026-08-02,stow,stow,stow,b,Fresh is Best Summer Lager - Pint,2.0,24.0,26.4,4.2168,recipe,true
2026-08-02,stow,stow,stow,b,Version Two Pinot Grigio - Regular,2.0,24.0,26.4,3.5334,recipe,true
2026-08-02,stow,stow,stow,b,Tommy's Margarita,1.0,23.76,26.13,5.0572,recipe,true
2026-08-02,stow,stow,stow,f,Beef Burger D,1.0,23.64,26.0,5.8403,recipe,true
2026-08-02,stow,stow,stow,f,Amalfi Olives,2.0,23.0,25.3,0.0,lightspeed,true
2026-08-02,stow,stow,stow,b,Quiet Riot Negroni,1.0,23.0,25.3,4.5695,recipe,true
2026-08-02,stow,stow,stow,f,Arancini Balls [5pc],1.0,22.62,24.88,0.0,lightspeed,true
2026-08-02,stow,stow,stow,b,Four Pillars Bloody Shiraz Gin Tonica,1.0,21.69,23.86,5.5596,recipe,true
2026-08-02,stow,stow,stow,b,Fresh Lime Soda,6.0,21.23,23.35,0.0,lightspeed,true
2026-08-02,stow,stow,stow,b,Poor Tom's Strawberry Gin Tonica,1.0,21.0,23.1,4.445,recipe,true
2026-08-02,stow,stow,stow,f,Cauliflower Tacos,1.0,20.65,22.72,0.0,lightspeed,true
2026-08-02,stow,stow,stow,b,Bundaberg Ginger Beer,4.0,20.32,22.36,3.9688,recipe,true
2026-08-02,stow,stow,stow,b,Apple Juice Glass,4.0,20.0,22.0,2.6376,recipe,true
2026-08-02,stow,stow,stow,f,Kids Meat Roast,1.0,20.0,22.0,0.0,lightspeed,true
2026-08-02,stow,stow,stow,b,Sigurd White Blend - Regular,1.0,20.0,22.0,4.62,recipe,true
2026-08-02,stow,stow,stow,f,Rocket Man,1.0,18.59,20.45,3.1972,recipe,true
2026-08-02,stow,stow,stow,f,Extra Yorkshire Pudding,9.0,18.35,20.15,0.0,lightspeed,true
2026-08-02,stow,stow,stow,b,Johnnie Walker Black,1.0,17.57,19.33,2.454,recipe,true
2026-08-02,stow,stow,stow,f,Bang Bang Cauli D,1.0,17.27,19.0,2.7659,recipe,true
2026-08-02,stow,stow,stow,b,Ottelia Cab Sav - Regular,1.0,17.0,18.7,4.608,recipe,true
2026-08-02,stow,stow,stow,b,Apple Crumble,2.0,16.0,17.6,0.0,lightspeed,true
2026-08-02,stow,stow,stow,b,Petits Detours Rosé - Regular,1.0,16.0,17.6,3.468,recipe,true
2026-08-02,stow,stow,stow,b,Four Pillars Bloody Shiraz Gin,1.0,14.98,16.48,2.9666,recipe,true
2026-08-02,stow,stow,stow,f,Extra Gravy,8.0,14.21,15.61,2.4064,recipe,true
2026-08-02,stow,stow,stow,b,Hendrick's Gin,1.0,14.0,15.4,2.8179,recipe,true
2026-08-02,stow,stow,stow,b,Philter Pale - Pint,1.0,14.0,15.4,0.0,lightspeed,true
2026-08-02,stow,stow,stow,b,Trade Winds,1.0,14.0,15.4,1.4538,recipe,true
2026-08-02,stow,stow,stow,b,Crankshaft IPA - Schooner,1.0,13.5,14.85,3.2079,recipe,true
2026-08-02,stow,stow,stow,b,Guinness Draught - Schooner,1.0,13.5,14.85,3.5827,recipe,true
2026-08-02,stow,stow,stow,f,Kids Margherita Pizza,1.0,13.0,14.3,0.0,lightspeed,true
2026-08-02,stow,stow,stow,f,Extra Veg,4.0,12.2,13.42,0.0,lightspeed,true
2026-08-02,stow,stow,stow,b,Young Henrys Cloudy Cider Can,1.0,12.0,13.2,2.58,recipe,true
2026-08-02,stow,stow,stow,f,Fries D,1.0,11.82,13.0,0.0,lightspeed,true
2026-08-02,stow,stow,stow,b,Philter XPA - Schooner,2.0,11.5,12.65,4.477,recipe,true
2026-08-02,stow,stow,stow,b,Philter Pale - Schooner,1.0,10.85,11.93,0.0,lightspeed,true
2026-08-02,stow,stow,stow,f,Lepinja Bread,1.0,10.0,11.0,0.0,lightspeed,true
2026-08-02,stow,stow,stow,b,Pineapple Juice Glass,2.0,10.0,11.0,1.3884,recipe,true
2026-08-02,stow,stow,stow,b,Pink Lemonade Glass,2.0,9.15,10.07,1.8966,recipe,true
2026-08-02,stow,stow,stow,b,Lemonade Glass,2.0,9.0,9.9,1.6064,recipe,true
2026-08-02,stow,stow,stow,f,Swap Fries for Sweet Potato Fries,4.0,8.21,9.01,0.0,lightspeed,true
2026-08-02,stow,stow,stow,b,Add Mac. Liqueur,2.0,8.0,8.8,4.3526,recipe,true
2026-08-02,stow,stow,stow,f,Extra Taco,1.0,7.23,7.96,0.9826,recipe,true
2026-08-02,stow,stow,stow,f,Add Grilled Chicken,1.0,6.2,6.82,0.0,lightspeed,true
2026-08-02,stow,stow,stow,f,Add Pulled Beef Brisket,1.0,6.0,6.6,0.0,lightspeed,true
2026-08-02,stow,stow,stow,f,Make it Vegan [patty + cheese + bun],1.0,5.16,5.68,0.0,lightspeed,true
2026-08-02,stow,stow,stow,b,Cranberry Juice Glass,1.0,5.0,5.5,0.69,recipe,true
2026-08-02,stow,stow,stow,b,Orange Juice Glass,1.0,5.0,5.5,0.4801,recipe,true
2026-08-02,stow,stow,stow,f,Make it Vegetarian [plant-based patty],1.0,4.13,4.54,0.0,lightspeed,true
2026-08-02,stow,stow,stow,f,Side Aioli,6.0,3.06,3.36,0.0,lightspeed,true
2026-08-02,stow,stow,stow,f,Side Blue Cheese Dip,3.0,3.03,3.34,0.0,lightspeed,true
2026-08-02,stow,stow,stow,f,Side Chipotle Mayo,3.0,3.03,3.34,0.0,lightspeed,true
2026-08-02,stow,stow,stow,f,Swap for Sweet Potato Fries,1.0,2.07,2.27,0.0,lightspeed,true
2026-08-02,stow,stow,stow,f,Side Gravy,1.0,1.5,1.65,0.3008,recipe,true
2026-08-02,stow,stow,stow,f,Add Side Guac,1.0,1.03,1.14,0.0,lightspeed,true
2026-08-02,stow,stow,stow,f,Side Spicy Salsa,1.0,0.4,0.44,0.0,lightspeed,true
2026-08-02,stow,stow,stow,b,2 Glasses,1.0,0.0,0.0,0.0,lightspeed,true
2026-08-02,stow,stow,stow,f,Brownie D,1.0,0.0,0.0,1.9501,recipe,true
2026-08-02,stow,stow,stow,b,Classic,1.0,0.0,0.0,0.0,lightspeed,true
2026-08-02,stow,stow,stow,b,Dressing on the Side,1.0,0.0,0.0,0.0,lightspeed,true
2026-08-02,stow,stow,stow,b,Easy Sauce,2.0,0.0,0.0,0.0,lightspeed,true
2026-08-02,stow,stow,stow,b,Glass of Ice on the Side,1.0,0.0,0.0,0.0,lightspeed,true
2026-08-02,stow,stow,stow,b,Gluten-free [Corn Tortillas],1.0,0.0,0.0,0.0,lightspeed,true
2026-08-02,stow,stow,stow,b,Gluten-free [remove Yorkshire],2.0,0.0,0.0,0.0,lightspeed,true
2026-08-02,stow,stow,stow,b,Jug of Water,1.0,0.0,0.0,0.0,lightspeed,true
2026-08-02,stow,stow,stow,b,Lemon Twist,1.0,0.0,0.0,0.0,lightspeed,true
2026-08-02,stow,stow,stow,b,Lettuce Cup [Gluten-free alt.],1.0,0.0,0.0,0.0,lightspeed,true
2026-08-02,stow,stow,stow,b,Little Italy.,1.0,0.0,0.0,0.0,lightspeed,true
2026-08-02,stow,stow,stow,b,No Bacon,1.0,0.0,0.0,0.0,lightspeed,true
2026-08-02,stow,stow,stow,b,No Capsicum,1.0,0.0,0.0,0.0,lightspeed,true
2026-08-02,stow,stow,stow,b,No Garnish,1.0,0.0,0.0,0.0,lightspeed,true
2026-08-02,stow,stow,stow,b,No Gravy,1.0,0.0,0.0,0.0,lightspeed,true
2026-08-02,stow,stow,stow,b,No Onion,3.0,0.0,0.0,0.0,lightspeed,true
2026-08-02,stow,stow,stow,b,No Pineapple,2.0,0.0,0.0,0.0,lightspeed,true
2026-08-02,stow,stow,stow,b,No Tomato,1.0,0.0,0.0,0.0,lightspeed,true
2026-08-02,stow,stow,stow,b,No Za'atar,1.0,0.0,0.0,0.0,lightspeed,true
2026-08-02,stow,stow,stow,b,On The Rocks,3.0,0.0,0.0,0.0,lightspeed,true
2026-08-02,stow,stow,stow,b,Orange,1.0,0.0,0.0,0.0,lightspeed,true
2026-08-02,stow,stow,stow,b,Pepperoni.,1.0,0.0,0.0,0.0,lightspeed,true
2026-08-02,stow,stow,stow,b,Send Kids Food ASAP,4.0,0.0,0.0,0.0,lightspeed,true
2026-08-02,stow,stow,stow,b,Send Kids Food With Mains,2.0,0.0,0.0,0.0,lightspeed,true
2026-08-02,stow,stow,stow,f,Side BBQ Sauce,3.0,0.0,0.0,0.0,lightspeed,true
2026-08-02,stow,stow,stow,b,Side Tomato Sauce,3.0,0.0,0.0,0.0,lightspeed,true
2026-08-02,stow,stow,stow,b,Soda [mixer],2.0,0.0,0.0,0.0,lightspeed,true
2026-08-02,stow,stow,stow,b,Super House Special.,1.0,0.0,0.0,0.0,lightspeed,true
2026-08-02,stow,stow,stow,b,Swap Gravy for Aioli,1.0,0.0,0.0,0.0,lightspeed,true
2026-08-02,stow,stow,stow,b,Swap Gravy for Tomato Sauce,1.0,0.0,0.0,0.0,lightspeed,true
2026-08-02,stow,stow,stow,b,Tandoori Chicken.,1.0,0.0,0.0,0.0,lightspeed,true
2026-08-03,hg,hg,stow,f,Unlimited Dumplings,86.0,1880.86,2068.8,601.8366,recipe,true
2026-08-03,hg,hg,hg,f,Unlimited Dumplings,29.0,621.88,684.0,202.9449,recipe,true
2026-08-03,hg,hg,stow,f,Fried Rice,3.0,64.82,71.3,8.4726,recipe,true
2026-08-03,hg,hg,stow,f,Mie Goreng,3.0,62.73,69.0,17.0064,recipe,true
2026-08-03,hg,hg,stow,f,BBQ Pork Buns,4.0,56.34,61.95,14.0,recipe,true
2026-08-03,hg,hg,stow,f,Tonkotsu,2.0,55.36,60.9,8.5286,recipe,true
2026-08-03,hg,hg,hg,b,Drunken Koi,3.0,53.45,58.8,7.3275,recipe,true
2026-08-03,hg,hg,hg,f,Tonkotsu,3.0,52.72,58.0,12.7929,recipe,true
2026-08-03,hg,hg,stow,f,Katsu Curry,2.0,49.91,54.89,6.1926,recipe,true
2026-08-03,hg,hg,hg,b,Sapporo - Schooner,4.0,47.28,52.0,12.614,recipe,true
2026-08-03,hg,hg,hg,f,Shredded Beef,2.0,47.28,52.0,0.0,lightspeed,true
2026-08-03,hg,hg,stow,f,Duck Spring Rolls,3.0,45.07,49.58,0.0,lightspeed,true
2026-08-03,hg,hg,hg,b,Sapporo - 500ml,4.0,45.0,49.5,14.84,recipe,true
2026-08-03,hg,hg,hg,f,Fried Rice,2.0,41.82,46.0,5.6484,recipe,true
2026-08-03,hg,hg,hg,f,BBQ Pork Buns,3.0,40.92,45.0,10.5,recipe,true
2026-08-03,hg,hg,hg,f,Popcorn Cauliflower,3.0,40.01,44.0,2.8833,recipe,true
2026-08-03,hg,hg,stow,f,Popcorn Cauliflower,3.0,39.45,43.37,2.8833,recipe,true
2026-08-03,hg,hg,stow,f,Dumplings - Beef & Cabbage,3.0,36.63,40.29,4.3857,recipe,true
2026-08-03,hg,hg,hg,b,Angas & Bremer Rosé - Large,2.0,34.36,37.8,5.8464,recipe,true
2026-08-03,hg,hg,stow,f,Outback Prawn Toast,2.0,29.57,32.52,7.7792,recipe,true
2026-08-03,hg,hg,hg,b,Azurescens Pinot Noir - Regular,2.0,27.28,30.0,5.6002,recipe,true
2026-08-03,hg,hg,hg,b,Geppetto Chardonnay - Regular,2.0,27.28,30.0,6.2272,recipe,true
2026-08-03,hg,hg,hg,f,Miso,1.0,26.36,29.0,0.0,lightspeed,true
2026-08-03,hg,hg,stow,f,Miso Ramen,1.0,26.36,29.0,0.0,lightspeed,true
2026-08-03,hg,hg,stow,f,Shoyu,1.0,26.36,29.0,0.0,lightspeed,true
2026-08-03,hg,hg,hg,f,Vegetarian Spring Rolls,2.0,25.46,28.0,3.2984,recipe,true
2026-08-03,hg,hg,hg,b,Angas & Bremer Grenache - Regular,4.0,25.44,28.0,7.016,recipe,true
2026-08-03,hg,hg,stow,f,Shredded Beef,1.0,24.41,26.85,0.0,lightspeed,true
2026-08-03,hg,hg,hg,f,Mie Goreng,1.0,21.82,24.0,5.6688,recipe,true
2026-08-03,hg,hg,hg,f,Edamame,2.0,20.0,22.0,0.0,lightspeed,true
2026-08-03,hg,hg,hg,b,White Light Pure Vodka [House],2.0,20.0,22.0,3.0416,recipe,true
2026-08-03,hg,hg,hg,b,Margato,1.0,18.18,20.0,3.7334,recipe,true
2026-08-03,hg,hg,stow,f,Dumplings - Prawn Har Gow [GF],1.0,16.9,18.59,4.4019,recipe,true
2026-08-03,hg,hg,hg,f,Dumplings - Prawn Har Gow [GF],1.0,16.36,18.0,4.4019,recipe,true
2026-08-03,hg,hg,hg,b,Pepsi Max Glass,4.0,16.36,18.0,5.24,recipe,true
2026-08-03,hg,hg,stow,f,Karaage Chicken,1.0,16.0,17.6,0.0,lightspeed,true
2026-08-03,hg,hg,hg,b,Yuzu Orange Soda,2.0,15.54,17.1,0.0,lightspeed,true
2026-08-03,hg,hg,hg,f,Chicken Karaage,1.0,15.45,17.0,0.0,lightspeed,true
2026-08-03,hg,hg,hg,b,Dragon Juice,1.0,15.45,17.0,2.5854,recipe,true
2026-08-03,hg,hg,hg,b,Tsingtao Longneck,1.0,15.45,17.0,4.69,recipe,true
2026-08-03,hg,hg,hg,f,Devon's Prawn Toast,1.0,14.55,16.0,3.8896,recipe,true
2026-08-03,hg,hg,hg,f,Jasmine Rice,3.0,13.65,15.0,0.0,lightspeed,true
2026-08-03,hg,hg,hg,f,Dumplings - Veg Gyoza,1.0,12.73,14.0,1.9519,recipe,true
2026-08-03,hg,hg,hg,f,Mochi Trio,1.0,12.73,14.0,0.0,lightspeed,true
2026-08-03,hg,hg,hg,b,Lemon Lime Bitters,3.0,12.27,13.5,3.0807,recipe,true
2026-08-03,hg,hg,stow,f,Dumplings - Veg Gyoza,1.0,12.21,13.43,1.9519,recipe,true
2026-08-03,hg,hg,hg,b,Kuku Sauv Blanc - Regular,1.0,11.82,13.0,2.6,recipe,true
2026-08-03,hg,hg,stow,f,Edamame,1.0,11.0,12.1,0.0,lightspeed,true
2026-08-03,hg,hg,hg,f,Kids Unlimited Dumplings,1.0,10.91,12.0,0.0,lightspeed,true
2026-08-03,hg,hg,hg,b,Angas & Bremer Rosé - Regular,1.0,9.82,10.8,1.754,recipe,true
2026-08-03,hg,hg,hg,f,Extra Pork.,2.0,9.1,10.0,0.0,lightspeed,true
2026-08-03,hg,hg,hg,b,Pepsi Glass,2.0,8.18,9.0,2.62,recipe,true
2026-08-03,hg,hg,hg,b,Jinro Chamisul - 60ml,1.0,7.36,8.1,2.02,recipe,true
2026-08-03,hg,hg,hg,f,Fried Egg,2.0,6.82,7.5,0.0,lightspeed,true
2026-08-03,hg,hg,hg,b,Pink Lemonade Glass,1.0,4.09,4.5,0.9483,recipe,true
2026-08-03,hg,hg,stow,f,Jasmine Rice,1.0,3.76,4.13,0.0,lightspeed,true
2026-08-03,hg,hg,hg,b,Chicken,1.0,3.64,4.0,0.0,lightspeed,true
2026-08-03,hg,hg,hg,b,Coke Can,1.0,3.64,4.0,1.89,recipe,true
2026-08-03,hg,hg,hg,b,Sprite Can,1.0,3.64,4.0,2.4423,recipe,true
2026-08-03,hg,hg,stow,f,Tofu,1.0,3.64,4.0,0.0,lightspeed,true
2026-08-03,hg,hg,stow,f,1x Soft-boiled Egg,1.0,2.5,2.75,0.0,lightspeed,true
2026-08-03,hg,hg,stow,f,Extra Chashu Pork,1.0,2.5,2.75,0.0,lightspeed,true
2026-08-03,hg,hg,hg,f,1/2 Marinated Egg,1.0,1.82,2.0,0.0,lightspeed,true
2026-08-03,hg,hg,hg,f,Bamboo Shoots,1.0,1.82,2.0,0.0,lightspeed,true
2026-08-03,hg,hg,hg,b,1 Glass,1.0,0.0,0.0,0.0,lightspeed,true
2026-08-03,hg,hg,hg,b,Chicken skewers,1.0,0.0,0.0,0.0,lightspeed,true
2026-08-03,hg,hg,hg,b,Fresh is Best Summer Lager - Pint [HG],1.0,0.0,0.0,0.0,lightspeed,true
2026-08-03,hg,hg,hg,b,Lime,2.0,0.0,0.0,0.0,lightspeed,true
2026-08-03,hg,hg,hg,b,Soda,2.0,0.0,0.0,0.0,lightspeed,true
2026-08-03,hg,hg,hg,f,Swap for Tofu [Make it Vegan],1.0,0.0,0.0,0.0,lightspeed,true
2026-08-03,mari,mari,mari,f,Chicken,3.0,10.92,12.0,0.0,lightspeed,true
2026-08-03,stow,stow,stow,b,Stone & Wood - Schooner,10.0,118.58,130.43,32.963,recipe,true
2026-08-03,stow,stow,stow,b,Trentham Estate Rosé - Regular,12.0,107.27,118.0,25.32,recipe,true
2026-08-03,stow,stow,stow,b,Guinness Draught - Pint,6.0,95.46,105.0,28.8306,recipe,true
2026-08-03,stow,stow,stow,b,Fresh is Best Lager - Pint,7.0,77.08,84.82,16.9533,recipe,true
2026-08-03,stow,stow,stow,b,Pepsi Max Glass,16.0,65.85,72.45,20.96,recipe,true
2026-08-03,stow,stow,stow,b,Biscoff Espresso,3.0,62.73,69.0,9.7452,recipe,true
2026-08-03,stow,stow,stow,b,Petits Detours Rosé - Regular,4.0,58.2,64.0,13.872,recipe,true
2026-08-03,stow,stow,stow,b,Version Two Pinot Grigio - Regular,5.0,55.64,61.2,8.8335,recipe,true
2026-08-03,stow,stow,stow,b,Grifter Pale - Pint,5.0,53.18,58.5,16.647,recipe,true
2026-08-03,stow,stow,stow,b,Pepsi Glass,13.0,53.17,58.5,17.03,recipe,true
2026-08-03,stow,stow,stow,b,Jalapeño Marg,3.0,50.01,55.0,11.5374,recipe,true
2026-08-03,stow,stow,stow,b,Stone & Wood - Pint,4.0,46.85,51.56,17.6836,recipe,true
2026-08-03,stow,stow,stow,b,Version Two Pinot Grigio - Bottle,1.0,44.55,49.0,8.83,lightspeed,true
2026-08-03,stow,stow,stow,b,Ottelia Chardonnay - Regular,3.0,44.13,48.53,10.3782,recipe,true
2026-08-03,stow,stow,stow,b,Quiet Riot Negroni,2.0,41.82,46.0,9.139,recipe,true
2026-08-03,stow,stow,stow,b,"Lemon, Lime & Bitters",9.0,40.95,45.0,9.2421,recipe,true
2026-08-03,stow,stow,stow,b,Old Fashioned,2.0,40.0,44.0,9.7166,recipe,true
2026-08-03,stow,stow,stow,b,Hugo Spritz,2.0,38.18,42.0,8.192,recipe,true
2026-08-03,stow,stow,stow,b,Southside,2.0,38.18,42.0,8.6574,recipe,true
2026-08-03,stow,stow,stow,b,Aperol Spritz,2.0,36.37,40.0,7.112,recipe,true
2026-08-03,stow,stow,stow,b,Classic Margarita,2.0,36.36,40.0,8.3448,recipe,true
2026-08-03,stow,stow,stow,b,Trentham Estate Rosé - Large,2.0,35.68,39.24,7.0336,recipe,true
2026-08-03,stow,stow,stow,b,Villa Fresco Sangiovese - Regular,3.0,33.09,36.39,7.2369,recipe,true
2026-08-03,stow,stow,stow,b,Fresh is Best Lager - Schooner,4.0,32.56,35.81,7.2232,recipe,true
2026-08-03,stow,stow,stow,b,Sibiliana Nero D'Avola - Large,1.0,26.36,29.0,5.45,recipe,true
2026-08-03,stow,stow,stow,b,Kuku Sauvignon Blanc - Regular,2.0,25.46,28.0,5.8282,recipe,true
2026-08-03,stow,stow,stow,b,Peroni 0%,3.0,24.54,27.0,5.5389,recipe,true
2026-08-03,stow,stow,stow,b,Status Quo - Schooner,2.0,24.54,27.0,6.2016,recipe,true
2026-08-03,stow,stow,stow,b,Seadrift Coast Non-alc G&T,2.0,23.64,26.0,5.3036,recipe,true
2026-08-03,stow,stow,stow,b,Fresh is Best Summer Lager - Schooner,3.0,23.19,25.5,4.7163,recipe,true
2026-08-03,stow,stow,stow,b,Lemonade Glass,5.0,20.45,22.5,4.016,recipe,true
2026-08-03,stow,stow,stow,b,Negroni,1.0,20.0,22.0,4.099,recipe,true
2026-08-03,stow,stow,stow,b,Sibiliana Nero D'Avola - Regular,1.0,16.36,18.0,3.27,recipe,true
2026-08-03,stow,stow,stow,b,Fresh Lime Soda,5.0,15.9,17.5,0.0,lightspeed,true
2026-08-03,stow,stow,stow,b,Philter XPA - Pint,1.0,14.09,15.49,3.0022,recipe,true
2026-08-03,stow,stow,stow,b,Geppetto Pinot Noir - Regular,1.0,13.64,15.0,3.512,recipe,true
2026-08-03,stow,stow,stow,b,Mother's Milk Shiraz - Regular,1.0,13.64,15.0,3.2163,recipe,true
2026-08-03,stow,stow,stow,b,Mulled Wine,1.0,13.64,15.0,2.0862,recipe,true
2026-08-03,stow,stow,stow,b,Kirin - Schooner,1.0,12.73,14.0,3.7969,recipe,true
2026-08-03,stow,stow,stow,b,Philter Pale - Pint,1.0,12.73,14.0,0.0,lightspeed,true
2026-08-03,stow,stow,stow,b,Crankshaft IPA - Schooner,1.0,12.68,13.95,3.2079,recipe,true
2026-08-03,stow,stow,stow,b,Little Dragon Can,1.0,11.36,12.5,3.4861,recipe,true
2026-08-03,stow,stow,stow,b,Fresh is Best Summer Lager - Pint,1.0,10.91,12.0,2.1084,recipe,true
2026-08-03,stow,stow,stow,b,Monkey Shoulder Scotch [House],1.0,10.33,11.36,2.4467,recipe,true
2026-08-03,stow,stow,stow,b,White Light Pure Vodka [House],1.0,10.0,11.0,1.5208,recipe,true
2026-08-03,stow,stow,stow,b,Hahn Super Dry GF,1.0,9.86,10.85,2.625,recipe,true
2026-08-03,stow,stow,stow,b,Monteith's Apple Cider Bottle,1.0,9.55,10.5,3.11,recipe,true
2026-08-03,stow,stow,stow,b,San Pellegrino 500ml,1.0,8.18,9.0,2.32,recipe,true
2026-08-03,stow,stow,stow,b,Bombay Dry [House],1.0,6.36,7.0,2.1644,recipe,true
2026-08-03,stow,stow,stow,b,Apple Juice Glass,1.0,4.55,5.0,0.6594,recipe,true
2026-08-03,stow,stow,stow,b,Pink Lemonade Glass,1.0,4.23,4.65,0.9483,recipe,true
2026-08-03,stow,stow,stow,b,Chashu Pork Belly,3.0,0.0,0.0,0.0,lightspeed,true
2026-08-03,stow,stow,stow,b,Gluten-free [Rice Noodles],1.0,0.0,0.0,0.0,lightspeed,true
2026-08-03,stow,stow,stow,b,Jug of Water,1.0,0.0,0.0,0.0,lightspeed,true
2026-08-03,stow,stow,stow,b,Kuku Sauvignon Blanc - Bottle,1.0,0.0,0.0,14.57,lightspeed,true
2026-08-03,stow,stow,stow,b,Lime,1.0,0.0,0.0,0.0,lightspeed,true
2026-08-03,stow,stow,stow,b,Pepsi Max [mixer],1.0,0.0,0.0,0.8,lightspeed,true
2026-08-03,stow,stow,stow,b,Philter XPA - Schooner,1.0,0.0,0.0,2.2385,recipe,true
2026-08-04,mari,mari,mari,f,Regular Hail Africa [Dine-in],9.0,150.48,165.53,25.4025,recipe,true
2026-08-04,mari,mari,mari,f,"Regular No Chorizo, No Cry [Dine-in]",6.0,82.87,91.18,15.849,recipe,true
2026-08-04,mari,mari,mari,f,Regular Sanchez [Dine-in],4.0,67.06,73.77,15.7808,recipe,true
2026-08-04,mari,mari,mari,f,Regular Little Italy [Dine-in],4.0,66.52,73.18,16.662,recipe,true
2026-08-04,mari,mari,mari,f,Regular Truffalo Soldier [Dine-in],4.0,66.52,73.18,12.272,recipe,true
2026-08-04,mari,mari,mari,f,Regular Jimmy Jury [Dine-in],3.0,50.7,55.77,10.8642,recipe,true
2026-08-04,mari,mari,mari,f,Regular Meatlovers [Dine-in],3.0,50.7,55.78,11.2398,recipe,true
2026-08-04,mari,mari,mari,f,Regular Super House Special,2.0,39.55,43.5,9.2374,recipe,true
2026-08-04,mari,mari,mari,f,Regular El Patron [Dine-in],2.0,33.8,37.18,7.4574,recipe,true
2026-08-04,mari,mari,mari,f,Regular The Paddock [Dine-in],2.0,33.8,37.18,6.9824,recipe,true
2026-08-04,mari,mari,mari,f,Regular New Yorker [Dine-in],2.0,33.79,37.18,5.2798,recipe,true
2026-08-04,mari,mari,mari,f,Axl Rose Pizza,2.0,33.78,37.18,0.0,lightspeed,true
2026-08-04,mari,mari,mari,f,Regular Super House Special [Dine-in],2.0,33.25,36.59,8.0524,recipe,true
2026-08-04,mari,mari,mari,f,Regular Vegetarian [Dine-in],2.0,33.25,36.59,4.6184,recipe,true
2026-08-04,mari,mari,mari,f,Large Paddock,1.0,24.55,27.0,5.1033,recipe,true
2026-08-04,mari,mari,mari,f,Regular Little Italy,1.0,22.73,25.0,4.7581,recipe,true
2026-08-04,mari,mari,mari,f,Regular Meatlovers,1.0,22.73,25.0,4.3392,recipe,true
2026-08-04,mari,mari,mari,f,Regular No Chorizo No Cry Solo Combo,1.0,22.73,25.0,2.5,lightspeed,true
2026-08-04,mari,mari,mari,f,Gluten-free Margherita [Dine-in],1.0,19.09,21.0,5.3922,recipe,true
2026-08-04,mari,mari,mari,f,Gluten-free Base,4.0,18.8,20.66,16.4,recipe,true
2026-08-04,mari,mari,mari,f,Large Pepperoni,1.0,18.18,20.0,4.361,recipe,true
2026-08-04,mari,mari,mari,f,Regular Sorrento,1.0,18.18,20.0,4.0074,recipe,true
2026-08-04,mari,mari,mari,f,Regular Tandoori Chicken,1.0,17.73,19.5,2.0367,recipe,true
2026-08-04,mari,mari,mari,f,Regular Pepperoni [Dine-in],1.0,16.91,18.6,2.1067,recipe,true
2026-08-04,mari,mari,mari,f,Regular Uber Margherita [Dine-in],1.0,16.9,18.59,2.712,recipe,true
2026-08-04,mari,mari,mari,f,Regular Truffalo Soldier,1.0,16.82,18.5,3.6606,recipe,true
2026-08-04,mari,mari,mari,f,Regular Bubba Gump [Dine-in],1.0,16.36,18.0,3.0455,recipe,true
2026-08-04,mari,mari,mari,f,Regular Roma Special [Dine-in],1.0,16.36,18.0,2.9418,recipe,true
2026-08-04,mari,mari,mari,f,Regular Sanchez VEGAN [Dine-in],1.0,16.36,18.0,2.0465,recipe,true
2026-08-04,mari,mari,mari,f,Regular Sorrento [Dine-in],1.0,16.36,18.0,3.4149,recipe,true
2026-08-04,mari,mari,mari,f,Grifter Serpents Kiss Can,1.0,9.09,10.0,3.08,recipe,true
2026-08-04,mari,mari,mari,f,Add Anchovies,4.0,7.4,8.14,0.0,lightspeed,true
2026-08-04,mari,mari,mari,f,Cheesy Garlic Bread,1.0,7.27,8.0,1.8027,recipe,true
2026-08-04,mari,mari,mari,f,Delivery Fee - Curl Curl / Manly / Dee Why,1.0,5.91,6.5,0.0,lightspeed,true
2026-08-04,mari,mari,mari,f,Delivery Fee - Freshwater / Queenscliff,1.0,4.55,5.0,0.0,lightspeed,true
2026-08-04,mari,mari,mari,f,Add Prawns,1.0,3.64,4.0,0.0,lightspeed,true
2026-08-04,mari,mari,mari,f,Add Fetta,1.0,2.73,3.0,0.0,lightspeed,true
2026-08-04,mari,mari,mari,f,Add Ham,1.0,2.73,3.0,0.0,lightspeed,true
2026-08-04,mari,mari,mari,f,Online Surcharge,1.0,1.68,1.68,0.0,lightspeed,true
2026-08-04,mari,mari,mari,f,Add Mushrooms,1.0,1.4,1.55,0.0,lightspeed,true
2026-08-04,mari,mari,mari,f,Add Olives,1.0,1.4,1.55,0.0,lightspeed,true
2026-08-04,mari,mari,mari,f,Gluten-free Hail Africa [Dine-in],1.0,0.0,0.0,8.2592,recipe,true
2026-08-04,mari,mari,mari,f,Regular Margherita,1.0,0.0,0.0,2.0331,recipe,true
2026-08-04,mari,mari,mari,f,Sprite Can,1.0,0.0,0.0,2.4423,recipe,true
2026-08-04,stow,stow,stow,b,Guinness Draught - Pint,11.0,160.67,176.7,52.8561,recipe,true
2026-08-04,stow,stow,stow,b,Version Two Pinot Grigio - Regular,15.0,143.42,157.8,26.5005,recipe,true
2026-08-04,stow,stow,stow,b,Fresh is Best Lager - Pint,11.0,122.91,135.23,26.6409,recipe,true
2026-08-04,stow,stow,stow,b,Geppetto Pinot Noir - Regular,8.0,108.2,118.96,28.096,recipe,true
2026-08-04,stow,stow,stow,b,Stone & Wood - Schooner,9.0,107.53,118.27,29.6667,recipe,true
2026-08-04,stow,stow,stow,b,Mulled Wine,7.0,95.48,104.98,14.6034,recipe,true
2026-08-04,stow,stow,stow,b,Status Quo - Pint,6.0,93.32,102.64,24.9522,recipe,true
2026-08-04,stow,stow,stow,f,Rosemary Salted Fries,7.0,83.68,92.03,13.02,recipe,true
2026-08-04,stow,stow,stow,b,Kuku Sauvignon Blanc - Regular,6.0,77.65,85.38,17.4846,recipe,true
2026-08-04,stow,stow,stow,b,Ottelia Cab Sav - Regular,5.0,77.25,85.0,23.04,recipe,true
2026-08-04,stow,stow,stow,b,Stone & Wood - Pint,5.0,76.72,84.42,22.1045,recipe,true
2026-08-04,stow,stow,stow,b,Petits Detours Rosé - Regular,5.0,75.13,82.63,17.34,recipe,true
2026-08-04,stow,stow,stow,b,Coconut Margarita,5.0,72.75,80.0,21.2245,recipe,true
2026-08-04,stow,stow,stow,b,Ottelia Chardonnay - Regular,4.0,58.19,64.0,13.8376,recipe,true
2026-08-04,stow,stow,stow,b,Grifter Pale - Pint,4.0,53.65,58.99,13.3176,recipe,true
2026-08-04,stow,stow,stow,b,Padrillos Malbec - Large,2.0,50.72,55.78,12.8886,recipe,true
2026-08-04,stow,stow,stow,f,BBQ Wings,3.0,47.61,52.39,9.42,recipe,true
2026-08-04,stow,stow,stow,b,Little Dragon Can,4.0,45.44,50.0,13.9444,recipe,true
2026-08-04,stow,stow,stow,b,Fresh is Best Lager - Schooner,6.0,44.6,49.05,10.8348,recipe,true
2026-08-04,stow,stow,stow,b,Villa Fresco Sangiovese - Regular,4.0,42.9,47.19,9.6492,recipe,true
2026-08-04,stow,stow,stow,b,Heaps Normal Tin,5.0,40.67,44.74,13.348,recipe,true
2026-08-04,stow,stow,stow,b,Philter XPA - Pint,4.0,38.18,42.0,12.0088,recipe,true
2026-08-04,stow,stow,stow,b,Philter XPA - Schooner,4.0,37.61,41.4,8.954,recipe,true
2026-08-04,stow,stow,stow,b,Status Quo - Schooner,3.0,36.81,40.5,9.3024,recipe,true
2026-08-04,stow,stow,stow,b,Bombay Dry [House],4.0,36.36,40.0,8.6576,recipe,true
2026-08-04,stow,stow,stow,f,Sweet Potato Fries,3.0,36.25,39.85,7.5903,recipe,true
2026-08-04,stow,stow,stow,b,Jalapeño Marg,2.0,35.46,39.0,7.6916,recipe,true
2026-08-04,stow,stow,stow,b,Unico Zelo Terra Cotta - Regular,2.0,34.54,38.0,8.756,recipe,true
2026-08-04,stow,stow,stow,b,Version Two Sparkling - Regular,3.0,33.81,37.19,5.3001,recipe,true
2026-08-04,stow,stow,stow,b,Corona,3.0,28.65,31.5,7.7139,recipe,true
2026-08-04,stow,stow,stow,b,Mother's Milk Shiraz - Regular,3.0,27.28,30.0,9.6489,recipe,true
2026-08-04,stow,stow,stow,b,Virgin Margy,2.0,23.64,26.0,0.0,lightspeed,true
2026-08-04,stow,stow,stow,b,Ottelia Chardonnay - Large,1.0,23.48,25.82,5.7657,recipe,true
2026-08-04,stow,stow,stow,f,Baked Camembert,1.0,20.38,22.41,0.0,lightspeed,true
2026-08-04,stow,stow,stow,b,Scorched As,1.0,20.0,22.0,4.3473,recipe,true
2026-08-04,stow,stow,stow,b,Whisky Sour,1.0,19.09,21.0,4.6346,recipe,true
2026-08-04,stow,stow,stow,b,Aperol Spritz,1.0,18.78,20.66,3.556,recipe,true
2026-08-04,stow,stow,stow,b,Villa Fresco Sangiovese - Large,1.0,17.27,19.0,4.0205,recipe,true
2026-08-04,stow,stow,stow,b,Lemonade Glass,4.0,16.9,18.6,3.2128,recipe,true
2026-08-04,stow,stow,stow,b,Grifter Pale - Schooner,2.0,16.81,18.5,4.9648,recipe,true
2026-08-04,stow,stow,stow,b,Pepsi Max Glass,4.0,16.5,18.15,5.24,recipe,true
2026-08-04,stow,stow,stow,f,Buffalo Wings,1.0,16.43,18.07,2.9764,recipe,true
2026-08-04,stow,stow,stow,b,Crankshaft IPA - Pint,1.0,15.91,17.5,4.3024,recipe,true
2026-08-04,stow,stow,stow,b,Padrillos Malbec - Regular,1.0,14.72,16.2,3.8666,recipe,true
2026-08-04,stow,stow,stow,b,Trutta Streamside Shiraz [Chilled] - Regular,1.0,14.72,16.2,3.968,recipe,true
2026-08-04,stow,stow,stow,b,Casa Gheller Prosecco - Glass,1.0,14.55,16.0,3.348,recipe,true
2026-08-04,stow,stow,stow,b,Bundaberg Ginger Beer,3.0,13.65,15.0,2.9766,recipe,true
2026-08-04,stow,stow,stow,f,Kids Margherita Pizza,1.0,11.82,13.0,0.0,lightspeed,true
2026-08-04,stow,stow,stow,f,Onion Rings,1.0,11.27,12.39,0.0,lightspeed,true
2026-08-04,stow,stow,stow,f,Amalfi Olives,1.0,10.79,11.88,0.0,lightspeed,true
2026-08-04,stow,stow,stow,b,Philter Pale - Schooner,1.0,9.86,10.85,0.0,lightspeed,true
2026-08-04,stow,stow,stow,b,"Lemon, Lime & Bitters",2.0,9.4,10.33,2.0538,recipe,true
2026-08-04,stow,stow,stow,b,Philter Old Ale Can,1.0,9.4,10.34,0.0,lightspeed,true
2026-08-04,stow,stow,stow,b,Stow Soda - Passionfruit,1.0,8.45,9.29,0.2466,recipe,true
2026-08-04,stow,stow,stow,f,Lepinja Bread D,1.0,8.18,9.0,0.0,lightspeed,true
2026-08-04,stow,stow,stow,b,Pepsi Glass,2.0,8.18,9.0,2.62,recipe,true
2026-08-04,stow,stow,stow,b,Peroni 0%,1.0,8.18,9.0,1.8463,recipe,true
2026-08-04,stow,stow,stow,b,San Pellegrino 500ml,1.0,8.18,9.0,2.32,recipe,true
2026-08-04,stow,stow,stow,b,Fresh is Best Summer Lager - Schooner,1.0,7.98,8.78,1.5721,recipe,true
2026-08-04,stow,stow,stow,b,Fresh Lime Soda,2.0,6.46,7.12,0.0,lightspeed,true
2026-08-04,stow,stow,stow,b,Trentham Estate Rosé - Regular,1.0,6.36,7.0,2.11,recipe,true
2026-08-04,stow,stow,stow,f,BBQ Wings D,1.0,5.82,6.4,3.14,recipe,true
2026-08-04,stow,stow,stow,f,Side Aioli,5.0,2.3,2.6,0.0,lightspeed,true
2026-08-04,stow,stow,stow,f,Side Gravy,1.0,1.36,1.5,0.3008,recipe,true
2026-08-04,stow,stow,stow,f,2x Aioli,1.0,0.94,1.03,0.0,lightspeed,true
2026-08-04,stow,stow,stow,b,Asahi 3.5%,1.0,0.0,0.0,2.18,recipe,true
2026-08-04,stow,stow,stow,b,Glass of Ice on the Side,1.0,0.0,0.0,0.0,lightspeed,true
2026-08-04,stow,stow,stow,b,No Cherry Tomatoes,1.0,0.0,0.0,0.0,lightspeed,true
2026-08-04,stow,stow,stow,b,No Chilli,1.0,0.0,0.0,0.0,lightspeed,true
2026-08-04,stow,stow,stow,b,No red onion,1.0,0.0,0.0,0.0,lightspeed,true
2026-08-04,stow,stow,stow,b,Send Kids Food ASAP,1.0,0.0,0.0,0.0,lightspeed,true
2026-08-04,stow,stow,stow,b,Side Tomato Sauce,2.0,0.0,0.0,0.0,lightspeed,true
2026-08-05,hg,hg,hg,f,Tonkotsu,12.0,240.0,264.0,51.1716,recipe,true
2026-08-05,hg,hg,hg,f,Shoyu,4.0,86.36,95.0,0.0,lightspeed,true
2026-08-05,hg,hg,hg,f,Miso,4.0,80.0,88.0,0.0,lightspeed,true
2026-08-05,hg,hg,hg,f,Dumplings - Beef & Cabbage,6.0,76.38,84.0,8.7714,recipe,true
2026-08-05,hg,hg,hg,f,Chicken Katsu Curry,3.0,73.65,81.0,9.2889,recipe,true
2026-08-05,hg,hg,stow,f,Katsu Curry,3.0,73.65,81.0,9.2889,recipe,true
2026-08-05,hg,hg,hg,f,Shredded Beef,3.0,70.92,78.0,0.0,lightspeed,true
2026-08-05,hg,hg,hg,f,Mie Goreng,3.0,63.64,70.0,17.0064,recipe,true
2026-08-05,hg,hg,hg,b,From Sundays Shiraz - Bottle,1.0,56.36,62.0,14.0,lightspeed,true
2026-08-05,hg,hg,hg,f,Chicken Karaage,3.0,46.35,51.0,0.0,lightspeed,true
2026-08-05,hg,hg,hg,f,Duck Spring Roll,3.0,43.65,48.0,10.7076,recipe,true
2026-08-05,hg,hg,hg,f,Fried Rice,2.0,41.82,46.0,5.6484,recipe,true
2026-08-05,hg,hg,hg,f,BBQ Pork Buns,3.0,40.92,45.0,10.5,recipe,true
2026-08-05,hg,hg,hg,b,Aperol Spritz,3.0,38.18,42.0,10.668,recipe,true
2026-08-05,hg,hg,hg,b,Sapporo - 500ml,3.0,38.18,42.0,11.13,recipe,true
2026-08-05,hg,hg,hg,b,Sapporo - Schooner,3.0,35.46,39.0,9.4605,recipe,true
2026-08-05,hg,hg,hg,f,Dumplings - Prawn Har Gow [GF],2.0,34.54,38.0,8.8038,recipe,true
2026-08-05,hg,hg,hg,b,Margato,2.0,25.47,28.0,7.4668,recipe,true
2026-08-05,hg,hg,hg,f,Dumplings - Veg Gyoza,2.0,25.46,28.0,3.9038,recipe,true
2026-08-05,hg,hg,hg,f,Edamame,2.0,20.0,22.0,0.0,lightspeed,true
2026-08-05,hg,hg,hg,b,Harry's Lager - Schooner,2.0,17.28,19.0,3.145,recipe,true
2026-08-05,hg,hg,hg,f,1/2 Marinated Egg,9.0,16.38,18.0,0.0,lightspeed,true
2026-08-05,hg,hg,hg,f,Popcorn Cauliflower,1.0,13.64,15.0,0.9611,recipe,true
2026-08-05,hg,hg,hg,b,Palloncino Prosecco - Regular,2.0,12.72,14.0,4.5998,recipe,true
2026-08-05,hg,hg,hg,b,Pepsi Max Glass,3.0,12.27,13.5,3.93,recipe,true
2026-08-05,hg,hg,hg,b,Harry's Lager - Pint,1.0,11.36,12.5,2.109,recipe,true
2026-08-05,hg,hg,hg,b,Asahi Zero,1.0,9.55,10.5,2.1,lightspeed,true
2026-08-05,hg,hg,hg,b,Rice Pudding,1.0,8.64,9.5,0.0,lightspeed,true
2026-08-05,hg,hg,hg,b,Pepsi Glass,2.0,8.18,9.0,2.62,recipe,true
2026-08-05,hg,hg,hg,b,Angas & Bremer Grenache - Regular,1.0,6.36,7.0,1.754,recipe,true
2026-08-05,hg,hg,hg,f,Black Garlic Oil,3.0,5.46,6.0,0.0,lightspeed,true
2026-08-05,hg,hg,hg,f,Jasmine Rice,1.0,4.55,5.0,0.0,lightspeed,true
2026-08-05,hg,hg,hg,b,Extra Chicken.,1.0,3.64,4.0,0.0,lightspeed,true
2026-08-05,hg,hg,hg,b,Chicken,1.0,3.18,3.5,0.0,lightspeed,true
2026-08-05,hg,hg,hg,b,2 Glasses,1.0,0.0,0.0,0.0,lightspeed,true
2026-08-05,hg,hg,hg,f,Swap for Tofu,2.0,0.0,0.0,0.0,lightspeed,true
2026-08-05,mari,mari,mari,f,Regular Sanchez [Dine-in],2.0,47.28,52.0,7.8904,recipe,true
2026-08-05,mari,mari,mari,f,$45 FEAST,1.0,40.91,45.0,14.0714,recipe,true
2026-08-05,mari,mari,mari,f,Gluten-free El Patron [Dine-in],1.0,28.18,31.0,7.9232,recipe,true
2026-08-05,mari,mari,mari,f,Large Bubba Gump Wings Deal,1.0,27.27,30.0,8.6406,recipe,true
2026-08-05,mari,mari,mari,f,Large New Yorker,1.0,24.55,27.0,4.9731,recipe,true
2026-08-05,mari,mari,mari,f,Regular Little Italy [Dine-in],4.0,24.41,26.85,16.662,recipe,true
2026-08-05,mari,mari,mari,f,Regular El Patron [Dine-in],1.0,23.64,26.0,3.7287,recipe,true
2026-08-05,mari,mari,mari,f,Regular Truffalo Soldier [Dine-in],1.0,23.64,26.0,3.068,recipe,true
2026-08-05,mari,mari,mari,f,Gluten-free Bubba Gump,1.0,22.73,25.0,8.2929,recipe,true
2026-08-05,mari,mari,mari,f,Large Tandoori Chicken,1.0,22.73,25.0,3.1928,recipe,true
2026-08-05,mari,mari,mari,f,Regular BBQ Chicken Pizza,1.0,22.27,24.5,3.0876,recipe,true
2026-08-05,mari,mari,mari,f,Regular Uber Margherita [Dine-in],1.0,20.91,23.0,2.712,recipe,true
2026-08-05,mari,mari,mari,f,Regular Pepperoni,1.0,20.0,22.0,2.6992,recipe,true
2026-08-05,mari,mari,mari,f,Regular Bubba Gump,1.0,18.18,20.0,3.6381,recipe,true
2026-08-05,mari,mari,mari,f,Regular Margherita,1.0,12.73,14.0,2.0331,recipe,true
2026-08-05,mari,mari,mari,f,Coke Zero 1.25L,2.0,10.9,12.0,6.18,recipe,true
2026-08-05,mari,mari,mari,f,Delivery Fee - Freshwater / Queenscliff,2.0,9.1,10.0,0.0,lightspeed,true
2026-08-05,mari,mari,mari,f,Solo 1.25L,1.0,6.36,7.0,2.03,recipe,true
2026-08-05,mari,mari,mari,f,Cheesy Garlic Bread,1.0,5.45,6.0,1.8027,recipe,true
2026-08-05,mari,mari,mari,f,Add Calabrese,1.0,3.64,4.0,0.0,lightspeed,true
2026-08-05,mari,mari,mari,f,Coke Can,1.0,3.64,4.0,1.89,recipe,true
2026-08-05,mari,mari,mari,f,Online Surcharge,2.0,1.85,1.85,0.0,lightspeed,true
2026-08-05,mari,mari,mari,f,Add Chilli,1.0,0.91,1.0,0.0,lightspeed,true
2026-08-05,mari,mari,mari,f,BBQ Wings [Wings Deal],1.0,0.0,0.0,0.0,lightspeed,true
2026-08-05,mari,mari,mari,f,Garlic Bread,1.0,0.0,0.0,1.4877,recipe,true
2026-08-05,mari,mari,mari,f,Large Margherita,1.0,0.0,0.0,2.3272,recipe,true
2026-08-05,mari,mari,mari,f,Large Pepperoni,1.0,0.0,0.0,4.361,recipe,true
2026-08-05,mari,mari,mari,f,Less Cheese,1.0,0.0,0.0,0.0,lightspeed,true
2026-08-05,mari,mari,mari,f,Regular Jimmy Jury [Dine-in],3.0,0.0,0.0,10.8642,recipe,true
2026-08-05,stow,stow,stow,f,Fancy Pants Parmy - Classic,18.0,401.37,441.44,136.7748,recipe,true
2026-08-05,stow,stow,stow,b,Guinness Draught - Pint,13.0,207.35,228.07,62.4663,recipe,true
2026-08-05,stow,stow,stow,b,Stone & Wood - Schooner,17.0,202.13,222.31,56.0371,recipe,true
2026-08-05,stow,stow,stow,f,Stow Schnitty,10.0,195.28,214.81,54.98,recipe,true
2026-08-05,stow,stow,stow,f,American Standard Burger,7.0,176.0,193.64,40.8821,recipe,true
2026-08-05,stow,stow,stow,b,Kuku Sauvignon Blanc - Regular,10.0,125.17,137.66,29.141,recipe,true
2026-08-05,stow,stow,stow,b,Kirin - Schooner,9.0,115.4,126.92,34.1721,recipe,true
2026-08-05,stow,stow,stow,f,Beef Cheek,3.0,110.0,121.0,0.0,lightspeed,true
2026-08-05,stow,stow,stow,b,Grifter Pale - Pint,8.0,109.57,120.49,26.6352,recipe,true
2026-08-05,stow,stow,stow,f,Chicken Burrito,4.0,106.8,117.5,33.124,recipe,true
2026-08-05,stow,stow,stow,b,Jalapeño Marg,5.0,104.55,115.0,19.229,recipe,true
2026-08-05,stow,stow,stow,b,Mulled Wine,7.0,96.83,106.48,14.6034,recipe,true
2026-08-05,stow,stow,stow,b,Version Two Pinot Grigio - Large,5.0,87.48,96.24,14.7225,recipe,true
2026-08-05,stow,stow,stow,b,BBQ Ribs,2.0,82.62,90.88,0.0,lightspeed,true
2026-08-05,stow,stow,stow,b,Fresh is Best Lager - Pint,7.0,75.2,82.75,16.9533,recipe,true
2026-08-05,stow,stow,stow,b,Petits Detours Rosé - Regular,5.0,74.69,82.13,17.34,recipe,true
2026-08-05,stow,stow,stow,b,Ottelia Cab Sav - Regular,4.0,61.8,68.0,18.432,recipe,true
2026-08-05,stow,stow,stow,b,Version Two Pinot Grigio - Regular,6.0,60.91,67.0,10.6002,recipe,true
2026-08-05,stow,stow,stow,b,Casa Gheller Prosecco - Bottle,1.0,58.18,64.0,16.73,lightspeed,true
2026-08-05,stow,stow,stow,b,Philter XPA - Pint,4.0,54.56,60.0,12.0088,recipe,true
2026-08-05,stow,stow,stow,f,Fish Burrito,2.0,52.54,57.8,11.6828,recipe,true
2026-08-05,stow,stow,stow,b,Kirin - Pint,3.0,50.46,55.5,15.2772,recipe,true
2026-08-05,stow,stow,stow,b,Villa Fresco Sangiovese - Regular,5.0,47.82,52.6,12.0615,recipe,true
2026-08-05,stow,stow,stow,b,Fresh is Best Lager - Schooner,8.0,46.71,51.37,14.4464,recipe,true
2026-08-05,stow,stow,stow,f,Beef Burrito D,2.0,45.45,50.0,18.8144,recipe,true
2026-08-05,stow,stow,stow,f,Farmhouse Salad,2.0,45.28,49.8,0.0,lightspeed,true
2026-08-05,stow,stow,stow,b,Villa Fresco Sangiovese - Bottle,1.0,44.55,49.0,12.06,lightspeed,true
2026-08-05,stow,stow,stow,b,Aperol Spritz,3.0,44.48,48.92,10.668,recipe,true
2026-08-05,stow,stow,stow,b,Ottelia Chardonnay - Regular,3.0,42.2,46.4,10.3782,recipe,true
2026-08-05,stow,stow,stow,b,Kuku Sauvignon Blanc - Large,2.0,41.82,46.0,9.7134,recipe,true
2026-08-05,stow,stow,stow,f,Arancini Balls [5pc],2.0,41.12,45.24,0.0,lightspeed,true
2026-08-05,stow,stow,stow,f,Eggplant Schnitty,2.0,38.81,42.69,8.876,recipe,true
2026-08-05,stow,stow,stow,b,Mojito,2.0,38.18,42.0,7.4802,recipe,true
2026-08-05,stow,stow,stow,b,Classic Margarita,2.0,37.55,41.31,8.3448,recipe,true
2026-08-05,stow,stow,stow,b,Status Quo - Schooner,3.0,36.81,40.5,9.3024,recipe,true
2026-08-05,stow,stow,stow,b,Sigurd GSM Red Blend - Regular,2.0,36.36,40.0,9.24,recipe,true
2026-08-05,stow,stow,stow,b,Unico Zelo Terra Cotta - Regular,2.0,35.66,39.24,8.756,recipe,true
2026-08-05,stow,stow,stow,f,Rocket Man,2.0,32.72,36.0,6.3944,recipe,true
2026-08-05,stow,stow,stow,b,Crankshaft IPA - Pint,2.0,31.82,35.0,8.6048,recipe,true
2026-08-05,stow,stow,stow,f,Pie,1.0,30.91,34.0,0.0,lightspeed,true
2026-08-05,stow,stow,stow,b,Peroni,3.0,29.58,32.52,7.5651,recipe,true
2026-08-05,stow,stow,stow,f,Fancy Pants Parmy - Mexicali,1.0,27.27,30.0,0.0,lightspeed,true
2026-08-05,stow,stow,stow,b,Grifter Pale - Schooner,3.0,27.27,30.0,7.4472,recipe,true
2026-08-05,stow,stow,stow,f,Cauliflower Burrito,1.0,27.13,29.85,5.485,recipe,true
2026-08-05,stow,stow,stow,f,Beef Burrito,1.0,26.27,28.9,9.4072,recipe,true
2026-08-05,stow,stow,stow,f,Chicken Shindig Burger,1.0,25.26,27.79,5.3929,recipe,true
2026-08-05,stow,stow,stow,f,Kids Nuggets & Chips,2.0,24.03,26.43,4.4854,recipe,true
2026-08-05,stow,stow,stow,f,Eggplant Parmy,1.0,22.54,24.79,0.0,lightspeed,true
2026-08-05,stow,stow,stow,b,Geppetto Pinot Noir - Large Glass,1.0,21.82,24.0,5.8533,recipe,true
2026-08-05,stow,stow,stow,b,Tommy's Margarita,1.0,20.91,23.0,5.0572,recipe,true
2026-08-05,stow,stow,stow,b,Bombay Dry [House],2.0,20.0,22.0,4.3288,recipe,true
2026-08-05,stow,stow,stow,f,Farmhouse Salad D,1.0,19.09,21.0,0.0,lightspeed,true
2026-08-05,stow,stow,stow,b,White Light Pure Vodka [House],2.0,19.0,20.9,3.0416,recipe,true
2026-08-05,stow,stow,stow,f,Fish Tacos,2.0,18.18,20.0,3.697,recipe,true
2026-08-05,stow,stow,stow,f,Sensei Calamari,1.0,17.73,19.5,2.2628,recipe,true
2026-08-05,stow,stow,stow,b,Padrillos Malbec - Regular,1.0,16.9,18.59,3.8666,recipe,true
2026-08-05,stow,stow,stow,f,Bang Bang Cauli,1.0,15.96,17.56,2.7659,recipe,true
2026-08-05,stow,stow,stow,b,Stone & Wood - Pint,1.0,15.45,17.0,4.4209,recipe,true
2026-08-05,stow,stow,stow,b,Apple Crumble,1.0,15.03,16.53,0.0,lightspeed,true
2026-08-05,stow,stow,stow,f,BBQ Wings D,1.0,14.55,16.0,3.14,recipe,true
2026-08-05,stow,stow,stow,b,Casa Gheller Prosecco - Glass,1.0,14.55,16.0,3.348,recipe,true
2026-08-05,stow,stow,stow,b,Hendrick's Gin,1.0,12.73,14.0,2.8179,recipe,true
2026-08-05,stow,stow,stow,f,Sweet Potato Fries D,1.0,12.64,13.9,2.5301,recipe,true
2026-08-05,stow,stow,stow,b,Seadrift Coast Non-alc G&T,1.0,12.21,13.43,2.6518,recipe,true
2026-08-05,stow,stow,stow,f,Kids Ham & Cheese Pizza,1.0,11.82,13.0,0.0,lightspeed,true
2026-08-05,stow,stow,stow,f,Sweet Potato Fries,1.0,11.82,13.0,2.5301,recipe,true
2026-08-05,stow,stow,stow,f,Rosemary Salted Fries,7.0,11.73,12.9,13.02,recipe,true
2026-08-05,stow,stow,stow,f,Brownie,1.0,11.27,12.4,2.8226,recipe,true
2026-08-05,stow,stow,stow,f,Onion Rings,1.0,10.91,12.0,0.0,lightspeed,true
2026-08-05,stow,stow,stow,b,Trentham Estate Rosé - Regular,1.0,10.91,12.0,2.11,recipe,true
2026-08-05,stow,stow,stow,b,Philter XPA - Schooner,1.0,10.8,11.88,2.2385,recipe,true
2026-08-05,stow,stow,stow,b,Villa Fresco Sangiovese - Large,1.0,10.0,11.0,4.0205,recipe,true
2026-08-05,stow,stow,stow,b,Philter Pale - Schooner,1.0,9.87,10.84,0.0,lightspeed,true
2026-08-05,stow,stow,stow,b,Corona,1.0,9.86,10.84,2.5713,recipe,true
2026-08-05,stow,stow,stow,f,Swap Fries for Sweet Potato Fries,5.0,9.34,10.28,0.0,lightspeed,true
2026-08-05,stow,stow,stow,b,San Pellegrino 500ml,1.0,8.45,9.3,2.32,recipe,true
2026-08-05,stow,stow,stow,b,Fresh is Best Summer Lager - Schooner,1.0,7.98,8.78,1.5721,recipe,true
2026-08-05,stow,stow,stow,f,Side Blue Cheese Dip,5.0,4.64,5.09,0.0,lightspeed,true
2026-08-05,stow,stow,stow,b,"Lemon, Lime & Bitters",1.0,4.55,5.0,1.0269,recipe,true
2026-08-05,stow,stow,stow,b,Pepsi Glass,1.0,4.22,4.65,1.31,recipe,true
2026-08-05,stow,stow,stow,b,Pepsi Max Glass,1.0,4.22,4.65,1.31,recipe,true
2026-08-05,stow,stow,stow,b,Pink Lemonade Glass,1.0,4.09,4.5,0.9483,recipe,true
2026-08-05,stow,stow,stow,f,Make it Vegetarian [plant-based patty],1.0,3.76,4.13,0.0,lightspeed,true
2026-08-05,stow,stow,stow,b,Fresh Lime Soda,1.0,3.28,3.61,0.0,lightspeed,true
2026-08-05,stow,stow,stow,f,Extra Gravy,1.0,1.88,2.07,0.3008,recipe,true
2026-08-05,stow,stow,stow,f,Make it Gluten-free [gf/vg bun w sweet pot. fries],1.0,1.88,2.07,0.0,lightspeed,true
2026-08-05,stow,stow,stow,f,Side Gravy,1.0,1.4,1.55,0.3008,recipe,true
2026-08-05,stow,stow,stow,f,Side Chipotle Mayo,1.0,0.94,1.03,0.0,lightspeed,true
2026-08-05,stow,stow,stow,f,Side Guac,1.0,0.94,1.03,0.0,lightspeed,true
2026-08-05,stow,stow,stow,f,Side Sour Cream,1.0,0.94,1.03,0.0,lightspeed,true
2026-08-05,stow,stow,stow,f,Side Aioli,2.0,0.91,1.02,0.0,lightspeed,true
2026-08-05,stow,stow,stow,b,4 Glasses,1.0,0.0,0.0,0.0,lightspeed,true
2026-08-05,stow,stow,stow,f,BBQ Wings,3.0,0.0,0.0,9.42,recipe,true
2026-08-05,stow,stow,stow,f,Baked Camembert,4.0,0.0,0.0,0.0,lightspeed,true
2026-08-05,stow,stow,stow,f,Brownie D,1.0,0.0,0.0,1.9501,recipe,true
2026-08-05,stow,stow,stow,f,Buffalo Wings,3.0,0.0,0.0,8.9292,recipe,true
2026-08-05,stow,stow,stow,b,Extra Sauce,1.0,0.0,0.0,0.0,lightspeed,true
2026-08-05,stow,stow,stow,b,Glass of Ice on the Side,2.0,0.0,0.0,0.0,lightspeed,true
2026-08-05,stow,stow,stow,b,Lime,1.0,0.0,0.0,0.0,lightspeed,true
2026-08-05,stow,stow,stow,b,Make It A Burrito Bowl [gluten-free],1.0,0.0,0.0,0.0,lightspeed,true
2026-08-05,stow,stow,stow,b,No Beans,1.0,0.0,0.0,0.0,lightspeed,true
2026-08-05,stow,stow,stow,b,No Cheese (Make It Dairy-Free),2.0,0.0,0.0,0.0,lightspeed,true
2026-08-05,stow,stow,stow,b,No Mayo,2.0,0.0,0.0,0.0,lightspeed,true
2026-08-05,stow,stow,stow,b,No Onion,1.0,0.0,0.0,0.0,lightspeed,true
2026-08-05,stow,stow,stow,b,No Rice,1.0,0.0,0.0,0.0,lightspeed,true
2026-08-05,stow,stow,stow,b,Send Kids Food ASAP,3.0,0.0,0.0,0.0,lightspeed,true
2026-08-05,stow,stow,stow,f,Side BBQ Sauce,3.0,0.0,0.0,0.0,lightspeed,true
2026-08-05,stow,stow,stow,b,Side Tomato Sauce,5.0,0.0,0.0,0.0,lightspeed,true
2026-08-05,stow,stow,stow,b,Tonic [mixer],1.0,0.0,0.0,0.8,lightspeed,true
2026-08-06,hg,hg,hg,f,Unlimited BBQ,11.0,450.01,495.0,94.42,lightspeed,true
2026-08-06,hg,hg,hg,b,Harry's Lager - Pint,17.0,197.68,217.5,35.853,recipe,true
2026-08-06,hg,hg,hg,f,Chicken Katsu Curry,5.0,122.75,135.0,15.4815,recipe,true
2026-08-06,hg,hg,hg,f,Mie Goreng,6.0,107.28,118.0,34.0128,recipe,true
2026-08-06,hg,hg,hg,f,Miso,4.0,105.44,116.0,0.0,lightspeed,true
2026-08-06,hg,hg,hg,f,Shredded Beef,4.0,94.56,104.0,0.0,lightspeed,true
2026-08-06,hg,hg,hg,f,Duck Spring Roll,6.0,87.3,96.0,21.4152,recipe,true
2026-08-06,hg,hg,hg,f,Dumplings - Prawn Har Gow [GF],5.0,84.54,93.0,22.0095,recipe,true
2026-08-06,hg,hg,hg,f,BBQ Pork Buns,6.0,81.84,90.0,21.0,recipe,true
2026-08-06,hg,hg,hg,f,Shoyu,3.0,79.08,87.0,0.0,lightspeed,true
2026-08-06,hg,hg,hg,f,Tonkotsu,3.0,79.08,87.0,12.7929,recipe,true
2026-08-06,hg,hg,hg,f,Devon's Prawn Toast,5.0,72.75,80.0,19.448,recipe,true
2026-08-06,hg,hg,hg,b,Sapporo - 500ml,6.0,69.54,76.5,22.26,recipe,true
2026-08-06,hg,hg,hg,f,Chicken Karaage,3.0,46.35,51.0,0.0,lightspeed,true
2026-08-06,hg,hg,hg,f,Fried Rice,2.0,41.82,46.0,5.6484,recipe,true
2026-08-06,hg,hg,hg,b,Harry's Lager - Schooner,4.0,34.56,38.0,6.29,recipe,true
2026-08-06,hg,hg,hg,b,Aperol Spritz,2.0,34.54,38.0,7.112,recipe,true
2026-08-06,hg,hg,hg,f,Edamame,3.0,30.0,33.0,0.0,lightspeed,true
2026-08-06,hg,hg,hg,b,L'esprit Rosé - Regular,2.0,29.1,32.0,7.2,recipe,true
2026-08-06,hg,hg,hg,b,Esoterico Orange - Regular,2.0,27.28,30.0,5.372,recipe,true
2026-08-06,hg,hg,hg,b,Tengumai Junmai - 180ml  [SERVE WARM],1.0,27.27,30.0,7.0951,recipe,true
2026-08-06,hg,hg,hg,f,Popcorn Cauliflower,2.0,26.36,29.0,1.9222,recipe,true
2026-08-06,hg,hg,hg,b,Classic Margarita,2.0,25.46,28.0,8.3448,recipe,true
2026-08-06,hg,hg,hg,f,Dumplings - Veg Gyoza,2.0,25.46,28.0,3.9038,recipe,true
2026-08-06,hg,hg,hg,b,Little Dragon Ginger Beer Can,2.0,25.46,28.0,6.7566,recipe,true
2026-08-06,hg,hg,hg,b,Dragon Soda,3.0,24.54,27.0,0.1662,recipe,true
2026-08-06,hg,hg,hg,b,Sapporo - Schooner,2.0,18.91,20.8,6.307,recipe,true
2026-08-06,hg,hg,hg,b,Chicken,6.0,17.28,19.0,0.0,lightspeed,true
2026-08-06,hg,hg,hg,b,Drunken Koi,1.0,12.73,14.0,2.4425,recipe,true
2026-08-06,hg,hg,hg,f,Dumplings - Beef & Cabbage,1.0,12.73,14.0,1.4619,recipe,true
2026-08-06,hg,hg,hg,b,Pepsi Max Glass,3.0,12.27,13.5,3.93,recipe,true
2026-08-06,hg,hg,hg,b,Asahi 3.5%,1.0,10.0,11.0,2.18,recipe,true
2026-08-06,hg,hg,hg,b,Asahi Zero,1.0,9.55,10.5,2.1,lightspeed,true
2026-08-06,hg,hg,hg,b,Rice Pudding,1.0,8.64,9.5,0.0,lightspeed,true
2026-08-06,hg,hg,hg,b,Palloncino Prosecco - Regular,1.0,6.36,7.0,2.2999,recipe,true
2026-08-06,hg,hg,hg,f,1/2 Marinated Egg,3.0,5.46,6.0,0.0,lightspeed,true
2026-08-06,hg,hg,hg,b,Carafe Sparkling Water,1.0,4.55,5.0,0.0,lightspeed,true
2026-08-06,hg,hg,hg,f,Jasmine Rice,1.0,4.55,5.0,0.0,lightspeed,true
2026-08-06,hg,hg,hg,b,Pepsi Glass,1.0,4.09,4.5,1.31,recipe,true
2026-08-06,hg,hg,hg,b,Pink Lemonade Glass,1.0,4.09,4.5,0.9483,recipe,true
2026-08-06,hg,hg,hg,f,Chilli Bomb,2.0,3.64,4.0,0.0,lightspeed,true
2026-08-06,hg,hg,hg,b,Extra Chicken.,1.0,3.64,4.0,0.0,lightspeed,true
2026-08-06,hg,hg,hg,f,Fried Egg,1.0,3.18,3.5,0.0,lightspeed,true
2026-08-06,hg,hg,hg,b,2 Glasses,1.0,0.0,0.0,0.0,lightspeed,true
2026-08-06,hg,hg,hg,b,Gluten-Free,1.0,0.0,0.0,0.0,lightspeed,true
2026-08-06,hg,hg,hg,b,Open Price,1.0,0.0,0.0,0.0,lightspeed,true
2026-08-06,hg,hg,hg,f,Swap for Chicken,1.0,0.0,0.0,0.0,lightspeed,true
2026-08-06,mari,mari,mari,f,Feast Deal Pizzas,3.0,122.73,135.0,42.2142,recipe,true
2026-08-06,mari,mari,mari,f,WINGS DEAL,3.0,81.81,90.0,29.8335,recipe,true
2026-08-06,mari,mari,mari,f,Regular Sanchez [Dine-in],3.0,73.25,80.55,11.8356,recipe,true
2026-08-06,mari,mari,mari,f,Regular New Yorker [Dine-in],3.0,67.6,74.35,7.9197,recipe,true
2026-08-06,mari,mari,mari,f,Regular Uber Margherita [Dine-in],3.0,64.08,70.49,8.136,recipe,true
2026-08-06,mari,mari,mari,f,Family Vegetarian,2.0,52.54,57.8,0.0,lightspeed,true
2026-08-06,mari,mari,mari,f,Regular El Patron [Dine-in],2.0,48.82,53.7,7.4574,recipe,true
2026-08-06,mari,mari,mari,f,Regular Truffalo Soldier [Dine-in],2.0,48.06,52.85,6.136,recipe,true
2026-08-06,mari,mari,mari,f,Regular Little Italy [Dine-in],2.0,47.28,52.0,8.331,recipe,true
2026-08-06,mari,mari,mari,f,"Regular No Chorizo, No Cry [Dine-in]",2.0,43.37,47.7,5.283,recipe,true
2026-08-06,mari,mari,mari,f,Regular Bubba Gump,2.0,41.73,45.9,7.2762,recipe,true
2026-08-06,mari,mari,mari,f,Regular Truffalo Soldier,2.0,36.18,39.8,7.3212,recipe,true
2026-08-06,mari,mari,mari,f,Large Little Italy,1.0,28.18,31.0,7.3904,recipe,true
2026-08-06,mari,mari,mari,f,Large Tandoori Chicken,1.0,27.27,30.0,3.1928,recipe,true
2026-08-06,mari,mari,mari,f,Family El Patron,1.0,27.18,29.9,0.0,lightspeed,true
2026-08-06,mari,mari,mari,f,Family Tandoori Chicken,1.0,27.18,29.9,0.0,lightspeed,true
2026-08-06,mari,mari,mari,f,Large Hawaiian,1.0,25.45,28.0,3.3157,recipe,true
2026-08-06,mari,mari,mari,f,Regular Hail Africa [Dine-in],1.0,24.55,27.0,2.8225,recipe,true
2026-08-06,mari,mari,mari,f,Large Cosmopolitan,1.0,24.45,26.9,7.041,recipe,true
2026-08-06,mari,mari,mari,f,Large Meatlovers,3.0,24.45,26.9,20.22,recipe,true
2026-08-06,mari,mari,mari,f,"Large No Chorizo, No Cry",1.0,24.45,26.9,5.4669,recipe,true
2026-08-06,mari,mari,mari,f,Large Sanchez,1.0,24.45,26.9,5.8374,recipe,true
2026-08-06,mari,mari,mari,f,Regular Sanchez VEGAN [Dine-in],1.0,24.41,26.85,2.0465,recipe,true
2026-08-06,mari,mari,mari,f,Under the Bridge Pizza,1.0,24.41,26.85,3.9357,recipe,true
2026-08-06,mari,mari,mari,f,Regular Meatlovers [Dine-in],1.0,23.64,26.0,3.7466,recipe,true
2026-08-06,mari,mari,mari,f,Regular Meatlovers,1.0,22.73,25.0,4.3392,recipe,true
2026-08-06,mari,mari,mari,f,Regular Sanchez VEGAN,1.0,22.73,25.0,2.6391,recipe,true
2026-08-06,mari,mari,mari,f,Family Hawaiian,1.0,22.63,24.9,0.0,lightspeed,true
2026-08-06,mari,mari,mari,f,Regular BBQ Chicken Pizza,1.0,22.27,24.5,3.0876,recipe,true
2026-08-06,mari,mari,mari,f,Regular Super House Special,1.0,21.82,24.0,4.6187,recipe,true
2026-08-06,mari,mari,mari,f,Regular Pepperoni,1.0,20.0,22.0,2.6992,recipe,true
2026-08-06,mari,mari,mari,f,Cheesy Garlic Bread,3.0,19.99,22.0,5.4081,recipe,true
2026-08-06,mari,mari,mari,f,Large Pepperoni,2.0,18.09,19.9,8.722,recipe,true
2026-08-06,mari,mari,mari,f,"Regular No Chorizo, No Cry",1.0,18.09,19.9,3.234,recipe,true
2026-08-06,mari,mari,mari,f,Regular Sanchez,1.0,18.09,19.9,4.5378,recipe,true
2026-08-06,mari,mari,mari,f,Regular New Yorker,1.0,17.18,18.9,3.2325,recipe,true
2026-08-06,mari,mari,mari,f,Regular Tandoori Chicken,1.0,17.18,18.9,2.0367,recipe,true
2026-08-06,mari,mari,mari,f,Garlic Bread,6.0,15.01,16.5,8.9262,recipe,true
2026-08-06,mari,mari,mari,f,Regular Vegetarian,1.0,14.45,15.9,2.9017,recipe,true
2026-08-06,mari,mari,mari,f,Regular Hawaiian,1.0,13.55,14.9,3.272,recipe,true
2026-08-06,mari,mari,mari,f,Online Surcharge,8.0,9.62,9.62,0.0,lightspeed,true
2026-08-06,mari,mari,mari,f,Add Prawns,3.0,9.1,10.0,0.0,lightspeed,true
2026-08-06,mari,mari,mari,f,Vegan Cheese [Pizza],3.0,8.28,9.1,0.0,lightspeed,true
2026-08-06,mari,mari,mari,f,Regular Garlic Cheese Pizza,1.0,8.18,9.0,1.5021,recipe,true
2026-08-06,mari,mari,mari,f,Regular Pepperoni [Dine-in],1.0,7.64,8.4,2.1067,recipe,true
2026-08-06,mari,mari,mari,f,Sprite Can,2.0,7.27,8.0,4.8846,recipe,true
2026-08-06,mari,mari,mari,f,Sprite 1.25L,1.0,6.36,7.0,4.2654,recipe,true
2026-08-06,mari,mari,mari,f,Delivery Fee - Curl Curl / Manly / Dee Why,1.0,5.91,6.5,0.0,lightspeed,true
2026-08-06,mari,mari,mari,f,Gluten-free Base,1.0,4.7,5.16,4.1,recipe,true
2026-08-06,mari,mari,mari,f,Fellr Watermelon Seltzer Seltzer D,1.0,4.36,4.8,3.41,recipe,true
2026-08-06,mari,mari,mari,f,Add Calabrese,1.0,3.64,4.0,0.0,lightspeed,true
2026-08-06,mari,mari,mari,f,Coke Zero Can,1.0,3.64,4.0,1.89,recipe,true
2026-08-06,mari,mari,mari,f,Add Fetta,1.0,2.82,3.1,0.0,lightspeed,true
2026-08-06,mari,mari,mari,f,Add Pepperoni,1.0,2.73,3.0,0.0,lightspeed,true
2026-08-06,mari,mari,mari,f,Extra Mozzarella,1.0,2.34,2.58,0.0,lightspeed,true
2026-08-06,mari,mari,mari,f,Add Anchovies,2.0,1.82,2.0,0.0,lightspeed,true
2026-08-06,mari,mari,mari,f,Add Olives,1.0,1.4,1.55,0.0,lightspeed,true
2026-08-06,mari,mari,mari,f,Add Mushrooms,1.0,1.36,1.5,0.0,lightspeed,true
2026-08-06,mari,mari,mari,f,Add Pineapple,1.0,1.36,1.5,0.0,lightspeed,true
2026-08-06,mari,mari,mari,f,Add Jalapenos,1.0,0.94,1.03,0.0,lightspeed,true
2026-08-06,mari,mari,mari,f,Add Basil,1.0,0.91,1.0,0.0,lightspeed,true
2026-08-06,mari,mari,mari,f,Add Chilli,1.0,0.91,1.0,0.0,lightspeed,true
2026-08-06,mari,mari,mari,f,Choc  Brownie,3.0,0.0,0.0,5.8503,recipe,true
2026-08-06,mari,mari,mari,f,Garlic  Bread,3.0,0.0,0.0,4.4631,recipe,true
2026-08-06,mari,mari,mari,f,Large El Patron,1.0,0.0,0.0,5.812,recipe,true
2026-08-06,mari,mari,mari,f,Large Hail Africa,1.0,0.0,0.0,6.2812,recipe,true
2026-08-06,mari,mari,mari,f,Large Paddock,1.0,0.0,0.0,5.1033,recipe,true
2026-08-06,mari,mari,mari,f,Large Super House Special,1.0,0.0,0.0,7.6177,recipe,true
2026-08-06,mari,mari,mari,f,Less Cheese,1.0,0.0,0.0,0.0,lightspeed,true
2026-08-06,mari,mari,mari,f,Regular Margherita,4.0,0.0,0.0,8.1324,recipe,true
2026-08-06,mari,mari,mari,f,Online Discount,5.0,-74.95,-74.95,0.0,lightspeed,true
2026-08-06,stow,stow,stow,b,Classic Margarita,19.0,261.37,287.41,79.2756,recipe,true
2026-08-06,stow,stow,stow,b,Veuve Clicquot Yellow Label - Bottle,2.0,258.18,284.0,157.36,lightspeed,true
2026-08-06,stow,stow,stow,b,Fresh is Best Lager - Schooner,34.0,223.42,245.7,61.3972,recipe,true
2026-08-06,stow,stow,stow,b,Version Two Pinot Grigio - Regular,24.0,220.0,242.01,42.4008,recipe,true
2026-08-06,stow,stow,stow,f,Fish Tacos,10.0,178.67,196.59,18.485,recipe,true
2026-08-06,stow,stow,stow,b,Kuku Sauvignon Blanc - Regular,15.0,178.63,196.46,43.7115,recipe,true
2026-08-06,stow,stow,stow,b,Espresso Martini,10.0,140.88,154.91,32.85,recipe,true
2026-08-06,stow,stow,stow,b,Geppetto Pinot Noir - Regular,10.0,140.88,154.96,35.12,recipe,true
2026-08-06,stow,stow,stow,b,Grifter Pale - Schooner,15.0,140.39,154.5,37.236,recipe,true
2026-08-06,stow,stow,stow,b,Mulled Wine,10.0,138.2,151.98,20.862,recipe,true
2026-08-06,stow,stow,stow,f,Fancy Pants Parmy - Classic,5.0,136.14,149.78,37.993,recipe,true
2026-08-06,stow,stow,stow,b,Grifter Pale - Pint,13.0,130.79,143.86,43.2822,recipe,true
2026-08-06,stow,stow,stow,b,Kuku Sauvignon Blanc - Bottle,2.0,109.01,119.9,29.15,lightspeed,true
2026-08-06,stow,stow,stow,b,A. Rodda Chardonnay - Bottle,1.0,105.25,115.77,37.7,lightspeed,true
2026-08-06,stow,stow,stow,b,Kirin - Pint,6.0,102.02,112.22,30.5544,recipe,true
2026-08-06,stow,stow,stow,b,Stone & Wood - Pint,6.0,93.21,102.56,26.5254,recipe,true
2026-08-06,stow,stow,stow,b,Kirin - Schooner,7.0,89.11,98.0,26.5783,recipe,true
2026-08-06,stow,stow,stow,b,Mother's Milk Shiraz - Regular,6.0,84.57,92.99,19.2978,recipe,true
2026-08-06,stow,stow,stow,b,BBQ Ribs,2.0,82.73,91.0,0.0,lightspeed,true
2026-08-06,stow,stow,stow,f,Arancini Balls [5pc],4.0,82.25,90.46,0.0,lightspeed,true
2026-08-06,stow,stow,stow,b,Fresh is Best Lager - Pint,7.0,79.89,87.91,16.9533,recipe,true
2026-08-06,stow,stow,stow,b,Jalapeño Marg,5.0,79.77,87.77,19.229,recipe,true
2026-08-06,stow,stow,stow,b,Guinness Draught - Pint,5.0,79.55,87.5,24.0255,recipe,true
2026-08-06,stow,stow,stow,b,Villa Fresco Sangiovese - Regular,9.0,78.21,86.03,21.7107,recipe,true
2026-08-06,stow,stow,stow,b,Petits Detours Rosé - Regular,5.0,72.75,80.0,17.34,recipe,true
2026-08-06,stow,stow,stow,f,Beef Cheek,2.0,72.54,79.8,0.0,lightspeed,true
2026-08-06,stow,stow,stow,f,Rosemary Salted Fries,6.0,72.31,79.51,11.16,recipe,true
2026-08-06,stow,stow,stow,b,Mother's Milk Shiraz - Large,3.0,70.44,77.46,16.0815,recipe,true
2026-08-06,stow,stow,stow,b,Ottelia Chardonnay - Large,3.0,70.41,77.46,17.2971,recipe,true
2026-08-06,stow,stow,stow,f,Baked Camembert,3.0,69.4,76.33,0.0,lightspeed,true
2026-08-06,stow,stow,stow,b,Negroni,6.0,67.27,73.98,24.594,recipe,true
2026-08-06,stow,stow,stow,f,Pie,2.0,60.79,66.87,0.0,lightspeed,true
2026-08-06,stow,stow,stow,f,Sweet Potato Fries,5.0,60.65,66.71,12.6505,recipe,true
2026-08-06,stow,stow,stow,f,Chicken Burrito,2.0,54.31,59.75,16.562,recipe,true
2026-08-06,stow,stow,stow,f,Pie D,2.0,50.91,56.0,0.0,lightspeed,true
2026-08-06,stow,stow,stow,f,Stow Schnitty,2.0,50.53,55.6,10.996,recipe,true
2026-08-06,stow,stow,stow,f,American Standard Burger,3.0,50.51,55.58,17.5209,recipe,true
2026-08-06,stow,stow,stow,f,Sensei Calamari,3.0,50.22,55.24,6.7884,recipe,true
2026-08-06,stow,stow,stow,b,Padrillos Malbec - Regular,3.0,49.08,54.0,11.5998,recipe,true
2026-08-06,stow,stow,stow,b,Status Quo - Pint,3.0,47.73,52.5,12.4761,recipe,true
2026-08-06,stow,stow,stow,b,Fireball,4.0,43.64,48.0,7.6732,recipe,true
2026-08-06,stow,stow,stow,b,Version Two Pinot Grigio - Large,4.0,41.48,45.63,11.778,recipe,true
2026-08-06,stow,stow,stow,b,Flower Child,2.0,40.65,44.72,7.0334,recipe,true
2026-08-06,stow,stow,stow,b,A. Rodda Chardonnay - Large,1.0,40.0,44.0,12.5667,recipe,true
2026-08-06,stow,stow,stow,b,Baileys Irish Cream,4.0,40.0,44.0,5.0808,recipe,true
2026-08-06,stow,stow,stow,b,Mojito,2.0,38.18,42.0,7.4802,recipe,true
2026-08-06,stow,stow,stow,b,Status Quo - Schooner,3.0,36.81,40.5,9.3024,recipe,true
2026-08-06,stow,stow,stow,f,Kids Nuggets & Chips,3.0,36.27,39.89,6.7281,recipe,true
2026-08-06,stow,stow,stow,b,Philter XPA - Schooner,4.0,35.53,39.1,8.954,recipe,true
2026-08-06,stow,stow,stow,b,Veuve Clicquot Yellow Label - Glass,1.0,33.81,37.18,16.1526,recipe,true
2026-08-06,stow,stow,stow,f,Bang Bang Cauli,2.0,31.91,35.11,5.5318,recipe,true
2026-08-06,stow,stow,stow,b,Crankshaft IPA - Pint,2.0,31.82,35.0,8.6048,recipe,true
2026-08-06,stow,stow,stow,b,Stone & Wood - Schooner,3.0,31.17,34.25,9.8889,recipe,true
2026-08-06,stow,stow,stow,f,BBQ Wings D,5.0,29.1,32.0,15.7,recipe,true
2026-08-06,stow,stow,stow,f,Eggplant Parmy,1.0,27.23,29.95,0.0,lightspeed,true
2026-08-06,stow,stow,stow,f,Beef Burrito,1.0,27.13,29.85,9.4072,recipe,true
2026-08-06,stow,stow,stow,b,Version Two Pinot Grigio - Bottle,1.0,26.73,29.4,8.83,lightspeed,true
2026-08-06,stow,stow,stow,b,Crankshaft IPA - Schooner,2.0,24.54,27.0,6.4158,recipe,true
2026-08-06,stow,stow,stow,b,Grifter Omen Stout Tin,2.0,24.41,26.85,6.38,recipe,true
2026-08-06,stow,stow,stow,b,Trentham Estate Rosé - Regular,3.0,23.63,26.0,6.33,recipe,true
2026-08-06,stow,stow,stow,b,Biscoff Espresso,1.0,21.63,23.79,3.2484,recipe,true
2026-08-06,stow,stow,stow,b,Kuku Sauvignon Blanc - Large,1.0,21.6,23.76,4.8567,recipe,true
2026-08-06,stow,stow,stow,b,Bombay Dry [House],2.0,20.0,22.0,4.3288,recipe,true
2026-08-06,stow,stow,stow,f,Extra Taco,3.0,19.5,21.46,2.9478,recipe,true
2026-08-06,stow,stow,stow,f,Sensei Calamari D,1.0,19.09,21.0,2.2628,recipe,true
2026-08-06,stow,stow,stow,b,White Light Pure Vodka [House],2.0,18.0,19.8,3.0416,recipe,true
2026-08-06,stow,stow,stow,b,Villa Fresco Sangiovese - Large,1.0,17.84,19.63,4.0205,recipe,true
2026-08-06,stow,stow,stow,b,Limoncello Spritz,1.0,15.96,17.56,5.32,recipe,true
2026-08-06,stow,stow,stow,f,BBQ Wings,1.0,15.87,17.45,3.14,recipe,true
2026-08-06,stow,stow,stow,b,Coconut Margarita,1.0,15.45,17.0,4.2449,recipe,true
2026-08-06,stow,stow,stow,b,Lemon Meringue Martini,1.0,15.45,17.0,3.6814,recipe,true
2026-08-06,stow,stow,stow,b,Tommy's Margarita,1.0,15.45,17.0,5.0572,recipe,true
2026-08-06,stow,stow,stow,b,Das Juice Pink Pet Nat - Regular,1.0,15.03,16.53,3.3,recipe,true
2026-08-06,stow,stow,stow,b,Apple Crumble,1.0,15.02,16.53,0.0,lightspeed,true
2026-08-06,stow,stow,stow,f,Buffalo Wings D,1.0,14.55,16.0,2.9764,recipe,true
2026-08-06,stow,stow,stow,b,Casa Gheller Prosecco - Glass,1.0,14.55,16.0,3.348,recipe,true
2026-08-06,stow,stow,stow,b,Ottelia Chardonnay - Regular,1.0,14.55,16.0,3.4594,recipe,true
2026-08-06,stow,stow,stow,b,Sunkissed Spritz,1.0,14.55,16.0,4.9388,recipe,true
2026-08-06,stow,stow,stow,b,Aperol Spritz,1.0,13.64,15.0,3.556,recipe,true
2026-08-06,stow,stow,stow,b,Dark & Stormy,1.0,13.64,15.0,4.0118,recipe,true
2026-08-06,stow,stow,stow,f,Rocket Man D,1.0,13.64,15.0,3.1972,recipe,true
2026-08-06,stow,stow,stow,b,Tito's Handmade Vodka,1.0,13.15,14.46,2.94,recipe,true
2026-08-06,stow,stow,stow,f,Buffalo Wings,1.0,12.73,14.0,2.9764,recipe,true
2026-08-06,stow,stow,stow,f,Fries D,1.0,11.83,13.0,0.0,lightspeed,true
2026-08-06,stow,stow,stow,f,Kids Nuggets D,1.0,11.82,13.0,2.2427,recipe,true
2026-08-06,stow,stow,stow,b,Fresh is Best Summer Lager - Pint,1.0,11.27,12.39,2.1084,recipe,true
2026-08-06,stow,stow,stow,b,Version Two Sparkling - Regular,1.0,10.91,12.0,1.7667,recipe,true
2026-08-06,stow,stow,stow,f,Amalfi Olives,1.0,10.45,11.5,0.0,lightspeed,true
2026-08-06,stow,stow,stow,b,Better Beer Tin,1.0,9.87,10.84,2.38,recipe,true
2026-08-06,stow,stow,stow,b,Corona,1.0,9.86,10.84,2.5713,recipe,true
2026-08-06,stow,stow,stow,b,Trutta Streamside Shiraz [Chilled] - Regular,1.0,9.82,10.8,3.968,recipe,true
2026-08-06,stow,stow,stow,b,Philter Pale - Schooner,1.0,9.55,10.5,0.0,lightspeed,true
2026-08-06,stow,stow,stow,b,"Lemon, Lime & Bitters",2.0,9.25,10.17,2.0538,recipe,true
2026-08-06,stow,stow,stow,f,Brownie D,1.0,9.09,10.0,1.9501,recipe,true
2026-08-06,stow,stow,stow,f,Lepinja Bread,1.0,9.09,10.0,0.0,lightspeed,true
2026-08-06,stow,stow,stow,b,Pepsi Glass,2.0,8.45,9.3,2.62,recipe,true
2026-08-06,stow,stow,stow,b,Philter XPA - Pint,1.0,8.18,9.0,3.0022,recipe,true
2026-08-06,stow,stow,stow,b,Fresh is Best Summer Lager - Schooner,1.0,7.73,8.5,1.5721,recipe,true
2026-08-06,stow,stow,stow,f,Extra Patty,1.0,5.63,6.2,0.0,lightspeed,true
2026-08-06,stow,stow,stow,b,Apple Juice Glass,1.0,4.55,5.0,0.6594,recipe,true
2026-08-06,stow,stow,stow,f,Kids Icecream,1.0,4.55,5.0,0.735,recipe,true
2026-08-06,stow,stow,stow,b,Pepsi Max Glass,1.0,4.22,4.65,1.31,recipe,true
2026-08-06,stow,stow,stow,b,Lemonade Glass,1.0,4.09,4.5,0.8032,recipe,true
2026-08-06,stow,stow,stow,b,Ginger Ale,1.0,3.76,4.13,0.0,lightspeed,true
2026-08-06,stow,stow,stow,b,Tonic Glass,1.0,3.64,4.0,0.0,lightspeed,true
2026-08-06,stow,stow,stow,f,Side Gravy,2.0,2.81,3.1,0.6016,recipe,true
2026-08-06,stow,stow,stow,f,Side Chipotle Mayo,2.0,1.85,2.03,0.0,lightspeed,true
2026-08-06,stow,stow,stow,f,Side Aioli,2.0,0.92,1.04,0.0,lightspeed,true
2026-08-06,stow,stow,stow,f,2x Aioli,1.0,0.91,1.0,0.0,lightspeed,true
2026-08-06,stow,stow,stow,f,1/2 Marinated Egg,2.0,0.0,0.0,0.0,lightspeed,true
2026-08-06,stow,stow,stow,b,2 Glasses,3.0,0.0,0.0,0.0,lightspeed,true
2026-08-06,stow,stow,stow,b,Bubba Gump.,1.0,0.0,0.0,0.0,lightspeed,true
2026-08-06,stow,stow,stow,b,Dressing on the Side,1.0,0.0,0.0,0.0,lightspeed,true
2026-08-06,stow,stow,stow,b,Easy Sauce,2.0,0.0,0.0,0.0,lightspeed,true
2026-08-06,stow,stow,stow,b,Gluten-free [Corn Tortillas],2.0,0.0,0.0,0.0,lightspeed,true
2026-08-06,stow,stow,stow,b,Jug of Water,1.0,0.0,0.0,0.0,lightspeed,true
2026-08-06,stow,stow,stow,b,Lime,1.0,0.0,0.0,0.0,lightspeed,true
2026-08-06,stow,stow,stow,b,Make It A Burrito Bowl [gluten-free],2.0,0.0,0.0,0.0,lightspeed,true
2026-08-06,stow,stow,stow,f,Make it Vegetarian [plant-based patty],1.0,0.0,0.0,0.0,lightspeed,true
2026-08-06,stow,stow,stow,b,Meatlovers.,1.0,0.0,0.0,0.0,lightspeed,true
2026-08-06,stow,stow,stow,f,Miso,1.0,0.0,0.0,0.0,lightspeed,true
2026-08-06,stow,stow,stow,b,No Beans,1.0,0.0,0.0,0.0,lightspeed,true
2026-08-06,stow,stow,stow,b,No Cheese [dairy-free],1.0,0.0,0.0,0.0,lightspeed,true
2026-08-06,stow,stow,stow,b,"No Chorizo, No Cry.",2.0,0.0,0.0,0.0,lightspeed,true
2026-08-06,stow,stow,stow,b,No Salad,1.0,0.0,0.0,0.0,lightspeed,true
2026-08-06,stow,stow,stow,b,No Vegan Cheese,1.0,0.0,0.0,0.0,lightspeed,true
2026-08-06,stow,stow,stow,b,On The Rocks,5.0,0.0,0.0,0.0,lightspeed,true
2026-08-06,stow,stow,stow,b,One Ice Cube,1.0,0.0,0.0,0.0,lightspeed,true
2026-08-06,stow,stow,stow,b,Pepsi Max [mixer],1.0,0.0,0.0,0.8,lightspeed,true
2026-08-06,stow,stow,stow,b,Send Kids Food ASAP,3.0,0.0,0.0,0.0,lightspeed,true
2026-08-06,stow,stow,stow,f,Side BBQ Sauce,1.0,0.0,0.0,0.0,lightspeed,true
2026-08-06,stow,stow,stow,b,Side Tomato Sauce,4.0,0.0,0.0,0.0,lightspeed,true
2026-08-06,stow,stow,stow,b,Sorrento.,1.0,0.0,0.0,0.0,lightspeed,true
2026-08-06,stow,stow,stow,b,Super House Special.,1.0,0.0,0.0,0.0,lightspeed,true
2026-08-06,stow,stow,stow,b,Swap Gravy for Tomato Sauce,1.0,0.0,0.0,0.0,lightspeed,true
2026-08-07,hg,hg,hg,f,Tonkotsu,13.0,316.32,348.0,55.4359,recipe,true
2026-08-07,hg,hg,hg,f,BBQ Pork Buns,16.0,218.71,240.51,56.0,recipe,true
2026-08-07,hg,hg,hg,f,Shredded Beef,9.0,214.38,235.78,0.0,lightspeed,true
2026-08-07,hg,hg,hg,f,Shoyu,7.0,184.52,203.0,0.0,lightspeed,true
2026-08-07,hg,hg,hg,b,Harry's Lager - Pint,15.0,167.22,184.0,31.635,recipe,true
2026-08-07,hg,hg,hg,f,Mie Goreng,8.0,166.1,182.7,45.3504,recipe,true
2026-08-07,hg,hg,hg,f,Chicken Karaage,10.0,154.5,170.0,0.0,lightspeed,true
2026-08-07,hg,hg,hg,f,Dumplings - Prawn Har Gow [GF],9.0,152.79,168.1,39.6171,recipe,true
2026-08-07,hg,hg,hg,f,Chicken Katsu Curry,6.0,149.04,163.93,18.5778,recipe,true
2026-08-07,hg,hg,hg,f,Fried Rice,7.0,148.0,162.79,19.7694,recipe,true
2026-08-07,hg,hg,hg,f,Dumplings - Beef & Cabbage,10.0,127.3,140.0,14.619,recipe,true
2026-08-07,hg,hg,hg,b,Sapporo - 500ml,10.0,114.26,125.7,37.1,recipe,true
2026-08-07,hg,hg,hg,f,Dumplings - Veg Gyoza,7.0,89.11,98.0,13.6633,recipe,true
2026-08-07,hg,hg,hg,b,River Retreat Pinot Grigio - Bottle,2.0,89.1,98.0,20.1,lightspeed,true
2026-08-07,hg,hg,hg,b,Sapporo - Schooner,8.0,89.1,98.0,25.228,recipe,true
2026-08-07,hg,hg,hg,f,Devon's Prawn Toast,6.0,87.3,96.0,23.3376,recipe,true
2026-08-07,hg,hg,hg,f,Miso,3.0,79.08,87.0,0.0,lightspeed,true
2026-08-07,hg,hg,hg,f,Duck Spring Roll,5.0,73.24,80.55,17.846,recipe,true
2026-08-07,hg,hg,hg,b,Classic Margarita,5.0,72.73,80.0,20.862,recipe,true
2026-08-07,hg,hg,hg,f,BBQ Meat Platter,2.0,72.72,80.0,0.0,lightspeed,true
2026-08-07,hg,hg,hg,f,Edamame,7.0,69.0,75.9,0.0,lightspeed,true
2026-08-07,hg,hg,hg,f,Popcorn Cauliflower,5.0,68.68,75.52,4.8055,recipe,true
2026-08-07,hg,hg,hg,b,From Sundays Shiraz - Bottle,1.0,56.36,62.0,14.0,lightspeed,true
2026-08-07,hg,hg,hg,b,Buttermilk Chicken,4.0,55.62,61.2,0.0,lightspeed,true
2026-08-07,hg,hg,hg,b,Harry's Lager - Schooner,7.0,55.06,60.55,11.0075,recipe,true
2026-08-07,hg,hg,hg,b,From Sundays Shiraz - Regular,4.0,54.56,60.0,11.2004,recipe,true
2026-08-07,hg,hg,hg,b,River Retreat Pinot Grigio - Regular,6.0,44.89,49.4,12.06,recipe,true
2026-08-07,hg,hg,hg,b,Drunken Koi,3.0,44.55,49.0,7.3275,recipe,true
2026-08-07,hg,hg,hg,b,Trutta Streamside Shiraz - Regular [HG],3.0,43.65,48.0,11.904,recipe,true
2026-08-07,hg,hg,hg,b,Open Price,2.0,43.63,48.0,0.0,lightspeed,true
2026-08-07,hg,hg,hg,b,Crouching Tiger,3.0,38.19,42.0,12.8019,recipe,true
2026-08-07,hg,hg,hg,b,Two Bays GF Rice Lager Can [HG],3.0,38.19,42.0,14.97,recipe,true
2026-08-07,hg,hg,hg,b,Aperol Spritz,2.0,30.0,33.0,7.112,recipe,true
2026-08-07,hg,hg,hg,b,Demon Slayer,2.0,25.46,28.0,8.2232,recipe,true
2026-08-07,hg,hg,hg,b,Negroni,2.0,25.46,28.0,8.198,recipe,true
2026-08-07,hg,hg,hg,b,Chicken,7.0,24.2,26.6,0.0,lightspeed,true
2026-08-07,hg,hg,hg,b,Pepsi Max Glass,5.0,20.45,22.5,6.55,recipe,true
2026-08-07,hg,hg,hg,b,Dragon Juice,1.0,15.45,17.0,2.5854,recipe,true
2026-08-07,hg,hg,hg,b,Tsingtao Longneck,1.0,15.45,17.0,4.69,recipe,true
2026-08-07,hg,hg,hg,f,1/2 Marinated Egg,9.0,14.56,16.0,0.0,lightspeed,true
2026-08-07,hg,hg,hg,b,L'esprit Rosé - Regular,1.0,14.55,16.0,3.6,recipe,true
2026-08-07,hg,hg,hg,f,Jasmine Rice,3.0,13.65,15.0,0.0,lightspeed,true
2026-08-07,hg,hg,hg,b,Azurescens Pinot Noir - Regular,1.0,13.64,15.0,2.8001,recipe,true
2026-08-07,hg,hg,hg,b,Geppetto Chardonnay - Regular,1.0,13.64,15.0,3.1136,recipe,true
2026-08-07,hg,hg,hg,b,Zagara Orange [HG] - Regular,1.0,13.64,15.0,2.69,lightspeed,true
2026-08-07,hg,hg,hg,b,Hendrick's Gin,1.0,12.73,14.0,2.8179,recipe,true
2026-08-07,hg,hg,hg,b,Margato,1.0,12.73,14.0,3.7334,recipe,true
2026-08-07,hg,hg,hg,f,Matcha Sando,1.0,12.73,14.0,0.0,lightspeed,true
2026-08-07,hg,hg,hg,b,Two Bays GF Pale Can [HG],1.0,12.73,14.0,0.0,lightspeed,true
2026-08-07,hg,hg,hg,f,Vegetarian Spring Rolls,1.0,12.73,14.0,1.6492,recipe,true
2026-08-07,hg,hg,hg,f,Kids Fried Rice,1.0,11.82,13.0,0.0,lightspeed,true
2026-08-07,hg,hg,hg,b,Kids Miso,1.0,11.82,13.0,0.0,lightspeed,true
2026-08-07,hg,hg,hg,f,Kids Tonkotsu,1.0,11.82,13.0,0.0,lightspeed,true
2026-08-07,hg,hg,hg,f,Mochi Trio,1.0,11.82,13.0,0.0,lightspeed,true
2026-08-07,hg,hg,hg,b,Saika Junmai Daiginjo - 60ml,1.0,11.82,13.0,3.6658,recipe,true
2026-08-07,hg,hg,hg,b,Virgin Margy,1.0,11.82,13.0,0.0,lightspeed,true
2026-08-07,hg,hg,hg,b,Sensei Highball,1.0,10.91,12.0,1.2953,recipe,true
2026-08-07,hg,hg,hg,b,Dragon Soda,1.0,8.18,9.0,0.0554,recipe,true
2026-08-07,hg,hg,hg,b,Jinro Strawberry - 60ml,1.0,8.18,9.0,1.905,recipe,true
2026-08-07,hg,hg,hg,f,Black Garlic Oil,5.0,7.28,8.0,0.0,lightspeed,true
2026-08-07,hg,hg,hg,b,Angas & Bremer Grenache - Regular,1.0,6.36,7.0,1.754,recipe,true
2026-08-07,hg,hg,hg,f,GFO [GF Ramen Noodles],2.0,5.46,6.0,0.0,lightspeed,true
2026-08-07,hg,hg,hg,b,Carafe Sparkling Water,1.0,4.55,5.0,0.0,lightspeed,true
2026-08-07,hg,hg,hg,f,Extra Pork.,1.0,4.55,5.0,0.0,lightspeed,true
2026-08-07,hg,hg,hg,b,Pepsi Glass,1.0,4.09,4.5,1.31,recipe,true
2026-08-07,hg,hg,hg,b,Pink Lemonade Glass,1.0,4.09,4.5,0.9483,recipe,true
2026-08-07,hg,hg,hg,f,Chilli Bomb,2.0,3.64,4.0,0.0,lightspeed,true
2026-08-07,hg,hg,hg,f,Fried Egg,1.0,3.64,4.0,0.0,lightspeed,true
2026-08-07,hg,hg,hg,b,Soda & Lime Glass,1.0,2.73,3.0,0.0417,recipe,true
2026-08-07,hg,hg,hg,b,Vegan Cheese [Pizza],1.0,2.46,2.7,0.0,lightspeed,true
2026-08-07,hg,hg,hg,f,Bamboo Shoots,1.0,1.82,2.0,0.0,lightspeed,true
2026-08-07,hg,hg,hg,b,Black Mushroom,1.0,1.82,2.0,0.0,lightspeed,true
2026-08-07,hg,hg,hg,b,2 Glasses,2.0,0.0,0.0,0.0,lightspeed,true
2026-08-07,hg,hg,hg,b,3 Glasses,2.0,0.0,0.0,0.0,lightspeed,true
2026-08-07,hg,hg,hg,f,Aioli,1.0,0.0,0.0,0.0,lightspeed,true
2026-08-07,hg,hg,hg,b,Cucumber,1.0,0.0,0.0,0.0,lightspeed,true
2026-08-07,hg,hg,hg,b,Gluten-Free,1.0,0.0,0.0,0.0,lightspeed,true
2026-08-07,hg,hg,hg,b,Remove Black Mushroom,1.0,0.0,0.0,0.0,lightspeed,true
2026-08-07,hg,hg,hg,f,Swap for Tofu,1.0,0.0,0.0,0.0,lightspeed,true
2026-08-07,hg,hg,hg,b,Tonic,1.0,0.0,0.0,0.8,lightspeed,true
2026-08-07,hg,hg,hg,b,Vegan,1.0,0.0,0.0,0.0,lightspeed,true
2026-08-07,mari,mari,mari,f,Large Super House Special,10.0,179.61,197.6,76.177,recipe,true
2026-08-07,mari,mari,mari,f,Regular Hawaiian,9.0,160.65,176.7,29.448,recipe,true
2026-08-07,mari,mari,mari,f,Large Meatlovers,6.0,125.98,138.6,40.44,recipe,true
2026-08-07,mari,mari,mari,f,Regular Super House Special,6.0,123.46,135.8,27.7122,recipe,true
2026-08-07,mari,mari,mari,f,Large Pepperoni,8.0,123.26,135.6,34.888,recipe,true
2026-08-07,mari,mari,mari,f,Regular Little Italy [Dine-in],5.0,121.28,133.4,20.8275,recipe,true
2026-08-07,mari,mari,mari,f,$60 BANQUET,2.0,109.1,120.0,42.2562,recipe,true
2026-08-07,mari,mari,mari,f,Regular BBQ Chicken Pizza,5.0,106.26,116.9,15.438,recipe,true
2026-08-07,mari,mari,mari,f,Large Hawaiian,6.0,87.08,95.8,19.8942,recipe,true
2026-08-07,mari,mari,mari,f,Regular Margherita,16.0,84.27,92.7,32.5296,recipe,true
2026-08-07,mari,mari,mari,f,Large Margherita,8.0,83.26,91.6,18.6176,recipe,true
2026-08-07,mari,mari,mari,f,$90 PIZZA PARTY,1.0,81.82,90.0,35.5228,recipe,true
2026-08-07,mari,mari,mari,f,Large Bubba Gump,4.0,77.99,85.8,22.0024,recipe,true
2026-08-07,mari,mari,mari,f,Regular Jimmy Jury [Dine-in],3.0,76.11,83.7,10.8642,recipe,true
2026-08-07,mari,mari,mari,f,Regular Uber Margherita,4.0,74.45,81.9,13.2184,recipe,true
2026-08-07,mari,mari,mari,f,Regular Pepperoni,4.0,73.55,80.9,10.7968,recipe,true
2026-08-07,mari,mari,mari,f,Garlic Bread,18.0,68.2,75.0,26.7786,recipe,true
2026-08-07,mari,mari,mari,f,Regular New Yorker [Dine-in],3.0,67.59,74.37,7.9197,recipe,true
2026-08-07,mari,mari,mari,f,Regular Roma Special,3.0,65.46,72.0,10.6032,recipe,true
2026-08-07,mari,mari,mari,f,Regular Meatlovers,3.0,63.55,69.9,13.0176,recipe,true
2026-08-07,mari,mari,mari,f,Regular Sanchez,3.0,58.91,64.8,13.6134,recipe,true
2026-08-07,mari,mari,mari,f,Banquet Deal Pizzas,1.0,54.55,60.0,21.1281,recipe,true
2026-08-07,mari,mari,mari,f,WINGS DEAL,2.0,54.54,60.0,19.889,recipe,true
2026-08-07,mari,mari,mari,f,Family Super House Special,2.0,54.36,59.8,0.0,lightspeed,true
2026-08-07,mari,mari,mari,f,Large Jimmy Jury,2.0,51.72,56.9,12.4022,recipe,true
2026-08-07,mari,mari,mari,f,Large BBQ Chicken Pizza,4.0,50.37,55.4,16.444,recipe,true
2026-08-07,mari,mari,mari,f,Regular Hail Africa [Dine-in],2.0,49.95,54.93,5.645,recipe,true
2026-08-07,mari,mari,mari,f,Large New Yorker,2.0,49.91,54.9,9.9462,recipe,true
2026-08-07,mari,mari,mari,f,"Large No Chorizo, No Cry",4.0,49.73,54.71,21.8676,recipe,true
2026-08-07,mari,mari,mari,f,Large Paddock,2.0,48.9,53.8,10.2066,recipe,true
2026-08-07,mari,mari,mari,f,Large Sanchez,2.0,48.9,53.8,11.6748,recipe,true
2026-08-07,mari,mari,mari,f,Large Sanchez VEGAN,2.0,48.9,53.8,8.0988,recipe,true
2026-08-07,mari,mari,mari,f,Large Sorrento,2.0,48.9,53.8,11.715,recipe,true
2026-08-07,mari,mari,mari,f,Regular El Patron [Dine-in],2.0,48.83,53.7,7.4574,recipe,true
2026-08-07,mari,mari,mari,f,Under the Bridge Pizza,2.0,48.83,53.7,7.8714,recipe,true
2026-08-07,mari,mari,mari,f,Regular New Yorker,2.0,39.0,42.9,6.465,recipe,true
2026-08-07,mari,mari,mari,f,Regular Cosmopolitan,2.0,36.18,39.8,8.9324,recipe,true
2026-08-07,mari,mari,mari,f,Regular Paddock,2.0,36.18,39.8,8.1676,recipe,true
2026-08-07,mari,mari,mari,f,Regular Truffalo Soldier,2.0,36.18,39.8,7.3212,recipe,true
2026-08-07,mari,mari,mari,f,Online Surcharge,24.0,29.94,29.94,0.0,lightspeed,true
2026-08-07,mari,mari,mari,f,Large Cosmopolitan,3.0,29.09,32.0,21.123,recipe,true
2026-08-07,mari,mari,mari,f,Regular Vegetarian,2.0,28.9,31.8,5.8034,recipe,true
2026-08-07,mari,mari,mari,f,Gluten-free Little Italy [Dine-in],1.0,28.18,31.0,9.0534,recipe,true
2026-08-07,mari,mari,mari,f,Gluten-free Truffalo Soldier [Dine-in],1.0,28.18,31.0,7.4851,recipe,true
2026-08-07,mari,mari,mari,f,Large El Patron,1.0,28.18,31.0,5.812,recipe,true
2026-08-07,mari,mari,mari,f,Casa Gheller Prosecco D,1.0,27.27,30.0,16.74,recipe,true
2026-08-07,mari,mari,mari,f,Family BBQ Chicken Pizza,1.0,27.18,29.9,0.0,lightspeed,true
2026-08-07,mari,mari,mari,f,Large Little Italy,4.0,24.45,26.9,29.5616,recipe,true
2026-08-07,mari,mari,mari,f,Axl Rose Pizza,1.0,24.42,26.85,0.0,lightspeed,true
2026-08-07,mari,mari,mari,f,Regular Bubba Gump,1.0,23.64,26.0,3.6381,recipe,true
2026-08-07,mari,mari,mari,f,Regular Bubba Gump [Dine-in],1.0,23.64,26.0,3.0455,recipe,true
2026-08-07,mari,mari,mari,f,Regular Cosmopolitan [Dine-in],1.0,23.64,26.0,3.8736,recipe,true
2026-08-07,mari,mari,mari,f,Regular Hail Africa,1.0,22.73,25.0,3.415,recipe,true
2026-08-07,mari,mari,mari,f,Family Hawaiian,1.0,22.64,24.9,0.0,lightspeed,true
2026-08-07,mari,mari,mari,f,Gluten-free Bubba Gump,1.0,22.64,24.9,8.2929,recipe,true
2026-08-07,mari,mari,mari,f,Large Tandoori Chicken,1.0,22.64,24.9,3.1928,recipe,true
2026-08-07,mari,mari,mari,f,Large Uber Margherita,1.0,22.64,24.9,4.384,recipe,true
2026-08-07,mari,mari,mari,f,Gluten-free Hawaiian,1.0,18.09,19.9,6.6926,recipe,true
2026-08-07,mari,mari,mari,f,Regular El Patron,1.0,18.09,19.9,4.3212,recipe,true
2026-08-07,mari,mari,mari,f,Regular Little Italy,1.0,18.09,19.9,4.7581,recipe,true
2026-08-07,mari,mari,mari,f,Coke 1.25L,2.0,12.72,14.0,7.38,recipe,true
2026-08-07,mari,mari,mari,f,Regular Sorrento,1.0,9.06,9.97,4.0074,recipe,true
2026-08-07,mari,mari,mari,f,Add Pepperoni,3.0,8.19,9.0,0.0,lightspeed,true
2026-08-07,mari,mari,mari,f,Regular Garlic Cheese Pizza,1.0,8.18,9.0,1.5021,recipe,true
2026-08-07,mari,mari,mari,f,Add Prawns,3.0,7.28,8.0,0.0,lightspeed,true
2026-08-07,mari,mari,mari,f,Coke Zero Can,2.0,7.28,8.0,3.78,recipe,true
2026-08-07,mari,mari,mari,f,Bundaberg Ginger Beer D,1.0,7.27,8.0,3.7208,recipe,true
2026-08-07,mari,mari,mari,f,Delivery Fee - Curl Curl / Manly / Dee Why,1.0,5.91,6.5,0.0,lightspeed,true
2026-08-07,mari,mari,mari,f,Add Bocconcini,2.0,5.46,6.0,0.0,lightspeed,true
2026-08-07,mari,mari,mari,f,Cheesy Garlic Bread,1.0,5.45,6.0,1.8027,recipe,true
2026-08-07,mari,mari,mari,f,VB Can D,1.0,5.45,6.0,2.34,recipe,true
2026-08-07,mari,mari,mari,f,Delivery Fee - Freshwater / Queenscliff,1.0,4.55,5.0,0.0,lightspeed,true
2026-08-07,mari,mari,mari,f,Coke Zero 1.25L,4.0,4.37,4.81,12.36,recipe,true
2026-08-07,mari,mari,mari,f,Add Jalapenos,3.0,4.08,4.5,0.0,lightspeed,true
2026-08-07,mari,mari,mari,f,Add Anchovies,3.0,3.64,4.0,0.0,lightspeed,true
2026-08-07,mari,mari,mari,f,Add Rocket,2.0,2.76,3.05,0.0,lightspeed,true
2026-08-07,mari,mari,mari,f,Add Capsicum,2.0,2.72,3.0,0.0,lightspeed,true
2026-08-07,mari,mari,mari,f,Add Mushrooms,2.0,2.72,3.0,0.0,lightspeed,true
2026-08-07,mari,mari,mari,f,Add Pineapple,2.0,2.72,3.0,0.0,lightspeed,true
2026-08-07,mari,mari,mari,f,Extra Mozzarella,1.0,2.27,2.5,0.0,lightspeed,true
2026-08-07,mari,mari,mari,f,Add Chilli,2.0,1.82,2.0,0.0,lightspeed,true
2026-08-07,mari,mari,mari,f,Add Cherry Tomatoes,1.0,1.36,1.5,0.0,lightspeed,true
2026-08-07,mari,mari,mari,f,Add Garlic,1.0,1.36,1.5,0.0,lightspeed,true
2026-08-07,mari,mari,mari,f,Add Olives,1.0,1.36,1.5,0.0,lightspeed,true
2026-08-07,mari,mari,mari,f,Add Spanish Onion,1.0,1.36,1.5,0.0,lightspeed,true
2026-08-07,mari,mari,mari,f,Add Basil,1.0,0.91,1.0,0.0,lightspeed,true
2026-08-07,mari,mari,mari,f,Sour Cream,1.0,0.91,1.0,0.0,lightspeed,true
2026-08-07,mari,mari,mari,f,.1.25L Coke Zero,1.0,0.0,0.0,3.29,lightspeed,true
2026-08-07,mari,mari,mari,f,.Garlic Bread,1.0,0.0,0.0,1.4877,recipe,true
2026-08-07,mari,mari,mari,f,Gluten-free Paddock,1.0,0.0,0.0,8.0084,recipe,true
2026-08-07,mari,mari,mari,f,Gluten-free Uber Margherita,1.0,0.0,0.0,7.4934,recipe,true
2026-08-07,mari,mari,mari,f,Sunkist 1.25L,1.0,0.0,0.0,3.77,recipe,true
2026-08-07,mari,mari,mari,f,Online Discount,20.0,-187.01,-187.01,0.0,lightspeed,true
2026-08-07,stow,stow,stow,b,Classic Margarita,50.0,826.11,908.77,208.62,recipe,true
2026-08-07,stow,stow,stow,b,Guinness Draught - Pint,37.0,585.95,644.53,177.7887,recipe,true
2026-08-07,stow,stow,stow,b,Fresh is Best Lager - Pint,50.0,536.42,590.2,121.095,recipe,true
2026-08-07,stow,stow,stow,b,Jalapeño Marg,18.0,320.48,352.5,69.2244,recipe,true
2026-08-07,stow,stow,stow,f,American Standard Burger,12.0,303.03,333.38,70.0836,recipe,true
2026-08-07,stow,stow,stow,b,Mulled Wine,20.0,278.62,306.42,41.724,recipe,true
2026-08-07,stow,stow,stow,b,Petits Detours Rosé Mediterranee - Bottle,4.0,240.37,264.42,69.36,recipe,true
2026-08-07,stow,stow,stow,b,Fresh is Best Lager - Schooner,28.0,222.17,244.35,50.5624,recipe,true
2026-08-07,stow,stow,stow,b,Coconut Margarita,11.0,208.4,229.21,46.6939,recipe,true
2026-08-07,stow,stow,stow,b,Kirin - Pint,12.0,201.84,222.0,61.1088,recipe,true
2026-08-07,stow,stow,stow,f,Baked Camembert,8.0,185.62,204.13,0.0,lightspeed,true
2026-08-07,stow,stow,stow,b,Version Two Pinot Grigio - Regular,21.4,180.01,198.04,37.8074,recipe,true
2026-08-07,stow,stow,stow,b,Aperol Spritz,12.0,166.16,182.73,42.672,recipe,true
2026-08-07,stow,stow,stow,b,Grifter Pale - Pint,16.0,164.17,180.6,53.2704,recipe,true
2026-08-07,stow,stow,stow,f,Arancini Balls [5pc],8.0,163.86,180.25,0.0,lightspeed,true
2026-08-07,stow,stow,stow,b,Petits Detours Rosé - Regular,10.0,146.94,161.58,34.68,recipe,true
2026-08-07,stow,stow,stow,b,Bombay Dry [House],15.0,133.44,146.8,32.466,recipe,true
2026-08-07,stow,stow,stow,b,Negroni,8.0,132.15,145.37,32.792,recipe,true
2026-08-07,stow,stow,stow,f,Fish Tacos,7.0,130.23,143.27,12.9395,recipe,true
2026-08-07,stow,stow,stow,b,Whispering Angel Rosé - Regular,5.0,129.75,142.76,34.295,recipe,true
2026-08-07,stow,stow,stow,b,Fresh is Best Summer Lager - Schooner,17.0,129.15,142.05,26.7257,recipe,true
2026-08-07,stow,stow,stow,b,Veuve Clicquot Yellow Label - Bottle,1.0,129.09,142.0,78.68,lightspeed,true
2026-08-07,stow,stow,stow,b,Stone & Wood - Pint,8.0,125.15,137.68,35.3672,recipe,true
2026-08-07,stow,stow,stow,b,Philter XPA - Pint,11.0,117.73,129.49,33.0242,recipe,true
2026-08-07,stow,stow,stow,b,Philter XPA - Schooner,14.0,113.58,125.0,31.339,recipe,true
2026-08-07,stow,stow,stow,b,Biscoff Espresso,6.0,110.8,121.87,19.4904,recipe,true
2026-08-07,stow,stow,stow,b,BBQ Ribs,3.0,109.87,120.87,0.0,lightspeed,true
2026-08-07,stow,stow,stow,b,Villa Fresco Sangiovese - Regular,13.7,109.35,120.28,33.0485,recipe,true
2026-08-07,stow,stow,stow,f,Fancy Pants Parmy - Classic,4.0,108.88,119.8,30.3944,recipe,true
2026-08-07,stow,stow,stow,f,Sensei Calamari,6.0,108.12,118.92,13.5768,recipe,true
2026-08-07,stow,stow,stow,f,Rosemary Salted Fries,9.0,107.12,117.79,16.74,recipe,true
2026-08-07,stow,stow,stow,b,Version Two Sparkling - Regular,13.0,105.43,116.0,22.9671,recipe,true
2026-08-07,stow,stow,stow,b,Tommy's Margarita,5.0,105.24,115.76,25.286,recipe,true
2026-08-07,stow,stow,stow,b,Kuku Sauvignon Blanc - Large,5.0,105.21,115.73,24.2835,recipe,true
2026-08-07,stow,stow,stow,b,Geppetto Pinot Noir - Regular,7.0,97.28,106.96,24.584,recipe,true
2026-08-07,stow,stow,stow,f,Sweet Potato Fries,8.0,96.9,106.55,20.2408,recipe,true
2026-08-07,stow,stow,stow,f,Beef Burrito D,5.0,95.53,105.08,47.036,recipe,true
2026-08-07,stow,stow,stow,f,BBQ Wings,6.0,94.15,103.61,18.84,recipe,true
2026-08-07,stow,stow,stow,b,Stone & Wood - Schooner,8.0,93.0,102.28,26.3704,recipe,true
2026-08-07,stow,stow,stow,b,Fresh is Best Summer Lager - Pint,10.0,90.62,99.69,21.084,recipe,true
2026-08-07,stow,stow,stow,b,Grifter Pale - Schooner,11.0,88.32,97.2,27.3064,recipe,true
2026-08-07,stow,stow,stow,b,Ottelia Chardonnay - Regular,6.0,88.24,97.05,20.7564,recipe,true
2026-08-07,stow,stow,stow,b,Trentham Estate Rosé - Regular,8.0,78.18,86.0,16.88,recipe,true
2026-08-07,stow,stow,stow,b,Kuku Sauvignon Blanc - Regular,6.0,76.8,84.46,17.4846,recipe,true
2026-08-07,stow,stow,stow,f,Stow Schnitty,3.0,75.76,83.35,16.494,recipe,true
2026-08-07,stow,stow,stow,b,Espresso Martini,5.0,75.56,83.11,16.425,recipe,true
2026-08-07,stow,stow,stow,b,Apple Crumble,5.0,75.2,82.7,0.0,lightspeed,true
2026-08-07,stow,stow,stow,b,Sigurd White Blend - Bottle,1.0,72.29,79.52,23.1,lightspeed,true
2026-08-07,stow,stow,stow,b,Heaps Normal Tin,7.0,70.67,77.73,18.6872,recipe,true
2026-08-07,stow,stow,stow,b,Geppetto Pinot Noir - Large Glass,3.0,66.94,73.62,17.5599,recipe,true
2026-08-07,stow,stow,stow,b,Vinada Sparkling Rose,6.0,65.82,72.39,18.2994,recipe,true
2026-08-07,stow,stow,stow,b,Lychee Martini,4.0,63.86,70.25,15.6312,recipe,true
2026-08-07,stow,stow,stow,b,Flower Child,3.0,61.33,67.46,10.5501,recipe,true
2026-08-07,stow,stow,stow,b,Casa Gheller Prosecco - Bottle,1.0,60.09,66.1,16.73,lightspeed,true
2026-08-07,stow,stow,stow,f,Buffalo Wings D,4.0,59.1,65.0,11.9056,recipe,true
2026-08-07,stow,stow,stow,b,Casa Gheller Prosecco - Glass,4.0,58.2,64.0,13.392,recipe,true
2026-08-07,stow,stow,stow,b,Lemon Meringue Martini,3.0,57.43,63.18,11.0442,recipe,true
2026-08-07,stow,stow,stow,b,Mother's Milk Shiraz - Regular,4.0,56.34,61.96,12.8652,recipe,true
2026-08-07,stow,stow,stow,f,Cauliflower Tacos,3.0,55.74,61.32,0.0,lightspeed,true
2026-08-07,stow,stow,stow,b,Villa Fresco Sangiovese - Large,3.0,53.59,58.97,12.0615,recipe,true
2026-08-07,stow,stow,stow,f,Rocket Man D,5.0,51.83,57.0,15.986,recipe,true
2026-08-07,stow,stow,stow,b,Kirin - Schooner,4.0,50.92,56.0,15.1876,recipe,true
2026-08-07,stow,stow,stow,b,Jala Marg PartyJar [6 serves],1.0,50.0,55.0,0.0,lightspeed,true
2026-08-07,stow,stow,stow,f,Buffalo Wings,3.0,49.29,54.21,8.9292,recipe,true
2026-08-07,stow,stow,stow,b,Archie Rose Signature Gin,4.0,48.05,52.85,11.32,recipe,true
2026-08-07,stow,stow,stow,f,Bang Bang Cauli,3.0,47.87,52.67,8.2977,recipe,true
2026-08-07,stow,stow,stow,f,Chicken Burrito D,2.0,47.28,52.0,16.562,recipe,true
2026-08-07,stow,stow,stow,b,Ottelia Chardonnay - Large,2.0,46.95,51.64,11.5314,recipe,true
2026-08-07,stow,stow,stow,f,Farmhouse Salad,2.0,46.79,51.45,0.0,lightspeed,true
2026-08-07,stow,stow,stow,b,Ottelia Cab Sav - Large,2.0,46.64,51.3,15.36,recipe,true
2026-08-07,stow,stow,stow,b,Villa Fresco Sangiovese - Bottle,1.0,46.09,50.69,12.06,lightspeed,true
2026-08-07,stow,stow,stow,f,Beef Burger D,2.0,45.46,50.0,11.6806,recipe,true
2026-08-07,stow,stow,stow,b,Four Pillars Olive Leaf Martini,2.0,45.46,50.0,10.2246,recipe,true
2026-08-07,stow,stow,stow,b,White Light Pure Vodka [House],5.0,45.36,49.9,7.604,recipe,true
2026-08-07,stow,stow,stow,b,Scorched As,3.0,44.0,48.4,13.0419,recipe,true
2026-08-07,stow,stow,stow,b,Das Juice Pink Pet Nat - Regular,3.0,43.65,48.0,9.9,recipe,true
2026-08-07,stow,stow,stow,f,Amalfi Olives,4.0,42.85,47.14,0.0,lightspeed,true
2026-08-07,stow,stow,stow,b,Whispering Angel Rosé - Large,1.0,40.37,44.41,11.4317,recipe,true
2026-08-07,stow,stow,stow,b,Whisky Sour,2.0,38.18,42.0,9.2692,recipe,true
2026-08-07,stow,stow,stow,f,Lepinja Bread,4.0,37.27,40.99,0.0,lightspeed,true
2026-08-07,stow,stow,stow,f,Fish Tacos D,2.0,34.54,38.0,3.697,recipe,true
2026-08-07,stow,stow,stow,b,Pepsi Max Glass,8.0,33.13,36.44,10.48,recipe,true
2026-08-07,stow,stow,stow,b,Veuve Clicquot Yellow Label - Glass,1.0,32.73,36.0,16.1526,recipe,true
2026-08-07,stow,stow,stow,f,Rocket Man,2.0,32.72,36.0,6.3944,recipe,true
2026-08-07,stow,stow,stow,b,Year Wines Fiano - Regular,2.0,32.72,36.0,8.542,recipe,true
2026-08-07,stow,stow,stow,b,Status Quo - Pint,2.0,32.34,35.57,8.3174,recipe,true
2026-08-07,stow,stow,stow,f,Pie,1.0,30.89,33.98,0.0,lightspeed,true
2026-08-07,stow,stow,stow,b,Rooster Rojo Blanco Tequila [House],3.0,30.0,33.0,5.8923,recipe,true
2026-08-07,stow,stow,stow,f,Chicken Parmy D,1.0,28.18,31.0,0.0,lightspeed,true
2026-08-07,stow,stow,stow,f,Eggplant Parmy,1.0,27.22,29.95,0.0,lightspeed,true
2026-08-07,stow,stow,stow,f,Beef Burrito,1.0,27.13,29.85,9.4072,recipe,true
2026-08-07,stow,stow,stow,f,Cauliflower Burrito,2.0,27.13,29.85,10.97,recipe,true
2026-08-07,stow,stow,stow,f,Fish Burrito,1.0,27.13,29.85,5.8414,recipe,true
2026-08-07,stow,stow,stow,b,San Giorgio Ciampoleto Rosso di Montalcino 2023 - Regular Glass,1.0,26.36,29.0,8.14,recipe,true
2026-08-07,stow,stow,stow,f,BBQ Wings D,4.0,26.22,28.85,12.56,recipe,true
2026-08-07,stow,stow,stow,b,Hendrick's Gin,2.0,25.88,28.46,5.6358,recipe,true
2026-08-07,stow,stow,stow,b,A. Rodda Chardonnay - Regular,1.0,25.45,28.0,7.54,recipe,true
2026-08-07,stow,stow,stow,f,Chicken Schnitty D,1.0,25.45,28.0,0.0,lightspeed,true
2026-08-07,stow,stow,stow,f,Pie D,1.0,25.45,28.0,0.0,lightspeed,true
2026-08-07,stow,stow,stow,f,Chicken Shindig Burger,1.0,25.25,27.78,5.3929,recipe,true
2026-08-07,stow,stow,stow,b,Status Quo - Schooner,2.0,24.94,27.44,6.2016,recipe,true
2026-08-07,stow,stow,stow,b,Year Wines Fiano - Large,1.0,24.55,27.0,7.1182,recipe,true
2026-08-07,stow,stow,stow,b,Guinness Draught - Schooner,2.0,24.54,27.0,7.1654,recipe,true
2026-08-07,stow,stow,stow,f,Kids Nuggets & Chips,2.0,24.42,26.84,4.4854,recipe,true
2026-08-07,stow,stow,hg,f,Beef Burger [HG],1.0,23.64,26.0,5.0,lightspeed,true
2026-08-07,stow,stow,stow,f,Brownie D,4.0,23.64,26.0,7.8004,recipe,true
2026-08-07,stow,stow,hg,f,Nuggets & Chips [HG],2.0,23.64,26.0,0.0,lightspeed,true
2026-08-07,stow,stow,stow,b,Mother's Milk Shiraz - Large,1.0,23.47,25.82,5.3605,recipe,true
2026-08-07,stow,stow,stow,b,Jack Daniels,2.0,22.54,24.78,4.5266,recipe,true
2026-08-07,stow,stow,stow,b,Davy's Old Fashioned,1.0,22.53,24.78,4.9609,recipe,true
2026-08-07,stow,stow,stow,b,Margy Duo [2 serves],1.0,20.91,23.0,0.0,lightspeed,true
2026-08-07,stow,stow,stow,b,Piña Colada,1.0,20.91,23.0,3.9535,recipe,true
2026-08-07,stow,stow,stow,f,Onion Rings D,2.0,20.82,22.9,0.0,lightspeed,true
2026-08-07,stow,stow,stow,b,Old Fashioned,1.0,20.0,22.0,4.8583,recipe,true
2026-08-07,stow,stow,stow,b,Amarretto Sour,1.0,19.09,21.0,3.8267,recipe,true
2026-08-07,stow,stow,stow,b,Hugo Spritz,1.0,19.09,21.0,4.096,recipe,true
2026-08-07,stow,stow,stow,b,Two Tonne Riesling - Regular,1.0,18.18,20.0,4.272,recipe,true
2026-08-07,stow,stow,stow,b,Appleton Rum [House],2.0,18.0,19.8,4.5086,recipe,true
2026-08-07,stow,stow,stow,b,Island Time,1.0,17.46,19.2,4.208,recipe,true
2026-08-07,stow,stow,stow,b,A. Rodda Tempranillo - Regular,1.0,16.9,18.59,5.5699,recipe,true
2026-08-07,stow,stow,stow,b,Stow Soda - Passionfruit,2.0,16.9,18.59,0.4931,recipe,true
2026-08-07,stow,stow,stow,b,La Petite Mort Albarino 2025 - Regular,1.0,16.43,18.07,4.579,recipe,true
2026-08-07,stow,stow,stow,b,Peroni 0%,2.0,16.36,18.0,3.6926,recipe,true
2026-08-07,stow,stow,stow,b,Trutta Streamside Shiraz [Chilled] - Regular,1.0,16.36,18.0,3.968,recipe,true
2026-08-07,stow,stow,stow,b,Beetle Juice,1.0,16.0,17.6,3.707,recipe,true
2026-08-07,stow,stow,stow,b,Ottelia Cab Sav - Regular,1.0,15.95,17.56,4.608,recipe,true
2026-08-07,stow,stow,stow,f,Arancini Balls 5pcs D,1.0,15.91,17.5,0.0,lightspeed,true
2026-08-07,stow,stow,stow,b,La Petite Mort Rosso 2025 - Regular,1.0,15.91,17.5,4.579,recipe,true
2026-08-07,stow,stow,stow,b,Year Wines 'Zagara' Orange - Regular,1.0,15.03,16.52,3.42,recipe,true
2026-08-07,stow,stow,stow,f,Holy Guacamole,1.0,14.55,16.0,3.886,recipe,true
2026-08-07,stow,stow,stow,b,Trade Winds,1.0,13.15,14.46,1.4538,recipe,true
2026-08-07,stow,stow,stow,b,Bombay Sapphire,1.0,12.73,14.0,2.3559,recipe,true
2026-08-07,stow,stow,stow,b,Crankshaft IPA - Schooner,1.0,12.27,13.5,3.2079,recipe,true
2026-08-07,stow,stow,stow,f,Kids Margherita Pizza,1.0,12.2,13.42,0.0,lightspeed,true
2026-08-07,stow,stow,stow,b,$21 Custom Cocktail,1.0,11.45,12.6,0.0,lightspeed,true
2026-08-07,stow,stow,stow,f,Add Grilled Chicken,2.0,11.26,12.4,0.0,lightspeed,true
2026-08-07,stow,stow,stow,f,Fries D,1.0,10.91,12.0,0.0,lightspeed,true
2026-08-07,stow,stow,hg,f,Kids Margherita Pizza [HG],1.0,10.64,11.7,0.0,lightspeed,true
2026-08-07,stow,stow,stow,f,Chicken Burrito,1.0,10.51,11.56,8.281,recipe,true
2026-08-07,stow,stow,stow,b,Sailor Jerry [House],1.0,10.0,11.0,2.0293,recipe,true
2026-08-07,stow,stow,stow,b,Better Beer Tin,1.0,9.86,10.84,2.38,recipe,true
2026-08-07,stow,stow,stow,b,Fresh Lime Soda,3.0,9.64,10.61,0.0,lightspeed,true
2026-08-07,stow,stow,stow,b,Monteith's Apple Cider Bottle,1.0,9.55,10.5,3.11,recipe,true
2026-08-07,stow,stow,stow,b,Peroni,1.0,9.55,10.5,2.5217,recipe,true
2026-08-07,stow,stow,stow,b,Apple Juice Glass,2.0,9.25,10.17,1.3188,recipe,true
2026-08-07,stow,stow,stow,b,Philter Pale - Pint,1.0,8.45,9.3,0.0,lightspeed,true
2026-08-07,stow,stow,stow,b,San Pellegrino 500ml,1.0,8.18,9.0,2.32,recipe,true
2026-08-07,stow,stow,stow,b,Orange Juice Glass,1.0,4.55,5.0,0.4801,recipe,true
2026-08-07,stow,stow,stow,f,Side Aioli,9.0,4.11,4.62,0.0,lightspeed,true
2026-08-07,stow,stow,stow,b,Lemonade Glass,1.0,4.09,4.5,0.8032,recipe,true
2026-08-07,stow,stow,stow,b,Pink Lemonade Glass,1.0,4.09,4.5,0.9483,recipe,true
2026-08-07,stow,stow,stow,f,Swap Fries for BBQ Wings,1.0,3.76,4.13,0.0,lightspeed,true
2026-08-07,stow,stow,stow,f,Make it Gluten-free [gf/vg bun w sweet pot. fries],2.0,3.7,4.07,0.0,lightspeed,true
2026-08-07,stow,stow,stow,f,Extra Arancini Ball,1.0,3.64,4.0,0.0,lightspeed,true
2026-08-07,stow,stow,stow,f,GF Flatbread,1.0,3.64,4.0,0.0,lightspeed,true
2026-08-07,stow,stow,stow,f,Side Gravy,2.0,3.64,4.0,0.6016,recipe,true
2026-08-07,stow,stow,stow,f,Side Chipotle Mayo,3.0,2.82,3.09,0.0,lightspeed,true
2026-08-07,stow,stow,stow,b,+$3 Premium Spirit,1.0,2.73,3.0,0.0,lightspeed,true
2026-08-07,stow,stow,stow,f,Add Side Salad,1.0,2.73,3.0,0.0,lightspeed,true
2026-08-07,stow,stow,stow,f,Add Side Guac,2.0,1.88,2.06,0.0,lightspeed,true
2026-08-07,stow,stow,stow,f,Add Side Spicy Salsa,2.0,1.88,2.06,0.0,lightspeed,true
2026-08-07,stow,stow,stow,b,Fever-Tree Light Tonic [mixer],2.0,1.88,2.06,0.0,lightspeed,true
2026-08-07,stow,stow,stow,f,Swap Fries for Sweet Potato Fries,1.0,1.88,2.07,0.0,lightspeed,true
2026-08-07,stow,stow,hg,f,Make it Gluten-free [gf/vg bun w sweet pot. fries],1.0,1.82,2.0,0.0,lightspeed,true
2026-08-07,stow,stow,stow,f,Side Spicy Salsa,2.0,1.64,1.8,0.0,lightspeed,true
2026-08-07,stow,stow,stow,f,Extra Corn Chips,2.0,1.46,1.6,0.0,lightspeed,true
2026-08-07,stow,stow,stow,f,Jalapeños Inside Burrito,2.0,1.46,1.6,0.0,lightspeed,true
2026-08-07,stow,stow,stow,f,Side Guacamole,1.0,1.4,1.55,0.0,lightspeed,true
2026-08-07,stow,stow,stow,f,Side Guac,1.0,0.91,1.0,0.0,lightspeed,true
2026-08-07,stow,stow,stow,f,Side Sour Cream,1.0,0.73,0.8,0.0,lightspeed,true
2026-08-07,stow,stow,stow,b,1 Glass,1.0,0.0,0.0,0.0,lightspeed,true
2026-08-07,stow,stow,stow,b,2 Glasses,1.0,0.0,0.0,0.0,lightspeed,true
2026-08-07,stow,stow,stow,b,3 Glasses,1.0,0.0,0.0,0.0,lightspeed,true
2026-08-07,stow,stow,stow,b,4 Glasses,3.0,0.0,0.0,0.0,lightspeed,true
2026-08-07,stow,stow,stow,b,Cosmopolitan.,1.0,0.0,0.0,0.0,lightspeed,true
2026-08-07,stow,stow,stow,b,Dirty,2.0,0.0,0.0,0.0,lightspeed,true
2026-08-07,stow,stow,stow,b,Dressing on the Side,2.0,0.0,0.0,0.0,lightspeed,true
2026-08-07,stow,stow,stow,b,Fill w Ice,1.0,0.0,0.0,0.0,lightspeed,true
2026-08-07,stow,stow,stow,b,Hawaiian.,1.0,0.0,0.0,0.0,lightspeed,true
2026-08-07,stow,stow,stow,b,Jug of Water,1.0,0.0,0.0,0.0,lightspeed,true
2026-08-07,stow,stow,stow,b,Lemon,1.0,0.0,0.0,0.0,lightspeed,true
2026-08-07,stow,stow,stow,b,Lime,11.0,0.0,0.0,0.0,lightspeed,true
2026-08-07,stow,stow,stow,b,Little Italy.,1.0,0.0,0.0,0.0,lightspeed,true
2026-08-07,stow,stow,stow,b,Make It A Burrito Bowl [gluten-free],2.0,0.0,0.0,0.0,lightspeed,true
2026-08-07,stow,stow,stow,b,No Anchovies,4.0,0.0,0.0,0.0,lightspeed,true
2026-08-07,stow,stow,stow,b,No Beans,1.0,0.0,0.0,0.0,lightspeed,true
2026-08-07,stow,stow,stow,b,No Burger Sauce,1.0,0.0,0.0,0.0,lightspeed,true
2026-08-07,stow,stow,stow,b,No Capsicum,1.0,0.0,0.0,0.0,lightspeed,true
2026-08-07,stow,stow,stow,b,No Chicken,2.0,0.0,0.0,0.0,lightspeed,true
2026-08-07,stow,stow,stow,b,No Garlic,1.0,0.0,0.0,0.0,lightspeed,true
2026-08-07,stow,stow,stow,b,No Glasses Needed,1.0,0.0,0.0,0.0,lightspeed,true
2026-08-07,stow,stow,stow,b,No Ham,1.0,0.0,0.0,0.0,lightspeed,true
2026-08-07,stow,stow,stow,b,No Lettuce,2.0,0.0,0.0,0.0,lightspeed,true
2026-08-07,stow,stow,stow,b,No Mayo,2.0,0.0,0.0,0.0,lightspeed,true
2026-08-07,stow,stow,stow,b,No Mushroom,2.0,0.0,0.0,0.0,lightspeed,true
2026-08-07,stow,stow,stow,b,No Olives,1.0,0.0,0.0,0.0,lightspeed,true
2026-08-07,stow,stow,stow,b,No Onion,4.0,0.0,0.0,0.0,lightspeed,true
2026-08-07,stow,stow,stow,b,No Pickle,2.0,0.0,0.0,0.0,lightspeed,true
2026-08-07,stow,stow,stow,b,No Pineapple,3.0,0.0,0.0,0.0,lightspeed,true
2026-08-07,stow,stow,stow,b,No Rice,1.0,0.0,0.0,0.0,lightspeed,true
2026-08-07,stow,stow,stow,b,No Salt,7.0,0.0,0.0,0.0,lightspeed,true
2026-08-07,stow,stow,stow,b,No Sugar,1.0,0.0,0.0,0.0,lightspeed,true
2026-08-07,stow,stow,stow,b,No Tomato,2.0,0.0,0.0,0.0,lightspeed,true
2026-08-07,stow,stow,stow,b,Olive,2.0,0.0,0.0,0.0,lightspeed,true
2026-08-07,stow,stow,stow,b,On The Rocks,11.0,0.0,0.0,0.0,lightspeed,true
2026-08-07,stow,stow,stow,b,Pepsi Max [mixer],2.0,0.0,0.0,1.61,lightspeed,true
2026-08-07,stow,stow,stow,b,Send Kids Food ASAP,2.0,0.0,0.0,0.0,lightspeed,true
2026-08-07,stow,stow,stow,b,Send Kids Food With Mains,1.0,0.0,0.0,0.0,lightspeed,true
2026-08-07,stow,stow,stow,f,Side BBQ Sauce,1.0,0.0,0.0,0.0,lightspeed,true
2026-08-07,stow,stow,stow,b,Side Tomato Sauce,10.0,0.0,0.0,0.0,lightspeed,true
2026-08-07,stow,stow,stow,b,Soda [mixer],4.0,0.0,0.0,0.0,lightspeed,true
2026-08-07,stow,stow,hg,f,Stowaway Open Food,1.0,0.0,0.0,0.0,lightspeed,true
2026-08-07,stow,stow,stow,b,Swap Gravy for Tomato Sauce,1.0,0.0,0.0,0.0,lightspeed,true
2026-08-07,stow,stow,stow,b,Tonic [mixer],4.0,0.0,0.0,3.21,lightspeed,true
2026-08-08,hg,hg,hg,f,Chicken Katsu Curry,6.0,148.2,163.0,18.5778,recipe,true
2026-08-08,hg,hg,hg,f,Fried Rice,7.0,147.28,162.0,19.7694,recipe,true
2026-08-08,hg,hg,hg,f,Shredded Beef,6.0,141.84,156.0,0.0,lightspeed,true
2026-08-08,hg,hg,hg,f,Dumplings - Prawn Har Gow [GF],7.0,120.89,133.0,30.8133,recipe,true
2026-08-08,hg,hg,hg,f,BBQ Meat Platter,3.0,109.08,120.0,0.0,lightspeed,true
2026-08-08,hg,hg,hg,f,Tonkotsu,4.0,105.44,116.0,17.0572,recipe,true
2026-08-08,hg,hg,hg,b,River Retreat Pinot Grigio - Bottle,2.0,89.1,98.0,20.1,lightspeed,true
2026-08-08,hg,hg,hg,f,Devon's Prawn Toast,6.0,87.3,96.0,23.3376,recipe,true
2026-08-08,hg,hg,hg,f,Duck Spring Roll,6.0,87.3,96.0,21.4152,recipe,true
2026-08-08,hg,hg,hg,b,L'esprit Rosé - Regular,6.0,87.3,96.0,21.6,recipe,true
2026-08-08,hg,hg,hg,f,Mie Goreng,4.0,83.64,92.0,22.6752,recipe,true
2026-08-08,hg,hg,hg,f,Chicken Karaage,5.0,77.25,85.0,0.0,lightspeed,true
2026-08-08,hg,hg,hg,f,Meat Platter,2.0,72.73,80.0,0.0,lightspeed,true
2026-08-08,hg,hg,hg,b,River Retreat Pinot Grigio - Regular,11.0,69.96,77.0,22.11,recipe,true
2026-08-08,hg,hg,hg,f,Popcorn Cauliflower,5.0,67.29,74.0,4.8055,recipe,true
2026-08-08,hg,hg,hg,b,Two Tonne Riesling - Bottle [HG],1.0,67.27,74.0,21.36,lightspeed,true
2026-08-08,hg,hg,hg,b,Geppetto Chardonnay - Bottle,1.0,55.45,61.0,18.15,lightspeed,true
2026-08-08,hg,hg,hg,b,Zagara Orange [HG] - Bottle,1.0,55.45,61.0,13.43,lightspeed,true
2026-08-08,hg,hg,hg,b,Zagara Orange [HG] - Regular,4.0,54.56,60.0,10.74,lightspeed,true
2026-08-08,hg,hg,hg,f,Shoyu,2.0,52.72,58.0,0.0,lightspeed,true
2026-08-08,hg,hg,hg,f,Dumplings - Beef & Cabbage,4.0,50.92,56.0,5.8476,recipe,true
2026-08-08,hg,hg,hg,f,Dumplings - Veg Gyoza,4.0,50.92,56.0,7.8076,recipe,true
2026-08-08,hg,hg,hg,f,Mochi Trio,4.0,48.19,53.0,0.0,lightspeed,true
2026-08-08,hg,hg,hg,f,BBQ Pork Buns,3.0,40.92,45.0,10.5,recipe,true
2026-08-08,hg,hg,hg,b,Buttermilk Chicken,2.0,32.72,36.0,0.0,lightspeed,true
2026-08-08,hg,hg,hg,b,Harry's Lager - Pint,3.0,30.9,34.0,6.327,recipe,true
2026-08-08,hg,hg,hg,b,Tsingtao Longneck,2.0,30.89,34.0,9.38,recipe,true
2026-08-08,hg,hg,hg,b,From Sundays Shiraz - Regular,2.0,27.28,30.0,5.6002,recipe,true
2026-08-08,hg,hg,hg,f,Miso,1.0,26.36,29.0,0.0,lightspeed,true
2026-08-08,hg,hg,hg,b,Harry's Lager - Schooner,3.0,25.92,28.5,4.7175,recipe,true
2026-08-08,hg,hg,hg,b,Two Bays GF Rice Lager Can [HG],2.0,25.46,28.0,9.98,recipe,true
2026-08-08,hg,hg,hg,b,Sapporo - 500ml,4.0,24.54,27.0,14.84,recipe,true
2026-08-08,hg,hg,hg,b,S&W Pacific Ale - Schooner [HG],2.0,23.64,26.0,0.0,lightspeed,true
2026-08-08,hg,hg,hg,f,Edamame,2.0,20.0,22.0,0.0,lightspeed,true
2026-08-08,hg,hg,hg,b,Tommy's Margarita,1.0,18.18,20.0,5.0572,recipe,true
2026-08-08,hg,hg,hg,b,Classic Margarita,1.0,17.27,19.0,4.1724,recipe,true
2026-08-08,hg,hg,hg,b,Lychee Martini,1.0,17.27,19.0,3.9078,recipe,true
2026-08-08,hg,hg,hg,b,Dragon Juice,1.0,15.45,17.0,2.5854,recipe,true
2026-08-08,hg,hg,hg,b,Chicken,4.0,14.56,16.0,0.0,lightspeed,true
2026-08-08,hg,hg,hg,b,Trutta Streamside Shiraz - Regular [HG],1.0,14.55,16.0,3.968,recipe,true
2026-08-08,hg,hg,hg,b,Grifter Big Sur IPA Can [HG],1.0,12.73,14.0,4.0,recipe,true
2026-08-08,hg,hg,hg,f,Kids Mie Goreng,1.0,11.82,13.0,0.0,lightspeed,true
2026-08-08,hg,hg,hg,b,Sapporo - Schooner,1.0,11.82,13.0,3.1535,recipe,true
2026-08-08,hg,hg,hg,b,Diet Coke Can,3.0,10.92,12.0,0.0,lightspeed,true
2026-08-08,hg,hg,hg,f,Fries [HG],1.0,10.91,12.0,0.0,lightspeed,true
2026-08-08,hg,hg,hg,b,Palloncino Prosecco - Regular,1.0,10.91,12.0,2.2999,recipe,true
2026-08-08,hg,hg,hg,b,Asahi 3.5%,1.0,10.0,11.0,2.18,recipe,true
2026-08-08,hg,hg,hg,b,Bintang,1.0,10.0,11.0,2.34,recipe,true
2026-08-08,hg,hg,hg,b,Vinada Sparkling Wine,1.0,10.0,11.0,0.0,lightspeed,true
2026-08-08,hg,hg,hg,b,Asahi Zero,1.0,9.55,10.5,2.1,lightspeed,true
2026-08-08,hg,hg,stow,f,Fried Rice,1.0,8.36,9.2,2.8242,recipe,true
2026-08-08,hg,hg,hg,b,Dragon Soda,1.0,8.18,9.0,0.0554,recipe,true
2026-08-08,hg,hg,hg,b,Pepsi Glass,2.0,8.18,9.0,2.62,recipe,true
2026-08-08,hg,hg,hg,b,Yuzu Orange Soda,1.0,8.18,9.0,0.0,lightspeed,true
2026-08-08,hg,hg,hg,b,Apple Juice Glass,2.0,7.28,8.0,1.3188,recipe,true
2026-08-08,hg,hg,hg,b,Angas & Bremer Grenache - Regular,1.0,6.36,7.0,1.754,recipe,true
2026-08-08,hg,hg,hg,b,Pepsi Max Glass,1.0,4.09,4.5,1.31,recipe,true
2026-08-08,hg,hg,hg,f,1/2 Marinated Egg,2.0,3.64,4.0,0.0,lightspeed,true
2026-08-08,hg,hg,hg,f,Chilli Bomb,2.0,3.64,4.0,0.0,lightspeed,true
2026-08-08,hg,hg,hg,b,Coke Can,1.0,3.64,4.0,1.89,recipe,true
2026-08-08,hg,hg,hg,f,Extra Piece,1.0,3.64,4.0,0.0,lightspeed,true
2026-08-08,hg,hg,hg,b,Fish Cake [x2 slices],1.0,2.73,3.0,0.0,lightspeed,true
2026-08-08,hg,hg,hg,b,2 Glasses,4.0,0.0,0.0,0.0,lightspeed,true
2026-08-08,hg,hg,hg,b,4 Glasses,2.0,0.0,0.0,0.0,lightspeed,true
2026-08-08,hg,hg,hg,f,Aioli,1.0,0.0,0.0,0.0,lightspeed,true
2026-08-08,hg,hg,hg,b,No Glasses Needed,1.0,0.0,0.0,0.0,lightspeed,true
2026-08-08,mari,mari,mari,f,Large Super House Special,7.0,182.43,200.7,53.3239,recipe,true
2026-08-08,mari,mari,mari,f,Regular Cosmopolitan,6.0,124.19,136.6,26.7972,recipe,true
2026-08-08,mari,mari,mari,f,Regular Super House Special,5.0,110.83,121.9,23.0935,recipe,true
2026-08-08,mari,mari,mari,f,Large Pepperoni,5.0,105.17,115.7,21.805,recipe,true
2026-08-08,mari,mari,mari,f,Large Bubba Gump,5.0,102.44,112.7,27.503,recipe,true
2026-08-08,mari,mari,mari,f,Large Jimmy Jury,4.0,100.62,110.7,24.8044,recipe,true
2026-08-08,mari,mari,mari,f,Regular Meatlovers,4.0,82.46,90.7,17.3568,recipe,true
2026-08-08,mari,mari,mari,f,$45 FEAST,2.0,81.82,90.0,28.1428,recipe,true
2026-08-08,mari,mari,mari,f,Large Meatlovers,5.0,80.81,88.9,33.7,recipe,true
2026-08-08,mari,mari,mari,f,Garlic Bread,19.0,74.11,81.5,28.2663,recipe,true
2026-08-08,mari,mari,mari,f,Regular Bubba Gump,3.0,70.84,77.9,10.9143,recipe,true
2026-08-08,mari,mari,mari,f,Regular Hawaiian,4.0,67.09,73.8,13.088,recipe,true
2026-08-08,mari,mari,mari,f,$60 BANQUET,1.0,54.55,60.0,21.1281,recipe,true
2026-08-08,mari,mari,mari,f,WINGS DEAL,2.0,54.54,60.0,19.889,recipe,true
2026-08-08,mari,mari,mari,f,Family Meatlovers,2.0,54.36,59.8,0.0,lightspeed,true
2026-08-08,mari,mari,mari,f,Large Sanchez,2.0,48.9,53.8,11.6748,recipe,true
2026-08-08,mari,mari,mari,f,Regular El Patron [Dine-in],2.0,48.84,53.72,7.4574,recipe,true
2026-08-08,mari,mari,mari,f,Regular Little Italy [Dine-in],2.0,48.83,53.7,8.331,recipe,true
2026-08-08,mari,mari,mari,f,"Regular No Chorizo, No Cry [Dine-in]",2.0,48.82,53.7,5.283,recipe,true
2026-08-08,mari,mari,mari,f,Regular Truffalo Soldier [Dine-in],2.0,48.82,53.7,6.136,recipe,true
2026-08-08,mari,mari,mari,f,Under the Bridge Pizza,2.0,48.82,53.7,7.8714,recipe,true
2026-08-08,mari,mari,mari,f,Regular Margherita,9.0,46.35,51.0,18.2979,recipe,true
2026-08-08,mari,mari,mari,f,Family Pepperoni,2.0,45.28,49.8,0.0,lightspeed,true
2026-08-08,mari,mari,mari,f,Large Roma Special,2.0,45.28,49.8,11.2042,recipe,true
2026-08-08,mari,mari,mari,f,Regular New Yorker [Dine-in],2.0,45.06,49.56,5.2798,recipe,true
2026-08-08,mari,mari,mari,f,Regular BBQ Chicken Pizza,2.0,44.54,49.0,6.1752,recipe,true
2026-08-08,mari,mari,mari,f,Regular Uber Margherita [Dine-in],2.0,43.2,47.51,5.424,recipe,true
2026-08-08,mari,mari,mari,f,Feast Deal Pizzas,1.0,40.91,45.0,14.0714,recipe,true
2026-08-08,mari,mari,mari,f,Regular Little Italy,2.0,40.82,44.9,9.5162,recipe,true
2026-08-08,mari,mari,mari,f,Regular Pepperoni,2.0,40.0,44.0,5.3984,recipe,true
2026-08-08,mari,mari,mari,f,Cheesy Garlic Bread,6.0,39.8,43.8,10.8162,recipe,true
2026-08-08,mari,mari,mari,f,Large Margherita,2.0,39.0,42.9,4.6544,recipe,true
2026-08-08,mari,mari,mari,f,Regular New Yorker,2.0,39.0,42.9,6.465,recipe,true
2026-08-08,mari,mari,mari,f,Regular Tandoori Chicken,2.0,38.91,42.8,4.0734,recipe,true
2026-08-08,mari,mari,mari,f,Online Surcharge,25.0,33.27,33.27,0.0,lightspeed,true
2026-08-08,mari,mari,mari,f,Gluten-free Bubba Gump,1.0,29.09,32.0,8.2929,recipe,true
2026-08-08,mari,mari,mari,f,Large Little Italy,3.0,28.18,31.0,22.1712,recipe,true
2026-08-08,mari,mari,mari,f,Large Paddock,1.0,28.18,31.0,5.1033,recipe,true
2026-08-08,mari,mari,mari,f,Large New Yorker,1.0,27.27,30.0,4.9731,recipe,true
2026-08-08,mari,mari,mari,f,Family Bubba Gump,1.0,27.18,29.9,0.0,lightspeed,true
2026-08-08,mari,mari,mari,f,Family El Patron,1.0,27.18,29.9,0.0,lightspeed,true
2026-08-08,mari,mari,mari,f,Family Jimmy Jury,1.0,27.18,29.9,0.0,lightspeed,true
2026-08-08,mari,mari,mari,f,Family Little Italy,1.0,27.18,29.9,0.0,lightspeed,true
2026-08-08,mari,mari,mari,f,Family Sanchez,1.0,27.18,29.9,0.0,lightspeed,true
2026-08-08,mari,mari,mari,f,Asahi 3.5% 6-pack D,1.0,26.36,29.0,15.28,recipe,true
2026-08-08,mari,mari,mari,f,Large Cosmopolitan,2.0,24.45,26.9,14.082,recipe,true
2026-08-08,mari,mari,mari,f,"Large No Chorizo, No Cry",2.0,24.45,26.9,10.9338,recipe,true
2026-08-08,mari,mari,mari,f,Large Sorrento,1.0,24.45,26.9,5.8575,recipe,true
2026-08-08,mari,mari,mari,f,Large Truffalo Soldier,1.0,24.45,26.9,5.2,recipe,true
2026-08-08,mari,mari,mari,f,Regular Sorrento,1.0,23.55,25.9,4.0074,recipe,true
2026-08-08,mari,mari,mari,f,Family Hawaiian,1.0,22.64,24.9,0.0,lightspeed,true
2026-08-08,mari,mari,mari,f,Regular Truffalo Soldier,1.0,21.82,24.0,3.6606,recipe,true
2026-08-08,mari,mari,mari,f,Family Margherita,1.0,21.73,23.9,0.0,lightspeed,true
2026-08-08,mari,mari,mari,f,San Pellegrino 500ml D,3.0,20.0,22.0,7.02,recipe,true
2026-08-08,mari,mari,mari,f,Grifter Pale Ale Cans D,3.0,19.08,21.0,8.22,recipe,true
2026-08-08,mari,mari,mari,f,Sprite Can,5.0,18.19,20.0,12.2115,recipe,true
2026-08-08,mari,mari,mari,f,Large Hawaiian,2.0,18.09,19.9,6.6314,recipe,true
2026-08-08,mari,mari,mari,f,Large Vegetarian,1.0,18.09,19.9,4.2436,recipe,true
2026-08-08,mari,mari,mari,f,"Regular No Chorizo, No Cry",1.0,18.09,19.9,3.234,recipe,true
2026-08-08,mari,mari,mari,f,Regular Uber Margherita,1.0,17.18,18.9,3.3046,recipe,true
2026-08-08,mari,mari,mari,f,Add Pineapple,7.0,9.52,10.5,0.0,lightspeed,true
2026-08-08,mari,mari,mari,f,Delivery Fee - Freshwater / Queenscliff,2.0,9.1,10.0,0.0,lightspeed,true
2026-08-08,mari,mari,mari,f,Coke Zero 1.25L,1.0,6.36,7.0,3.09,recipe,true
2026-08-08,mari,mari,mari,f,Solo 1.25L,1.0,6.36,7.0,2.03,recipe,true
2026-08-08,mari,mari,mari,f,Delivery Fee - Curl Curl / Manly / Dee Why,1.0,5.91,6.5,0.0,lightspeed,true
2026-08-08,mari,mari,mari,f,Add Ham,2.0,5.46,6.0,0.0,lightspeed,true
2026-08-08,mari,mari,mari,f,Add Pepperoni,2.0,5.46,6.0,0.0,lightspeed,true
2026-08-08,mari,mari,mari,f,Vegan Cheese [Pizza],2.0,5.46,6.0,0.0,lightspeed,true
2026-08-08,mari,mari,mari,f,Gluten-free Margherita,1.0,5.45,6.0,5.9848,recipe,true
2026-08-08,mari,mari,mari,f,Add Olives,3.0,4.08,4.5,0.0,lightspeed,true
2026-08-08,mari,mari,mari,f,Add Anchovies,2.0,3.64,4.0,0.0,lightspeed,true
2026-08-08,mari,mari,mari,f,Add Bacon,1.0,3.64,4.0,0.0,lightspeed,true
2026-08-08,mari,mari,mari,f,Add Prawns,1.0,3.64,4.0,0.0,lightspeed,true
2026-08-08,mari,mari,mari,f,Coke Zero Can,1.0,3.64,4.0,1.89,recipe,true
2026-08-08,mari,mari,mari,f,Add Jalapenos,3.0,3.22,3.55,0.0,lightspeed,true
2026-08-08,mari,mari,mari,f,Add Mushrooms,2.0,2.72,3.0,0.0,lightspeed,true
2026-08-08,mari,mari,mari,f,Extra Mozzarella,1.0,2.27,2.5,0.0,lightspeed,true
2026-08-08,mari,mari,mari,f,Chicken,1.0,1.46,1.6,0.0,lightspeed,true
2026-08-08,mari,mari,mari,f,Add BBQ Sauce,1.0,1.36,1.5,0.0,lightspeed,true
2026-08-08,mari,mari,mari,f,Add Capsicum,1.0,1.36,1.5,0.0,lightspeed,true
2026-08-08,mari,mari,mari,f,Add Eggplant,1.0,1.36,1.5,0.0,lightspeed,true
2026-08-08,mari,mari,mari,f,Add Sliced Tomatoes,1.0,1.36,1.5,0.0,lightspeed,true
2026-08-08,mari,mari,mari,f,Add Basil,1.0,0.91,1.0,0.0,lightspeed,true
2026-08-08,mari,mari,mari,f,Add Chilli,1.0,0.91,1.0,0.0,lightspeed,true
2026-08-08,mari,mari,mari,f,Choc  Brownie,1.0,0.0,0.0,1.9501,recipe,true
2026-08-08,mari,mari,mari,f,Coke 1.25L,1.0,0.0,0.0,3.69,recipe,true
2026-08-08,mari,mari,mari,f,Garlic  Bread,1.0,0.0,0.0,1.4877,recipe,true
2026-08-08,mari,mari,mari,f,Large Hail Africa,1.0,0.0,0.0,6.2812,recipe,true
2026-08-08,mari,mari,mari,f,Large Sanchez VEGAN,1.0,0.0,0.0,4.0494,recipe,true
2026-08-08,mari,mari,mari,f,Large Tandoori Chicken,1.0,0.0,0.0,3.1928,recipe,true
2026-08-08,mari,mari,mari,f,Online Discount,7.0,-70.7,-70.7,0.0,lightspeed,true
2026-08-08,stow,stow,stow,b,$80 Razzle Dazzle,44.0,3200.12,3520.0,0.0,lightspeed,true
2026-08-08,stow,stow,stow,b,Guinness Draught - Pint,27.0,407.8,448.54,129.7377,recipe,true
2026-08-08,stow,stow,stow,b,White Light Pure Vodka [House],42.0,388.56,427.44,63.8736,recipe,true
2026-08-08,stow,stow,stow,b,Fresh is Best Lager - Pint,44.0,369.84,406.96,106.5636,recipe,true
2026-08-08,stow,stow,stow,b,Aperol Spritz,18.0,307.4,338.15,64.008,recipe,true
2026-08-08,stow,stow,stow,b,Jalapeño Marg,15.0,300.56,330.57,57.687,recipe,true
2026-08-08,stow,stow,stow,b,Stone & Wood - Pint,19.0,292.4,321.74,83.9971,recipe,true
2026-08-08,stow,stow,stow,b,Fresh is Best Lager - Schooner,38.7,282.33,310.55,69.8845,recipe,true
2026-08-08,stow,stow,stow,f,American Standard Burger,16.0,263.46,289.86,93.4448,recipe,true
2026-08-08,stow,stow,stow,b,Stone & Wood - Schooner,21.0,247.38,272.05,69.2223,recipe,true
2026-08-08,stow,stow,stow,f,Arancini Balls [5pc],11.0,224.29,246.7,0.0,lightspeed,true
2026-08-08,stow,stow,stow,f,Sensei Calamari,13.0,219.21,241.12,29.4164,recipe,true
2026-08-08,stow,stow,stow,b,Rooster Rojo Blanco Tequila [House],23.0,206.36,227.0,45.1743,recipe,true
2026-08-08,stow,stow,stow,b,Classic Margarita,12.0,204.2,224.64,50.0688,recipe,true
2026-08-08,stow,stow,stow,b,Grey Goose,15.0,197.21,216.87,38.61,recipe,true
2026-08-08,stow,stow,stow,f,Beef Cheek,5.0,184.95,203.44,0.0,lightspeed,true
2026-08-08,stow,stow,stow,b,Espresso Martini,12.0,175.74,193.31,39.42,recipe,true
2026-08-08,stow,stow,stow,b,Lychee Martini,10.0,175.66,193.24,39.078,recipe,true
2026-08-08,stow,stow,stow,b,Version Two Sparkling - Regular,23.0,173.58,191.0,40.6341,recipe,true
2026-08-08,stow,stow,stow,b,Negroni,9.0,167.19,183.9,36.891,recipe,true
2026-08-08,stow,stow,stow,b,BBQ Ribs,4.0,165.39,181.91,0.0,lightspeed,true
2026-08-08,stow,stow,stow,b,Philter XPA - Pint,16.0,164.81,181.28,48.0352,recipe,true
2026-08-08,stow,stow,stow,f,Sweet Potato Fries,13.0,157.18,172.84,32.8913,recipe,true
2026-08-08,stow,stow,stow,f,Pie,5.0,152.54,167.79,0.0,lightspeed,true
2026-08-08,stow,stow,stow,f,Buffalo Wings,10.0,151.66,166.8,29.764,recipe,true
2026-08-08,stow,stow,stow,b,Biscoff Espresso,7.0,149.78,164.76,22.7388,recipe,true
2026-08-08,stow,stow,stow,f,Rosemary Salted Fries,12.0,144.22,158.59,22.32,recipe,true
2026-08-08,stow,stow,stow,f,Fancy Pants Parmy - Classic,5.0,136.1,149.76,37.993,recipe,true
2026-08-08,stow,stow,stow,b,Fresh is Best Summer Lager - Schooner,18.0,131.14,144.25,28.2978,recipe,true
2026-08-08,stow,stow,stow,b,A. Rodda Tempranillo - Bottle,2.0,130.9,144.0,55.72,lightspeed,true
2026-08-08,stow,stow,stow,f,Fish Tacos,7.0,130.27,143.3,12.9395,recipe,true
2026-08-08,stow,stow,stow,b,Philter XPA - Schooner,16.0,127.33,140.14,35.816,recipe,true
2026-08-08,stow,stow,stow,b,Kuku Sauvignon Blanc - Large,6.0,126.14,138.75,29.1402,recipe,true
2026-08-08,stow,stow,stow,b,Trutta Streamside Shiraz [Chilled] - Bottle,2.0,119.48,131.42,39.68,lightspeed,true
2026-08-08,stow,stow,stow,b,Hugo Spritz,7.0,114.63,126.08,28.672,recipe,true
2026-08-08,stow,stow,stow,b,Tommy's Margarita,6.0,114.57,126.03,30.3432,recipe,true
2026-08-08,stow,stow,stow,b,Grifter Pale - Pint,10.0,114.56,126.0,33.294,recipe,true
2026-08-08,stow,stow,stow,b,Two Tonne Riesling - Regular,6.0,110.28,121.32,25.632,recipe,true
2026-08-08,stow,stow,stow,f,Buffalo Wings D,7.0,104.47,114.9,20.8348,recipe,true
2026-08-08,stow,stow,stow,b,Beetle Juice,5.0,102.6,112.87,18.535,recipe,true
2026-08-08,stow,stow,stow,b,Kirin - Schooner,8.0,102.26,112.46,30.3752,recipe,true
2026-08-08,stow,stow,stow,f,Stow Schnitty,4.0,101.04,111.14,21.992,recipe,true
2026-08-08,stow,stow,stow,f,Chicken Shindig Burger,5.0,99.6,109.56,26.9645,recipe,true
2026-08-08,stow,stow,stow,b,Status Quo - Pint,6.0,95.97,105.57,24.9522,recipe,true
2026-08-08,stow,stow,stow,b,Geppetto Pinot Noir - Regular,7.0,95.48,105.0,24.584,recipe,true
2026-08-08,stow,stow,stow,b,Mother's Milk Shiraz - Regular,7.0,93.65,102.99,22.5141,recipe,true
2026-08-08,stow,stow,stow,f,Baked Camembert,4.0,92.82,102.06,0.0,lightspeed,true
2026-08-08,stow,stow,stow,b,Grifter Pale - Schooner,10.7,92.59,101.9,26.5617,recipe,true
2026-08-08,stow,stow,stow,b,Version Two Pinot Grigio - Bottle,2.0,92.02,101.22,17.67,lightspeed,true
2026-08-08,stow,stow,stow,b,San Giorgio Ciampoleto Rosso di Montalcino 2023 - Large Glass,2.0,90.14,99.15,16.28,recipe,true
2026-08-08,stow,stow,stow,b,Villa Fresco Sangiovese - Regular,8.0,88.0,96.79,19.2984,recipe,true
2026-08-08,stow,stow,stow,b,Status Quo - Schooner,7.0,84.66,93.15,21.7056,recipe,true
2026-08-08,stow,stow,stow,f,Chicken Burrito,3.0,80.54,88.61,24.843,recipe,true
2026-08-08,stow,stow,stow,b,Bacardi Blanca [House],9.0,80.0,88.0,19.23,lightspeed,true
2026-08-08,stow,stow,stow,b,Fellr Watermelon Seltzer Tin,7.0,76.37,84.0,23.87,lightspeed,true
2026-08-08,stow,stow,stow,f,Cauliflower Tacos,4.0,73.31,80.66,0.0,lightspeed,true
2026-08-08,stow,stow,stow,b,Ottelia Chardonnay - Regular,5.0,72.75,80.0,17.297,recipe,true
2026-08-08,stow,stow,stow,b,Mulled Wine,5.0,68.2,75.0,10.431,recipe,true
2026-08-08,stow,stow,stow,b,Version Two Pinot Grigio - Regular,7.75,67.7,74.48,13.6919,recipe,true
2026-08-08,stow,stow,stow,b,Bombay Dry [House],8.0,65.75,72.33,17.3152,recipe,true
2026-08-08,stow,stow,stow,f,Amalfi Olives,7.0,64.1,70.53,0.0,lightspeed,true
2026-08-08,stow,stow,stow,f,Bang Bang Cauli,4.0,62.83,69.13,11.0636,recipe,true
2026-08-08,stow,stow,stow,f,$2 Buffalo Wing,32.0,59.3,65.2,11.9072,recipe,true
2026-08-08,stow,stow,stow,b,Casa Gheller Prosecco - Glass,4.0,59.17,65.05,13.392,recipe,true
2026-08-08,stow,stow,stow,f,BBQ Wings D,6.0,58.2,64.0,18.84,recipe,true
2026-08-08,stow,stow,stow,f,Fries D,5.0,55.46,61.0,0.0,lightspeed,true
2026-08-08,stow,stow,stow,b,Cri De Couer Pinot Noir - Regular,2.0,54.54,60.0,24.8606,recipe,true
2026-08-08,stow,stow,stow,f,Eggplant Parmy,2.0,52.72,58.0,0.0,lightspeed,true
2026-08-08,stow,stow,stow,f,Rocket Man D,4.0,51.83,57.0,12.7888,recipe,true
2026-08-08,stow,stow,stow,b,Kirin - Pint,3.0,50.46,55.5,15.2772,recipe,true
2026-08-08,stow,stow,stow,f,$2 BBQ Wing,27.0,49.71,54.6,10.5975,recipe,true
2026-08-08,stow,stow,stow,b,Trentham Estate Rosé - Regular,7.0,49.43,54.4,14.77,recipe,true
2026-08-08,stow,stow,stow,b,Crankshaft IPA - Schooner,5.0,49.08,54.0,16.0395,recipe,true
2026-08-08,stow,stow,stow,b,Virgin Margy,4.0,48.8,53.69,0.0,lightspeed,true
2026-08-08,stow,stow,stow,b,Crankshaft IPA - Pint,3.0,48.78,53.65,12.9072,recipe,true
2026-08-08,stow,stow,stow,b,Fresh Lime Soda,15.0,47.8,52.61,0.0,lightspeed,true
2026-08-08,stow,stow,stow,b,Trentham Estate Rosé - Bottle,1.0,46.01,50.61,10.55,lightspeed,true
2026-08-08,stow,stow,stow,b,Margy PartyJar [6 serves],1.0,45.45,50.0,0.0,lightspeed,true
2026-08-08,stow,stow,stow,b,Island Time,2.0,45.07,49.57,8.416,recipe,true
2026-08-08,stow,stow,stow,b,Davy's Old Fashioned,2.0,45.06,49.56,9.9219,recipe,true
2026-08-08,stow,stow,stow,b,Version Two Sparkling - Bottle,1.0,44.55,49.0,8.83,lightspeed,true
2026-08-08,stow,stow,stow,b,Geppetto Pinot Noir - Large Glass,2.0,44.35,48.79,11.7066,recipe,true
2026-08-08,stow,stow,stow,b,Fresh is Best Summer Lager - Pint,5.0,44.27,48.7,10.542,recipe,true
2026-08-08,stow,stow,stow,f,Chicken Schnitty D,2.0,40.0,44.0,0.0,lightspeed,true
2026-08-08,stow,stow,stow,b,Four Pillars Bloody Shiraz Gin,3.0,39.54,43.5,8.8998,recipe,true
2026-08-08,stow,stow,stow,f,Sweet Potato Fries D,3.0,38.19,42.0,7.5903,recipe,true
2026-08-08,stow,stow,stow,f,Beef Burrito,3.0,37.64,41.41,28.2216,recipe,true
2026-08-08,stow,stow,stow,b,"Lemon, Lime & Bitters",8.0,37.3,40.99,8.2152,recipe,true
2026-08-08,stow,stow,stow,b,Coconut Margarita,2.0,36.63,40.29,8.4898,recipe,true
2026-08-08,stow,stow,stow,f,Kids Nuggets & Chips,3.0,36.61,40.27,6.7281,recipe,true
2026-08-08,stow,stow,stow,b,Villa Fresco Sangiovese - Large,2.0,35.68,39.25,8.041,recipe,true
2026-08-08,stow,stow,stow,f,Rocket Man,2.0,33.81,37.19,6.3944,recipe,true
2026-08-08,stow,stow,stow,b,Vinada Sparkling Rose,3.0,33.81,37.2,9.1497,recipe,true
2026-08-08,stow,stow,stow,b,Peroni 0%,4.0,33.8,37.17,7.3852,recipe,true
2026-08-08,stow,stow,stow,b,Aether Vodka,3.0,32.37,35.61,7.5588,recipe,true
2026-08-08,stow,stow,stow,b,Das Juice Pink Pet Nat - Regular,2.0,29.1,32.0,6.6,recipe,true
2026-08-08,stow,stow,stow,b,Patron Silver,2.0,28.18,30.98,6.5666,recipe,true
2026-08-08,stow,stow,stow,f,Fish Burrito,1.0,27.13,29.85,5.8414,recipe,true
2026-08-08,stow,stow,stow,b,Two Tonne Riesling - Large,1.0,26.36,29.0,7.12,recipe,true
2026-08-08,stow,stow,stow,b,A. Rodda Tempranillo - Large,1.0,26.29,28.92,9.29,lightspeed,true
2026-08-08,stow,stow,stow,b,A. Rodda Chardonnay - Regular,1.0,26.28,28.92,7.54,recipe,true
2026-08-08,stow,stow,stow,b,Whispering Angel Rosé - Regular,1.0,26.28,28.92,6.859,recipe,true
2026-08-08,stow,stow,stow,f,Cauliflower Burrito,1.0,26.27,28.9,5.485,recipe,true
2026-08-08,stow,stow,stow,b,James Boags Light,3.0,25.92,28.5,7.02,recipe,true
2026-08-08,stow,stow,stow,b,Kuku Sauvignon Blanc - Regular,2.0,25.87,28.46,5.8282,recipe,true
2026-08-08,stow,stow,stow,f,Kids Nuggets D,2.0,25.46,28.0,4.4854,recipe,true
2026-08-08,stow,stow,stow,b,Pepsi Max Glass,6.0,24.68,27.15,7.86,recipe,true
2026-08-08,stow,stow,stow,f,Eggplant Schnitty,1.0,24.42,26.85,4.438,recipe,true
2026-08-08,stow,stow,stow,f,Beef Burrito D,1.0,22.73,25.0,9.4072,recipe,true
2026-08-08,stow,stow,stow,b,Das Juice Pink Pet Nat - Large,1.0,22.73,25.0,5.5,recipe,true
2026-08-08,stow,stow,stow,f,Fish Burrito D,1.0,22.73,25.0,5.8414,recipe,true
2026-08-08,stow,stow,stow,b,Ottelia Chardonnay - Large,1.0,22.73,25.0,5.7657,recipe,true
2026-08-08,stow,stow,stow,b,Lemon Meringue Martini,1.0,22.54,24.79,3.6814,recipe,true
2026-08-08,stow,stow,stow,b,Canadian Club,2.0,21.82,24.0,3.7706,recipe,true
2026-08-08,stow,stow,stow,f,Chicken Burger D,1.0,21.82,24.0,0.0,lightspeed,true
2026-08-08,stow,stow,stow,b,Margy Duo [2 serves],1.0,20.91,23.0,0.0,lightspeed,true
2026-08-08,stow,stow,stow,b,Flower Child,1.0,20.65,22.72,3.5167,recipe,true
2026-08-08,stow,stow,stow,b,400 Conejos Margarita,1.0,20.0,22.0,5.4433,recipe,true
2026-08-08,stow,stow,stow,b,Heaps Normal Tin,2.0,20.0,22.0,5.3392,recipe,true
2026-08-08,stow,stow,stow,b,Monteith's Apple Cider Bottle,2.0,19.73,21.7,6.22,recipe,true
2026-08-08,stow,stow,stow,b,Corona,2.0,19.1,21.0,5.1426,recipe,true
2026-08-08,stow,stow,stow,f,Baked Camembert D,1.0,19.09,21.0,0.0,lightspeed,true
2026-08-08,stow,stow,stow,b,Philter Pale - Schooner,2.0,18.46,20.29,0.0,lightspeed,true
2026-08-08,stow,stow,stow,f,Cauliflower Tacos D,1.0,18.18,20.0,0.0,lightspeed,true
2026-08-08,stow,stow,stow,b,Trutta Streamside Shiraz [Chilled] - Regular,1.0,16.9,18.59,3.968,recipe,true
2026-08-08,stow,stow,stow,b,Year Wines Fiano - Regular,1.0,16.9,18.59,4.271,recipe,true
2026-08-08,stow,stow,stow,b,Pepsi Glass,4.0,16.64,18.3,5.24,recipe,true
2026-08-08,stow,stow,stow,b,San Pellegrino 500ml,2.0,16.63,18.3,4.64,recipe,true
2026-08-08,stow,stow,stow,b,Stow Soda - Grapefruit,2.0,16.63,18.3,0.1732,recipe,true
2026-08-08,stow,stow,stow,b,La Petite Mort Rosso 2025 - Regular,1.0,16.43,18.07,4.579,recipe,true
2026-08-08,stow,stow,stow,b,A. Rodda Tempranillo - Regular,1.0,16.36,18.0,5.5699,recipe,true
2026-08-08,stow,stow,stow,f,Fish Tacos D,1.0,16.36,18.0,1.8485,recipe,true
2026-08-08,stow,stow,stow,b,Padrillos Malbec - Regular,1.0,16.36,18.0,3.8666,recipe,true
2026-08-08,stow,stow,stow,b,Hartshorn Sheep Whey Vodka,1.0,15.95,17.55,2.805,recipe,true
2026-08-08,stow,stow,stow,f,Arancini Balls 5pcs D,2.0,15.91,17.5,0.0,lightspeed,true
2026-08-08,stow,stow,stow,b,Stow Soda - Passionfruit,2.0,15.81,17.4,0.4931,recipe,true
2026-08-08,stow,stow,stow,f,BBQ Wings,1.0,15.36,16.9,3.14,recipe,true
2026-08-08,stow,stow,stow,b,Sunkissed Spritz,1.0,15.03,16.53,4.9388,recipe,true
2026-08-08,stow,stow,stow,b,Year Wines 'Zagara' Orange - Regular,1.0,15.03,16.53,3.42,recipe,true
2026-08-08,stow,stow,stow,b,Petits Detours Rosé - Regular,1.0,15.02,16.52,3.468,recipe,true
2026-08-08,stow,stow,stow,f,Bang Bang Cauli D,1.0,14.55,16.0,2.7659,recipe,true
2026-08-08,stow,stow,stow,f,Sensei Calamari D,1.0,14.55,16.0,2.2628,recipe,true
2026-08-08,stow,stow,stow,b,Apple Juice Glass,3.0,14.09,15.49,1.9782,recipe,true
2026-08-08,stow,stow,stow,b,Hendrick's Gin,1.0,13.15,14.46,2.8179,recipe,true
2026-08-08,stow,stow,stow,b,Guinness Draught - Schooner,1.0,12.27,13.5,3.5827,recipe,true
2026-08-08,stow,stow,stow,b,Archie Rose Signature Gin,1.0,12.21,13.43,2.83,recipe,true
2026-08-08,stow,stow,stow,f,Kids Margherita Pizza,1.0,12.21,13.43,0.0,lightspeed,true
2026-08-08,stow,stow,stow,f,Kids Hawaiian Pizza,1.0,12.2,13.42,0.0,lightspeed,true
2026-08-08,stow,stow,hg,f,Nuggets & Chips [HG],1.0,11.82,13.0,0.0,lightspeed,true
2026-08-08,stow,stow,stow,b,Grifter Big Sur IPA Tin,1.0,11.45,12.6,4.0,recipe,true
2026-08-08,stow,stow,stow,f,Brownie,1.0,11.27,12.39,2.8226,recipe,true
2026-08-08,stow,stow,stow,b,Young Henrys Cloudy Cider Can,1.0,11.27,12.4,2.58,recipe,true
2026-08-08,stow,stow,stow,f,Onion Rings,1.0,11.26,12.4,0.0,lightspeed,true
2026-08-08,stow,stow,stow,f,Add Lepinja Bread,2.0,11.08,12.2,0.0,lightspeed,true
2026-08-08,stow,stow,stow,b,Appleton Rum [House],1.0,10.0,11.0,2.2543,recipe,true
2026-08-08,stow,stow,stow,b,Buffalo Trace Bourbon [House],1.0,10.0,11.0,2.3173,recipe,true
2026-08-08,stow,stow,stow,b,Sailor Jerry [House],1.0,10.0,11.0,2.0293,recipe,true
2026-08-08,stow,stow,stow,f,Side Aioli,21.0,9.61,10.78,0.0,lightspeed,true
2026-08-08,stow,stow,stow,b,Orange Juice Glass,2.0,9.1,10.0,0.9602,recipe,true
2026-08-08,stow,stow,stow,f,Brownie D,3.0,9.09,10.0,5.8503,recipe,true
2026-08-08,stow,stow,stow,f,Lepinja Bread,1.0,9.09,10.0,0.0,lightspeed,true
2026-08-08,stow,stow,stow,f,Olives D,1.0,9.09,10.0,0.0,lightspeed,true
2026-08-08,stow,stow,stow,f,Onion Rings D,1.0,9.09,10.0,0.0,lightspeed,true
2026-08-08,stow,stow,stow,b,Lemonade Glass,2.0,8.18,9.0,1.6064,recipe,true
2026-08-08,stow,stow,stow,f,Side Blue Cheese Dip,10.0,8.06,8.86,0.0,lightspeed,true
2026-08-08,stow,stow,stow,b,Bundaberg Ginger Beer,1.0,4.7,5.16,0.9922,recipe,true
2026-08-08,stow,stow,stow,f,Add Grilled Fish,1.0,4.55,5.0,0.0,lightspeed,true
2026-08-08,stow,stow,stow,f,Make it Vegan [patty + cheese + bun],1.0,4.55,5.0,0.0,lightspeed,true
2026-08-08,stow,stow,stow,b,Pink Lemonade Glass,1.0,4.09,4.5,0.9483,recipe,true
2026-08-08,stow,stow,stow,f,Extra Arancini Ball,1.0,3.76,4.13,0.0,lightspeed,true
2026-08-08,stow,stow,stow,f,Swap Fries for Sweet Potato Fries,2.0,3.7,4.07,0.0,lightspeed,true
2026-08-08,stow,stow,stow,f,Swap for Sweet Potato Fries,2.0,3.7,4.07,0.0,lightspeed,true
2026-08-08,stow,stow,stow,f,Add Fried Cauliflower,1.0,3.64,4.0,0.0,lightspeed,true
2026-08-08,stow,stow,stow,b,Ginger Ale,1.0,3.64,4.0,0.0,lightspeed,true
2026-08-08,stow,stow,stow,f,Double Scoop,1.0,3.28,3.62,0.0,lightspeed,true
2026-08-08,stow,stow,stow,f,Add Side Salad,1.0,2.73,3.0,0.0,lightspeed,true
2026-08-08,stow,stow,stow,f,Make it Gluten-free [gf/vg bun w sweet pot. fries],1.0,1.88,2.07,0.0,lightspeed,true
2026-08-08,stow,stow,stow,f,Side Chipotle Mayo,2.0,1.88,2.06,0.0,lightspeed,true
2026-08-08,stow,stow,stow,f,Add Side Guac,2.0,1.82,2.0,0.0,lightspeed,true
2026-08-08,stow,stow,stow,f,Side English Mustard,1.0,0.94,1.03,0.0,lightspeed,true
2026-08-08,stow,stow,stow,f,Side Spicy Salsa,2.0,0.91,1.0,0.0,lightspeed,true
2026-08-08,stow,stow,stow,b,2 Glasses,3.0,0.0,0.0,0.0,lightspeed,true
2026-08-08,stow,stow,stow,b,3 Glasses,1.0,0.0,0.0,0.0,lightspeed,true
2026-08-08,stow,stow,stow,b,4 Glasses,1.0,0.0,0.0,0.0,lightspeed,true
2026-08-08,stow,stow,stow,b,Dressing on the Side,1.0,0.0,0.0,0.0,lightspeed,true
2026-08-08,stow,stow,stow,b,Easy Sauce,3.0,0.0,0.0,0.0,lightspeed,true
2026-08-08,stow,stow,stow,b,Extra Sauce,4.0,0.0,0.0,0.0,lightspeed,true
2026-08-08,stow,stow,stow,b,Glass of Ice on the Side,4.0,0.0,0.0,0.0,lightspeed,true
2026-08-08,stow,stow,stow,b,Gluten-free [Corn Tortillas],1.0,0.0,0.0,0.0,lightspeed,true
2026-08-08,stow,stow,stow,b,Hawaiian.,1.0,0.0,0.0,0.0,lightspeed,true
2026-08-08,stow,stow,stow,f,Jalapeños Inside Burrito,1.0,0.0,0.0,0.0,lightspeed,true
2026-08-08,stow,stow,stow,b,Jug of Water,5.0,0.0,0.0,0.0,lightspeed,true
2026-08-08,stow,stow,stow,b,Lemon,4.0,0.0,0.0,0.0,lightspeed,true
2026-08-08,stow,stow,stow,b,Lemonade [mixer],1.0,0.0,0.0,0.8,lightspeed,true
2026-08-08,stow,stow,stow,b,Lime,29.0,0.0,0.0,0.0,lightspeed,true
2026-08-08,stow,stow,stow,b,Make It A Burrito Bowl [gluten-free],1.0,0.0,0.0,0.0,lightspeed,true
2026-08-08,stow,stow,stow,b,Make it Vegan [use vegan cheese],1.0,0.0,0.0,0.0,lightspeed,true
2026-08-08,stow,stow,stow,b,No Anchovies,2.0,0.0,0.0,0.0,lightspeed,true
2026-08-08,stow,stow,stow,b,No Beans,1.0,0.0,0.0,0.0,lightspeed,true
2026-08-08,stow,stow,stow,b,No Burger Sauce,1.0,0.0,0.0,0.0,lightspeed,true
2026-08-08,stow,stow,stow,b,No Cheese (Make It Dairy-Free),1.0,0.0,0.0,0.0,lightspeed,true
2026-08-08,stow,stow,stow,b,No Cheese [dairy-free],1.0,0.0,0.0,0.0,lightspeed,true
2026-08-08,stow,stow,stow,b,No Chilli,2.0,0.0,0.0,0.0,lightspeed,true
2026-08-08,stow,stow,stow,b,No Chips,2.0,0.0,0.0,0.0,lightspeed,true
2026-08-08,stow,stow,stow,b,No Garnish,3.0,0.0,0.0,0.0,lightspeed,true
2026-08-08,stow,stow,stow,b,No Ham,2.0,0.0,0.0,0.0,lightspeed,true
2026-08-08,stow,stow,stow,b,No Jalape|os,1.0,0.0,0.0,0.0,lightspeed,true
2026-08-08,stow,stow,stow,b,No Mayo,1.0,0.0,0.0,0.0,lightspeed,true
2026-08-08,stow,stow,stow,b,No Mushroom,1.0,0.0,0.0,0.0,lightspeed,true
2026-08-08,stow,stow,stow,b,No Olives,4.0,0.0,0.0,0.0,lightspeed,true
2026-08-08,stow,stow,stow,b,No Onion,4.0,0.0,0.0,0.0,lightspeed,true
2026-08-08,stow,stow,stow,b,No Pickle,1.0,0.0,0.0,0.0,lightspeed,true
2026-08-08,stow,stow,stow,b,No Pico de Gallo,1.0,0.0,0.0,0.0,lightspeed,true
2026-08-08,stow,stow,stow,b,No Pineapple,1.0,0.0,0.0,0.0,lightspeed,true
2026-08-08,stow,stow,stow,b,No Sliced Tomato,3.0,0.0,0.0,0.0,lightspeed,true
2026-08-08,stow,stow,stow,b,No Sugar,4.0,0.0,0.0,0.0,lightspeed,true
2026-08-08,stow,stow,stow,b,No Sun-dried Tomatoes,1.0,0.0,0.0,0.0,lightspeed,true
2026-08-08,stow,stow,stow,b,On The Rocks,7.0,0.0,0.0,0.0,lightspeed,true
2026-08-08,stow,stow,stow,b,Pepsi [mixer],1.0,0.0,0.0,0.8,lightspeed,true
2026-08-08,stow,stow,stow,b,Pink Lemonade [mixer],1.0,0.0,0.0,0.1088,recipe,true
2026-08-08,stow,stow,stow,b,Send Kids Food ASAP,5.0,0.0,0.0,0.0,lightspeed,true
2026-08-08,stow,stow,stow,f,Side BBQ Sauce,8.0,0.0,0.0,0.0,lightspeed,true
2026-08-08,stow,stow,stow,b,Side Tomato Sauce,11.0,0.0,0.0,0.0,lightspeed,true
2026-08-08,stow,stow,stow,b,Soda [mixer],27.0,0.0,0.0,0.0,lightspeed,true
2026-08-08,stow,stow,stow,b,Tonic [mixer],5.0,0.0,0.0,4.02,lightspeed,true
2026-08-08,stow,stow,stow,b,Truffalo Soldier.,1.0,0.0,0.0,0.0,lightspeed,true
2026-08-09,mari,mari,mari,f,Large Pepperoni,8.0,141.14,155.25,34.888,recipe,true
2026-08-09,mari,mari,mari,f,$45 FEAST,3.0,135.0,148.5,42.2142,recipe,true
2026-08-09,mari,mari,mari,f,Large Super House Special,4.0,109.7,120.67,30.4708,recipe,true
2026-08-09,mari,mari,mari,f,Regular Super House Special,4.0,90.55,99.59,18.4748,recipe,true
2026-08-09,mari,mari,mari,f,Large Sorrento,3.0,84.9,93.39,17.5725,recipe,true
2026-08-09,mari,mari,mari,f,Large Meatlovers,4.0,82.8,91.08,26.96,recipe,true
2026-08-09,mari,mari,mari,f,Regular Sanchez [Dine-in],2.0,53.7,59.08,7.8904,recipe,true
2026-08-09,mari,mari,mari,f,Regular Uber Margherita [Dine-in],2.0,47.5,52.25,5.424,recipe,true
2026-08-09,mari,mari,mari,f,Feast Deal Pizzas,1.0,45.0,49.5,14.0714,recipe,true
2026-08-09,mari,mari,mari,f,Large Hawaiian,2.0,39.8,43.78,6.6314,recipe,true
2026-08-09,mari,mari,mari,f,Regular Cosmopolitan,2.0,39.8,43.78,8.9324,recipe,true
2026-08-09,mari,mari,mari,f,Large Margherita,2.0,37.99,41.79,4.6544,recipe,true
2026-08-09,mari,mari,mari,f,Regular Margherita,4.0,31.72,34.9,8.1324,recipe,true
2026-08-09,mari,mari,mari,f,WINGS DEAL,1.0,30.0,33.0,9.9445,recipe,true
2026-08-09,mari,mari,mari,f,Family Hail Africa,1.0,29.9,32.89,0.0,lightspeed,true
2026-08-09,mari,mari,mari,f,Family Uber Margherita,1.0,28.9,31.79,0.0,lightspeed,true
2026-08-09,mari,mari,mari,f,Family Vegetarian,1.0,28.9,31.79,0.0,lightspeed,true
2026-08-09,mari,mari,mari,f,Garlic Bread,8.0,28.81,31.7,11.9016,recipe,true
2026-08-09,mari,mari,mari,f,Large Little Italy,1.0,28.18,31.0,7.3904,recipe,true
2026-08-09,mari,mari,mari,f,Large Roma Special,2.0,27.4,30.14,11.2042,recipe,true
2026-08-09,mari,mari,mari,f,Large Tandoori Chicken,2.0,27.4,30.14,6.3856,recipe,true
2026-08-09,mari,mari,mari,f,Gluten-free Margherita,2.0,27.18,29.9,11.9696,recipe,true
2026-08-09,mari,mari,mari,f,Large BBQ Chicken Pizza,2.0,27.18,29.9,8.222,recipe,true
2026-08-09,mari,mari,mari,f,Regular Jimmy Jury [Dine-in],1.0,27.0,29.7,3.6214,recipe,true
2026-08-09,mari,mari,mari,f,Large Cosmopolitan,2.0,26.9,29.59,14.082,recipe,true
2026-08-09,mari,mari,mari,f,"Regular No Chorizo, No Cry [Dine-in]",1.0,26.85,29.53,2.6415,recipe,true
2026-08-09,mari,mari,mari,f,Regular Bubba Gump [Dine-in],1.0,26.0,28.6,3.0455,recipe,true
2026-08-09,mari,mari,mari,f,Family Pepperoni,1.0,24.9,27.39,0.0,lightspeed,true
2026-08-09,mari,mari,mari,f,Gluten-free Meatlovers,1.0,23.9,26.29,9.1803,recipe,true
2026-08-09,mari,mari,mari,f,Regular Sorrento,1.0,23.55,25.9,4.0074,recipe,true
2026-08-09,mari,mari,mari,f,Regular Paddock,1.0,22.73,25.0,4.0838,recipe,true
2026-08-09,mari,mari,mari,f,Regular Pepperoni,1.0,20.0,22.0,2.6992,recipe,true
2026-08-09,mari,mari,mari,f,Regular Tandoori Chicken,1.0,18.9,20.79,2.0367,recipe,true
2026-08-09,mari,mari,mari,f,Coke Zero 1.25L,3.0,18.81,20.7,9.27,recipe,true
2026-08-09,mari,mari,mari,f,Regular Hawaiian,1.0,18.09,19.9,3.272,recipe,true
2026-08-09,mari,mari,mari,f,Cheesy Garlic Bread,2.0,18.0,19.8,3.6054,recipe,true
2026-08-09,mari,mari,mari,f,Delivery Fee - Freshwater / Queenscliff,3.0,14.55,16.0,0.0,lightspeed,true
2026-08-09,mari,mari,mari,f,Bundaberg Ginger Beer D,2.0,14.36,15.8,7.4416,recipe,true
2026-08-09,mari,mari,mari,f,Regular Garlic Cheese Pizza,1.0,13.4,14.74,1.5021,recipe,true
2026-08-09,mari,mari,mari,f,Delivery Fee - Curl Curl / Manly / Dee Why,2.0,13.0,14.3,0.0,lightspeed,true
2026-08-09,mari,mari,mari,f,Online Surcharge,9.0,9.74,9.74,0.0,lightspeed,true
2026-08-09,mari,mari,mari,f,Add Tandoori Chicken,2.0,8.13,8.94,0.0,lightspeed,true
2026-08-09,mari,mari,mari,f,Add Mushrooms,3.0,4.5,4.95,0.0,lightspeed,true
2026-08-09,mari,mari,mari,f,Add Bacon,1.0,4.0,4.4,0.0,lightspeed,true
2026-08-09,mari,mari,mari,f,Add Calabrese,1.0,4.0,4.4,0.0,lightspeed,true
2026-08-09,mari,mari,mari,f,Add Chicken,1.0,4.0,4.4,0.0,lightspeed,true
2026-08-09,mari,mari,mari,f,Add Chilli,4.0,4.0,4.4,0.0,lightspeed,true
2026-08-09,mari,mari,mari,f,Add Bocconcini,1.0,3.0,3.3,0.0,lightspeed,true
2026-08-09,mari,mari,mari,f,Add Fetta,1.0,3.0,3.3,0.0,lightspeed,true
2026-08-09,mari,mari,mari,f,Add Pepperoni,1.0,3.0,3.3,0.0,lightspeed,true
2026-08-09,mari,mari,mari,f,Add Pineapple,2.0,3.0,3.3,0.0,lightspeed,true
2026-08-09,mari,mari,mari,f,Add Spanish Onion,2.0,3.0,3.3,0.0,lightspeed,true
2026-08-09,mari,mari,mari,f,Add BBQ Sauce,1.0,1.5,1.65,0.0,lightspeed,true
2026-08-09,mari,mari,mari,f,Add Garlic Base,1.0,1.5,1.65,0.0,lightspeed,true
2026-08-09,mari,mari,mari,f,Add Onion,2.0,1.5,1.65,0.0,lightspeed,true
2026-08-09,mari,mari,mari,f,Online Rounding,1.0,0.01,0.01,0.0,lightspeed,true
2026-08-09,mari,mari,mari,f,Add Anchovies,1.0,0.0,0.0,0.0,lightspeed,true
2026-08-09,mari,mari,mari,f,Choc  Brownie,1.0,0.0,0.0,1.9501,recipe,true
2026-08-09,mari,mari,mari,f,Garlic  Bread,1.0,0.0,0.0,1.4877,recipe,true
2026-08-09,mari,mari,mari,f,Large New Yorker,1.0,0.0,0.0,4.9731,recipe,true
2026-08-09,mari,mari,mari,f,Large Sanchez,1.0,0.0,0.0,5.8374,recipe,true
2026-08-09,mari,mari,mari,f,Large Truffalo Soldier,1.0,0.0,0.0,5.2,recipe,true
2026-08-09,mari,mari,mari,f,Large Uber Margherita,1.0,0.0,0.0,4.384,recipe,true
2026-08-09,mari,mari,mari,f,Regular Bubba Gump,1.0,0.0,0.0,3.6381,recipe,true
2026-08-09,mari,mari,mari,f,Regular Hail Africa [Dine-in],0.0,0.0,0.0,0.0,recipe,true
2026-08-09,mari,mari,mari,f,Regular Little Italy,1.0,0.0,0.0,4.7581,recipe,true
2026-08-09,mari,mari,mari,f,Online Discount,2.0,-36.47,-36.47,0.0,lightspeed,true
2026-08-09,stow,stow,stow,f,Lamb Roast,47.0,1371.6,1508.82,311.0836,recipe,true
2026-08-09,stow,stow,stow,b,Guinness Draught - Pint,41.0,721.52,793.68,197.0091,recipe,true
2026-08-09,stow,stow,stow,b,Mulled Wine,35.0,522.87,575.16,73.017,recipe,true
2026-08-09,stow,stow,stow,f,Chicken Roast,15.0,458.85,504.74,80.682,recipe,true
2026-08-09,stow,stow,stow,f,Nut Roast,14.0,422.88,465.18,68.9934,recipe,true
2026-08-09,stow,stow,stow,f,Fancy Pants Parmy - Classic,10.0,277.35,305.09,75.986,recipe,true
2026-08-09,stow,stow,stow,b,Fresh is Best Lager - Pint,20.0,253.66,279.03,48.438,recipe,true
2026-08-09,stow,stow,stow,f,American Standard Burger,9.0,246.52,271.18,52.5627,recipe,true
2026-08-09,stow,stow,stow,b,Geppetto Pinot Noir - Regular,15.0,229.41,252.36,52.68,recipe,true
2026-08-09,stow,stow,stow,b,Stone & Wood - Schooner,15.4,201.48,221.63,50.763,recipe,true
2026-08-09,stow,stow,stow,b,Classic Margarita,9.0,182.61,200.88,37.5516,recipe,true
2026-08-09,stow,stow,stow,f,Pie,5.0,167.73,184.51,0.0,lightspeed,true
2026-08-09,stow,stow,stow,b,Villa Fresco Sangiovese - Regular,14.0,166.77,183.45,33.7722,recipe,true
2026-08-09,stow,stow,stow,f,Arancini Balls [5pc],7.0,156.9,172.58,0.0,lightspeed,true
2026-08-09,stow,stow,stow,b,Kuku Sauvignon Blanc - Regular,11.0,155.39,170.93,32.0551,recipe,true
2026-08-09,stow,stow,stow,f,Baked Camembert,6.0,152.67,167.95,0.0,lightspeed,true
2026-08-09,stow,stow,stow,f,Stow Schnitty,6.0,149.66,164.64,32.988,recipe,true
2026-08-09,stow,stow,stow,b,Philter XPA - Schooner,14.0,147.58,162.34,31.339,recipe,true
2026-08-09,stow,stow,stow,b,Philter XPA - Pint,9.0,135.0,148.5,27.0198,recipe,true
2026-08-09,stow,stow,stow,f,Rosemary Salted Fries,10.0,129.4,142.33,18.6,recipe,true
2026-08-09,stow,stow,stow,b,Casa Gheller Prosecco - Glass,8.0,124.25,136.67,26.784,recipe,true
2026-08-09,stow,stow,stow,b,Domaine Gueguen Chablis - Bottle,1.0,123.94,136.33,44.73,lightspeed,true
2026-08-09,stow,stow,stow,b,Status Quo - Pint,7.0,120.14,132.16,29.1109,recipe,true
2026-08-09,stow,stow,stow,f,Sensei Calamari,6.0,117.63,129.4,13.5768,recipe,true
2026-08-09,stow,stow,stow,b,Coconut Margarita,5.0,116.5,128.16,21.2245,recipe,true
2026-08-09,stow,stow,stow,b,Fresh is Best Lager - Schooner,13.0,115.24,126.77,23.4754,recipe,true
2026-08-09,stow,stow,stow,b,Status Quo - Schooner,8.0,108.0,118.8,24.8064,recipe,true
2026-08-09,stow,stow,stow,b,Grifter Pale - Pint,7.0,105.98,116.59,23.3058,recipe,true
2026-08-09,stow,stow,stow,f,Cauliflower Cheese,16.0,105.89,116.49,14.096,recipe,true
2026-08-09,stow,stow,stow,b,Crankshaft IPA - Pint,6.0,105.0,115.5,25.8144,recipe,true
2026-08-09,stow,stow,stow,b,Grifter Pale - Schooner,9.0,103.5,113.85,22.3416,recipe,true
2026-08-09,stow,stow,stow,b,Petits Detours Rosé - Regular,6.0,94.4,103.84,20.808,recipe,true
2026-08-09,stow,stow,stow,b,Bloody Mary,4.0,92.0,101.2,12.166,recipe,true
2026-08-09,stow,stow,stow,b,Padrillos Malbec - Regular,5.0,91.8,100.97,19.333,recipe,true
2026-08-09,stow,stow,stow,b,Jalapeño Marg,4.0,89.7,98.67,15.3832,recipe,true
2026-08-09,stow,stow,stow,f,Fish Tacos,4.0,81.98,90.16,7.394,recipe,true
2026-08-09,stow,stow,stow,b,Apple Crumble,5.0,81.59,89.75,0.0,lightspeed,true
2026-08-09,stow,stow,stow,b,Unico Zelo Terra Cotta - Regular,4.0,76.0,83.6,17.512,recipe,true
2026-08-09,stow,stow,stow,b,Dormilona Chenin Blanc - Bottle,1.0,72.9,80.19,20.35,lightspeed,true
2026-08-09,stow,stow,stow,b,Ottelia Cab Sav - Bottle,1.0,72.3,79.53,23.04,lightspeed,true
2026-08-09,stow,stow,stow,f,Buffalo Wings,4.0,71.17,78.28,11.9056,recipe,true
2026-08-09,stow,stow,stow,b,Stone & Wood - Pint,4.0,68.0,74.8,17.6836,recipe,true
2026-08-09,stow,stow,stow,b,Heaps Normal Tin,6.0,67.81,74.61,16.0176,recipe,true
2026-08-09,stow,stow,stow,b,Gin Martini,3.0,66.72,73.39,12.0036,recipe,true
2026-08-09,stow,stow,stow,f,Kids Nuggets & Chips,5.0,65.85,72.44,11.2135,recipe,true
2026-08-09,stow,stow,stow,b,Ottelia Chardonnay - Bottle,1.0,63.0,69.3,17.3,lightspeed,true
2026-08-09,stow,stow,stow,b,Version Two Sparkling - Regular,5.0,61.6,67.76,8.8335,recipe,true
2026-08-09,stow,stow,stow,b,Geppetto Pinot Noir - Bottle,1.0,60.0,66.0,17.56,lightspeed,true
2026-08-09,stow,stow,stow,b,Mother's Milk Shiraz - Regular,4.0,60.0,66.0,12.8652,recipe,true
2026-08-09,stow,stow,stow,b,Pepsi Max Glass,13.0,59.26,65.18,17.03,recipe,true
2026-08-09,stow,stow,stow,b,Sibiliana Nero D'Avola - Large,2.0,58.0,63.8,10.9,recipe,true
2026-08-09,stow,stow,stow,b,Whispering Angel Rosé - Regular,2.0,56.0,61.6,13.718,recipe,true
2026-08-09,stow,stow,stow,b,Kirin - Pint,3.0,55.5,61.05,15.2772,recipe,true
2026-08-09,stow,stow,stow,b,White Light Pure Vodka [House],5.0,53.9,59.28,7.604,recipe,true
2026-08-09,stow,stow,stow,f,Sweet Potato Fries,4.0,53.29,58.61,10.1204,recipe,true
2026-08-09,stow,stow,stow,b,Virgin Margy,4.0,52.85,58.14,0.0,lightspeed,true
2026-08-09,stow,stow,stow,f,BBQ Wings,3.0,51.8,56.98,9.42,recipe,true
2026-08-09,stow,stow,stow,b,Lemonade Glass,11.0,49.95,54.93,8.8352,recipe,true
2026-08-09,stow,stow,stow,b,Ottelia Chardonnay - Regular,3.0,48.54,53.39,10.3782,recipe,true
2026-08-09,stow,stow,stow,b,Kuku Sauvignon Blanc - Large,2.0,46.0,50.6,9.7134,recipe,true
2026-08-09,stow,stow,stow,b,Stow Soda - Grapefruit,5.0,45.88,50.47,0.433,recipe,true
2026-08-09,stow,stow,stow,b,Peroni 0%,5.0,45.87,50.46,9.2315,recipe,true
2026-08-09,stow,stow,stow,b,BBQ Ribs,1.0,45.45,49.99,0.0,lightspeed,true
2026-08-09,stow,stow,stow,b,Beetle Juice,2.0,45.45,49.98,7.414,recipe,true
2026-08-09,stow,stow,stow,b,Monteith's Apple Cider Bottle,4.0,42.7,46.96,12.44,recipe,true
2026-08-09,stow,stow,stow,b,Philter Pale - Pint,3.0,42.46,46.7,0.0,lightspeed,true
2026-08-09,stow,stow,stow,b,Peroni,4.0,42.0,46.2,10.0868,recipe,true
2026-08-09,stow,stow,stow,f,Cauliflower Tacos,2.0,41.31,45.44,0.0,lightspeed,true
2026-08-09,stow,stow,stow,b,Lychee Martini,2.0,41.31,45.44,7.8156,recipe,true
2026-08-09,stow,stow,stow,b,Espresso Martini,2.0,40.66,44.72,6.57,recipe,true
2026-08-09,stow,stow,stow,b,Sigurd GSM Red Blend - Regular,2.0,40.0,44.0,9.24,recipe,true
2026-08-09,stow,stow,stow,f,Amalfi Olives,3.0,35.64,39.2,0.0,lightspeed,true
2026-08-09,stow,stow,stow,b,Fresh is Best Summer Lager - Schooner,4.0,33.43,36.78,6.2884,recipe,true
2026-08-09,stow,stow,stow,b,Johnnie Walker Black,2.0,32.3,35.53,4.908,recipe,true
2026-08-09,stow,stow,stow,f,Extra Gravy,16.0,30.49,33.49,4.8128,recipe,true
2026-08-09,stow,stow,stow,f,Lepinja Bread,3.0,30.33,33.36,0.0,lightspeed,true
2026-08-09,stow,stow,stow,b,Trade Winds,2.0,28.93,31.83,2.9076,recipe,true
2026-08-09,stow,stow,stow,b,Dormilona Chenin Blanc - Large,1.0,28.8,31.68,7.4633,recipe,true
2026-08-09,stow,stow,stow,b,Kirin - Schooner,2.0,28.46,31.3,7.5938,recipe,true
2026-08-09,stow,stow,stow,b,A. Rodda Chardonnay - Regular,1.0,28.0,30.8,7.54,recipe,true
2026-08-09,stow,stow,stow,b,Crankshaft IPA - Schooner,2.0,27.0,29.7,6.4158,recipe,true
2026-08-09,stow,stow,stow,b,Ottelia Cab Sav - Large,1.0,27.0,29.7,7.68,recipe,true
2026-08-09,stow,stow,stow,f,Eggplant Schnitty,1.0,26.85,29.53,4.438,recipe,true
2026-08-09,stow,stow,stow,b,"Lemon, Lime & Bitters",5.0,25.16,27.68,5.1345,recipe,true
2026-08-09,stow,stow,stow,b,Little Dragon Can,2.0,25.0,27.5,6.9722,recipe,true
2026-08-09,stow,stow,stow,b,Ottelia Chardonnay - Large,1.0,25.0,27.5,5.7657,recipe,true
2026-08-09,stow,stow,stow,b,Geppetto Pinot Noir - Large Glass,1.0,24.78,27.26,5.8533,recipe,true
2026-08-09,stow,stow,stow,b,Island Time,1.0,24.0,26.4,4.208,recipe,true
2026-08-09,stow,stow,stow,b,Lemon Meringue Martini,1.0,24.0,26.4,3.6814,recipe,true
2026-08-09,stow,stow,stow,f,Fries D,2.0,23.73,26.1,0.0,lightspeed,true
2026-08-09,stow,stow,stow,f,Brownie,2.0,23.54,25.9,5.6452,recipe,true
2026-08-09,stow,stow,stow,b,Frozen Marg - Jalapeño,1.0,23.0,25.3,4.0183,recipe,true
2026-08-09,stow,stow,stow,b,Tommy's Margarita,1.0,23.0,25.3,5.0572,recipe,true
2026-08-09,stow,stow,stow,b,Bombay Dry [House],2.0,22.72,25.0,4.3288,recipe,true
2026-08-09,stow,stow,stow,b,Flower Child,1.0,22.72,24.99,3.5167,recipe,true
2026-08-09,stow,stow,stow,b,Old Fashioned,1.0,22.72,24.99,4.8583,recipe,true
2026-08-09,stow,stow,stow,b,Vodka Martini,1.0,22.72,24.99,2.9286,recipe,true
2026-08-09,stow,stow,stow,b,Scorched As,1.0,22.0,24.2,4.3473,recipe,true
2026-08-09,stow,stow,stow,b,Hugo Spritz,1.0,21.69,23.86,4.096,recipe,true
2026-08-09,stow,stow,stow,b,Fresh Lime Soda,6.0,21.47,23.63,0.0,lightspeed,true
2026-08-09,stow,stow,stow,b,Corona,2.0,21.34,23.48,5.1426,recipe,true
2026-08-09,stow,stow,stow,b,Philter Pale - Schooner,2.0,21.0,23.1,0.0,lightspeed,true
2026-08-09,stow,stow,stow,b,Aperol Spritz,1.0,20.67,22.74,3.556,recipe,true
2026-08-09,stow,stow,stow,b,Two Tonne Riesling - Regular,1.0,20.66,22.72,4.272,recipe,true
2026-08-09,stow,stow,stow,b,Boulevardier,1.0,19.8,21.78,3.47,lightspeed,true
2026-08-09,stow,stow,stow,b,Trentham Estate Rosé - Large,1.0,19.0,20.9,3.5168,recipe,true
2026-08-09,stow,stow,stow,b,Version Two Pinot Grigio - Large,1.0,19.0,20.9,2.9445,recipe,true
2026-08-09,stow,stow,stow,b,Dormilona Chenin Blanc - Regular,1.0,18.9,20.79,4.4779,recipe,true
2026-08-09,stow,stow,stow,b,La Petite Mort Rosso 2025 - Regular,1.0,18.07,19.88,4.579,recipe,true
2026-08-09,stow,stow,stow,f,Rocket Man,1.0,18.0,19.8,3.1972,recipe,true
2026-08-09,stow,stow,stow,f,Bang Bang Cauli,1.0,17.0,18.7,2.7659,recipe,true
2026-08-09,stow,stow,stow,b,Ottelia Cab Sav - Regular,1.0,17.0,18.7,4.608,recipe,true
2026-08-09,stow,stow,stow,f,Extra Yorkshire Pudding,8.0,16.49,18.09,0.0,lightspeed,true
2026-08-09,stow,stow,stow,f,Buffalo Wings D,1.0,16.27,17.9,2.9764,recipe,true
2026-08-09,stow,stow,stow,f,BBQ Wings D,1.0,15.36,16.9,3.14,recipe,true
2026-08-09,stow,stow,stow,b,Stow's Irish Coffee,1.0,15.0,16.5,0.9175,recipe,true
2026-08-09,stow,stow,stow,b,Hyoketsu Lemon Can,1.0,14.46,15.91,0.0,lightspeed,true
2026-08-09,stow,stow,stow,f,Rocket Man D,1.0,14.0,15.4,3.1972,recipe,true
2026-08-09,stow,stow,stow,b,Guinness Draught - Schooner,1.0,13.5,14.85,3.5827,recipe,true
2026-08-09,stow,stow,stow,b,1800 Coconut,1.0,13.42,14.77,2.9104,recipe,true
2026-08-09,stow,stow,stow,b,Fresh is Best Summer Lager - Pint,1.0,12.39,13.63,2.1084,recipe,true
2026-08-09,stow,stow,stow,b,Version Two Pinot Grigio - Regular,1.0,12.39,13.63,1.7667,recipe,true
2026-08-09,stow,stow,stow,f,GF Flatbread,3.0,12.26,13.49,0.0,lightspeed,true
2026-08-09,stow,stow,stow,b,Trentham Estate Rosé - Regular,1.0,12.0,13.2,2.11,recipe,true
2026-08-09,stow,stow,stow,b,Vinada Sparkling Rose,1.0,12.0,13.2,3.0499,recipe,true
2026-08-09,stow,stow,stow,b,Young Henrys Cloudy Cider Can,1.0,12.0,13.2,2.58,recipe,true
2026-08-09,stow,stow,stow,b,Buffalo Trace Bourbon [House],1.0,11.0,12.1,2.3173,recipe,true
2026-08-09,stow,stow,stow,b,$5 Stow Soda,2.0,10.0,11.0,0.0,lightspeed,true
2026-08-09,stow,stow,stow,f,Farmhouse Salad,1.0,9.96,10.96,0.0,lightspeed,true
2026-08-09,stow,stow,stow,f,Extra Veg,3.0,9.3,10.23,0.0,lightspeed,true
2026-08-09,stow,stow,stow,b,Pink Lemonade Glass,2.0,9.3,10.22,1.8966,recipe,true
2026-08-09,stow,stow,stow,b,VB Tinnie,1.0,9.3,10.23,1.96,recipe,true
2026-08-09,stow,stow,stow,b,San Pellegrino 500ml,1.0,9.29,10.22,2.32,recipe,true
2026-08-09,stow,stow,stow,b,Stow Soda - Passionfruit,1.0,9.29,10.22,0.2466,recipe,true
2026-08-09,stow,stow,stow,f,Side Gravy,4.0,5.26,5.79,1.2032,recipe,true
2026-08-09,stow,stow,stow,b,Apple Juice Glass,1.0,5.16,5.68,0.6594,recipe,true
2026-08-09,stow,stow,stow,b,Bundaberg Ginger Beer,1.0,5.0,5.5,0.9922,recipe,true
2026-08-09,stow,stow,stow,f,Swap Fries for Sweet Potato Fries,2.0,4.07,4.47,0.0,lightspeed,true
2026-08-09,stow,stow,stow,b,Pepsi Glass,1.0,4.05,4.45,1.31,recipe,true
2026-08-09,stow,stow,stow,b,Add Mac. Liqueur,1.0,4.0,4.4,2.1763,recipe,true
2026-08-09,stow,stow,stow,f,Make it Vegetarian [plant-based patty],1.0,4.0,4.4,0.0,lightspeed,true
2026-08-09,stow,stow,stow,f,Swap for Sweet Potato Fries,2.0,4.0,4.4,0.0,lightspeed,true
2026-08-09,stow,stow,stow,f,Side Aioli,5.0,2.58,2.83,0.0,lightspeed,true
2026-08-09,stow,stow,stow,f,Add Grilled Chicken,1.0,2.4,2.64,0.0,lightspeed,true
2026-08-09,stow,stow,stow,f,Side Blue Cheese Dip,2.0,2.06,2.28,0.0,lightspeed,true
2026-08-09,stow,stow,stow,b,Large Half/Half,1.0,2.0,2.2,0.0,lightspeed,true
2026-08-09,stow,stow,stow,f,Add Side Guac,1.0,1.03,1.14,0.0,lightspeed,true
2026-08-09,stow,stow,stow,b,2 Glasses,4.0,0.0,0.0,0.0,lightspeed,true
2026-08-09,stow,stow,stow,f,Brownie D,3.0,0.0,0.0,5.8503,recipe,true
2026-08-09,stow,stow,stow,b,Classic,1.0,0.0,0.0,0.0,lightspeed,true
2026-08-09,stow,stow,stow,b,Cosmopolitan.,1.0,0.0,0.0,0.0,lightspeed,true
2026-08-09,stow,stow,stow,b,Dirty,2.0,0.0,0.0,0.0,lightspeed,true
2026-08-09,stow,stow,stow,b,Dry,1.0,0.0,0.0,0.0,lightspeed,true
2026-08-09,stow,stow,stow,b,Easy Sauce,1.0,0.0,0.0,0.0,lightspeed,true
2026-08-09,stow,stow,stow,b,Extra Olives,3.0,0.0,0.0,0.0,lightspeed,true
2026-08-09,stow,stow,stow,b,Extra Sauce,1.0,0.0,0.0,0.0,lightspeed,true
2026-08-09,stow,stow,stow,b,Glass of Ice on the Side,2.0,0.0,0.0,0.0,lightspeed,true
2026-08-09,stow,stow,stow,b,Gluten-free [Corn Tortillas],1.0,0.0,0.0,0.0,lightspeed,true
2026-08-09,stow,stow,stow,b,Gluten-free [remove Yorkshire],1.0,0.0,0.0,0.0,lightspeed,true
2026-08-09,stow,stow,stow,b,Ice,1.0,0.0,0.0,0.0,lightspeed,true
2026-08-09,stow,stow,stow,b,Jug of Water,3.0,0.0,0.0,0.0,lightspeed,true
2026-08-09,stow,stow,stow,b,Lemon,1.0,0.0,0.0,0.0,lightspeed,true
2026-08-09,stow,stow,stow,b,Lime,2.0,0.0,0.0,0.0,lightspeed,true
2026-08-09,stow,stow,stow,b,No Beef,2.0,0.0,0.0,0.0,lightspeed,true
2026-08-09,stow,stow,stow,b,No Burger Sauce,1.0,0.0,0.0,0.0,lightspeed,true
2026-08-09,stow,stow,stow,b,No Cheese [dairy-free],1.0,0.0,0.0,0.0,lightspeed,true
2026-08-09,stow,stow,stow,b,No Chilli,1.0,0.0,0.0,0.0,lightspeed,true
2026-08-09,stow,stow,stow,b,No Corn,1.0,0.0,0.0,0.0,lightspeed,true
2026-08-09,stow,stow,stow,b,No Garnish,1.0,0.0,0.0,0.0,lightspeed,true
2026-08-09,stow,stow,stow,b,No Gravy,3.0,0.0,0.0,0.0,lightspeed,true
2026-08-09,stow,stow,stow,b,No Mushroom,1.0,0.0,0.0,0.0,lightspeed,true
2026-08-09,stow,stow,stow,b,No Olives,1.0,0.0,0.0,0.0,lightspeed,true
2026-08-09,stow,stow,stow,b,No Pickle,1.0,0.0,0.0,0.0,lightspeed,true
2026-08-09,stow,stow,stow,b,No Pineapple,2.0,0.0,0.0,0.0,lightspeed,true
2026-08-09,stow,stow,stow,b,No Salad,1.0,0.0,0.0,0.0,lightspeed,true
2026-08-09,stow,stow,stow,b,No Salt,2.0,0.0,0.0,0.0,lightspeed,true
2026-08-09,stow,stow,stow,b,No Sliced Tomato,1.0,0.0,0.0,0.0,lightspeed,true
2026-08-09,stow,stow,stow,b,Olive,1.0,0.0,0.0,0.0,lightspeed,true
2026-08-09,stow,stow,stow,b,On The Rocks,6.0,0.0,0.0,0.0,lightspeed,true
2026-08-09,stow,stow,stow,b,Pineapple Juice [mixer],1.0,0.0,0.0,0.5901,recipe,true
2026-08-09,stow,stow,stow,b,Send Kids Food ASAP,4.0,0.0,0.0,0.0,lightspeed,true
2026-08-09,stow,stow,stow,b,Send Kids Food With Mains,1.0,0.0,0.0,0.0,lightspeed,true
2026-08-09,stow,stow,stow,f,Side BBQ Sauce,2.0,0.0,0.0,0.0,lightspeed,true
2026-08-09,stow,stow,stow,b,Side Tomato Sauce,9.0,0.0,0.0,0.0,lightspeed,true
2026-08-09,stow,stow,stow,b,Super House Special.,1.0,0.0,0.0,0.0,lightspeed,true
2026-08-09,stow,stow,stow,b,Swap Gravy for Aioli,1.0,0.0,0.0,0.0,lightspeed,true
2026-08-09,stow,stow,stow,b,Swap Gravy for Tomato Sauce,1.0,0.0,0.0,0.0,lightspeed,true
2026-08-09,stow,stow,stow,b,Tonic [mixer],2.0,0.0,0.0,1.61,lightspeed,true
2026-08-10,hg,hg,stow,f,Unlimited Dumplings,86.0,1880.86,2068.8,601.8366,recipe,true
2026-08-10,hg,hg,hg,f,Unlimited Dumplings,29.0,621.88,684.0,202.9449,recipe,true
2026-08-10,hg,hg,stow,f,Fried Rice,3.0,64.82,71.3,8.4726,recipe,true
2026-08-10,hg,hg,stow,f,Mie Goreng,3.0,62.73,69.0,17.0064,recipe,true
2026-08-10,hg,hg,stow,f,BBQ Pork Buns,4.0,56.34,61.95,14.0,recipe,true
2026-08-10,hg,hg,stow,f,Tonkotsu,2.0,55.36,60.9,8.5286,recipe,true
2026-08-10,hg,hg,hg,b,Drunken Koi,3.0,53.45,58.8,7.3275,recipe,true
2026-08-10,hg,hg,hg,f,Tonkotsu,3.0,52.72,58.0,12.7929,recipe,true
2026-08-10,hg,hg,stow,f,Katsu Curry,2.0,49.91,54.89,6.1926,recipe,true
2026-08-10,hg,hg,hg,b,Sapporo - Schooner,4.0,47.28,52.0,12.614,recipe,true
2026-08-10,hg,hg,hg,f,Shredded Beef,2.0,47.28,52.0,0.0,lightspeed,true
2026-08-10,hg,hg,stow,f,Duck Spring Rolls,3.0,45.07,49.58,0.0,lightspeed,true
2026-08-10,hg,hg,hg,b,Sapporo - 500ml,4.0,45.0,49.5,14.84,recipe,true
2026-08-10,hg,hg,hg,f,Fried Rice,2.0,41.82,46.0,5.6484,recipe,true
2026-08-10,hg,hg,hg,f,BBQ Pork Buns,3.0,40.92,45.0,10.5,recipe,true
2026-08-10,hg,hg,hg,f,Popcorn Cauliflower,3.0,40.01,44.0,2.8833,recipe,true
2026-08-10,hg,hg,stow,f,Popcorn Cauliflower,3.0,39.45,43.37,2.8833,recipe,true
2026-08-10,hg,hg,stow,f,Dumplings - Beef & Cabbage,3.0,36.63,40.29,4.3857,recipe,true
2026-08-10,hg,hg,hg,b,Angas & Bremer Rosé - Large,2.0,34.36,37.8,5.8464,recipe,true
2026-08-10,hg,hg,stow,f,Outback Prawn Toast,2.0,29.57,32.52,7.7792,recipe,true
2026-08-10,hg,hg,hg,b,Azurescens Pinot Noir - Regular,2.0,27.28,30.0,5.6002,recipe,true
2026-08-10,hg,hg,hg,b,Geppetto Chardonnay - Regular,2.0,27.28,30.0,6.2272,recipe,true
2026-08-10,hg,hg,hg,f,Miso,1.0,26.36,29.0,0.0,lightspeed,true
2026-08-10,hg,hg,stow,f,Miso Ramen,1.0,26.36,29.0,0.0,lightspeed,true
2026-08-10,hg,hg,stow,f,Shoyu,1.0,26.36,29.0,0.0,lightspeed,true
2026-08-10,hg,hg,hg,f,Vegetarian Spring Rolls,2.0,25.46,28.0,3.2984,recipe,true
2026-08-10,hg,hg,hg,b,Angas & Bremer Grenache - Regular,4.0,25.44,28.0,7.016,recipe,true
2026-08-10,hg,hg,stow,f,Shredded Beef,1.0,24.41,26.85,0.0,lightspeed,true
2026-08-10,hg,hg,hg,f,Mie Goreng,1.0,21.82,24.0,5.6688,recipe,true
2026-08-10,hg,hg,hg,f,Edamame,2.0,20.0,22.0,0.0,lightspeed,true
2026-08-10,hg,hg,hg,b,White Light Pure Vodka [House],2.0,20.0,22.0,3.0416,recipe,true
2026-08-10,hg,hg,hg,b,Margato,1.0,18.18,20.0,3.7334,recipe,true
2026-08-10,hg,hg,stow,f,Dumplings - Prawn Har Gow [GF],1.0,16.9,18.59,4.4019,recipe,true
2026-08-10,hg,hg,hg,f,Dumplings - Prawn Har Gow [GF],1.0,16.36,18.0,4.4019,recipe,true
2026-08-10,hg,hg,hg,b,Pepsi Max Glass,4.0,16.36,18.0,5.24,recipe,true
2026-08-10,hg,hg,stow,f,Karaage Chicken,1.0,16.0,17.6,0.0,lightspeed,true
2026-08-10,hg,hg,hg,b,Yuzu Orange Soda,2.0,15.54,17.1,0.0,lightspeed,true
2026-08-10,hg,hg,hg,f,Chicken Karaage,1.0,15.45,17.0,0.0,lightspeed,true
2026-08-10,hg,hg,hg,b,Dragon Juice,1.0,15.45,17.0,2.5854,recipe,true
2026-08-10,hg,hg,hg,b,Tsingtao Longneck,1.0,15.45,17.0,4.69,recipe,true
2026-08-10,hg,hg,hg,f,Devon's Prawn Toast,1.0,14.55,16.0,3.8896,recipe,true
2026-08-10,hg,hg,hg,f,Jasmine Rice,3.0,13.65,15.0,0.0,lightspeed,true
2026-08-10,hg,hg,hg,f,Dumplings - Veg Gyoza,1.0,12.73,14.0,1.9519,recipe,true
2026-08-10,hg,hg,hg,f,Mochi Trio,1.0,12.73,14.0,0.0,lightspeed,true
2026-08-10,hg,hg,hg,b,Lemon Lime Bitters,3.0,12.27,13.5,3.0807,recipe,true
2026-08-10,hg,hg,stow,f,Dumplings - Veg Gyoza,1.0,12.21,13.43,1.9519,recipe,true
2026-08-10,hg,hg,hg,b,Kuku Sauv Blanc - Regular,1.0,11.82,13.0,2.6,recipe,true
2026-08-10,hg,hg,stow,f,Edamame,1.0,11.0,12.1,0.0,lightspeed,true
2026-08-10,hg,hg,hg,f,Kids Unlimited Dumplings,1.0,10.91,12.0,0.0,lightspeed,true
2026-08-10,hg,hg,hg,b,Angas & Bremer Rosé - Regular,1.0,9.82,10.8,1.754,recipe,true
2026-08-10,hg,hg,hg,f,Extra Pork.,2.0,9.1,10.0,0.0,lightspeed,true
2026-08-10,hg,hg,hg,b,Pepsi Glass,2.0,8.18,9.0,2.62,recipe,true
2026-08-10,hg,hg,hg,b,Jinro Chamisul - 60ml,1.0,7.36,8.1,2.02,recipe,true
2026-08-10,hg,hg,hg,f,Fried Egg,2.0,6.82,7.5,0.0,lightspeed,true
2026-08-10,hg,hg,hg,b,Pink Lemonade Glass,1.0,4.09,4.5,0.9483,recipe,true
2026-08-10,hg,hg,stow,f,Jasmine Rice,1.0,3.76,4.13,0.0,lightspeed,true
2026-08-10,hg,hg,hg,b,Chicken,1.0,3.64,4.0,0.0,lightspeed,true
2026-08-10,hg,hg,hg,b,Coke Can,1.0,3.64,4.0,1.89,recipe,true
2026-08-10,hg,hg,hg,b,Sprite Can,1.0,3.64,4.0,2.4423,recipe,true
2026-08-10,hg,hg,stow,f,Tofu,1.0,3.64,4.0,0.0,lightspeed,true
2026-08-10,hg,hg,stow,f,1x Soft-boiled Egg,1.0,2.5,2.75,0.0,lightspeed,true
2026-08-10,hg,hg,stow,f,Extra Chashu Pork,1.0,2.5,2.75,0.0,lightspeed,true
2026-08-10,hg,hg,hg,f,1/2 Marinated Egg,1.0,1.82,2.0,0.0,lightspeed,true
2026-08-10,hg,hg,hg,f,Bamboo Shoots,1.0,1.82,2.0,0.0,lightspeed,true
2026-08-10,hg,hg,hg,b,1 Glass,1.0,0.0,0.0,0.0,lightspeed,true
2026-08-10,hg,hg,hg,b,Chicken skewers,1.0,0.0,0.0,0.0,lightspeed,true
2026-08-10,hg,hg,hg,b,Fresh is Best Summer Lager - Pint [HG],1.0,0.0,0.0,0.0,lightspeed,true
2026-08-10,hg,hg,hg,b,Lime,2.0,0.0,0.0,0.0,lightspeed,true
2026-08-10,hg,hg,hg,b,Soda,2.0,0.0,0.0,0.0,lightspeed,true
2026-08-10,hg,hg,hg,f,Swap for Tofu [Make it Vegan],1.0,0.0,0.0,0.0,lightspeed,true
2026-08-10,mari,mari,mari,f,Chicken,3.0,10.92,12.0,0.0,lightspeed,true
2026-08-10,stow,stow,stow,b,Stone & Wood - Schooner,10.0,118.58,130.43,32.963,recipe,true
2026-08-10,stow,stow,stow,b,Trentham Estate Rosé - Regular,12.0,107.27,118.0,25.32,recipe,true
2026-08-10,stow,stow,stow,b,Guinness Draught - Pint,6.0,95.46,105.0,28.8306,recipe,true
2026-08-10,stow,stow,stow,b,Fresh is Best Lager - Pint,7.0,77.08,84.82,16.9533,recipe,true
2026-08-10,stow,stow,stow,b,Pepsi Max Glass,16.0,65.85,72.45,20.96,recipe,true
2026-08-10,stow,stow,stow,b,Biscoff Espresso,3.0,62.73,69.0,9.7452,recipe,true
2026-08-10,stow,stow,stow,b,Petits Detours Rosé - Regular,4.0,58.2,64.0,13.872,recipe,true
2026-08-10,stow,stow,stow,b,Version Two Pinot Grigio - Regular,5.0,55.64,61.2,8.8335,recipe,true
2026-08-10,stow,stow,stow,b,Grifter Pale - Pint,5.0,53.18,58.5,16.647,recipe,true
2026-08-10,stow,stow,stow,b,Pepsi Glass,13.0,53.17,58.5,17.03,recipe,true
2026-08-10,stow,stow,stow,b,Jalapeño Marg,3.0,50.01,55.0,11.5374,recipe,true
2026-08-10,stow,stow,stow,b,Stone & Wood - Pint,4.0,46.85,51.56,17.6836,recipe,true
2026-08-10,stow,stow,stow,b,Version Two Pinot Grigio - Bottle,1.0,44.55,49.0,8.83,lightspeed,true
2026-08-10,stow,stow,stow,b,Ottelia Chardonnay - Regular,3.0,44.13,48.53,10.3782,recipe,true
2026-08-10,stow,stow,stow,b,Quiet Riot Negroni,2.0,41.82,46.0,9.139,recipe,true
2026-08-10,stow,stow,stow,b,"Lemon, Lime & Bitters",9.0,40.95,45.0,9.2421,recipe,true
2026-08-10,stow,stow,stow,b,Old Fashioned,2.0,40.0,44.0,9.7166,recipe,true
2026-08-10,stow,stow,stow,b,Hugo Spritz,2.0,38.18,42.0,8.192,recipe,true
2026-08-10,stow,stow,stow,b,Southside,2.0,38.18,42.0,8.6574,recipe,true
2026-08-10,stow,stow,stow,b,Aperol Spritz,2.0,36.37,40.0,7.112,recipe,true
2026-08-10,stow,stow,stow,b,Classic Margarita,2.0,36.36,40.0,8.3448,recipe,true
2026-08-10,stow,stow,stow,b,Trentham Estate Rosé - Large,2.0,35.68,39.24,7.0336,recipe,true
2026-08-10,stow,stow,stow,b,Villa Fresco Sangiovese - Regular,3.0,33.09,36.39,7.2369,recipe,true
2026-08-10,stow,stow,stow,b,Fresh is Best Lager - Schooner,4.0,32.56,35.81,7.2232,recipe,true
2026-08-10,stow,stow,stow,b,Sibiliana Nero D'Avola - Large,1.0,26.36,29.0,5.45,recipe,true
2026-08-10,stow,stow,stow,b,Kuku Sauvignon Blanc - Regular,2.0,25.46,28.0,5.8282,recipe,true
2026-08-10,stow,stow,stow,b,Peroni 0%,3.0,24.54,27.0,5.5389,recipe,true
2026-08-10,stow,stow,stow,b,Status Quo - Schooner,2.0,24.54,27.0,6.2016,recipe,true
2026-08-10,stow,stow,stow,b,Seadrift Coast Non-alc G&T,2.0,23.64,26.0,5.3036,recipe,true
2026-08-10,stow,stow,stow,b,Fresh is Best Summer Lager - Schooner,3.0,23.19,25.5,4.7163,recipe,true
2026-08-10,stow,stow,stow,b,Lemonade Glass,5.0,20.45,22.5,4.016,recipe,true
2026-08-10,stow,stow,stow,b,Negroni,1.0,20.0,22.0,4.099,recipe,true
2026-08-10,stow,stow,stow,b,Sibiliana Nero D'Avola - Regular,1.0,16.36,18.0,3.27,recipe,true
2026-08-10,stow,stow,stow,b,Fresh Lime Soda,5.0,15.9,17.5,0.0,lightspeed,true
2026-08-10,stow,stow,stow,b,Philter XPA - Pint,1.0,14.09,15.49,3.0022,recipe,true
2026-08-10,stow,stow,stow,b,Geppetto Pinot Noir - Regular,1.0,13.64,15.0,3.512,recipe,true
2026-08-10,stow,stow,stow,b,Mother's Milk Shiraz - Regular,1.0,13.64,15.0,3.2163,recipe,true
2026-08-10,stow,stow,stow,b,Mulled Wine,1.0,13.64,15.0,2.0862,recipe,true
2026-08-10,stow,stow,stow,b,Kirin - Schooner,1.0,12.73,14.0,3.7969,recipe,true
2026-08-10,stow,stow,stow,b,Philter Pale - Pint,1.0,12.73,14.0,0.0,lightspeed,true
2026-08-10,stow,stow,stow,b,Crankshaft IPA - Schooner,1.0,12.68,13.95,3.2079,recipe,true
2026-08-10,stow,stow,stow,b,Little Dragon Can,1.0,11.36,12.5,3.4861,recipe,true
2026-08-10,stow,stow,stow,b,Fresh is Best Summer Lager - Pint,1.0,10.91,12.0,2.1084,recipe,true
2026-08-10,stow,stow,stow,b,Monkey Shoulder Scotch [House],1.0,10.33,11.36,2.4467,recipe,true
2026-08-10,stow,stow,stow,b,White Light Pure Vodka [House],1.0,10.0,11.0,1.5208,recipe,true
2026-08-10,stow,stow,stow,b,Hahn Super Dry GF,1.0,9.86,10.85,2.625,recipe,true
2026-08-10,stow,stow,stow,b,Monteith's Apple Cider Bottle,1.0,9.55,10.5,3.11,recipe,true
2026-08-10,stow,stow,stow,b,San Pellegrino 500ml,1.0,8.18,9.0,2.32,recipe,true
2026-08-10,stow,stow,stow,b,Bombay Dry [House],1.0,6.36,7.0,2.1644,recipe,true
2026-08-10,stow,stow,stow,b,Apple Juice Glass,1.0,4.55,5.0,0.6594,recipe,true
2026-08-10,stow,stow,stow,b,Pink Lemonade Glass,1.0,4.23,4.65,0.9483,recipe,true
2026-08-10,stow,stow,stow,b,Chashu Pork Belly,3.0,0.0,0.0,0.0,lightspeed,true
2026-08-10,stow,stow,stow,b,Gluten-free [Rice Noodles],1.0,0.0,0.0,0.0,lightspeed,true
2026-08-10,stow,stow,stow,b,Jug of Water,1.0,0.0,0.0,0.0,lightspeed,true
2026-08-10,stow,stow,stow,b,Kuku Sauvignon Blanc - Bottle,1.0,0.0,0.0,14.57,lightspeed,true
2026-08-10,stow,stow,stow,b,Lime,1.0,0.0,0.0,0.0,lightspeed,true
2026-08-10,stow,stow,stow,b,Pepsi Max [mixer],1.0,0.0,0.0,0.8,lightspeed,true
2026-08-10,stow,stow,stow,b,Philter XPA - Schooner,1.0,0.0,0.0,2.2385,recipe,true
2026-08-11,mari,mari,mari,f,"Regular No Chorizo, No Cry [Dine-in]",7.0,109.62,120.56,18.4905,recipe,true
2026-08-11,mari,mari,mari,f,Regular Jimmy Jury [Dine-in],6.0,100.86,110.97,21.7284,recipe,true
2026-08-11,mari,mari,mari,f,Regular Hail Africa [Dine-in],6.0,99.77,109.77,16.935,recipe,true
2026-08-11,mari,mari,mari,f,Regular Uber Margherita [Dine-in],5.0,83.94,92.35,13.56,recipe,true
2026-08-11,mari,mari,mari,f,Regular New Yorker [Dine-in],5.0,83.4,91.77,13.1995,recipe,true
2026-08-11,mari,mari,mari,f,Regular Sanchez [Dine-in],4.0,67.61,74.38,15.7808,recipe,true
2026-08-11,mari,mari,mari,f,Regular Little Italy [Dine-in],4.0,67.06,73.78,16.662,recipe,true
2026-08-11,mari,mari,mari,f,Regular Bubba Gump [Dine-in],4.0,50.7,55.77,12.182,recipe,true
2026-08-11,mari,mari,mari,f,Regular Truffalo Soldier [Dine-in],3.0,50.7,55.77,9.204,recipe,true
2026-08-11,mari,mari,mari,f,Under the Bridge Pizza,2.0,37.17,40.9,7.8714,recipe,true
2026-08-11,mari,mari,mari,f,Regular El Patron [Dine-in],2.0,33.77,37.18,7.4574,recipe,true
2026-08-11,mari,mari,mari,f,Regular The Paddock [Dine-in],2.0,33.26,36.59,6.9824,recipe,true
2026-08-11,mari,mari,mari,f,Large Cosmopolitan,1.0,29.0,31.9,7.041,recipe,true
2026-08-11,mari,mari,mari,f,Large Little Italy,1.0,29.0,31.9,7.3904,recipe,true
2026-08-11,mari,mari,mari,f,Large Meatlovers,1.0,29.0,31.9,6.74,recipe,true
2026-08-11,mari,mari,mari,f,Large Pepperoni,2.0,28.94,31.84,8.722,recipe,true
2026-08-11,mari,mari,mari,f,WINGS DEAL,1.0,27.27,30.0,9.9445,recipe,true
2026-08-11,mari,mari,mari,f,Family Super House Special,1.0,27.18,29.9,0.0,lightspeed,true
2026-08-11,mari,mari,mari,f,Large Super House Special,1.0,24.45,26.9,7.6177,recipe,true
2026-08-11,mari,mari,mari,f,Large Vegetarian,1.0,23.55,25.9,4.2436,recipe,true
2026-08-11,mari,mari,mari,f,Regular Super House Special,1.0,23.55,25.9,4.6187,recipe,true
2026-08-11,mari,mari,mari,f,Large Hawaiian,1.0,18.09,19.9,3.3157,recipe,true
2026-08-11,mari,mari,mari,f,Regular Meatlovers [Dine-in],1.0,16.9,18.59,3.7466,recipe,true
2026-08-11,mari,mari,mari,f,Regular Sorrento [Dine-in],1.0,16.9,18.59,3.4149,recipe,true
2026-08-11,mari,mari,mari,f,Regular Cosmopolitan [Dine-in],1.0,16.36,18.0,3.8736,recipe,true
2026-08-11,mari,mari,mari,f,Regular Pepperoni [Dine-in],2.0,16.36,18.0,4.2134,recipe,true
2026-08-11,mari,mari,mari,f,Regular Super House Special [Dine-in],1.0,16.36,18.0,4.0262,recipe,true
2026-08-11,mari,mari,mari,f,Regular Hawaiian,1.0,13.55,14.9,3.272,recipe,true
2026-08-11,mari,mari,mari,f,Regular Pepperoni,1.0,13.55,14.9,2.6992,recipe,true
2026-08-11,mari,mari,mari,f,Add Chicken,3.0,11.28,12.39,0.0,lightspeed,true
2026-08-11,mari,mari,mari,f,Garlic Bread,5.0,9.1,10.0,7.4385,recipe,true
2026-08-11,mari,mari,mari,f,Regular Tandoori Chicken [Dine-in],1.0,6.54,7.2,1.4442,recipe,true
2026-08-11,mari,mari,mari,f,VB Can D,1.0,5.45,6.0,2.34,recipe,true
2026-08-11,mari,mari,mari,f,Online Surcharge,5.0,4.02,4.02,0.0,lightspeed,true
2026-08-11,mari,mari,mari,f,Add Prawns,1.0,3.76,4.13,0.0,lightspeed,true
2026-08-11,mari,mari,mari,f,Add Calabrese,1.0,3.64,4.0,0.0,lightspeed,true
2026-08-11,mari,mari,mari,f,Add Prosciutto,1.0,3.64,4.0,0.0,lightspeed,true
2026-08-11,mari,mari,mari,f,Add Ham,1.0,2.73,3.0,0.0,lightspeed,true
2026-08-11,mari,mari,mari,f,Add Pepperoni,1.0,2.73,3.0,0.0,lightspeed,true
2026-08-11,mari,mari,mari,f,Extra Mozzarella,1.0,2.34,2.58,0.0,lightspeed,true
2026-08-11,mari,mari,mari,f,Add Chilli,2.0,1.88,2.06,0.0,lightspeed,true
2026-08-11,mari,mari,mari,f,Add Anchovies,1.0,1.82,2.0,0.0,lightspeed,true
2026-08-11,mari,mari,mari,f,Add Jalapenos,1.0,1.4,1.55,0.0,lightspeed,true
2026-08-11,mari,mari,mari,f,Add Mushrooms,1.0,1.4,1.55,0.0,lightspeed,true
2026-08-11,mari,mari,mari,f,Add Corn,1.0,1.36,1.5,0.0,lightspeed,true
2026-08-11,mari,mari,mari,f,Add Pineapple,1.0,1.36,1.5,0.0,lightspeed,true
2026-08-11,mari,mari,mari,f,Add Bocconcini,1.0,0.0,0.0,0.0,lightspeed,true
2026-08-11,mari,mari,mari,f,Gluten-free Hail Africa [Dine-in],1.0,0.0,0.0,8.2592,recipe,true
2026-08-11,mari,mari,mari,f,Large Bubba Gump,1.0,0.0,0.0,5.5006,recipe,true
2026-08-11,mari,mari,mari,f,Less Cheese,1.0,0.0,0.0,0.0,lightspeed,true
2026-08-11,mari,mari,mari,f,Online Discount,3.0,-29.85,-29.85,0.0,lightspeed,true
2026-08-11,stow,stow,stow,b,Fresh is Best Lager - Pint,33.0,147.0,161.75,79.9227,recipe,true
2026-08-11,stow,stow,stow,b,Grifter Pale - Pint,13.0,137.26,150.95,43.2822,recipe,true
2026-08-11,stow,stow,stow,b,Guinness Draught - Pint,19.0,105.01,115.5,91.2969,recipe,true
2026-08-11,stow,stow,stow,b,Mojito,4.0,76.36,84.0,14.9604,recipe,true
2026-08-11,stow,stow,stow,f,Rosemary Salted Fries,6.0,71.52,78.66,11.16,recipe,true
2026-08-11,stow,stow,stow,b,Fresh is Best Lager - Schooner,14.0,70.04,77.03,25.2812,recipe,true
2026-08-11,stow,stow,stow,b,Geppetto Pinot Noir - Regular,5.0,68.64,75.49,17.56,recipe,true
2026-08-11,stow,stow,stow,b,Mulled Wine,5.0,68.19,74.97,10.431,recipe,true
2026-08-11,stow,stow,stow,b,Philter XPA - Schooner,8.0,64.78,71.27,17.908,recipe,true
2026-08-11,stow,stow,stow,b,Padrillos Malbec - Regular,4.0,64.34,70.79,15.4664,recipe,true
2026-08-11,stow,stow,stow,b,Aperol Spritz,35.0,63.02,69.32,124.46,recipe,true
2026-08-11,stow,stow,stow,b,Grifter Pale - Schooner,7.0,58.96,64.88,17.3768,recipe,true
2026-08-11,stow,stow,stow,b,Ottelia Chardonnay - Regular,4.0,58.2,64.0,13.8376,recipe,true
2026-08-11,stow,stow,stow,b,White Light Pure Vodka [House],124.0,58.0,63.8,188.5792,recipe,true
2026-08-11,stow,stow,stow,b,Mother's Milk Shiraz - Regular,4.0,55.46,60.99,12.8652,recipe,true
2026-08-11,stow,stow,stow,b,Beetle Juice,48.0,54.55,60.0,177.936,recipe,true
2026-08-11,stow,stow,stow,b,Domaine Gueguen Chablis - Regular,2.0,50.9,56.0,17.892,recipe,true
2026-08-11,stow,stow,stow,b,Crankshaft IPA - Pint,3.0,47.73,52.5,12.9072,recipe,true
2026-08-11,stow,stow,stow,f,Bang Bang Cauli,3.0,47.36,52.12,8.2977,recipe,true
2026-08-11,stow,stow,stow,b,Geppetto Pinot Noir - Large Glass,2.0,45.07,49.57,11.7066,recipe,true
2026-08-11,stow,stow,stow,b,Lemon Meringue Martini,2.0,44.36,48.79,7.3628,recipe,true
2026-08-11,stow,stow,stow,b,Jalapeño Marg,6.0,42.51,46.76,23.0748,recipe,true
2026-08-11,stow,stow,stow,b,Biscoff Espresso,2.0,41.82,46.0,6.4968,recipe,true
2026-08-11,stow,stow,stow,b,Kuku Sauvignon Blanc - Regular,3.0,39.03,42.92,8.7423,recipe,true
2026-08-11,stow,stow,stow,f,Sweet Potato Fries,3.0,36.24,39.85,7.5903,recipe,true
2026-08-11,stow,stow,stow,b,Stone & Wood - Pint,8.0,31.9,35.12,35.3672,recipe,true
2026-08-11,stow,stow,stow,b,Villa Fresco Sangiovese - Regular,3.0,30.55,33.6,7.2369,recipe,true
2026-08-11,stow,stow,stow,b,A. Rodda Tempranillo - Large,1.0,26.28,28.92,9.29,lightspeed,true
2026-08-11,stow,stow,stow,b,Philter XPA - Pint,4.0,24.54,27.0,12.0088,recipe,true
2026-08-11,stow,stow,stow,b,Bundaberg Ginger Beer,5.0,22.88,25.15,4.961,recipe,true
2026-08-11,stow,stow,stow,b,Version Two Pinot Grigio - Regular,2.0,21.82,24.0,3.5334,recipe,true
2026-08-11,stow,stow,stow,b,Version Two Sparkling - Regular,27.0,21.82,24.0,47.7009,recipe,true
2026-08-11,stow,stow,stow,b,Coconut Margarita,1.0,21.6,23.76,4.2449,recipe,true
2026-08-11,stow,stow,stow,b,Bunnahabhain 12yr,1.0,20.66,22.72,4.8591,recipe,true
2026-08-11,stow,stow,stow,b,Lychee Martini,3.0,18.77,20.66,11.7234,recipe,true
2026-08-11,stow,stow,stow,b,Two Tonne Riesling - Regular,1.0,18.77,20.65,4.272,recipe,true
2026-08-11,stow,stow,stow,b,Sigurd GSM Red Blend - Regular,1.0,18.18,20.0,4.62,recipe,true
2026-08-11,stow,stow,stow,f,Sensei Calamari,1.0,17.73,19.5,2.2628,recipe,true
2026-08-11,stow,stow,stow,b,A. Rodda Tempranillo - Regular,1.0,16.9,18.59,5.5699,recipe,true
2026-08-11,stow,stow,stow,b,Kirin - Pint,13.0,16.82,18.5,66.2012,recipe,true
2026-08-11,stow,stow,stow,f,Buffalo Wings,2.0,16.43,18.07,5.9528,recipe,true
2026-08-11,stow,stow,stow,b,Trutta Streamside Shiraz [Chilled] - Regular,1.0,16.36,18.0,3.968,recipe,true
2026-08-11,stow,stow,stow,f,BBQ Wings,1.0,15.86,17.45,3.14,recipe,true
2026-08-11,stow,stow,stow,b,Petits Detours Rosé - Regular,1.0,15.03,16.53,3.468,recipe,true
2026-08-11,stow,stow,stow,b,Year Wines 'Zagara' Orange - Regular,1.0,15.03,16.53,3.42,recipe,true
2026-08-11,stow,stow,stow,b,Sunkissed Spritz,1.0,14.55,16.0,4.9388,recipe,true
2026-08-11,stow,stow,stow,b,Status Quo - Pint,1.0,14.32,15.75,4.1587,recipe,true
2026-08-11,stow,stow,stow,b,"Lemon, Lime & Bitters",3.0,14.1,15.49,3.0807,recipe,true
2026-08-11,stow,stow,stow,b,Philter Pale - Pint,1.0,13.15,14.46,0.0,lightspeed,true
2026-08-11,stow,stow,stow,b,Guinness Draught - Schooner,1.0,12.67,13.94,3.5827,recipe,true
2026-08-11,stow,stow,stow,b,Pepsi Max Glass,3.0,12.67,13.95,3.93,recipe,true
2026-08-11,stow,stow,stow,b,Lemonade Glass,3.0,12.54,13.79,2.4096,recipe,true
2026-08-11,stow,stow,stow,f,Kids Hawaiian Pizza,1.0,11.82,13.0,0.0,lightspeed,true
2026-08-11,stow,stow,stow,b,Fresh is Best Summer Lager - Pint,3.0,11.27,12.4,6.3252,recipe,true
2026-08-11,stow,stow,stow,b,Trentham Estate Rosé - Regular,1.0,11.27,12.39,2.11,recipe,true
2026-08-11,stow,stow,stow,f,Onion Rings,1.0,10.91,12.0,0.0,lightspeed,true
2026-08-11,stow,stow,stow,b,Young Henrys Cloudy Cider Can,1.0,10.91,12.0,2.58,recipe,true
2026-08-11,stow,stow,stow,b,Appleton Rum [House],5.0,10.0,11.0,11.2715,recipe,true
2026-08-11,stow,stow,stow,b,Asahi 3.5%,1.0,9.86,10.85,2.18,recipe,true
2026-08-11,stow,stow,stow,b,Monteith's Apple Cider Bottle,1.0,9.86,10.85,3.11,recipe,true
2026-08-11,stow,stow,stow,b,Peroni 0%,1.0,8.45,9.3,1.8463,recipe,true
2026-08-11,stow,stow,stow,b,San Pellegrino 500ml,1.0,8.45,9.3,2.32,recipe,true
2026-08-11,stow,stow,stow,b,Bombay Dry [House],1.0,6.36,7.0,2.1644,recipe,true
2026-08-11,stow,stow,stow,b,Pepsi Glass,1.0,4.22,4.65,1.31,recipe,true
2026-08-11,stow,stow,stow,f,Side Aioli,6.0,2.73,3.06,0.0,lightspeed,true
2026-08-11,stow,stow,stow,f,Side Chipotle Mayo,1.0,0.94,1.03,0.0,lightspeed,true
2026-08-11,stow,stow,stow,f,Side Spicy Salsa,1.0,0.94,1.03,0.0,lightspeed,true
2026-08-11,stow,stow,stow,b,2 Glasses,1.0,0.0,0.0,0.0,lightspeed,true
2026-08-11,stow,stow,stow,f,BBQ Wings D,1.0,0.0,0.0,3.14,recipe,true
2026-08-11,stow,stow,stow,b,Bacardi Blanca [House],49.0,0.0,0.0,104.68,lightspeed,true
2026-08-11,stow,stow,stow,b,Baileys Irish Cream,4.0,0.0,0.0,5.0808,recipe,true
2026-08-11,stow,stow,stow,b,Better Beer Tin,1.0,0.0,0.0,2.38,recipe,true
2026-08-11,stow,stow,stow,b,Casa Gheller Prosecco - Glass,1.0,0.0,0.0,3.348,recipe,true
2026-08-11,stow,stow,stow,b,Classic Margarita,2.0,0.0,0.0,8.3448,recipe,true
2026-08-11,stow,stow,stow,b,Corona,2.0,0.0,0.0,5.1426,recipe,true
2026-08-11,stow,stow,stow,b,Crankshaft IPA - Schooner,3.0,0.0,0.0,9.6237,recipe,true
2026-08-11,stow,stow,stow,b,Espresso Martini,4.0,0.0,0.0,13.14,recipe,true
2026-08-11,stow,stow,stow,b,Fresh Lime Soda,1.0,0.0,0.0,0.0,lightspeed,true
2026-08-11,stow,stow,stow,b,Glass of Ice on the Side,2.0,0.0,0.0,0.0,lightspeed,true
2026-08-11,stow,stow,stow,b,Jack Daniels,1.0,0.0,0.0,2.2633,recipe,true
2026-08-11,stow,stow,stow,b,Neat,1.0,0.0,0.0,0.0,lightspeed,true
2026-08-11,stow,stow,stow,b,No Capsicum,1.0,0.0,0.0,0.0,lightspeed,true
2026-08-11,stow,stow,stow,b,No Cherry Tomatoes,3.0,0.0,0.0,0.0,lightspeed,true
2026-08-11,stow,stow,stow,b,No Chilli,1.0,0.0,0.0,0.0,lightspeed,true
2026-08-11,stow,stow,stow,b,No Mushroom,1.0,0.0,0.0,0.0,lightspeed,true
2026-08-11,stow,stow,stow,b,No Onion,1.0,0.0,0.0,0.0,lightspeed,true
2026-08-11,stow,stow,stow,b,No Pineapple,1.0,0.0,0.0,0.0,lightspeed,true
2026-08-11,stow,stow,stow,b,No Vegan Cheese,1.0,0.0,0.0,0.0,lightspeed,true
2026-08-11,stow,stow,stow,b,On The Rocks,2.0,0.0,0.0,0.0,lightspeed,true
2026-08-11,stow,stow,stow,b,Orange,1.0,0.0,0.0,0.0,lightspeed,true
2026-08-11,stow,stow,stow,b,Pineapple Juice Glass,1.0,0.0,0.0,0.6942,recipe,true
2026-08-11,stow,stow,stow,b,Rooster Rojo Blanco Tequila [House],8.0,0.0,0.0,15.7128,recipe,true
2026-08-11,stow,stow,stow,b,Sailor Jerry [House],24.0,0.0,0.0,48.7032,recipe,true
2026-08-11,stow,stow,stow,b,Send Kids Food With Mains,1.0,0.0,0.0,0.0,lightspeed,true
2026-08-11,stow,stow,stow,b,Side Tomato Sauce,3.0,0.0,0.0,0.0,lightspeed,true
2026-08-11,stow,stow,stow,b,Stone & Wood - Schooner,5.0,0.0,0.0,16.4815,recipe,true
2026-08-11,stow,stow,stow,f,Vegan Aioli,1.0,0.0,0.0,0.0,lightspeed,true
2026-08-12,hg,hg,hg,f,Miso,23.0,456.0,501.6,0.0,lightspeed,true
2026-08-12,hg,hg,hg,f,Tonkotsu,17.0,338.0,371.8,72.4931,recipe,true
2026-08-12,hg,hg,hg,f,Shoyu,6.0,120.0,132.0,0.0,lightspeed,true
2026-08-12,hg,hg,hg,b,From Sundays Shiraz - Bottle,2.0,112.72,124.0,28.0,lightspeed,true
2026-08-12,hg,hg,hg,b,Margato,6.0,87.28,96.0,22.4004,recipe,true
2026-08-12,hg,hg,hg,b,Azurescens Pinot Noir - Regular,6.0,81.86,90.0,16.8006,recipe,true
2026-08-12,hg,hg,hg,f,Devon's Prawn Toast,5.0,71.29,78.4,19.448,recipe,true
2026-08-12,hg,hg,hg,b,Harry's Lager - Schooner,10.0,60.47,66.5,15.725,recipe,true
2026-08-12,hg,hg,hg,b,Bintang,6.0,60.0,66.0,14.04,recipe,true
2026-08-12,hg,hg,hg,b,Trutta Streamside Shiraz - Bottle [HG],1.0,60.0,66.0,18.05,lightspeed,true
2026-08-12,hg,hg,hg,f,Dumplings - Prawn Har Gow [GF],3.0,50.08,55.1,13.2057,recipe,true
2026-08-12,hg,hg,hg,f,Edamame,5.0,50.0,55.0,0.0,lightspeed,true
2026-08-12,hg,hg,hg,b,Azurescens Pinot Noir - Bottle,1.0,49.89,54.9,14.0,lightspeed,true
2026-08-12,hg,hg,hg,f,1/2 Marinated Egg,26.0,47.32,52.0,0.0,lightspeed,true
2026-08-12,hg,hg,hg,f,Popcorn Cauliflower,3.0,40.92,45.0,2.8833,recipe,true
2026-08-12,hg,hg,hg,f,Dumplings - Veg Gyoza,3.0,38.19,42.0,5.8557,recipe,true
2026-08-12,hg,hg,hg,b,Asahi 3.5%,3.0,30.0,33.0,6.54,recipe,true
2026-08-12,hg,hg,hg,f,Chicken Karaage,2.0,29.36,32.3,0.0,lightspeed,true
2026-08-12,hg,hg,hg,b,L'esprit Rosé - Regular,2.0,29.1,32.0,7.2,recipe,true
2026-08-12,hg,hg,hg,f,Chicken Katsu Curry,1.0,25.45,28.0,3.0963,recipe,true
2026-08-12,hg,hg,hg,b,Kuku Sauv Blanc - Regular,2.0,23.64,26.0,5.2,recipe,true
2026-08-12,hg,hg,hg,b,Sapporo - Schooner,3.0,23.64,26.0,9.4605,recipe,true
2026-08-12,hg,hg,hg,f,Shredded Beef,1.0,23.64,26.0,0.0,lightspeed,true
2026-08-12,hg,hg,hg,b,Sapporo - 500ml,2.0,23.18,25.5,7.42,recipe,true
2026-08-12,hg,hg,hg,b,Asahi Zero,2.0,19.1,21.0,4.19,lightspeed,true
2026-08-12,hg,hg,hg,b,Coconut Margarita [HG],1.0,19.09,21.0,3.5005,recipe,true
2026-08-12,hg,hg,hg,b,Drunken Koi,1.0,19.09,21.0,2.4425,recipe,true
2026-08-12,hg,hg,hg,b,Negroni,1.0,18.18,20.0,4.099,recipe,true
2026-08-12,hg,hg,hg,b,Tommy's Margarita,1.0,18.18,20.0,5.0572,recipe,true
2026-08-12,hg,hg,hg,b,Classic Margarita,1.0,17.27,19.0,4.1724,recipe,true
2026-08-12,hg,hg,hg,b,Buttermilk Chicken,1.0,16.36,18.0,0.0,lightspeed,true
2026-08-12,hg,hg,hg,f,Duck Spring Roll,1.0,14.55,16.0,3.5692,recipe,true
2026-08-12,hg,hg,hg,f,Extra Pork.,3.0,13.65,15.0,0.0,lightspeed,true
2026-08-12,hg,hg,hg,b,Zagara Orange [HG] - Regular,1.0,13.64,15.0,2.69,lightspeed,true
2026-08-12,hg,hg,hg,f,Dumplings - Beef & Cabbage,1.0,12.73,14.0,1.4619,recipe,true
2026-08-12,hg,hg,hg,b,Virgin Margy,1.0,11.82,13.0,0.0,lightspeed,true
2026-08-12,hg,hg,hg,f,Matcha Sando,1.0,11.46,12.6,0.0,lightspeed,true
2026-08-12,hg,hg,hg,f,Chilli Bomb,6.0,10.92,12.0,0.0,lightspeed,true
2026-08-12,hg,hg,hg,b,Palloncino Prosecco - Regular,1.0,10.91,12.0,2.2999,recipe,true
2026-08-12,hg,hg,hg,b,Sensei Highball,1.0,10.91,12.0,1.2953,recipe,true
2026-08-12,hg,hg,stow,f,Tonkotsu,1.0,10.54,11.6,4.2643,recipe,true
2026-08-12,hg,hg,hg,b,Monteith's Apple Cider [HG],1.0,10.0,11.0,3.11,recipe,true
2026-08-12,hg,hg,hg,f,Extra Piece Prawn Toast,2.0,8.65,9.5,0.0,lightspeed,true
2026-08-12,hg,hg,hg,f,Mie Goreng,1.0,8.36,9.2,5.6688,recipe,true
2026-08-12,hg,hg,hg,b,Yuzu Orange Soda,1.0,8.18,9.0,0.0,lightspeed,true
2026-08-12,hg,hg,hg,b,Bombay Dry Gin [House],1.0,6.36,7.0,2.1644,recipe,true
2026-08-12,hg,hg,hg,b,River Retreat Pinot Grigio - Regular,1.0,6.36,7.0,2.01,recipe,true
2026-08-12,hg,hg,hg,b,San Pellegrino 500ml,1.0,5.45,6.0,2.32,recipe,true
2026-08-12,hg,hg,hg,f,Jasmine Rice,1.0,4.55,5.0,0.0,lightspeed,true
2026-08-12,hg,hg,hg,f,Black Garlic Oil,2.0,3.64,4.0,0.0,lightspeed,true
2026-08-12,hg,hg,hg,f,Bamboo Shoots,1.0,1.82,2.0,0.0,lightspeed,true
2026-08-12,hg,hg,hg,b,Chicken,1.0,1.46,1.6,0.0,lightspeed,true
2026-08-12,hg,hg,hg,b,Corn,1.0,0.91,1.0,0.0,lightspeed,true
2026-08-12,hg,hg,hg,b,3 Glasses,2.0,0.0,0.0,0.0,lightspeed,true
2026-08-12,hg,hg,hg,b,4 Glasses,2.0,0.0,0.0,0.0,lightspeed,true
2026-08-12,hg,hg,hg,b,Angas & Bremer Grenache - Large,2.0,0.0,0.0,5.8464,recipe,true
2026-08-12,hg,hg,hg,f,Fried Rice,1.0,0.0,0.0,2.8242,recipe,true
2026-08-12,hg,hg,hg,b,From Sundays Shiraz - Regular,1.0,0.0,0.0,2.8001,recipe,true
2026-08-12,hg,hg,hg,b,Lime,1.0,0.0,0.0,0.0,lightspeed,true
2026-08-12,hg,hg,hg,b,Neat,2.0,0.0,0.0,0.0,lightspeed,true
2026-08-12,hg,hg,hg,f,Swap for Tofu,1.0,0.0,0.0,0.0,lightspeed,true
2026-08-12,hg,hg,hg,f,Tofu,1.0,0.0,0.0,0.0,lightspeed,true
2026-08-12,hg,hg,hg,b,Tonic,1.0,0.0,0.0,0.8,lightspeed,true
2026-08-12,hg,hg,hg,b,Yuzushu [60ml],2.0,0.0,0.0,5.8148,recipe,true
2026-08-12,mari,mari,mari,f,Large Super House Special,4.0,111.45,122.6,30.4708,recipe,true
2026-08-12,mari,mari,mari,f,Regular Little Italy [Dine-in],4.0,96.1,105.7,16.662,recipe,true
2026-08-12,mari,mari,mari,f,$45 FEAST,2.0,81.82,90.0,28.1428,recipe,true
2026-08-12,mari,mari,mari,f,Regular Pepperoni,4.0,71.64,78.8,10.7968,recipe,true
2026-08-12,mari,mari,mari,f,$60 BANQUET,1.0,54.55,60.0,21.1281,recipe,true
2026-08-12,mari,mari,mari,f,Regular El Patron [Dine-in],2.0,48.83,53.7,7.4574,recipe,true
2026-08-12,mari,mari,mari,f,Under the Bridge Pizza,2.0,48.83,53.7,7.8714,recipe,true
2026-08-12,mari,mari,mari,f,Regular Super House Special,2.0,47.1,51.8,9.2374,recipe,true
2026-08-12,mari,mari,mari,f,Large Hawaiian,4.0,41.64,45.8,13.2628,recipe,true
2026-08-12,mari,mari,mari,f,Large Pepperoni,2.0,41.64,45.8,8.722,recipe,true
2026-08-12,mari,mari,mari,f,Large Margherita,4.0,39.82,43.8,9.3088,recipe,true
2026-08-12,mari,mari,mari,f,Large Cosmopolitan,1.0,29.0,31.9,7.041,recipe,true
2026-08-12,mari,mari,mari,f,Large Meatlovers,2.0,29.0,31.9,13.48,recipe,true
2026-08-12,mari,mari,mari,f,Large Roma Special,1.0,27.18,29.9,5.6021,recipe,true
2026-08-12,mari,mari,mari,f,Regular Jimmy Jury [Dine-in],1.0,25.36,27.89,3.6214,recipe,true
2026-08-12,mari,mari,mari,f,"Large No Chorizo, No Cry",2.0,24.45,26.9,10.9338,recipe,true
2026-08-12,mari,mari,mari,f,Regular Sanchez [Dine-in],1.0,24.42,26.85,3.9452,recipe,true
2026-08-12,mari,mari,mari,f,Regular The Paddock [Dine-in],1.0,23.64,26.0,3.4912,recipe,true
2026-08-12,mari,mari,mari,f,Regular Little Italy,1.0,23.55,25.9,4.7581,recipe,true
2026-08-12,mari,mari,mari,f,Regular New Yorker [Dine-in],1.0,22.53,24.78,2.6399,recipe,true
2026-08-12,mari,mari,mari,f,Gluten-free Little Italy,1.0,21.73,23.9,9.646,recipe,true
2026-08-12,mari,mari,mari,f,Gluten-free Meatlovers,1.0,21.73,23.9,9.1803,recipe,true
2026-08-12,mari,mari,mari,f,Regular BBQ Chicken Pizza,1.0,21.73,23.9,3.0876,recipe,true
2026-08-12,mari,mari,mari,f,Regular Cosmopolitan,1.0,18.09,19.9,4.4662,recipe,true
2026-08-12,mari,mari,mari,f,Cheesy Garlic Bread,2.0,18.0,19.8,3.6054,recipe,true
2026-08-12,mari,mari,mari,f,Garlic Bread,9.0,17.09,18.8,13.3893,recipe,true
2026-08-12,mari,mari,mari,f,Regular Margherita,1.0,16.27,17.9,2.0331,recipe,true
2026-08-12,mari,mari,mari,f,Peroni D,2.0,10.9,12.0,5.12,recipe,true
2026-08-12,mari,mari,mari,f,Sprite Can,2.0,7.1,7.8,4.8846,recipe,true
2026-08-12,mari,mari,mari,f,Coke 1.25L,1.0,6.27,6.9,3.69,recipe,true
2026-08-12,mari,mari,mari,f,Solo 1.25L,1.0,6.27,6.9,2.03,recipe,true
2026-08-12,mari,mari,mari,f,Delivery Fee - Curl Curl / Manly / Dee Why,1.0,5.91,6.5,0.0,lightspeed,true
2026-08-12,mari,mari,mari,f,Online Surcharge,4.0,4.03,4.03,0.0,lightspeed,true
2026-08-12,mari,mari,mari,f,Coke Can,1.0,3.55,3.9,1.89,recipe,true
2026-08-12,mari,mari,mari,f,Add Ham,1.0,2.73,3.0,0.0,lightspeed,true
2026-08-12,mari,mari,mari,f,Vegan Cheese,1.0,2.73,3.0,0.0,lightspeed,true
2026-08-12,mari,mari,mari,f,Large Tandoori Chicken,1.0,2.27,2.5,3.1928,recipe,true
2026-08-12,mari,mari,mari,f,Add Pineapple,1.0,1.4,1.55,0.0,lightspeed,true
2026-08-12,mari,mari,mari,f,Add Cherry Tomatoes,1.0,1.36,1.5,0.0,lightspeed,true
2026-08-12,mari,mari,mari,f,Add Garlic,1.0,1.36,1.5,0.0,lightspeed,true
2026-08-12,mari,mari,mari,f,Add Jalapenos,1.0,1.36,1.5,0.0,lightspeed,true
2026-08-12,mari,mari,mari,f,Add Mushrooms,1.0,1.36,1.5,0.0,lightspeed,true
2026-08-12,mari,mari,mari,f,Add Olives,1.0,1.36,1.5,0.0,lightspeed,true
2026-08-12,mari,mari,mari,f,Add Chilli,1.0,0.0,0.0,0.0,lightspeed,true
2026-08-12,mari,mari,mari,f,Large Hail Africa,1.0,0.0,0.0,6.2812,recipe,true
2026-08-12,mari,mari,mari,f,Large Paddock,1.0,0.0,0.0,5.1033,recipe,true
2026-08-12,mari,mari,mari,f,Large Vegetarian,1.0,0.0,0.0,4.2436,recipe,true
2026-08-12,mari,mari,mari,f,Sprite 1.25L,1.0,0.0,0.0,4.2654,recipe,true
2026-08-12,stow,stow,stow,f,Fancy Pants Parmy - Classic,9.0,198.52,218.35,68.3874,recipe,true
2026-08-12,stow,stow,stow,f,American Standard Burger,6.0,140.97,155.1,35.0418,recipe,true
2026-08-12,stow,stow,stow,b,Classic Margarita,7.0,124.09,136.54,29.2068,recipe,true
2026-08-12,stow,stow,stow,f,Beef Cheek,3.0,109.99,121.01,0.0,lightspeed,true
2026-08-12,stow,stow,stow,b,Negroni,7.0,105.79,116.35,28.693,recipe,true
2026-08-12,stow,stow,stow,b,Fresh is Best Lager - Schooner,13.0,100.92,111.0,23.4754,recipe,true
2026-08-12,stow,stow,stow,b,Version Two Pinot Grigio - Regular,12.4,97.06,106.8,21.9071,recipe,true
2026-08-12,stow,stow,stow,f,Stow Schnitty,5.0,96.08,105.69,27.49,recipe,true
2026-08-12,stow,stow,stow,b,Villa Fresco Sangiovese - Regular,9.0,95.27,104.79,21.7107,recipe,true
2026-08-12,stow,stow,stow,b,Philter XPA - Schooner,10.0,88.2,97.03,22.385,recipe,true
2026-08-12,stow,stow,stow,f,Chicken Parmy D,3.0,84.27,92.7,0.0,lightspeed,true
2026-08-12,stow,stow,stow,b,Fresh is Best Lager - Pint,7.0,80.26,88.32,16.9533,recipe,true
2026-08-12,stow,stow,stow,b,Guinness Draught - Pint,5.0,79.55,87.5,24.0255,recipe,true
2026-08-12,stow,stow,stow,b,Padrillos Malbec - Bottle,1.0,65.45,72.0,19.33,lightspeed,true
2026-08-12,stow,stow,stow,f,Buffalo Wings,4.0,65.2,71.71,11.9056,recipe,true
2026-08-12,stow,stow,stow,f,Rosemary Salted Fries,5.0,59.8,65.76,9.3,recipe,true
2026-08-12,stow,stow,stow,b,Kuku Sauvignon Blanc - Bottle,1.0,52.73,58.0,14.57,lightspeed,true
2026-08-12,stow,stow,stow,b,Mother's Milk Shiraz - Bottle,1.0,52.36,57.6,16.08,lightspeed,true
2026-08-12,stow,stow,stow,b,Kirin - Schooner,4.0,50.92,56.0,15.1876,recipe,true
2026-08-12,stow,stow,stow,b,Espresso Martini,3.0,50.28,55.31,9.855,recipe,true
2026-08-12,stow,stow,stow,b,Guinness Draught - Schooner,4.0,49.48,54.44,14.3308,recipe,true
2026-08-12,stow,stow,stow,b,Stone & Wood - Schooner,4.0,47.28,52.0,13.1852,recipe,true
2026-08-12,stow,stow,stow,b,Stone & Wood - Pint,3.0,46.85,51.55,13.2627,recipe,true
2026-08-12,stow,stow,stow,b,Petits Detours Rosé - Regular,3.0,44.6,49.05,10.404,recipe,true
2026-08-12,stow,stow,stow,b,Version Two Pinot Grigio - Bottle,1.0,44.55,49.0,8.83,lightspeed,true
2026-08-12,stow,stow,stow,b,Davy's Old Fashioned,2.0,44.35,48.78,9.9219,recipe,true
2026-08-12,stow,stow,stow,f,Pie,2.0,42.84,47.13,0.0,lightspeed,true
2026-08-12,stow,stow,stow,b,Grifter Pale - Pint,3.0,41.37,45.49,9.9882,recipe,true
2026-08-12,stow,stow,stow,f,Arancini Balls [5pc],2.0,41.12,45.24,0.0,lightspeed,true
2026-08-12,stow,stow,stow,b,Geppetto Pinot Noir - Regular,3.0,40.92,45.0,10.536,recipe,true
2026-08-12,stow,stow,stow,f,Fish Tacos,2.0,36.96,40.66,3.697,recipe,true
2026-08-12,stow,stow,stow,f,Sensei Calamari,2.0,36.04,39.64,4.5256,recipe,true
2026-08-12,stow,stow,stow,b,Version Two Pinot Grigio - Large,2.0,35.68,39.25,5.889,recipe,true
2026-08-12,stow,stow,stow,f,Rocket Man,2.0,33.8,37.18,6.3944,recipe,true
2026-08-12,stow,stow,stow,b,Trentham Estate Rosé - Regular,3.0,32.73,36.0,6.33,recipe,true
2026-08-12,stow,stow,stow,b,Status Quo - Pint,2.0,31.82,35.0,8.3174,recipe,true
2026-08-12,stow,stow,stow,b,Ottelia Cab Sav - Regular,2.0,31.41,34.56,9.216,recipe,true
2026-08-12,stow,stow,stow,f,BBQ Wings,2.0,30.72,33.8,6.28,recipe,true
2026-08-12,stow,stow,stow,b,Heaps Normal Tin,3.0,30.0,33.0,8.0088,recipe,true
2026-08-12,stow,stow,stow,f,Beef Burrito,1.0,27.13,29.85,9.4072,recipe,true
2026-08-12,stow,stow,stow,f,Cauliflower Burrito,1.0,27.13,29.85,5.485,recipe,true
2026-08-12,stow,stow,stow,b,Petits Detours Rosé - Large,1.0,23.47,25.82,5.78,recipe,true
2026-08-12,stow,stow,stow,f,Farmhouse Salad,1.0,23.39,25.72,0.0,lightspeed,true
2026-08-12,stow,stow,stow,f,Baked Camembert,1.0,23.38,25.71,0.0,lightspeed,true
2026-08-12,stow,stow,stow,b,"Lemon, Lime & Bitters",5.0,23.35,25.65,5.1345,recipe,true
2026-08-12,stow,stow,stow,f,Beef Burrito D,1.0,22.73,25.0,9.4072,recipe,true
2026-08-12,stow,stow,stow,b,Biscoff Espresso,1.0,21.6,23.75,3.2484,recipe,true
2026-08-12,stow,stow,stow,b,Coconut Margarita,1.0,21.6,23.76,4.2449,recipe,true
2026-08-12,stow,stow,stow,b,Grifter Pale - Schooner,2.0,20.9,23.0,4.9648,recipe,true
2026-08-12,stow,stow,stow,b,Philter XPA - Pint,2.0,20.46,22.5,6.0044,recipe,true
2026-08-12,stow,stow,stow,f,Chicken Schnitty D,1.0,20.0,22.0,0.0,lightspeed,true
2026-08-12,stow,stow,stow,b,White Light Pure Vodka [House],2.0,20.0,22.0,3.0416,recipe,true
2026-08-12,stow,stow,stow,b,Asahi 3.5%,2.0,19.1,21.0,4.36,recipe,true
2026-08-12,stow,stow,stow,f,Cauliflower Tacos,1.0,18.78,20.66,0.0,lightspeed,true
2026-08-12,stow,stow,stow,b,Lychee Martini,1.0,18.77,20.65,3.9078,recipe,true
2026-08-12,stow,stow,stow,b,Pepsi Max Glass,4.0,16.91,18.6,5.24,recipe,true
2026-08-12,stow,stow,stow,b,A. Rodda Tempranillo - Regular,1.0,16.9,18.59,5.5699,recipe,true
2026-08-12,stow,stow,stow,b,Tommy's Margarita,1.0,15.02,16.52,5.0572,recipe,true
2026-08-12,stow,stow,stow,b,Mulled Wine,1.0,13.64,15.0,2.0862,recipe,true
2026-08-12,stow,stow,stow,b,Kuku Sauvignon Blanc - Regular,1.0,12.73,14.0,2.9141,recipe,true
2026-08-12,stow,stow,stow,f,Rocket Man D,1.0,12.73,14.0,3.1972,recipe,true
2026-08-12,stow,stow,stow,b,Pepsi Glass,3.0,12.66,13.95,3.93,recipe,true
2026-08-12,stow,stow,stow,b,Crankshaft IPA - Schooner,1.0,12.27,13.5,3.2079,recipe,true
2026-08-12,stow,stow,stow,b,Virgin Margy,1.0,12.21,13.43,0.0,lightspeed,true
2026-08-12,stow,stow,stow,b,Fresh is Best Summer Lager - Pint,1.0,11.27,12.39,2.1084,recipe,true
2026-08-12,stow,stow,stow,f,Onion Rings,1.0,11.27,12.39,0.0,lightspeed,true
2026-08-12,stow,stow,stow,f,Fries D,1.0,10.91,12.0,0.0,lightspeed,true
2026-08-12,stow,stow,stow,f,Amalfi Olives,1.0,10.8,11.88,0.0,lightspeed,true
2026-08-12,stow,stow,stow,b,Pink Lemonade Glass,2.0,8.46,9.3,1.8966,recipe,true
2026-08-12,stow,stow,stow,b,Peroni 0%,1.0,8.44,9.29,1.8463,recipe,true
2026-08-12,stow,stow,stow,f,Make it Vegetarian [plant-based patty],2.0,7.52,8.26,0.0,lightspeed,true
2026-08-12,stow,stow,stow,f,Extra Taco,1.0,6.57,7.23,0.9826,recipe,true
2026-08-12,stow,stow,stow,f,Add Side Salad,2.0,5.46,6.0,0.0,lightspeed,true
2026-08-12,stow,stow,stow,f,Add Grilled Chicken,1.0,4.7,5.16,0.0,lightspeed,true
2026-08-12,stow,stow,stow,f,Make it Vegan [patty + cheese + bun],1.0,4.1,4.5,0.0,lightspeed,true
2026-08-12,stow,stow,stow,f,Extra Arancini Ball,2.0,3.76,4.13,0.0,lightspeed,true
2026-08-12,stow,stow,stow,b,Tonic Glass,1.0,3.64,4.0,0.0,lightspeed,true
2026-08-12,stow,stow,stow,b,Fresh Lime Soda,1.0,3.18,3.5,0.0,lightspeed,true
2026-08-12,stow,stow,stow,f,Make it Gluten-free [gf/vg bun w sweet pot. fries],1.0,1.88,2.07,0.0,lightspeed,true
2026-08-12,stow,stow,stow,f,Swap Fries for Sweet Potato Fries,1.0,1.88,2.07,0.0,lightspeed,true
2026-08-12,stow,stow,stow,b,Large Half/Half,1.0,1.82,2.0,0.0,lightspeed,true
2026-08-12,stow,stow,stow,f,Side Aioli,2.0,0.92,1.04,0.0,lightspeed,true
2026-08-12,stow,stow,stow,f,Side Chipotle Mayo,1.0,0.91,1.0,0.0,lightspeed,true
2026-08-12,stow,stow,stow,f,Arancini Balls 5pcs D,1.0,0.0,0.0,0.0,lightspeed,true
2026-08-12,stow,stow,stow,f,Brownie D,2.0,0.0,0.0,3.9002,recipe,true
2026-08-12,stow,stow,stow,f,Fish Burrito D,1.0,0.0,0.0,5.8414,recipe,true
2026-08-12,stow,stow,stow,b,Gluten-free [Corn Tortillas],1.0,0.0,0.0,0.0,lightspeed,true
2026-08-12,stow,stow,stow,b,Make It A Burrito Bowl [gluten-free],1.0,0.0,0.0,0.0,lightspeed,true
2026-08-12,stow,stow,stow,b,No Char-grilled Capsicum,1.0,0.0,0.0,0.0,lightspeed,true
2026-08-12,stow,stow,stow,b,No Cheese [dairy-free],1.0,0.0,0.0,0.0,lightspeed,true
2026-08-12,stow,stow,stow,b,No Ham,1.0,0.0,0.0,0.0,lightspeed,true
2026-08-12,stow,stow,stow,b,No Olives,3.0,0.0,0.0,0.0,lightspeed,true
2026-08-12,stow,stow,stow,b,No Onion,5.0,0.0,0.0,0.0,lightspeed,true
2026-08-12,stow,stow,stow,b,No Pickle,2.0,0.0,0.0,0.0,lightspeed,true
2026-08-12,stow,stow,stow,b,No Pineapple,1.0,0.0,0.0,0.0,lightspeed,true
2026-08-12,stow,stow,stow,b,No Sliced Tomato,1.0,0.0,0.0,0.0,lightspeed,true
2026-08-12,stow,stow,stow,b,No Spinach,1.0,0.0,0.0,0.0,lightspeed,true
2026-08-12,stow,stow,stow,b,No Sun-dried Tomatoes,1.0,0.0,0.0,0.0,lightspeed,true
2026-08-12,stow,stow,stow,b,No Tomato,2.0,0.0,0.0,0.0,lightspeed,true
2026-08-12,stow,stow,stow,b,One Ice Cube,1.0,0.0,0.0,0.0,lightspeed,true
2026-08-12,stow,stow,stow,b,Remove Prosciutto,1.0,0.0,0.0,0.0,lightspeed,true
2026-08-12,stow,stow,stow,f,Side BBQ Sauce,1.0,0.0,0.0,0.0,lightspeed,true
2026-08-12,stow,stow,stow,b,Side Tomato Sauce,7.0,0.0,0.0,0.0,lightspeed,true
2026-08-13,hg,hg,hg,f,Unlimited BBQ,11.0,450.01,495.0,94.42,lightspeed,true
2026-08-13,hg,hg,hg,f,Tonkotsu,3.0,79.08,87.0,12.7929,recipe,true
2026-08-13,hg,hg,hg,f,Devon's Prawn Toast,5.0,72.75,80.0,19.448,recipe,true
2026-08-13,hg,hg,hg,f,Chicken Karaage,4.0,61.8,68.0,0.0,lightspeed,true
2026-08-13,hg,hg,hg,f,Shoyu,2.0,52.73,58.0,0.0,lightspeed,true
2026-08-13,hg,hg,hg,f,Dumplings - Prawn Har Gow [GF],3.0,51.81,57.0,13.2057,recipe,true
2026-08-13,hg,hg,hg,f,Chicken Katsu Curry,2.0,49.1,54.0,6.1926,recipe,true
2026-08-13,hg,hg,hg,f,Popcorn Cauliflower,3.0,40.92,45.0,2.8833,recipe,true
2026-08-13,hg,hg,hg,b,Sapporo - 500ml,5.0,40.89,45.0,18.55,recipe,true
2026-08-13,hg,hg,hg,f,Kids Unlimited BBQ,2.0,36.36,40.0,0.0,lightspeed,true
2026-08-13,hg,hg,hg,b,Saika Junmai Daiginjo - 180ml,1.0,30.91,34.0,10.9975,recipe,true
2026-08-13,hg,hg,hg,f,Duck Spring Roll,2.0,29.1,32.0,7.1384,recipe,true
2026-08-13,hg,hg,hg,b,Azurescens Pinot Noir - Regular,2.0,27.28,30.0,5.6002,recipe,true
2026-08-13,hg,hg,hg,f,BBQ Pork Buns,2.0,27.28,30.0,7.0,recipe,true
2026-08-13,hg,hg,hg,f,Miso,1.0,26.36,29.0,0.0,lightspeed,true
2026-08-13,hg,hg,hg,b,Harry's Lager - Schooner,3.0,25.92,28.5,4.7175,recipe,true
2026-08-13,hg,hg,hg,b,Harry's Lager - Pint,3.0,24.54,27.0,6.327,recipe,true
2026-08-13,hg,hg,hg,f,Shredded Beef,1.0,23.64,26.0,0.0,lightspeed,true
2026-08-13,hg,hg,hg,b,Virgin Margy,2.0,23.64,26.0,0.0,lightspeed,true
2026-08-13,hg,hg,hg,f,Fried Rice,1.0,20.91,23.0,2.8242,recipe,true
2026-08-13,hg,hg,hg,f,Mie Goreng,1.0,20.91,23.0,5.6688,recipe,true
2026-08-13,hg,hg,hg,b,Dragon Soda,2.0,16.36,18.0,0.1108,recipe,true
2026-08-13,hg,hg,hg,b,Apple Juice Glass,4.0,14.56,16.0,2.6376,recipe,true
2026-08-13,hg,hg,hg,b,Aperol Spritz,1.0,12.73,14.0,3.556,recipe,true
2026-08-13,hg,hg,hg,b,Classic Margarita,1.0,12.73,14.0,4.1724,recipe,true
2026-08-13,hg,hg,hg,b,Dragon Juice,1.0,12.73,14.0,2.5854,recipe,true
2026-08-13,hg,hg,hg,f,Dumplings - Beef & Cabbage,1.0,12.73,14.0,1.4619,recipe,true
2026-08-13,hg,hg,hg,f,Kids Fried Rice,1.0,11.82,13.0,0.0,lightspeed,true
2026-08-13,hg,hg,hg,f,Kids Mie Goreng,1.0,11.82,13.0,0.0,lightspeed,true
2026-08-13,hg,hg,hg,f,Fries [HG],1.0,10.91,12.0,0.0,lightspeed,true
2026-08-13,hg,hg,hg,b,Bintang,1.0,10.0,11.0,2.34,recipe,true
2026-08-13,hg,hg,hg,f,Edamame,1.0,10.0,11.0,0.0,lightspeed,true
2026-08-13,hg,hg,hg,b,Asahi Zero,1.0,9.55,10.5,2.1,lightspeed,true
2026-08-13,hg,hg,hg,b,Pepsi Glass,2.0,8.18,9.0,2.62,recipe,true
2026-08-13,hg,hg,hg,b,Sapporo - Schooner,1.0,6.36,7.0,3.1535,recipe,true
2026-08-13,hg,hg,hg,f,Jasmine Rice,1.0,4.55,5.0,0.0,lightspeed,true
2026-08-13,hg,hg,hg,b,Lemonade Glass,1.0,4.09,4.5,0.8032,recipe,true
2026-08-13,hg,hg,hg,b,Pink Lemonade Glass,1.0,4.09,4.5,0.9483,recipe,true
2026-08-13,hg,hg,hg,b,Chicken,1.0,3.64,4.0,0.0,lightspeed,true
2026-08-13,hg,hg,hg,f,Chilli Bomb,2.0,3.64,4.0,0.0,lightspeed,true
2026-08-13,hg,hg,hg,f,1/2 Marinated Egg,1.0,1.82,2.0,0.0,lightspeed,true
2026-08-13,hg,hg,hg,b,Butter,1.0,0.91,1.0,0.0,lightspeed,true
2026-08-13,hg,hg,hg,b,1 Glass,1.0,0.0,0.0,0.0,lightspeed,true
2026-08-13,hg,hg,hg,f,Aioli,1.0,0.0,0.0,0.0,lightspeed,true
2026-08-13,mari,mari,mari,f,"Regular No Chorizo, No Cry [Dine-in]",7.0,109.62,120.56,18.4905,recipe,true
2026-08-13,mari,mari,mari,f,Regular Jimmy Jury [Dine-in],6.0,100.86,110.97,21.7284,recipe,true
2026-08-13,mari,mari,mari,f,Regular Hail Africa [Dine-in],6.0,99.77,109.77,16.935,recipe,true
2026-08-13,mari,mari,mari,f,Regular Uber Margherita [Dine-in],5.0,83.94,92.35,13.56,recipe,true
2026-08-13,mari,mari,mari,f,Regular New Yorker [Dine-in],5.0,83.4,91.77,13.1995,recipe,true
2026-08-13,mari,mari,mari,f,Regular Sanchez [Dine-in],4.0,67.61,74.38,15.7808,recipe,true
2026-08-13,mari,mari,mari,f,Regular Little Italy [Dine-in],4.0,67.06,73.78,16.662,recipe,true
2026-08-13,mari,mari,mari,f,Regular Bubba Gump [Dine-in],4.0,50.7,55.77,12.182,recipe,true
2026-08-13,mari,mari,mari,f,Regular Truffalo Soldier [Dine-in],3.0,50.7,55.77,9.204,recipe,true
2026-08-13,mari,mari,mari,f,Under the Bridge Pizza,2.0,37.17,40.9,7.8714,recipe,true
2026-08-13,mari,mari,mari,f,Regular El Patron [Dine-in],2.0,33.77,37.18,7.4574,recipe,true
2026-08-13,mari,mari,mari,f,Regular The Paddock [Dine-in],2.0,33.26,36.59,6.9824,recipe,true
2026-08-13,mari,mari,mari,f,Large Cosmopolitan,1.0,29.0,31.9,7.041,recipe,true
2026-08-13,mari,mari,mari,f,Large Little Italy,1.0,29.0,31.9,7.3904,recipe,true
2026-08-13,mari,mari,mari,f,Large Meatlovers,1.0,29.0,31.9,6.74,recipe,true
2026-08-13,mari,mari,mari,f,Large Pepperoni,2.0,28.94,31.84,8.722,recipe,true
2026-08-13,mari,mari,mari,f,WINGS DEAL,1.0,27.27,30.0,9.9445,recipe,true
2026-08-13,mari,mari,mari,f,Family Super House Special,1.0,27.18,29.9,0.0,lightspeed,true
2026-08-13,mari,mari,mari,f,Large Super House Special,1.0,24.45,26.9,7.6177,recipe,true
2026-08-13,mari,mari,mari,f,Large Vegetarian,1.0,23.55,25.9,4.2436,recipe,true
2026-08-13,mari,mari,mari,f,Regular Super House Special,1.0,23.55,25.9,4.6187,recipe,true
2026-08-13,mari,mari,mari,f,Large Hawaiian,1.0,18.09,19.9,3.3157,recipe,true
2026-08-13,mari,mari,mari,f,Regular Meatlovers [Dine-in],1.0,16.9,18.59,3.7466,recipe,true
2026-08-13,mari,mari,mari,f,Regular Sorrento [Dine-in],1.0,16.9,18.59,3.4149,recipe,true
2026-08-13,mari,mari,mari,f,Regular Cosmopolitan [Dine-in],1.0,16.36,18.0,3.8736,recipe,true
2026-08-13,mari,mari,mari,f,Regular Pepperoni [Dine-in],2.0,16.36,18.0,4.2134,recipe,true
2026-08-13,mari,mari,mari,f,Regular Super House Special [Dine-in],1.0,16.36,18.0,4.0262,recipe,true
2026-08-13,mari,mari,mari,f,Regular Hawaiian,1.0,13.55,14.9,3.272,recipe,true
2026-08-13,mari,mari,mari,f,Regular Pepperoni,1.0,13.55,14.9,2.6992,recipe,true
2026-08-13,mari,mari,mari,f,Add Chicken,3.0,11.28,12.39,0.0,lightspeed,true
2026-08-13,mari,mari,mari,f,Garlic Bread,5.0,9.1,10.0,7.4385,recipe,true
2026-08-13,mari,mari,mari,f,Regular Tandoori Chicken [Dine-in],1.0,6.54,7.2,1.4442,recipe,true
2026-08-13,mari,mari,mari,f,VB Can D,1.0,5.45,6.0,2.34,recipe,true
2026-08-13,mari,mari,mari,f,Online Surcharge,5.0,4.02,4.02,0.0,lightspeed,true
2026-08-13,mari,mari,mari,f,Add Prawns,1.0,3.76,4.13,0.0,lightspeed,true
2026-08-13,mari,mari,mari,f,Add Calabrese,1.0,3.64,4.0,0.0,lightspeed,true
2026-08-13,mari,mari,mari,f,Add Prosciutto,1.0,3.64,4.0,0.0,lightspeed,true
2026-08-13,mari,mari,mari,f,Add Ham,1.0,2.73,3.0,0.0,lightspeed,true
2026-08-13,mari,mari,mari,f,Add Pepperoni,1.0,2.73,3.0,0.0,lightspeed,true
2026-08-13,mari,mari,mari,f,Extra Mozzarella,1.0,2.34,2.58,0.0,lightspeed,true
2026-08-13,mari,mari,mari,f,Add Chilli,2.0,1.88,2.06,0.0,lightspeed,true
2026-08-13,mari,mari,mari,f,Add Anchovies,1.0,1.82,2.0,0.0,lightspeed,true
2026-08-13,mari,mari,mari,f,Add Jalapenos,1.0,1.4,1.55,0.0,lightspeed,true
2026-08-13,mari,mari,mari,f,Add Mushrooms,1.0,1.4,1.55,0.0,lightspeed,true
2026-08-13,mari,mari,mari,f,Add Corn,1.0,1.36,1.5,0.0,lightspeed,true
2026-08-13,mari,mari,mari,f,Add Pineapple,1.0,1.36,1.5,0.0,lightspeed,true
2026-08-13,mari,mari,mari,f,Add Bocconcini,1.0,0.0,0.0,0.0,lightspeed,true
2026-08-13,mari,mari,mari,f,Gluten-free Hail Africa [Dine-in],1.0,0.0,0.0,8.2592,recipe,true
2026-08-13,mari,mari,mari,f,Large Bubba Gump,1.0,0.0,0.0,5.5006,recipe,true
2026-08-13,mari,mari,mari,f,Less Cheese,1.0,0.0,0.0,0.0,lightspeed,true
2026-08-13,mari,mari,mari,f,Online Discount,3.0,-29.85,-29.85,0.0,lightspeed,true
2026-08-13,stow,stow,stow,b,Fresh is Best Lager - Pint,33.0,147.0,161.75,79.9227,recipe,true
2026-08-13,stow,stow,stow,b,Grifter Pale - Pint,13.0,137.26,150.95,43.2822,recipe,true
2026-08-13,stow,stow,stow,b,Guinness Draught - Pint,19.0,105.01,115.5,91.2969,recipe,true
2026-08-13,stow,stow,stow,b,Mojito,4.0,76.36,84.0,14.9604,recipe,true
2026-08-13,stow,stow,stow,f,Rosemary Salted Fries,6.0,71.52,78.66,11.16,recipe,true
2026-08-13,stow,stow,stow,b,Fresh is Best Lager - Schooner,14.0,70.04,77.03,25.2812,recipe,true
2026-08-13,stow,stow,stow,b,Geppetto Pinot Noir - Regular,5.0,68.64,75.49,17.56,recipe,true
2026-08-13,stow,stow,stow,b,Mulled Wine,5.0,68.19,74.97,10.431,recipe,true
2026-08-13,stow,stow,stow,b,Philter XPA - Schooner,8.0,64.78,71.27,17.908,recipe,true
2026-08-13,stow,stow,stow,b,Padrillos Malbec - Regular,4.0,64.34,70.79,15.4664,recipe,true
2026-08-13,stow,stow,stow,b,Aperol Spritz,35.0,63.02,69.32,124.46,recipe,true
2026-08-13,stow,stow,stow,b,Grifter Pale - Schooner,7.0,58.96,64.88,17.3768,recipe,true
2026-08-13,stow,stow,stow,b,Ottelia Chardonnay - Regular,4.0,58.2,64.0,13.8376,recipe,true
2026-08-13,stow,stow,stow,b,White Light Pure Vodka [House],124.0,58.0,63.8,188.5792,recipe,true
2026-08-13,stow,stow,stow,b,Mother's Milk Shiraz - Regular,4.0,55.46,60.99,12.8652,recipe,true
2026-08-13,stow,stow,stow,b,Beetle Juice,48.0,54.55,60.0,177.936,recipe,true
2026-08-13,stow,stow,stow,b,Domaine Gueguen Chablis - Regular,2.0,50.9,56.0,17.892,recipe,true
2026-08-13,stow,stow,stow,b,Crankshaft IPA - Pint,3.0,47.73,52.5,12.9072,recipe,true
2026-08-13,stow,stow,stow,f,Bang Bang Cauli,3.0,47.36,52.12,8.2977,recipe,true
2026-08-13,stow,stow,stow,b,Geppetto Pinot Noir - Large Glass,2.0,45.07,49.57,11.7066,recipe,true
2026-08-13,stow,stow,stow,b,Lemon Meringue Martini,2.0,44.36,48.79,7.3628,recipe,true
2026-08-13,stow,stow,stow,b,Jalapeño Marg,6.0,42.51,46.76,23.0748,recipe,true
2026-08-13,stow,stow,stow,b,Biscoff Espresso,2.0,41.82,46.0,6.4968,recipe,true
2026-08-13,stow,stow,stow,b,Kuku Sauvignon Blanc - Regular,3.0,39.03,42.92,8.7423,recipe,true
2026-08-13,stow,stow,stow,f,Sweet Potato Fries,3.0,36.24,39.85,7.5903,recipe,true
2026-08-13,stow,stow,stow,b,Stone & Wood - Pint,8.0,31.9,35.12,35.3672,recipe,true
2026-08-13,stow,stow,stow,b,Villa Fresco Sangiovese - Regular,3.0,30.55,33.6,7.2369,recipe,true
2026-08-13,stow,stow,stow,b,A. Rodda Tempranillo - Large,1.0,26.28,28.92,9.29,lightspeed,true
2026-08-13,stow,stow,stow,b,Philter XPA - Pint,4.0,24.54,27.0,12.0088,recipe,true
2026-08-13,stow,stow,hg,f,Nuggets & Chips [HG],2.0,23.64,26.0,0.0,lightspeed,true
2026-08-13,stow,stow,stow,b,Bundaberg Ginger Beer,5.0,22.88,25.15,4.961,recipe,true
2026-08-13,stow,stow,stow,b,Version Two Pinot Grigio - Regular,2.0,21.82,24.0,3.5334,recipe,true
2026-08-13,stow,stow,stow,b,Version Two Sparkling - Regular,27.0,21.82,24.0,47.7009,recipe,true
2026-08-13,stow,stow,stow,b,Coconut Margarita,1.0,21.6,23.76,4.2449,recipe,true
2026-08-13,stow,stow,stow,b,Bunnahabhain 12yr,1.0,20.66,22.72,4.8591,recipe,true
2026-08-13,stow,stow,stow,b,Lychee Martini,3.0,18.77,20.66,11.7234,recipe,true
2026-08-13,stow,stow,stow,b,Two Tonne Riesling - Regular,1.0,18.77,20.65,4.272,recipe,true
2026-08-13,stow,stow,stow,b,Sigurd GSM Red Blend - Regular,1.0,18.18,20.0,4.62,recipe,true
2026-08-13,stow,stow,stow,f,Sensei Calamari,1.0,17.73,19.5,2.2628,recipe,true
2026-08-13,stow,stow,stow,b,A. Rodda Tempranillo - Regular,1.0,16.9,18.59,5.5699,recipe,true
2026-08-13,stow,stow,stow,b,Kirin - Pint,13.0,16.82,18.5,66.2012,recipe,true
2026-08-13,stow,stow,stow,f,Buffalo Wings,2.0,16.43,18.07,5.9528,recipe,true
2026-08-13,stow,stow,stow,b,Trutta Streamside Shiraz [Chilled] - Regular,1.0,16.36,18.0,3.968,recipe,true
2026-08-13,stow,stow,stow,f,BBQ Wings,1.0,15.86,17.45,3.14,recipe,true
2026-08-13,stow,stow,stow,b,Petits Detours Rosé - Regular,1.0,15.03,16.53,3.468,recipe,true
2026-08-13,stow,stow,stow,b,Year Wines 'Zagara' Orange - Regular,1.0,15.03,16.53,3.42,recipe,true
2026-08-13,stow,stow,stow,b,Sunkissed Spritz,1.0,14.55,16.0,4.9388,recipe,true
2026-08-13,stow,stow,stow,b,Status Quo - Pint,1.0,14.32,15.75,4.1587,recipe,true
2026-08-13,stow,stow,stow,b,"Lemon, Lime & Bitters",3.0,14.1,15.49,3.0807,recipe,true
2026-08-13,stow,stow,stow,b,Philter Pale - Pint,1.0,13.15,14.46,0.0,lightspeed,true
2026-08-13,stow,stow,stow,b,Guinness Draught - Schooner,1.0,12.67,13.94,3.5827,recipe,true
2026-08-13,stow,stow,stow,b,Pepsi Max Glass,3.0,12.67,13.95,3.93,recipe,true
2026-08-13,stow,stow,stow,b,Lemonade Glass,3.0,12.54,13.79,2.4096,recipe,true
2026-08-13,stow,stow,stow,f,Kids Hawaiian Pizza,1.0,11.82,13.0,0.0,lightspeed,true
2026-08-13,stow,stow,stow,b,Fresh is Best Summer Lager - Pint,3.0,11.27,12.4,6.3252,recipe,true
2026-08-13,stow,stow,stow,b,Trentham Estate Rosé - Regular,1.0,11.27,12.39,2.11,recipe,true
2026-08-13,stow,stow,stow,f,Onion Rings,1.0,10.91,12.0,0.0,lightspeed,true
2026-08-13,stow,stow,stow,b,Young Henrys Cloudy Cider Can,1.0,10.91,12.0,2.58,recipe,true
2026-08-13,stow,stow,stow,b,Appleton Rum [House],5.0,10.0,11.0,11.2715,recipe,true
2026-08-13,stow,stow,stow,b,Asahi 3.5%,1.0,9.86,10.85,2.18,recipe,true
2026-08-13,stow,stow,stow,b,Monteith's Apple Cider Bottle,1.0,9.86,10.85,3.11,recipe,true
2026-08-13,stow,stow,stow,b,Peroni 0%,1.0,8.45,9.3,1.8463,recipe,true
2026-08-13,stow,stow,stow,b,San Pellegrino 500ml,1.0,8.45,9.3,2.32,recipe,true
2026-08-13,stow,stow,stow,b,Bombay Dry [House],1.0,6.36,7.0,2.1644,recipe,true
2026-08-13,stow,stow,stow,b,Pepsi Glass,1.0,4.22,4.65,1.31,recipe,true
2026-08-13,stow,stow,stow,f,Side Aioli,6.0,2.73,3.06,0.0,lightspeed,true
2026-08-13,stow,stow,stow,f,Side Chipotle Mayo,1.0,0.94,1.03,0.0,lightspeed,true
2026-08-13,stow,stow,stow,f,Side Spicy Salsa,1.0,0.94,1.03,0.0,lightspeed,true
2026-08-13,stow,stow,stow,b,2 Glasses,1.0,0.0,0.0,0.0,lightspeed,true
2026-08-13,stow,stow,stow,f,BBQ Wings D,1.0,0.0,0.0,3.14,recipe,true
2026-08-13,stow,stow,stow,b,Bacardi Blanca [House],49.0,0.0,0.0,104.68,lightspeed,true
2026-08-13,stow,stow,stow,b,Baileys Irish Cream,4.0,0.0,0.0,5.0808,recipe,true
2026-08-13,stow,stow,stow,b,Better Beer Tin,1.0,0.0,0.0,2.38,recipe,true
2026-08-13,stow,stow,stow,b,Casa Gheller Prosecco - Glass,1.0,0.0,0.0,3.348,recipe,true
2026-08-13,stow,stow,stow,b,Classic Margarita,2.0,0.0,0.0,8.3448,recipe,true
2026-08-13,stow,stow,stow,b,Corona,2.0,0.0,0.0,5.1426,recipe,true
2026-08-13,stow,stow,stow,b,Crankshaft IPA - Schooner,3.0,0.0,0.0,9.6237,recipe,true
2026-08-13,stow,stow,stow,b,Espresso Martini,4.0,0.0,0.0,13.14,recipe,true
2026-08-13,stow,stow,stow,b,Fresh Lime Soda,1.0,0.0,0.0,0.0,lightspeed,true
2026-08-13,stow,stow,stow,b,Glass of Ice on the Side,2.0,0.0,0.0,0.0,lightspeed,true
2026-08-13,stow,stow,stow,b,Jack Daniels,1.0,0.0,0.0,2.2633,recipe,true
2026-08-13,stow,stow,stow,b,Neat,1.0,0.0,0.0,0.0,lightspeed,true
2026-08-13,stow,stow,stow,b,No Capsicum,1.0,0.0,0.0,0.0,lightspeed,true
2026-08-13,stow,stow,stow,b,No Cherry Tomatoes,3.0,0.0,0.0,0.0,lightspeed,true
2026-08-13,stow,stow,stow,b,No Chilli,1.0,0.0,0.0,0.0,lightspeed,true
2026-08-13,stow,stow,stow,b,No Mushroom,1.0,0.0,0.0,0.0,lightspeed,true
2026-08-13,stow,stow,stow,b,No Onion,1.0,0.0,0.0,0.0,lightspeed,true
2026-08-13,stow,stow,stow,b,No Pineapple,1.0,0.0,0.0,0.0,lightspeed,true
2026-08-13,stow,stow,stow,b,No Vegan Cheese,1.0,0.0,0.0,0.0,lightspeed,true
2026-08-13,stow,stow,stow,b,On The Rocks,2.0,0.0,0.0,0.0,lightspeed,true
2026-08-13,stow,stow,stow,b,Orange,1.0,0.0,0.0,0.0,lightspeed,true
2026-08-13,stow,stow,stow,b,Pineapple Juice Glass,1.0,0.0,0.0,0.6942,recipe,true
2026-08-13,stow,stow,stow,b,Rooster Rojo Blanco Tequila [House],8.0,0.0,0.0,15.7128,recipe,true
2026-08-13,stow,stow,stow,b,Sailor Jerry [House],24.0,0.0,0.0,48.7032,recipe,true
2026-08-13,stow,stow,stow,b,Send Kids Food With Mains,1.0,0.0,0.0,0.0,lightspeed,true
2026-08-13,stow,stow,stow,b,Side Tomato Sauce,3.0,0.0,0.0,0.0,lightspeed,true
2026-08-13,stow,stow,stow,b,Stone & Wood - Schooner,5.0,0.0,0.0,16.4815,recipe,true
2026-08-13,stow,stow,stow,f,Vegan Aioli,1.0,0.0,0.0,0.0,lightspeed,true
2026-08-14,hg,hg,hg,f,Shredded Beef,15.0,352.23,387.4,0.0,lightspeed,true
2026-08-14,hg,hg,hg,f,Mie Goreng,16.0,338.2,372.0,90.7008,recipe,true
2026-08-14,hg,hg,hg,f,Tonkotsu,11.0,289.96,319.0,46.9073,recipe,true
2026-08-14,hg,hg,hg,f,Dumplings - Prawn Har Gow [GF],16.0,272.69,300.0,70.4304,recipe,true
2026-08-14,hg,hg,hg,b,Sapporo - 500ml,16.0,233.18,256.5,59.36,recipe,true
2026-08-14,hg,hg,hg,f,BBQ Meat Platter,6.0,218.16,240.0,0.0,lightspeed,true
2026-08-14,hg,hg,hg,f,Miso,8.0,210.89,232.0,0.0,lightspeed,true
2026-08-14,hg,hg,hg,f,BBQ Pork Buns,14.0,190.95,210.0,49.0,recipe,true
2026-08-14,hg,hg,hg,f,Chicken Karaage,11.0,169.95,187.0,0.0,lightspeed,true
2026-08-14,hg,hg,hg,f,Dumplings - Beef & Cabbage,13.0,165.49,182.0,19.0047,recipe,true
2026-08-14,hg,hg,hg,f,Fried Rice,7.0,145.19,159.7,19.7694,recipe,true
2026-08-14,hg,hg,hg,f,Devon's Prawn Toast,10.0,144.05,158.4,38.896,recipe,true
2026-08-14,hg,hg,hg,f,Chicken Katsu Curry,5.0,122.75,135.0,15.4815,recipe,true
2026-08-14,hg,hg,hg,f,Popcorn Cauliflower,9.0,121.86,134.0,8.6499,recipe,true
2026-08-14,hg,hg,hg,f,Shoyu,4.0,105.45,116.0,0.0,lightspeed,true
2026-08-14,hg,hg,hg,b,Classic Margarita,7.0,98.19,108.0,29.2068,recipe,true
2026-08-14,hg,hg,hg,f,Duck Spring Roll,6.0,85.85,94.4,21.4152,recipe,true
2026-08-14,hg,hg,hg,f,Dumplings - Veg Gyoza,6.0,76.37,84.0,11.7114,recipe,true
2026-08-14,hg,hg,hg,b,Padrillos Malbec - Bottle,1.0,65.45,72.0,17.82,lightspeed,true
2026-08-14,hg,hg,hg,b,Harry's Lager - Pint,6.0,59.51,65.5,12.654,recipe,true
2026-08-14,hg,hg,hg,f,Seitan Katsu Curry [vegan],2.0,49.1,54.0,2.2806,recipe,true
2026-08-14,hg,hg,hg,b,Pepsi Max Glass,12.0,48.67,53.55,15.72,recipe,true
2026-08-14,hg,hg,hg,b,Angas & Bremer Rosé - Bottle,1.0,44.56,49.0,8.77,lightspeed,true
2026-08-14,hg,hg,hg,b,L'esprit Rosé - Regular,3.0,43.65,48.0,10.8,recipe,true
2026-08-14,hg,hg,hg,b,Zagara Orange [HG] - Regular,3.0,40.91,45.0,8.06,lightspeed,true
2026-08-14,hg,hg,hg,b,River Retreat Pinot Grigio - Regular,4.0,39.09,43.0,8.04,recipe,true
2026-08-14,hg,hg,hg,f,Mochi Trio,3.0,36.37,40.0,0.0,lightspeed,true
2026-08-14,hg,hg,hg,b,Sapporo - Schooner,4.0,36.35,40.0,12.614,recipe,true
2026-08-14,hg,hg,hg,b,Margato,2.0,30.91,34.0,7.4668,recipe,true
2026-08-14,hg,hg,hg,f,Edamame,3.0,30.0,33.0,0.0,lightspeed,true
2026-08-14,hg,hg,hg,b,Asahi Zero,3.0,28.65,31.5,6.29,lightspeed,true
2026-08-14,hg,hg,hg,b,Chicken,8.0,27.74,30.5,0.0,lightspeed,true
2026-08-14,hg,hg,hg,b,Harry's Lager - Schooner,3.0,23.64,26.0,4.7175,recipe,true
2026-08-14,hg,hg,hg,b,Virgin Margy,2.0,23.64,26.0,0.0,lightspeed,true
2026-08-14,hg,hg,hg,b,Azurescens Pinot Noir - Large,1.0,21.82,24.0,4.6667,recipe,true
2026-08-14,hg,hg,hg,b,From Sundays Shiraz - Large,1.0,21.82,24.0,4.6667,recipe,true
2026-08-14,hg,hg,hg,b,Bombay Dry Gin [House],2.0,20.0,22.0,4.3288,recipe,true
2026-08-14,hg,hg,hg,f,1/2 Marinated Egg,10.0,18.2,20.0,0.0,lightspeed,true
2026-08-14,hg,hg,hg,f,Jasmine Rice,4.0,18.2,20.0,0.0,lightspeed,true
2026-08-14,hg,hg,hg,b,Dragon Juice,1.0,15.45,17.0,2.5854,recipe,true
2026-08-14,hg,hg,hg,f,Fried Egg,4.0,14.1,15.5,0.0,lightspeed,true
2026-08-14,hg,hg,hg,b,Crouching Tiger,1.0,12.73,14.0,4.2673,recipe,true
2026-08-14,hg,hg,hg,b,Demon Slayer,1.0,12.73,14.0,4.1116,recipe,true
2026-08-14,hg,hg,hg,b,Drunken Koi,1.0,12.73,14.0,2.4425,recipe,true
2026-08-14,hg,hg,hg,f,Vegetarian Spring Rolls,1.0,12.73,14.0,1.6492,recipe,true
2026-08-14,hg,hg,hg,f,Kids Fried Rice,1.0,11.82,13.0,0.0,lightspeed,true
2026-08-14,hg,hg,hg,b,Angas & Bremer Grenache - Regular,1.0,10.91,12.0,1.754,recipe,true
2026-08-14,hg,hg,hg,b,Sensei Highball,1.0,10.91,12.0,1.2953,recipe,true
2026-08-14,hg,hg,hg,b,Vinada Sparkling Rosé [HG],1.0,10.0,11.0,0.0,lightspeed,true
2026-08-14,hg,hg,hg,f,Chilli Bomb,5.0,9.1,10.0,0.0,lightspeed,true
2026-08-14,hg,hg,hg,f,Tofu,2.0,6.82,7.5,0.0,lightspeed,true
2026-08-14,hg,hg,hg,b,Appleton Rum [House],1.0,6.36,7.0,2.2543,recipe,true
2026-08-14,hg,hg,hg,f,Black Garlic Oil,3.0,5.46,6.0,0.0,lightspeed,true
2026-08-14,hg,hg,hg,b,Carafe Sparkling Water,1.0,4.55,5.0,0.0,lightspeed,true
2026-08-14,hg,hg,hg,f,Extra  Piece,1.0,4.55,5.0,0.0,lightspeed,true
2026-08-14,hg,hg,hg,f,Extra Piece Prawn Toast,1.0,4.55,5.0,0.0,lightspeed,true
2026-08-14,hg,hg,hg,f,Extra Pork.,1.0,4.55,5.0,0.0,lightspeed,true
2026-08-14,hg,hg,hg,f,Extra Piece,1.0,3.64,4.0,0.0,lightspeed,true
2026-08-14,hg,hg,hg,b,Orange Juice Glass [HG],1.0,3.64,4.0,0.0,lightspeed,true
2026-08-14,hg,hg,hg,f,GFO [GF Ramen Noodles],1.0,2.73,3.0,0.0,lightspeed,true
2026-08-14,hg,hg,hg,f,Bamboo Shoots,1.0,1.82,2.0,0.0,lightspeed,true
2026-08-14,hg,hg,hg,b,Chicken.,1.0,1.82,2.0,0.0,lightspeed,true
2026-08-14,hg,hg,hg,b,Add Ham,1.0,0.91,1.0,0.0,lightspeed,true
2026-08-14,hg,hg,hg,b,Ginger Beer [mixer],1.0,0.91,1.0,0.0,lightspeed,true
2026-08-14,hg,hg,hg,b,Nori Sheet,1.0,0.91,1.0,0.0,lightspeed,true
2026-08-14,hg,hg,hg,b,2 Glasses,1.0,0.0,0.0,0.0,lightspeed,true
2026-08-14,hg,hg,hg,b,3 Glasses,1.0,0.0,0.0,0.0,lightspeed,true
2026-08-14,hg,hg,stow,f,Dumplings - Prawn Har Gow [GF],1.0,0.0,0.0,4.4019,recipe,true
2026-08-14,hg,hg,hg,b,Lime,3.0,0.0,0.0,0.0,lightspeed,true
2026-08-14,hg,hg,stow,f,Mie Goreng,1.0,0.0,0.0,5.6688,recipe,true
2026-08-14,hg,hg,hg,b,Remove Black Mushroom,1.0,0.0,0.0,0.0,lightspeed,true
2026-08-14,hg,hg,hg,f,Swap for Chicken,1.0,0.0,0.0,0.0,lightspeed,true
2026-08-14,hg,hg,hg,f,Swap for Tofu,1.0,0.0,0.0,0.0,lightspeed,true
2026-08-14,hg,hg,hg,f,Swap for Tofu [Make it Vegan],4.0,0.0,0.0,0.0,lightspeed,true
2026-08-14,hg,hg,stow,f,Tofu,1.0,0.0,0.0,0.0,lightspeed,true
2026-08-14,hg,hg,hg,b,Tonic,2.0,0.0,0.0,1.61,lightspeed,true
2026-08-14,mari,mari,mari,f,$45 FEAST,5.0,204.55,225.0,70.357,recipe,true
2026-08-14,mari,mari,mari,f,Large Cosmopolitan,5.0,131.35,144.5,35.205,recipe,true
2026-08-14,mari,mari,mari,f,Regular Margherita,9.0,128.27,141.1,18.2979,recipe,true
2026-08-14,mari,mari,mari,f,Regular Pepperoni,7.0,124.0,136.4,18.8944,recipe,true
2026-08-14,mari,mari,mari,f,Regular Hawaiian,9.0,122.92,135.16,29.448,recipe,true
2026-08-14,mari,mari,mari,f,Regular Super House Special,6.0,119.46,131.4,27.7122,recipe,true
2026-08-14,mari,mari,mari,f,$60 BANQUET,2.0,109.1,120.0,42.2562,recipe,true
2026-08-14,mari,mari,mari,f,Regular Uber Margherita [Dine-in],6.0,108.01,118.8,16.272,recipe,true
2026-08-14,mari,mari,mari,f,Large Super House Special,4.0,102.35,112.6,30.4708,recipe,true
2026-08-14,mari,mari,mari,f,Regular Little Italy [Dine-in],5.0,96.9,106.58,20.8275,recipe,true
2026-08-14,mari,mari,mari,f,Large Meatlovers,4.0,87.0,95.7,26.96,recipe,true
2026-08-14,mari,mari,mari,f,Family Tandoori Chicken,3.0,81.54,89.7,0.0,lightspeed,true
2026-08-14,mari,mari,mari,f,Large Little Italy,5.0,73.35,80.7,36.952,recipe,true
2026-08-14,mari,mari,mari,f,Regular Tandoori Chicken,4.0,73.27,80.6,8.1468,recipe,true
2026-08-14,mari,mari,mari,f,"Regular No Chorizo, No Cry [Dine-in]",3.0,73.24,80.55,7.9245,recipe,true
2026-08-14,mari,mari,mari,f,Family Margherita,3.0,65.2,71.7,0.0,lightspeed,true
2026-08-14,mari,mari,mari,f,Regular Sanchez,3.0,64.37,70.8,13.6134,recipe,true
2026-08-14,mari,mari,mari,f,Regular Vegetarian,4.0,63.35,69.7,11.6068,recipe,true
2026-08-14,mari,mari,mari,f,Large Hawaiian,5.0,59.73,65.7,16.5785,recipe,true
2026-08-14,mari,mari,mari,f,Family Meatlovers,2.0,54.36,59.8,0.0,lightspeed,true
2026-08-14,mari,mari,mari,f,Family Sorrento,2.0,54.36,59.8,0.0,lightspeed,true
2026-08-14,mari,mari,mari,f,Family Super House Special,2.0,54.36,59.8,0.0,lightspeed,true
2026-08-14,mari,mari,mari,f,Garlic Bread,24.0,53.48,58.8,35.7048,recipe,true
2026-08-14,mari,mari,mari,f,Large Bubba Gump,3.0,53.45,58.8,16.5018,recipe,true
2026-08-14,mari,mari,mari,f,Large Jimmy Jury,2.0,53.45,58.8,12.4022,recipe,true
2026-08-14,mari,mari,mari,f,Regular Hail Africa [Dine-in],2.0,50.71,55.77,5.645,recipe,true
2026-08-14,mari,mari,mari,f,Large Paddock,2.0,48.9,53.8,10.2066,recipe,true
2026-08-14,mari,mari,mari,f,Axl Rose Pizza,2.0,48.82,53.7,0.0,lightspeed,true
2026-08-14,mari,mari,mari,f,Regular Truffalo Soldier [Dine-in],2.0,48.06,52.85,6.136,recipe,true
2026-08-14,mari,mari,mari,f,Regular Cosmopolitan,2.0,47.1,51.8,8.9324,recipe,true
2026-08-14,mari,mari,mari,f,Large Pepperoni,4.0,41.64,45.8,17.444,recipe,true
2026-08-14,mari,mari,mari,f,Regular Meatlovers,2.0,41.64,45.8,8.6784,recipe,true
2026-08-14,mari,mari,mari,f,Large Margherita,4.0,39.82,43.8,9.3088,recipe,true
2026-08-14,mari,mari,mari,f,Regular Bubba Gump,2.0,36.18,39.8,7.2762,recipe,true
2026-08-14,mari,mari,mari,f,Regular Little Italy,2.0,36.18,39.8,9.5162,recipe,true
2026-08-14,mari,mari,mari,f,Online Surcharge,26.0,33.66,33.66,0.0,lightspeed,true
2026-08-14,mari,mari,mari,f,Large El Patron,2.0,29.0,31.9,11.624,recipe,true
2026-08-14,mari,mari,mari,f,Large Sanchez,2.0,29.0,31.9,11.6748,recipe,true
2026-08-14,mari,mari,mari,f,Large Sorrento,1.0,29.0,31.9,5.8575,recipe,true
2026-08-14,mari,mari,mari,f,Gluten-free Little Italy [Dine-in],1.0,28.18,31.0,9.0534,recipe,true
2026-08-14,mari,mari,mari,f,Family Sanchez,1.0,27.18,29.9,0.0,lightspeed,true
2026-08-14,mari,mari,mari,f,Regular Jimmy Jury [Dine-in],1.0,25.35,27.89,3.6214,recipe,true
2026-08-14,mari,mari,mari,f,"Large No Chorizo, No Cry",3.0,24.45,26.9,16.4007,recipe,true
2026-08-14,mari,mari,mari,f,Regular El Patron [Dine-in],1.0,24.41,26.85,3.7287,recipe,true
2026-08-14,mari,mari,mari,f,Regular Bubba Gump [Dine-in],1.0,23.64,26.0,3.0455,recipe,true
2026-08-14,mari,mari,mari,f,Regular Cosmopolitan [Dine-in],1.0,23.64,26.0,3.8736,recipe,true
2026-08-14,mari,mari,mari,f,Regular Sanchez [Dine-in],1.0,23.64,26.0,3.9452,recipe,true
2026-08-14,mari,mari,mari,f,Regular Super House Special [Dine-in],1.0,23.64,26.0,4.0262,recipe,true
2026-08-14,mari,mari,mari,f,Regular El Patron,1.0,23.55,25.9,4.3212,recipe,true
2026-08-14,mari,mari,mari,f,Family Pepperoni,1.0,22.64,24.9,0.0,lightspeed,true
2026-08-14,mari,mari,mari,f,Large BBQ Chicken Pizza,2.0,22.64,24.9,8.222,recipe,true
2026-08-14,mari,mari,mari,f,Large Uber Margherita,1.0,22.64,24.9,4.384,recipe,true
2026-08-14,mari,mari,mari,f,Regular Roma Special,1.0,21.73,23.9,3.5344,recipe,true
2026-08-14,mari,mari,mari,f,Regular Uber Margherita,1.0,21.73,23.9,3.3046,recipe,true
2026-08-14,mari,mari,mari,f,San Pellegrino 500ml D,3.0,21.55,23.7,7.02,recipe,true
2026-08-14,mari,mari,mari,f,Gluten-free Roma Special,1.0,20.82,22.9,8.3656,recipe,true
2026-08-14,mari,mari,mari,f,Large Vegetarian,2.0,18.09,19.9,8.4872,recipe,true
2026-08-14,mari,mari,mari,f,"Regular No Chorizo, No Cry",1.0,18.09,19.9,3.234,recipe,true
2026-08-14,mari,mari,mari,f,Regular Paddock,1.0,18.09,19.9,4.0838,recipe,true
2026-08-14,mari,mari,mari,f,Cheesy Garlic Bread,2.0,18.0,19.8,3.6054,recipe,true
2026-08-14,mari,mari,mari,f,Coke Zero Can,5.0,17.74,19.5,9.45,recipe,true
2026-08-14,mari,mari,mari,f,Regular BBQ Chicken Pizza,1.0,17.18,18.9,3.0876,recipe,true
2026-08-14,mari,mari,mari,f,Regular New Yorker,1.0,17.18,18.9,3.2325,recipe,true
2026-08-14,mari,mari,mari,f,Regular Garlic Cheese Pizza,1.0,12.18,13.4,1.5021,recipe,true
2026-08-14,mari,mari,mari,f,Coke Zero 1.25L,4.0,11.72,12.9,12.36,recipe,true
2026-08-14,mari,mari,mari,f,Add Prawns,3.0,11.16,12.26,0.0,lightspeed,true
2026-08-14,mari,mari,mari,f,Sprite Can,2.0,7.09,7.8,4.8846,recipe,true
2026-08-14,mari,mari,mari,f,Asahi 3.5% D,1.0,5.91,6.5,2.55,recipe,true
2026-08-14,mari,mari,mari,f,Add Anchovies,3.0,5.46,6.0,0.0,lightspeed,true
2026-08-14,mari,mari,mari,f,Add Ham,2.0,5.46,6.0,0.0,lightspeed,true
2026-08-14,mari,mari,mari,f,Add Pepperoni,2.0,5.46,6.0,0.0,lightspeed,true
2026-08-14,mari,mari,mari,f,Delivery Fee - Freshwater / Queenscliff,1.0,4.55,5.0,0.0,lightspeed,true
2026-08-14,mari,mari,mari,f,Sour Cream,3.0,2.79,3.06,0.0,lightspeed,true
2026-08-14,mari,mari,mari,f,Add Bocconcini,1.0,2.73,3.0,0.0,lightspeed,true
2026-08-14,mari,mari,mari,f,Add Chilli,3.0,2.73,3.0,0.0,lightspeed,true
2026-08-14,mari,mari,mari,f,Add Mushrooms,2.0,2.72,3.0,0.0,lightspeed,true
2026-08-14,mari,mari,mari,f,Large Tandoori Chicken,1.0,2.27,2.5,3.1928,recipe,true
2026-08-14,mari,mari,mari,f,Add BBQ Sauce,1.0,1.36,1.5,0.0,lightspeed,true
2026-08-14,mari,mari,mari,f,Add Cherry Tomatoes,1.0,1.36,1.5,0.0,lightspeed,true
2026-08-14,mari,mari,mari,f,Add Pineapple,1.0,1.36,1.5,0.0,lightspeed,true
2026-08-14,mari,mari,mari,f,Large Hail Africa,1.0,0.0,0.0,6.2812,recipe,true
2026-08-14,mari,mari,mari,f,Large New Yorker,1.0,0.0,0.0,4.9731,recipe,true
2026-08-14,mari,mari,mari,f,Online Discount,8.0,-76.15,-76.15,0.0,lightspeed,true
2026-08-14,stow,stow,stow,b,Fresh is Best Lager - Pint,50.0,537.8,591.76,121.095,recipe,true
2026-08-14,stow,stow,stow,b,Jalapeño Marg,19.0,392.78,432.03,73.0702,recipe,true
2026-08-14,stow,stow,stow,b,Guinness Draught - Pint,24.0,381.84,420.0,115.3224,recipe,true
2026-08-14,stow,stow,stow,b,Classic Margarita,21.0,329.67,362.64,87.6204,recipe,true
2026-08-14,stow,stow,stow,f,Beef Cheek,8.0,285.32,313.88,0.0,lightspeed,true
2026-08-14,stow,stow,stow,b,Stone & Wood - Schooner,22.0,266.19,292.78,72.5186,recipe,true
2026-08-14,stow,stow,stow,b,Version Two Pinot Grigio - Regular,29.0,237.2,261.0,51.2343,recipe,true
2026-08-14,stow,stow,stow,b,Grifter Pale - Pint,20.0,234.58,258.0,66.588,recipe,true
2026-08-14,stow,stow,stow,f,Beef Burrito,9.0,209.23,230.19,84.6648,recipe,true
2026-08-14,stow,stow,stow,b,Philter XPA - Pint,18.0,209.13,229.99,54.0396,recipe,true
2026-08-14,stow,stow,stow,b,Philter XPA - Schooner,19.0,189.76,208.8,42.5315,recipe,true
2026-08-14,stow,stow,stow,b,Stone & Wood - Pint,12.0,187.4,206.2,53.0508,recipe,true
2026-08-14,stow,stow,stow,b,Mulled Wine,13.0,180.47,198.46,27.1206,recipe,true
2026-08-14,stow,stow,stow,f,Rosemary Salted Fries,15.0,178.61,196.45,27.9,recipe,true
2026-08-14,stow,stow,stow,f,Stow Schnitty,7.0,175.16,192.73,38.486,recipe,true
2026-08-14,stow,stow,stow,b,White Light Pure Vodka [House],17.0,151.8,167.0,25.8536,recipe,true
2026-08-14,stow,stow,stow,b,Casa Gheller Prosecco - Glass,10.0,144.03,158.39,33.48,recipe,true
2026-08-14,stow,stow,stow,b,Trutta Streamside Shiraz [Chilled] - Regular,8.0,134.65,148.13,31.744,recipe,true
2026-08-14,stow,stow,stow,f,Chicken Burrito,5.0,133.07,146.39,41.405,recipe,true
2026-08-14,stow,stow,stow,b,Status Quo - Pint,8.0,130.41,143.43,33.2696,recipe,true
2026-08-14,stow,stow,stow,f,Sensei Calamari,7.0,126.43,139.06,15.8396,recipe,true
2026-08-14,stow,stow,stow,f,American Standard Burger,6.0,123.86,136.26,35.0418,recipe,true
2026-08-14,stow,stow,stow,f,Arancini Balls [5pc],6.0,122.07,134.28,0.0,lightspeed,true
2026-08-14,stow,stow,stow,f,Sweet Potato Fries,10.0,120.91,132.97,25.301,recipe,true
2026-08-14,stow,stow,stow,b,Kirin - Pint,7.0,114.38,125.8,35.6468,recipe,true
2026-08-14,stow,stow,stow,b,Domaine Gueguen Chablis - Bottle,1.0,112.66,123.93,44.73,lightspeed,true
2026-08-14,stow,stow,stow,f,Fish Tacos,6.0,110.88,121.98,11.091,recipe,true
2026-08-14,stow,stow,stow,b,Aperol Spritz,7.0,107.9,118.69,24.892,recipe,true
2026-08-14,stow,stow,stow,f,Buffalo Wings,6.0,98.58,108.42,17.8584,recipe,true
2026-08-14,stow,stow,stow,f,Baked Camembert,4.0,92.06,101.23,0.0,lightspeed,true
2026-08-14,stow,stow,stow,b,BBQ Ribs,3.0,89.24,98.18,0.0,lightspeed,true
2026-08-14,stow,stow,stow,b,Trentham Estate Rosé - Regular,9.0,87.14,95.87,18.99,recipe,true
2026-08-14,stow,stow,stow,b,Fresh is Best Summer Lager - Pint,8.0,85.61,94.17,16.8672,recipe,true
2026-08-14,stow,stow,stow,b,Philter Pale - Schooner,9.0,85.47,93.98,0.0,lightspeed,true
2026-08-14,stow,stow,stow,f,Chicken Burrito D,4.0,77.29,85.0,33.124,recipe,true
2026-08-14,stow,stow,stow,b,Hugo Spritz,4.0,76.98,84.69,16.384,recipe,true
2026-08-14,stow,stow,stow,b,Beetle Juice,4.0,76.97,84.68,14.828,recipe,true
2026-08-14,stow,stow,stow,b,Lychee Martini,4.0,73.31,80.65,15.6312,recipe,true
2026-08-14,stow,stow,stow,b,Ottelia Chardonnay - Regular,5.0,72.75,80.0,17.297,recipe,true
2026-08-14,stow,stow,stow,b,Kirin - Schooner,5.7,70.78,77.84,21.6423,recipe,true
2026-08-14,stow,stow,stow,b,Petits Detours Rosé - Regular,5.0,70.32,77.32,17.34,recipe,true
2026-08-14,stow,stow,stow,b,Sigurd GSM Red Blend - Bottle,1.0,70.0,77.0,23.1,lightspeed,true
2026-08-14,stow,stow,stow,b,Unico Zelo Terra Cotta - Bottle,1.0,68.53,75.39,21.8903,recipe,true
2026-08-14,stow,stow,stow,b,Fresh is Best Lager - Schooner,10.0,66.91,73.6,18.058,recipe,true
2026-08-14,stow,stow,stow,f,Buffalo Wings D,5.0,65.08,71.6,14.882,recipe,true
2026-08-14,stow,stow,stow,b,Trutta Streamside Shiraz [Chilled] - Bottle,1.0,63.84,70.22,19.84,lightspeed,true
2026-08-14,stow,stow,stow,f,Beef Cheek D,2.0,63.46,69.8,0.0,lightspeed,true
2026-08-14,stow,stow,stow,f,Bang Bang Cauli,4.0,62.83,69.12,11.0636,recipe,true
2026-08-14,stow,stow,stow,b,Frozen Marg - Jalapeño,3.0,62.73,69.0,12.0549,recipe,true
2026-08-14,stow,stow,stow,b,Tommy's Margarita,3.0,62.73,69.0,15.1716,recipe,true
2026-08-14,stow,stow,stow,b,Grifter Pale - Schooner,7.0,60.88,67.0,17.3768,recipe,true
2026-08-14,stow,stow,stow,b,Casa Gheller Prosecco - Bottle,1.0,60.09,66.1,16.73,lightspeed,true
2026-08-14,stow,stow,stow,b,Rooster Rojo Blanco Tequila [House],6.0,60.0,66.0,11.7846,recipe,true
2026-08-14,stow,stow,stow,b,Bombay Dry [House],6.0,58.33,64.17,12.9864,recipe,true
2026-08-14,stow,stow,stow,b,Petits Detours Rosé Mediterranee - Bottle,1.0,58.18,64.0,17.34,recipe,true
2026-08-14,stow,stow,stow,b,Coconut Margarita,3.0,57.54,63.29,12.7347,recipe,true
2026-08-14,stow,stow,stow,b,Fresh is Best Summer Lager - Schooner,8.0,55.49,61.06,12.5768,recipe,true
2026-08-14,stow,stow,stow,b,Version Two Sparkling - Regular,5.0,54.91,60.4,8.8335,recipe,true
2026-08-14,stow,stow,stow,f,Fancy Pants Parmy - Classic,2.0,54.44,59.9,15.1972,recipe,true
2026-08-14,stow,stow,stow,f,Fish Burrito,2.0,53.4,58.74,11.6828,recipe,true
2026-08-14,stow,stow,stow,f,Chicken Shindig Burger,2.0,50.5,55.57,10.7858,recipe,true
2026-08-14,stow,stow,stow,b,Villa Fresco Sangiovese - Regular,6.0,50.41,55.46,14.4738,recipe,true
2026-08-14,stow,stow,stow,b,Bacardi Blanca [House],5.0,50.35,55.38,10.68,lightspeed,true
2026-08-14,stow,stow,stow,b,Padrillos Malbec - Regular,3.0,49.61,54.59,11.5998,recipe,true
2026-08-14,stow,stow,stow,b,Year Wines Fiano - Regular,3.0,49.61,54.59,12.813,recipe,true
2026-08-14,stow,stow,stow,b,Whispering Angel Rosé - Regular,2.0,48.36,53.2,13.718,recipe,true
2026-08-14,stow,stow,stow,f,Kids Margherita Pizza,4.0,47.66,52.42,0.0,lightspeed,true
2026-08-14,stow,stow,stow,f,BBQ Wings,3.0,46.58,51.25,9.42,recipe,true
2026-08-14,stow,stow,stow,b,Ottelia Chardonnay - Large,2.0,46.2,50.82,11.5314,recipe,true
2026-08-14,stow,stow,stow,f,Fish Burrito D,2.0,45.46,50.0,11.6828,recipe,true
2026-08-14,stow,stow,stow,b,Negroni,2.0,41.3,45.44,8.198,recipe,true
2026-08-14,stow,stow,stow,b,Geppetto Pinot Noir - Regular,3.0,40.92,45.0,10.536,recipe,true
2026-08-14,stow,stow,stow,f,Rocket Man,3.0,40.34,44.38,9.5916,recipe,true
2026-08-14,stow,stow,stow,b,Vodka Martini,2.0,40.0,44.0,5.8572,recipe,true
2026-08-14,stow,stow,stow,b,Mother's Milk Shiraz - Regular,3.0,39.56,43.5,9.6489,recipe,true
2026-08-14,stow,stow,stow,f,Kids Nuggets & Chips,3.0,36.63,40.29,6.7281,recipe,true
2026-08-14,stow,stow,stow,b,French Martini,2.0,36.36,40.0,7.8422,recipe,true
2026-08-14,stow,stow,stow,f,Brownie,3.0,33.09,36.4,8.4678,recipe,true
2026-08-14,stow,stow,stow,b,Crankshaft IPA - Pint,3.0,31.82,35.0,12.9072,recipe,true
2026-08-14,stow,stow,stow,f,Pie,2.0,29.91,32.9,0.0,lightspeed,true
2026-08-14,stow,stow,stow,b,Das Juice Pink Pet Nat - Regular,2.0,29.58,32.53,6.6,recipe,true
2026-08-14,stow,stow,stow,f,Chicken Parmy D,1.0,28.09,30.9,0.0,lightspeed,true
2026-08-14,stow,stow,stow,f,Eggplant Parmy,1.0,27.23,29.95,0.0,lightspeed,true
2026-08-14,stow,stow,stow,b,Grey Goose,2.0,26.29,28.91,5.148,recipe,true
2026-08-14,stow,stow,stow,b,Kuku Sauvignon Blanc - Regular,2.0,25.88,28.46,5.8282,recipe,true
2026-08-14,stow,stow,stow,f,Pie D,1.0,25.45,28.0,0.0,lightspeed,true
2026-08-14,stow,stow,stow,b,Guinness Draught - Schooner,2.0,24.95,27.44,7.1654,recipe,true
2026-08-14,stow,stow,stow,b,Pink Lemonade Glass,6.0,24.68,27.15,5.6898,recipe,true
2026-08-14,stow,stow,stow,b,Year Wines Fiano - Large,1.0,24.55,27.0,7.1182,recipe,true
2026-08-14,stow,stow,stow,f,Chicken Schnitty D,1.0,24.45,26.9,0.0,lightspeed,true
2026-08-14,stow,stow,stow,f,Eggplant Schnitty,1.0,24.41,26.85,4.438,recipe,true
2026-08-14,stow,stow,stow,b,Petits Detours Rosé - Large,1.0,23.48,25.82,5.78,recipe,true
2026-08-14,stow,stow,stow,b,Mother's Milk Shiraz - Large,1.0,22.73,25.0,5.3605,recipe,true
2026-08-14,stow,stow,stow,f,Fries D,2.0,22.64,24.9,0.0,lightspeed,true
2026-08-14,stow,stow,stow,b,Geppetto Pinot Noir - Large Glass,1.0,22.53,24.78,5.8533,recipe,true
2026-08-14,stow,stow,stow,b,Jack Daniels,2.0,22.18,24.4,4.5266,recipe,true
2026-08-14,stow,stow,stow,f,Beef Burger D,1.0,21.82,24.0,5.8403,recipe,true
2026-08-14,stow,stow,stow,f,Chicken Burger D,1.0,21.82,24.0,0.0,lightspeed,true
2026-08-14,stow,stow,stow,b,Kuku Sauvignon Blanc - Large,1.0,20.91,23.0,4.8567,recipe,true
2026-08-14,stow,stow,stow,b,Baileys Irish Cream,2.0,20.0,22.0,2.5404,recipe,true
2026-08-14,stow,stow,stow,b,Flower Child,1.0,20.0,22.0,3.5167,recipe,true
2026-08-14,stow,stow,stow,b,Four Pillars Olive Leaf Gin Tonica,1.0,20.0,22.0,5.3081,recipe,true
2026-08-14,stow,stow,stow,b,Peroni,2.0,19.73,21.69,5.0434,recipe,true
2026-08-14,stow,stow,stow,b,Corona,2.0,19.72,21.68,5.1426,recipe,true
2026-08-14,stow,stow,stow,b,Moscow Mule,1.0,19.09,21.0,3.4136,recipe,true
2026-08-14,stow,stow,hg,f,Uber Margherita Pizza [HG],1.0,19.09,21.0,0.0,lightspeed,true
2026-08-14,stow,stow,stow,b,Sigurd GSM Red Blend - Regular,1.0,18.78,20.66,4.62,recipe,true
2026-08-14,stow,stow,stow,f,Lepinja Bread,2.0,18.48,20.33,0.0,lightspeed,true
2026-08-14,stow,stow,stow,f,Fish Tacos D,1.0,18.09,19.9,1.8485,recipe,true
2026-08-14,stow,stow,stow,b,San Pellegrino 500ml,2.0,16.9,18.6,4.64,recipe,true
2026-08-14,stow,stow,stow,f,BBQ Wings D,1.0,15.36,16.9,3.14,recipe,true
2026-08-14,stow,stow,stow,b,Year Wines 'Zagara' Orange - Regular,1.0,15.03,16.53,3.42,recipe,true
2026-08-14,stow,stow,stow,f,Bang Bang Cauli D,1.0,14.55,16.0,2.7659,recipe,true
2026-08-14,stow,stow,stow,b,Quiet Riot Negroni,1.0,14.55,16.0,4.5695,recipe,true
2026-08-14,stow,stow,stow,b,Apple Juice Glass,3.0,13.65,15.0,1.9782,recipe,true
2026-08-14,stow,stow,stow,b,Trade Winds,1.0,13.15,14.46,1.4538,recipe,true
2026-08-14,stow,stow,stow,b,Fresh Lime Soda,4.0,12.83,14.12,0.0,lightspeed,true
2026-08-14,stow,stow,stow,b,Bombay Sapphire,1.0,12.73,14.0,2.3559,recipe,true
2026-08-14,stow,stow,stow,b,Philter Pale - Pint,1.0,12.73,14.0,0.0,lightspeed,true
2026-08-14,stow,stow,stow,f,Rocket Man D,2.0,12.73,14.0,6.3944,recipe,true
2026-08-14,stow,stow,stow,b,Pepsi Glass,3.0,12.41,13.65,3.93,recipe,true
2026-08-14,stow,stow,stow,b,Status Quo - Schooner,1.0,12.27,13.5,3.1008,recipe,true
2026-08-14,stow,stow,stow,f,Kids Hawaiian Pizza,1.0,12.2,13.42,0.0,lightspeed,true
2026-08-14,stow,stow,stow,b,Virgin Margy,1.0,12.2,13.42,0.0,lightspeed,true
2026-08-14,stow,stow,stow,b,Grifter Omen Stout Tin,1.0,11.82,13.0,3.19,recipe,true
2026-08-14,stow,stow,stow,f,Kids Ham & Cheese Pizza,1.0,11.82,13.0,0.0,lightspeed,true
2026-08-14,stow,stow,stow,f,Kids Nuggets D,1.0,11.82,13.0,2.2427,recipe,true
2026-08-14,stow,stow,hg,f,Nuggets & Chips [HG],1.0,11.82,13.0,0.0,lightspeed,true
2026-08-14,stow,stow,stow,f,Brownie D,6.0,11.73,12.9,11.7006,recipe,true
2026-08-14,stow,stow,stow,b,Jameson Irish Whiskey,1.0,10.91,12.0,2.2547,recipe,true
2026-08-14,stow,stow,stow,b,Young Henrys Cloudy Cider Can,1.0,10.91,12.0,2.58,recipe,true
2026-08-14,stow,stow,stow,f,Amalfi Olives,1.0,10.8,11.88,0.0,lightspeed,true
2026-08-14,stow,stow,stow,b,Monkey Shoulder Scotch [House],1.0,10.33,11.36,2.4467,recipe,true
2026-08-14,stow,stow,stow,b,Appleton Rum [House],1.0,10.0,11.0,2.2543,recipe,true
2026-08-14,stow,stow,stow,b,Asahi 3.5%,1.0,9.55,10.5,2.18,recipe,true
2026-08-14,stow,stow,stow,b,Monteith's Apple Cider Bottle,1.0,9.55,10.5,3.11,recipe,true
2026-08-14,stow,stow,stow,b,"Lemon, Lime & Bitters",2.0,9.1,10.0,2.0538,recipe,true
2026-08-14,stow,stow,stow,f,Onion Rings D,1.0,9.09,10.0,0.0,lightspeed,true
2026-08-14,stow,stow,stow,b,Peroni 0%,1.0,8.18,9.0,1.8463,recipe,true
2026-08-14,stow,stow,stow,f,Extra Taco,1.0,6.57,7.23,0.9826,recipe,true
2026-08-14,stow,stow,stow,f,Hot Honey,2.0,5.64,6.2,0.0,lightspeed,true
2026-08-14,stow,stow,stow,f,Side Gravy,4.0,5.57,6.15,1.2032,recipe,true
2026-08-14,stow,stow,stow,f,Add Side Salad,2.0,5.46,6.0,0.0,lightspeed,true
2026-08-14,stow,stow,stow,f,Side Aioli,12.0,5.44,6.08,0.0,lightspeed,true
2026-08-14,stow,stow,stow,b,Pineapple Juice Glass,1.0,4.55,5.0,0.6942,recipe,true
2026-08-14,stow,stow,stow,b,Lemonade Glass,1.0,4.23,4.65,0.8032,recipe,true
2026-08-14,stow,stow,stow,b,Pepsi Max Glass,1.0,4.09,4.5,1.31,recipe,true
2026-08-14,stow,stow,stow,f,Extra Red Wine Jus,1.0,3.76,4.13,0.0,lightspeed,true
2026-08-14,stow,stow,stow,f,Swap Fries for Sweet Potato Fries,2.0,3.64,4.0,0.0,lightspeed,true
2026-08-14,stow,stow,stow,b,Tonic Glass,1.0,3.64,4.0,0.0,lightspeed,true
2026-08-14,stow,stow,stow,f,Double Scoop,1.0,3.18,3.5,0.0,lightspeed,true
2026-08-14,stow,stow,stow,f,Caramelised Onion Jam,1.0,2.82,3.1,0.0,lightspeed,true
2026-08-14,stow,stow,stow,f,Side Spicy Salsa,3.0,2.79,3.06,0.0,lightspeed,true
2026-08-14,stow,stow,stow,b,Fever-Tree Light Tonic [mixer],2.0,1.85,2.03,0.0,lightspeed,true
2026-08-14,stow,stow,stow,f,Jalapeños on Side,2.0,1.85,2.03,0.0,lightspeed,true
2026-08-14,stow,stow,stow,f,Add Grilled Chicken,1.0,1.82,2.0,0.0,lightspeed,true
2026-08-14,stow,stow,stow,f,Extra Gravy,1.0,1.82,2.0,0.3008,recipe,true
2026-08-14,stow,stow,stow,b,Large Half/Half,1.0,1.82,2.0,0.0,lightspeed,true
2026-08-14,stow,stow,stow,f,Swap for Sweet Potato Fries,1.0,1.82,2.0,0.0,lightspeed,true
2026-08-14,stow,stow,stow,f,Side Guacamole,1.0,1.4,1.55,0.0,lightspeed,true
2026-08-14,stow,stow,stow,f,Extra Corn Chips,1.0,0.94,1.03,0.0,lightspeed,true
2026-08-14,stow,stow,stow,f,Side Blue Cheese Dip,2.0,0.94,1.03,0.0,lightspeed,true
2026-08-14,stow,stow,stow,f,Side Sour Cream,1.0,0.94,1.03,0.0,lightspeed,true
2026-08-14,stow,stow,stow,f,Side Guac,1.0,0.91,1.0,0.0,lightspeed,true
2026-08-14,stow,stow,stow,f,Jalapeños Inside Burrito,1.0,0.36,0.4,0.0,lightspeed,true
2026-08-14,stow,stow,stow,f,1/2 Marinated Egg,1.0,0.0,0.0,0.0,lightspeed,true
2026-08-14,stow,stow,stow,b,2 Glasses,2.0,0.0,0.0,0.0,lightspeed,true
2026-08-14,stow,stow,stow,b,3 Glasses,1.0,0.0,0.0,0.0,lightspeed,true
2026-08-14,stow,stow,stow,b,4 Glasses,2.0,0.0,0.0,0.0,lightspeed,true
2026-08-14,stow,stow,stow,b,Dirty,2.0,0.0,0.0,0.0,lightspeed,true
2026-08-14,stow,stow,stow,b,Dressing on the Side,1.0,0.0,0.0,0.0,lightspeed,true
2026-08-14,stow,stow,stow,b,Easy Sauce,3.0,0.0,0.0,0.0,lightspeed,true
2026-08-14,stow,stow,stow,f,Extra Chicken,1.0,0.0,0.0,0.0,lightspeed,true
2026-08-14,stow,stow,stow,b,Jug of Water,2.0,0.0,0.0,0.0,lightspeed,true
2026-08-14,stow,stow,stow,b,Lemon,4.0,0.0,0.0,0.0,lightspeed,true
2026-08-14,stow,stow,stow,b,Lime,4.0,0.0,0.0,0.0,lightspeed,true
2026-08-14,stow,stow,stow,b,Make It A Burrito Bowl [gluten-free],8.0,0.0,0.0,0.0,lightspeed,true
2026-08-14,stow,stow,stow,f,Miso,1.0,0.0,0.0,0.0,lightspeed,true
2026-08-14,stow,stow,stow,b,No Anchovies,1.0,0.0,0.0,0.0,lightspeed,true
2026-08-14,stow,stow,stow,b,No Bacon,1.0,0.0,0.0,0.0,lightspeed,true
2026-08-14,stow,stow,stow,b,No Beans,3.0,0.0,0.0,0.0,lightspeed,true
2026-08-14,stow,stow,stow,b,No Burger Sauce,1.0,0.0,0.0,0.0,lightspeed,true
2026-08-14,stow,stow,stow,b,No Cheese (Make It Dairy-Free),1.0,0.0,0.0,0.0,lightspeed,true
2026-08-14,stow,stow,stow,b,No Garnish,1.0,0.0,0.0,0.0,lightspeed,true
2026-08-14,stow,stow,stow,b,No Glasses Needed,1.0,0.0,0.0,0.0,lightspeed,true
2026-08-14,stow,stow,stow,b,No Mayo,2.0,0.0,0.0,0.0,lightspeed,true
2026-08-14,stow,stow,stow,b,No Olives,2.0,0.0,0.0,0.0,lightspeed,true
2026-08-14,stow,stow,stow,b,No Onion,1.0,0.0,0.0,0.0,lightspeed,true
2026-08-14,stow,stow,stow,b,No Pickle,1.0,0.0,0.0,0.0,lightspeed,true
2026-08-14,stow,stow,stow,b,No Pico de Gallo,1.0,0.0,0.0,0.0,lightspeed,true
2026-08-14,stow,stow,stow,b,No Pineapple,2.0,0.0,0.0,0.0,lightspeed,true
2026-08-14,stow,stow,stow,b,No Rice,2.0,0.0,0.0,0.0,lightspeed,true
2026-08-14,stow,stow,stow,b,No Salt,3.0,0.0,0.0,0.0,lightspeed,true
2026-08-14,stow,stow,stow,b,No Slaw,2.0,0.0,0.0,0.0,lightspeed,true
2026-08-14,stow,stow,stow,b,No Sugar,1.0,0.0,0.0,0.0,lightspeed,true
2026-08-14,stow,stow,stow,b,No Tomato,1.0,0.0,0.0,0.0,lightspeed,true
2026-08-14,stow,stow,stow,b,No Tomato Base,1.0,0.0,0.0,0.0,lightspeed,true
2026-08-14,stow,stow,stow,b,Olive,2.0,0.0,0.0,0.0,lightspeed,true
2026-08-14,stow,stow,stow,b,On The Rocks,8.0,0.0,0.0,0.0,lightspeed,true
2026-08-14,stow,stow,stow,b,Ottelia Cab Sav - Regular,1.0,0.0,0.0,4.608,recipe,true
2026-08-14,stow,stow,stow,b,Pepsi Max [mixer],2.0,0.0,0.0,1.61,lightspeed,true
2026-08-14,stow,stow,stow,b,Pepsi [mixer],1.0,0.0,0.0,0.8,lightspeed,true
2026-08-14,stow,stow,stow,b,Send Kids Food ASAP,9.0,0.0,0.0,0.0,lightspeed,true
2026-08-14,stow,stow,stow,f,Side BBQ Sauce,5.0,0.0,0.0,0.0,lightspeed,true
2026-08-14,stow,stow,stow,b,Side Tomato Sauce,13.0,0.0,0.0,0.0,lightspeed,true
2026-08-14,stow,stow,stow,b,Soda [mixer],2.0,0.0,0.0,0.0,lightspeed,true
2026-08-14,stow,stow,stow,b,Tonic [mixer],2.0,0.0,0.0,1.61,lightspeed,true
