ProductID,ProductNo,ProductName,DocketName,Barcode,SKU,Unit,DefaultSize,SellPriceIncTax,SellTaxCode,CostPriceIncTax,CostTaxCode,IsModifier,PrintDocket,Tags,CategoryNames,SellAccount,BuyAccount,InventoryAccount,ImageUrl,ReportingGroup,FriendlyName,ShowOnline,OnlineDescription,InventoryType,PurchaseFormat,PurchaseQty,Container,VariableQtyPrompt
21663708,,"1x Egg",,,,unit,1,2.5,GST,0.0000,GST,1,1,,,,,,,"Add-ons - Kitchen [Harrys]",,1,,1,Individual,1,UNIT,
22898077,,"Bamboo Shoot Sliced A10 [2.84kg]",,,,kg,2.84,0,FRE,8.1500,FRE,0,1,,,0,1,1,,,,1,,1,Individual,1,UNIT,
22918960,,"Beef Cantonese [kg]",,,,kg,1,0,FRE,19.8500,FRE,0,1,,,0,1,1,,,,,,1,Individual,1,UNIT,
20744688,,"Calle 23 Blanco Tequila [Bottle]",,,,ml,700,0,GST,72.0000,GST,0,1,"stock,stock-spirit",,0,1,1,,,,1,,1,Individual,1,BOTTLE,
21420361,,"Chashu Pork Belly Prep",,,,g,5000,0,GST,0.0000,GST,1,1,,,,,,,,,1,,,,,UNIT,
20750156,,"Hartshorn Sheep Whey Vodka [Bottle]",,,,ml,700,0,GST,0.0000,GST,0,1,"stock,stock-spirit",,0,1,1,,,,1,,1,Individual,1,BOTTLE,
22996458,,"Mayonnaise Smokey Chipotle Plant Based Vegan 1LT Birch & Waite",,,107147,unit,1,0,FRE,18.0000,FRE,0,1,,,1,0,0,,,,1,,,Individual,1,UNIT,
22645510,,"No Capsicum",,,,unit,1,0,GST,0.0000,GST,1,1,,,,,,,,,1,,1,Individual,1,UNIT,
22645535,,"No Jalapenos",,,,unit,1,0,GST,0.0000,GST,1,1,,,,,,,,,1,,1,Individual,1,UNIT,
20702600,,"Pepsi Glass",,,,unit,1,4.5,GST,1.3100,GST,0,1,,NON-ALC,0,,,,"Non-Alcoholic [Harrys]",,1,,,,,UNIT,
22995385,,"Beef Brisket Diced 3x3cm [5kg]",,,28294,unit,1,0,FRE,82.5000,FRE,0,0,,,0,1,1,,,,,,1,Individual,1,UNIT,
23173450,,"Extra Chicken.",,,,unit,1,4,GST,0.0000,GST,1,1,,,,,,,,,1,,1,Individual,1,UNIT,
23173454,,"GFO [GF Ramen Noodles]",,,,unit,1,3,GST,0.0000,GST,1,1,,,,,,,"Add-ons - Kitchen [Harrys]",,1,,1,Individual,1,UNIT,
20750171,,"Michter's Bourbon [Bottle]",,,,ml,700,0,GST,0.0000,GST,0,1,"stock,stock-spirit",,0,1,1,,,,1,,1,Individual,1,BOTTLE,
22992389,,"Rice Vermicelli Noodles [1.5KG]",,,,unit,1,0,FRE,8.6000,FRE,0,1,,,,1,1,,,,1,,1,Individual,1,UNIT,
20745353,,"Vermouth Blend [Bottle]",,,,ml,1000,0,GST,0.0000,GST,0,1,"stock,stock-spirit",,0,,,,,,1,,,,,BOTTLE,
20691646,,Corona,,,,unit,1,11,GST,2.5400,GST,0,1,ALCOHOL,BEERS,1,1,1,,"Bottles / Cans Alcoholic [Harrys]",,1,,1,Crates,24,UNIT,
20702631,,"Ginger Beer Glass [HG]",,,,ml,300,4,GST,0.0000,GST,0,1,,NON-ALC,1,0,0,,"Non-Alcoholic [Harrys]",,1,,,,,UNIT,
20691639,,"Vinada Sparkling Wine",,,,unit,1,11,GST,0.0000,GST,0,1,BEVERAGE,NON-ALC,1,0,0,,"Non-Alcoholic [Harrys]",,1,,,,,UNIT,
20700620,,"Palloncino Prosecco - Bottle",,,,ml,750,49,GST,11.5000,GST,0,1,"ALCOHOL,stock,stock-wine",WINE,1,1,1,,"Sparkling Wine [Harrys]",,1,,1,Crates,12,UNIT,
22645470,,"Add Eggplant",,,,unit,1,1,GST,0.0000,GST,1,1,,,,,,,"Stow Food [Harrys]",,1,,1,Individual,1,UNIT,
22918972,,"Bamboo Wooden Boats [50s]",,,,unit,1,0,GST,16.5000,GST,0,1,,,0,1,1,,,,,,1,Individual,1,UNIT,
20750115,,"Barrel One Coffee Concentrate [Bottle]",,,,ml,750,0,GST,13.8800,GST,0,1,"stock,stock-spirit",,0,1,1,,,,1,,1,Individual,1,BOTTLE,
20750164,,"Joseph Cartron Mango [Bottle]",,,,ml,700,0,GST,45.2000,GST,0,1,"stock,stock-spirit",,0,1,1,,,,1,,1,Individual,1,BOTTLE,
20750169,,"Mac. Liqueur by Brookie's [Bottle]",,,,ml,700,0,GST,45.9900,GST,0,1,"stock,stock-spirit",,0,1,1,,,,1,,1,Individual,1,BOTTLE,
22645538,,"No Chicken",,,,unit,1,0,GST,0.0000,GST,1,1,,,,,,,,,1,,1,Individual,1,UNIT,
22645083,,"Chicken Burger [HG]",,,,unit,1,26,GST,0.0000,GST,0,1,,"STOW FOOD",,,,,"Stow Food [Harrys]",,1,,,Individual,1,UNIT,
22345964,,"Chicken Wings [Cumin Salt]",,,,unit,1,12,GST,0.0000,GST,0,1,,"YUM CHA",,,,,"Yum Cha [Harrys]",,1,,,Individual,1,UNIT,
22345921,,"Veg Spring Rolls [2pc]",,,,unit,1,9,GST,0.0000,GST,0,1,,"YUM CHA",,,,,"Yum Cha [Harrys]",,1,,,Individual,1,UNIT,
22346003,,"Wok Greens",,,,unit,1,10,GST,0.0000,GST,0,1,,"YUM CHA",,,,,"Yum Cha [Harrys]",,1,,,Individual,1,UNIT,
20744439,,"Bacardi Blanca [700ml]",,,,ml,700,0,GST,41.9900,GST,0,1,"stock,stock-spirit",,0,1,1,,,,1,,1,Individual,1,BOTTLE,
20744446,,"Campari [Bottle]",,,,ml,700,0,GST,35.8500,GST,0,1,"stock,stock-spirit",,0,1,1,,,,1,,1,Individual,1,BOTTLE,
22995412,,"Kimchi Sliced Bibigo [900g]",,,14141,unit,1,0,FRE,10.5000,FRE,0,0,,,0,1,1,,,,,,1,Individual,1,UNIT,
20744470,,"Ron Zacapa 23yr [Bottle]",,,,ml,700,0,GST,97.1500,GST,0,1,"stock,stock-spirit",,0,1,1,,,,1,,1,Individual,1,BOTTLE,
20702404,,Wet,,,,unit,1,0,GST,0.0000,GST,1,1,,,0,0,0,,,,1,,,Individual,1,UNIT,
22962978,,"White Pepper",,,,g,1,0,FRE,0.0000,FRE,0,1,,,,,,,,,1,,1,Individual,,UNIT,
23173369,,Edamame,,,,unit,1,11,GST,0.0000,GST,0,1,,FOOD,,,,,"Small Plates [Harrys]",,1,,,,,UNIT,
20795724,,"Kids Fried Rice",,,,unit,1,13,GST,0.0000,GST,0,1,,FOOD,,,,,"Kids [Harrys]",,1,,,Individual,1,UNIT,
20691706,,"Amaro Montenegro",,,,ml,700,13,GST,0.0000,GST,0,1,ALCOHOL,SPIRITS,1,0,0,,"Amaro / Aperitif / Fortified Wine [Harrys]",,1,,,,,UNIT,
20691711,,"Baileys Irish Cream Liqueur",,,,ml,1000,11,GST,0.0000,GST,0,1,ALCOHOL,SPIRITS,1,0,0,,"Liqueurs [Harrys]",,1,,,,,UNIT,
20700689,,"5 Glasses",,,,unit,1,0,GST,0.0000,GST,1,1,,,0,0,0,,,,1,,,Individual,1,UNIT,
22995406,,"Greek Oregano Windsor Farm [1kg]",,,17483,unit,1,0,FRE,21.8000,FRE,0,0,,,0,1,1,,,,,,1,Individual,1,UNIT,
20750165,,"Lagavulin 16yr [Bottle]",,,,ml,700,0,GST,0.0000,GST,0,1,"stock,stock-spirit",,0,1,1,,,,1,,1,Individual,1,BOTTLE,
22918986,,"Napkin Dinner White Alfresco [1000s]",,,,unit,1,0,GST,48.4000,GST,0,1,,,0,1,1,,,,,,1,Individual,1,UNIT,
22645521,,"No Harissa",,,,unit,1,0,GST,0.0000,GST,1,1,,,,,,,,,1,,1,Individual,1,UNIT,
23173443,,"Swap for Chicken",,,,unit,1,0,GST,0.0000,GST,1,1,,,,,,,"Add-ons - Kitchen [Harrys]",,1,,1,Individual,1,UNIT,
21862254,,"Vegan & Gluten-free [Rice Noodles]",,,,unit,1,0,GST,0.0000,GST,1,1,,,,,,,,,1,,1,Individual,1,UNIT,
20691629,,Margato,,,,unit,1,20,GST,0.0000,GST,0,1,ALCOHOL,COCKTAILS,1,0,0,,"Cocktails - Signature [Harrys]",,1,,,,,UNIT,
21750311,,"Jinro Chamisul - 360ml",,,,ml,360,32,GST,12.1200,GST,0,1,,"SAKE / SOJU",,,,,"Sake & Soju [Harrys]",,1,,1,Crates,20,UNIT,
21771521,,"Mulled Wine [HG]",,,,unit,1,15,GST,0.0000,GST,0,1,,WINE,,,,,"Red Wine [Harrys]",,1,,,,,UNIT,
22995420,,"Pears Green [kg]",,,PGKG,unit,1,0,FRE,4.4000,FRE,0,0,,,0,1,1,,,,,,1,Individual,1,UNIT,
22918963,,"Pork Cantonese Leg [kg]",,,,kg,1,0,FRE,15.0000,FRE,0,1,,,0,1,1,,,,,,1,Individual,1,UNIT,
22996437,,"Sea Salt Flakes 6kg Olssons",,,,unit,1,0,FRE,65.0000,FRE,0,1,,,1,0,0,,,,1,,,Individual,1,UNIT,
20840007,,"St. Felix Yuzu Green Tea Spirit [Bottle]",,,,ml,700,0,GST,63.2400,GST,0,1,,,,,,,,,1,,1,Individual,1,BOTTLE,
22617189,,"Matcha Sando",,,,unit,1,14,GST,0.0000,GST,0,1,,FOOD,,,,,"Desserts [Harrys]",,1,,1,Individual,1,UNIT,
20744656,,"Haku Vodka",,,,unit,1,15,GST,0.0000,GST,0,1,,SPIRITS,1,0,0,,"Vodkas [Harrys]",,1,,,,,UNIT,
20691764,,"Lost Explorer Espadín Mezcal",,,,unit,1,14,GST,0.0000,GST,0,1,ALCOHOL,SPIRITS,1,0,0,,"Mezcals [Harrys]",,1,,,,,UNIT,
20691769,,"Mr. Black Coffee Liqueur",,,,unit,1,13,GST,0.0000,GST,0,1,ALCOHOL,SPIRITS,1,0,0,,"Liqueurs [Harrys]",,1,,,,,UNIT,
22645089,,"Tuk Tuk Salad [HG]",,,,unit,1,22,GST,0.0000,GST,0,1,,"STOW FOOD",,,,,"Stow Food [Harrys]",,1,,1,Individual,1,UNIT,
22346021,,"Coconut Jelly",,,,unit,1,7,GST,0.0000,GST,0,1,,"YUM CHA",,,,,"Yum Cha [Harrys]",,1,,,Individual,1,UNIT,
22645457,,"Add Basil",,,,unit,1,1,GST,0.0000,GST,1,1,,,,,,,"Stow Food [Harrys]",,1,,1,Individual,1,UNIT,
22995388,,"Broccolini [Bunch]",,,BROCE,unit,1,0,FRE,4.6100,FRE,0,0,,,0,1,1,,,,,,1,Individual,1,UNIT,
22995402,,"Eggs 700 Grams [Box]",,,EGL7BX,unit,1,0,FRE,48.0000,FRE,0,0,,,0,1,1,,,,,,1,Individual,1,UNIT,
20993207,,"Extra Piece Prawn Toast",,,,unit,1,5,GST,0.0000,GST,1,1,,,,,,,"Add-ons - Kitchen [Harrys]",,1,,1,Individual,1,UNIT,
20750154,,"Gospel Solera Rye [Bottle]",,,,ml,700,0,GST,0.0000,GST,0,1,"stock,stock-spirit",,0,1,1,,,,1,,1,Individual,1,BOTTLE,
22996478,,"Mango Chunks 10x1kg [Bag]",,,MAD1,unit,1,0,FRE,8.0000,FRE,0,1,,,1,0,0,,,,1,,,Individual,1,UNIT,
20750179,,"Pernod Absinthe [Bottle]",,,,ml,700,0,GST,0.0000,GST,0,1,"stock,stock-spirit",,0,1,1,,,,1,,1,Individual,1,BOTTLE,
22645214,,"Swap Gravy for BBQ Sauce",,,,unit,1,0,GST,0.0000,GST,1,1,,,,,,,,,1,,1,Individual,1,UNIT,
22645049,,"Fish Burrito [HG]",,,,unit,1,28,GST,0.0000,GST,0,1,,"STOW FOOD",,,,,"Stow Food [Harrys]",,1,,,Individual,1,UNIT,
20700639,,"Azurescens Pinot Noir - Bottle",,,,ml,750,61,GST,14.0000,GST,0,1,"ALCOHOL,stock,stock-wine",WINE,1,1,1,,"Red Wine [Harrys]",,1,,1,Crates,12,UNIT,
22902165,,"Bread Slice White",,,,unit,1,0,FRE,0.0000,FRE,0,1,,,,,,,,,1,,1,Individual,,UNIT,
22898087,,"Carrot Shredded [kg]",,,,kg,1,0,FRE,2.6000,FRE,0,1,,,0,1,1,,,,1,,1,Individual,1,UNIT,
22645141,,"Chipotle Mayo Dipping Sauce",,,,unit,1,1,GST,0.0000,GST,1,1,,,,,,,"Stow Food [Harrys]",,1,,1,Individual,1,UNIT,
20744666,,"Dolin Rouge Vermouth [Bottle]",,,,ml,750,0,GST,23.6700,GST,0,1,"stock,stock-spirit",,0,1,1,,,,1,,1,Individual,1,BOTTLE,
20750142,,"Don Julio 1942 Añejo [Bottle]",,,,ml,700,0,GST,0.0000,GST,0,1,"stock,stock-spirit",,0,1,1,,,,1,,1,Individual,1,BOTTLE,
22898080,,"Spring Roll Veg Hakka [ea]",,,,unit,1,0,FRE,0.6400,FRE,0,1,,,0,1,1,,,,1,,1,Crates,36,UNIT,
22645213,,"Swap Gravy for Aioli",,,,unit,1,0,GST,0.0000,GST,1,1,,,,,,,,,1,,1,Individual,1,UNIT,
23281061,,"Status Quo - Pint [HG]",,,,unit,1,17.5,GST,0.0000,GST,0,1,,BEERS,,,,,"Tap Beer [Harrys]",,1,,1,Individual,1,UNIT,
20700555,,"Coconut Margarita [HG]",,,,unit,1,21,GST,0.0000,GST,0,1,ALCOHOL,COCKTAILS,1,0,0,,"Cocktails - Classic [Harrys]",,1,,,,,UNIT,
22345914,,"Veg Gyoza [4pc]",,,,unit,1,8,GST,0.0000,GST,0,1,,"YUM CHA",,,,,"Yum Cha [Harrys]",,1,,,Individual,1,UNIT,
22645494,,"Add Rocket",,,,unit,1,1,GST,0.0000,GST,1,1,,,,,,,"Stow Food [Harrys]",,1,,1,Individual,1,UNIT,
22995392,,"Carrot Large [kg]",,,CLKG,unit,1,0,FRE,1.6500,FRE,0,0,,,0,1,1,,,,,,1,Individual,1,UNIT,
22918979,,"Chilli Sauce Koon Yick [227g]",,,,unit,1,0,FRE,4.0000,FRE,0,1,,,0,1,1,,,,,,1,Individual,1,UNIT,
20691628,,"Laksa - chicken or tofu",,,,unit,1,24,GST,0.0000,GST,0,1,FOOD,,1,0,0,,"Big Plates [Harrys]",,1,,,,,UNIT,
21420364,,"Marinated Tofu",,,,unit,1,0,GST,0.0000,GST,1,1,,,,,,,,,1,,1,Individual,1,UNIT,
22918949,,"Mushroom King Brown 150g [punnet]",,,,unit,1,0,FRE,7.2000,FRE,0,1,,,0,1,1,,,,,,1,Individual,1,UNIT,
22947370,,"Noodle Mix","Noodle Mix",,,g,1,0,FRE,0.0000,FRE,0,0,,,,,,,,,,,,,,UNIT,
22947365,,"Pork Mince","Pork Mince",,,g,1,0,FRE,10.0000,FRE,0,0,,,,,,,,,,,1,Individual,1,UNIT,
20750190,,"StrangeLove Dirty Tonic [Bottle]",,,,ml,180,0,GST,0.0000,GST,0,1,"stock,stock-spirit",,0,1,1,,,,1,,1,Individual,1,BOTTLE,
23281069,,"Philter XPA - Schooner [HG]",,,,unit,1,11.5,GST,0.0000,GST,0,1,,BEERS,,,,,"Tap Beer [Harrys]",,1,,1,Individual,1,UNIT,
20750267,,"Bundaberg Ginger beer [750ml]",,,,ml,750,0,GST,3.3000,GST,0,1,,,0,1,1,,,,1,,1,Individual,,UNIT,
20750129,,"Cherry Heering [Bottle]",,,,ml,700,0,GST,0.0000,GST,0,1,"stock,stock-spirit",,0,1,1,,,,1,,1,Individual,1,BOTTLE,
22874477,,"Ginger Honey Syrup",,,,ml,1000,0,FRE,0.0000,FRE,0,1,,,,,,,,,1,,1,Individual,,UNIT,
22645534,,"No Mushrooms",,,,unit,1,0,GST,0.0000,GST,1,1,,,,,,,,,1,,1,Individual,1,UNIT,
20691617,,Vegetarian,,,,unit,1,0,GST,0.0000,GST,1,1,,,0,0,0,,,,1,,,Individual,1,UNIT,
20691622,,"Mie Goreng",,,,unit,1,23,GST,0.0000,GST,0,1,FOOD,FOOD,1,0,0,,"Big Plates [Harrys]",,1,,,,,UNIT,
22082879,,"Mixed Veg",,,,unit,1,11,GST,0.0000,GST,0,1,,FOOD,,,,,"Big Plates [Harrys]",,1,,,Individual,1,UNIT,
22645418,,"Truffalo Soldier Pizza [HG]",,,,unit,1,24,GST,0.0000,GST,0,1,,PIZZA,,,,,"Stow Food [Harrys]",,1,,,Individual,1,UNIT,
21925777,,"Padrillos Malbec - Regular",,,,unit,1,18,GST,0.0000,GST,0,1,,WINE,,,,,"Red Wine [Harrys]",,1,,,,,UNIT,
22285379,,"Whispering Angel - Regular [HG]",,,,unit,1,26,GST,0.0000,GST,0,1,,WINE,,,,,"Rose Wine [Harrys]",,1,,,Individual,1,UNIT,
22645461,,"Add Bocconcini",,,,unit,1,2,GST,0.0000,GST,1,1,,,,,,,"Stow Food [Harrys]",,1,,1,Individual,1,UNIT,
20991234,,"Grifter Extra Pale - Schooner",,,,unit,1,10.5,GST,2.2200,GST,0,1,ALCOHOL,,1,,,,"Tap Beer [Harrys]",,1,,,,1,UNIT,
20750161,,"John D. Taylor's Velvet Falernum [Bottle]",,,,ml,700,0,GST,0.0000,GST,0,1,"stock,stock-spirit",,0,1,1,,,,1,,1,Individual,1,BOTTLE,
22645533,,"No Olives",,,,unit,1,0,GST,0.0000,GST,1,1,,,,,,,,,1,,1,Individual,1,UNIT,
20750183,,"Quiquiriqui Mezcal [Bottle]",,,,ml,700,0,GST,0.0000,GST,0,1,"stock,stock-spirit",,0,1,1,,,,1,,1,Individual,1,BOTTLE,
20750185,,"Seadrift Coast [Bottle]",,,,ml,700,0,GST,0.0000,GST,0,1,"stock,stock-spirit",,0,1,1,,,,1,,1,Individual,1,BOTTLE,
22508097,,"Nitro Sorbet Espresso",,,,unit,1,20,GST,0.0000,GST,0,1,,COCKTAILS,,,,,"Cocktails - Signature [Harrys]",,1,,,,,UNIT,
20691638,,"Heaps Normal Quiet XPA",,,,unit,1,10.5,GST,2.4600,GST,0,1,BEVERAGE,NON-ALC,1,1,1,,"Non-Alcoholic [Harrys]",,1,,1,Crates,24,UNIT,
21050706,,"San Pellegrino 500ml",,,,unit,1,6,GST,0.0000,GST,0,1,,NON-ALC,,,,,"Non-Alcoholic [Harrys]",,1,,1,Crates,24,UNIT,
20691715,,"Bombay Sapphire Gin",,,,unit,1,14,GST,0.0000,GST,0,1,ALCOHOL,SPIRITS,1,0,0,,"Gins [Harrys]",,1,,,,,UNIT,
20700687,,"3 Glasses",,,,unit,1,0,GST,0.0000,GST,1,1,,,0,0,0,,,,1,,,Individual,1,UNIT,
22898083,,"BBQ Pork Buns Canton [ea]",,,,unit,1,0,FRE,1.7500,FRE,0,1,,,0,1,1,,,,1,,1,Crates,20,UNIT,
22920842,,"Cloves [400g]",,,,g,400,0,FRE,20.5000,FRE,0,1,,,0,1,1,,,,,,1,Individual,1,UNIT,
20702402,,Dirty,,,,unit,1,0,GST,0.0000,GST,1,1,,,0,0,0,,,,1,,,Individual,1,UNIT,
22893564,,"Mint Round Leaf [bunch]",,,,unit,1,0,FRE,1.5000,FRE,0,1,,,0,1,1,,,,1,,1,Individual,1,UNIT,
22645177,,"No Cheese (Make It Dairy-Free)",,,,unit,1,0,GST,0.0000,GST,1,1,,,,,,,,,1,,1,Individual,1,UNIT,
22898507,,"Sesame Oil Heaven Dragon [2L]",,,,ml,2000,0,FRE,19.0000,FRE,0,1,,,0,1,1,,,,1,,1,Individual,1,UNIT,
22946226,,"Wattleseed Honey Soy",,,,g,1000,0,FRE,0.0000,FRE,0,1,,,,,,,,,1,,,,,UNIT,
23269179,,"Takeaway Sauce 250ml",,,,unit,1,14,GST,0.0000,GST,0,1,,FOOD,,,,,"Add-ons - Kitchen [Harrys]",,1,,,,,UNIT,
20700609,,"Angas & Bremer Grenache - Large",,,,unit,1,21,GST,0.0000,GST,0,1,ALCOHOL,WINE,1,0,0,,"Red Wine [Harrys]",,1,,,,,UNIT,
20700685,,"1 Glass",,,,unit,1,0,GST,0.0000,GST,1,1,,,0,0,0,,,,1,,,Individual,1,UNIT,
22645478,,"Add Ham",,,,unit,1,1,GST,0.0000,GST,1,1,,,,,,,"Stow Food [Harrys]",,1,,1,Individual,1,UNIT,
22645483,,"Add Onion",,,,unit,1,1,GST,0.0000,GST,1,1,,,,,,,"Stow Food [Harrys]",,1,,1,Individual,1,UNIT,
22645502,,"Add Tandoori Chicken",,,,unit,1,2,GST,0.0000,GST,1,1,,,,,,,"Stow Food [Harrys]",,1,,1,Individual,1,UNIT,
20700707,,"Apple Juice [mixer]",,,,unit,1,0,GST,0.0000,GST,1,1,,,1,0,0,,,,1,,,Individual,1,UNIT,
20873385,,"Barebones Clear Ice Block",,,,unit,1,0,GST,0.7100,GST,0,1,,,,,,,,,1,,1,Individual,,UNIT,
20750150,,"Frangelico [Bottle]",,,,ml,700,0,GST,0.0000,GST,0,1,"stock,stock-spirit",,0,1,1,,,,1,,1,Individual,1,BOTTLE,
21452497,,"No Protein",,,,unit,1,0,GST,0.0000,GST,1,1,,,,,,,,,1,,1,Individual,1,UNIT,
21218775,,"Harry's Lager - Jug",,,,unit,1,20,GST,1.5700,GST,0,1,ALCOHOL,BEERS,1,0,0,,"Tap Beer [Harrys]",,1,,,,1,UNIT,
20691634,,"Demon Slayer",,,,unit,1,21,GST,0.0000,GST,0,1,ALCOHOL,COCKTAILS,1,0,0,,"Cocktails - Signature [Harrys]",,1,,,,,UNIT,
22645145,,"Extra Blue Cheese Dip",,,,unit,1,1,GST,0.0000,GST,1,1,,,,,,,"Stow Food [Harrys]",,1,,1,Individual,1,UNIT,
22893542,,"Pulp Avocado Chunky Frozen 8X454GM Edgell",,,,g,3632,0,FRE,82.0000,FRE,0,1,,,0.0,1.0,1.0,,,,1,,1,Individual,1,UNIT,
20744473,,"Sailor Jerry [Bottle]",,,,ml,700,0,GST,43.7800,GST,0,1,"stock,stock-spirit",,0,1,1,,,,1,,1,Individual,1,BOTTLE,
22902937,,"Sriracha [730mL]",,,,l,730,0,FRE,8.7000,FRE,0,1,,,0,1,1,,,,,,1,Individual,,UNIT,
22645183,,"Swap for Sweet Potato Fries",,,,unit,1,2,GST,0.0000,GST,1,1,,,,,,,"Stow Food [Harrys]",,1,,1,Individual,1,UNIT,
20795797,,"Fellr Watermelon Seltzer",,,,unit,1,12,GST,0.0000,GST,0,1,,BEERS,,,,,"Bottles / Cans Alcoholic [Harrys]",,1,,1,Crates,24,UNIT,
22594931,,"Unlimited BBQ",,,,unit,1,45,GST,0.0000,GST,0,1,,FOOD,,,,,"Big Plates [Harrys]",,1,,,Individual,1,UNIT,
21004255,,"Dolin Rouge Vermouth",,,,unit,1,11,GST,0.0000,GST,0,1,,SPIRITS,,,,,"Amaro / Aperitif / Fortified Wine [Harrys]",,1,,,,,UNIT,
20691767,,"Mancino Sakura Vermouth",,,,unit,1,12,GST,0.0000,GST,0,1,ALCOHOL,SPIRITS,1,0,0,,"Amaro / Aperitif / Fortified Wine [Harrys]",,1,,,,,UNIT,
20691786,,"Sailor Jerry Spiced Rum [House]",,,,unit,1,11,GST,0.0000,GST,0,1,ALCOHOL,SPIRITS,1,0,0,,"Rums [Harrys]",,1,,,,,UNIT,
22645472,,"Add Fetta",,,,unit,1,2,GST,0.0000,GST,1,1,,,,,,,"Stow Food [Harrys]",,1,,1,Individual,1,UNIT,
22645486,,"Add Pesto",,,,unit,1,1,GST,0.0000,GST,1,1,,,,,,,"Stow Food [Harrys]",,1,,1,Individual,1,UNIT,
20702400,,Dry,,,,unit,1,0,GST,0.0000,GST,1,1,,,0,0,0,,,,1,,,Individual,1,UNIT,
22918970,,"Garlic Chilli Sauce LKK [1.05kg]",,,,g,1050,0,FRE,14.5000,FRE,0,1,,,0,1,1,,,,,,1,Individual,1,UNIT,
22893561,,"Mushroom Button Breakfast [ea]",,,,unit,1,0,FRE,36.0000,FRE,0,1,,,0,1,1,,,,1,,1,Individual,1,UNIT,
22918991,,"Ramen Fresh Frozen Jun [12pc]",,,,unit,1,0,FRE,13.0000,FRE,0,1,,,0,1,1,,,,,,1,Individual,1,UNIT,
22972651,,"Toasted Rice Syrup [1L]",,,,ml,1000,0,GST,0.0000,GST,0,1,,,,,,,,,1,,,,,UNIT,
20944742,,"Sapporo - 500ml",,,,unit,1,16.5,GST,3.4800,GST,0,1,,BEERS,,,,,"Tap Beer [Harrys]",,1,,,,1,UNIT,
22507672,,"Pork Belly",,,,unit,1,17,GST,0.0000,GST,0,1,,FOOD,,,,,"Big Plates [Harrys]",,1,,,Individual,1,UNIT,
20691760,,"Kahlúa Coffee Liqueur",,,,unit,1,11,GST,44.0900,GST,0,1,ALCOHOL,SPIRITS,1,0,0,,"Liqueurs [Harrys]",,1,,,,,UNIT,
22893545,,"Cheese Mexican Blend Shredded [2kg]",,,,kg,2,0,FRE,30.0000,FRE,0,1,,,0,1,1,,,,1,,1,Individual,1,UNIT,
20691609,,Gluten-Free,,,,unit,1,0,GST,0.0000,GST,1,1,,,0,0,0,,,,1,,,Individual,1,UNIT,
22645167,,"No Beans",,,,unit,1,0,GST,0.0000,GST,1,1,,,,,,,,,1,,1,Individual,1,UNIT,
22995424,,"Radish Red [Bunch]",,,RRBCH,unit,1,0,FRE,2.8800,FRE,0,0,,,0,1,1,,,,,,1,Individual,1,UNIT,
20700712,,Tonic,,,,unit,1,0,GST,0.8032,GST,1,1,,,1,0,0,,,,1,,,Individual,1,UNIT,
22996442,,"Vanilla Bean Paste Organic 320gm Queen",,,,unit,1,0,FRE,35.0000,FRE,0,1,,,1,0,0,,,,1,,,Individual,1,UNIT,
20700562,,"Gin Martini [HG]",,,,unit,1,19,GST,0.0000,GST,0,1,ALCOHOL,COCKTAILS,1,0,0,,"Cocktails - Classic [Harrys]",,1,,,,,UNIT,
20702633,,"Apple Juice Glass",,,,unit,1,4,GST,0.0000,GST,0,1,,NON-ALC,1,0,0,,"Non-Alcoholic [Harrys]",,1,,,,,UNIT,
21750870,,"Kuromatsu Honjozo - 180ml",,,,unit,1,38,GST,0.0000,GST,0,1,,"SAKE / SOJU",,,,,"Sake & Soju [Harrys]",,1,,,Individual,1,UNIT,
20691709,,Aperol,,,,unit,1,9,GST,0.0000,GST,0,1,ALCOHOL,SPIRITS,1,0,0,,"Amaro / Aperitif / Fortified Wine [Harrys]",,1,,,,,UNIT,
22645497,,"Add Sliced Tomatoes",,,,unit,1,1,GST,0.0000,GST,1,1,,,,,,,"Stow Food [Harrys]",,1,,1,Individual,1,UNIT,
20750114,,"Balvenie 14yr Caribbean Cask [Bottle]",,,,ml,700,0,GST,0.0000,GST,0,1,"stock,stock-spirit",,,1,1,,,,1,,1,Individual,1,BOTTLE,
20744442,,"Belvedere Vodka [Bottle]",,,,ml,700,0,GST,55.8000,GST,0,1,"stock,stock-spirit",,0,1,1,,,,1,,1,Individual,1,BOTTLE,
20750174,,"Myer's Jamaican Rum [Bottle]",,,,ml,1000,0,GST,0.0000,GST,0,1,"stock,stock-spirit",,0,1,1,,,,1,,1,Individual,1,BOTTLE,
22918974,,"Rice Vermicelli Noodles Osha [500g]",,,,unit,1,0,FRE,2.5000,FRE,0,1,,,0,1,1,,,,,,1,Individual,1,UNIT,
20744653,,"Roku Gin [Bottle]",,,,ml,700,0,GST,51.6700,GST,0,1,"stock,stock-spirit",,0,1,1,,,,1,,1,Individual,1,BOTTLE,
20744471,,"Rooster Blanco Tequila [Bottle]",,,,ml,700,0,GST,45.8300,GST,0,1,"stock,stock-spirit",,0,1,1,,,,1,,1,Crates,6,BOTTLE,
22995426,,"Sesame Oil Blended Haday [5L]",,,10896,unit,1,0,FRE,25.5000,FRE,0,0,,,0,1,1,,,,,,1,Individual,1,UNIT,
20991232,,"Harry's Lager - Pint",,,,unit,1,12.5,GST,1.5700,GST,0,1,ALCOHOL,BEERS,1,0,0,,"Tap Beer [Harrys]",,1,,,,1,UNIT,
20700634,,"L'esprit Rosé - Bottle",,,,ml,750,64,GST,18.0000,GST,0,1,"ALCOHOL,stock,stock-wine",WINE,1,1,1,,"Rose Wine [Harrys]",,1,,1,Crates,12,UNIT,
22947379,,"Beef Marination","Beef Marination",,,ml,1,0,FRE,0.0000,FRE,0,0,,,,,,,,,,,,,,UNIT,
22918976,,"Charcoal Brazilian Style [10kg]",,,,unit,1,0,GST,39.6000,GST,0,1,,,0,1,1,,,,,,1,Individual,1,UNIT,
20700681,,Cucumber,,,,unit,1,0,GST,0.0000,GST,1,1,,,0,0,0,,,,1,,,Individual,1,UNIT,
22919001,,"Dried Honey Dates [150g]",,,,unit,1,0,FRE,2.3000,FRE,0,1,,,0,1,1,,,,,,1,Individual,1,UNIT,
20750153,,"Goodradigbee Freshwater Gin [Bottle]",,,,ml,500,0,GST,0.0000,GST,0,1,"stock,stock-spirit",,0,1,1,,,,1,,1,Individual,1,BOTTLE,
20750155,,"Grand Marnier [Bottle]",,,,ml,700,0,GST,0.0000,GST,0,1,"stock,stock-spirit",,,1,1,,,,1,,1,Individual,1,BOTTLE,
22285433,,"Havana Club 3yr [700ml]",,,,ml,700,0,FRE,0.0000,FRE,0,1,,,,,,,,,1,,1,Individual,,UNIT,
22995417,,"Lettuce Rocket Wild [Box]",,,LRW15BG,unit,1,0,FRE,17.6000,FRE,0,0,,,0,1,1,,,,,,1,Individual,1,UNIT,
22918992,,"Spring Roll Vegetarian Canton [50pc]",,,,unit,1,0,FRE,75.0000,FRE,0,1,,,0,1,1,,,,,,1,Individual,1,UNIT,
22285410,,"Pika Pika",,,,unit,1,20,GST,0.0000,GST,0,1,,COCKTAILS,,,,,"Cocktails - Signature [Harrys]",,1,,,,,UNIT,
22893553,,"Baking Paper Roll Capri [ea]",,,,unit,1,0,FRE,23.0000,GST,0,1,,,0,1,1,,,,1,,1,Individual,1,UNIT,
22995405,,"Fried Garlic [1kg]",,,14867,unit,1,0,FRE,10.5000,FRE,0,0,,,0,1,1,,,,,,1,Individual,1,UNIT,
22898074,,"Garlic Fried Royles [kg]",,,,kg,1,0,FRE,10.0000,FRE,0,1,,,0,1,1,,,,1,,1,Individual,1,UNIT,
22995407,,"Halal Pepperoni Slice Fettayleh [1kg]",,,14048,unit,1,0,FRE,13.8000,FRE,0,0,,,0,1,1,,,,,,1,Individual,1,UNIT,
20744467,,"Patron Silver [Bottle]",,,,ml,700,0,GST,80.2500,GST,0,1,"stock,stock-spirit",,0,1,1,,,,1,,1,Individual,1,BOTTLE,
22995425,,"Radish White (Stick) [Each]",,,RWSTK,unit,1,0,FRE,7.2000,FRE,0,0,,,0,1,1,,,,,,1,Individual,1,UNIT,
22996444,,"Star Anise Whole 200gm Chefs Choice",,,,unit,1,0,FRE,10.0000,FRE,0,1,,,1,0,0,,,,1,,,Individual,1,UNIT,
22898779,,"Tonkotsu Broth",,,,ml,1,0,FRE,0.0000,FRE,0,1,,,,,,,,,1,,,,,UNIT,
23236834,,"Tom Yum Soup",,,,unit,1,32,GST,0.0000,GST,0,1,,FOOD,,,,,"Big Plates [Harrys]",,1,,,,,UNIT,
22645381,,"Hail Africa Pizza [HG]",,,,unit,1,26,GST,0.0000,GST,0,1,,PIZZA,,,,,"Stow Food [Harrys]",,1,,1,Individual,1,UNIT,
22645467,,"Add Chilli",,,,unit,1,0.5,GST,0.0000,GST,1,1,,,,,,,"Stow Food [Harrys]",,1,,1,Individual,1,UNIT,
20750125,,"Cazcabel Reposado Tequila [Bottle]",,,,ml,700,0,GST,0.0000,GST,0,1,"stock,stock-spirit",,0,1,1,,,,1,,1,Individual,1,BOTTLE,
22995397,,"Cooking Cream Dairy Farmers [5L]",,,14132,unit,1,0,FRE,31.6200,FRE,0,0,,,0,1,1,,,,,,1,Individual,1,UNIT,
20747507,,"Disaronno [Bottle]",,,,ml,700,0,GST,0.0000,GST,0,1,"stock,stock-spirit",,0,1,1,,,,1,,1,Individual,1,BOTTLE,
22973291,,"HG's Soy Chilli Sauce",,,,ml,1,0,FRE,0.0000,FRE,0,1,,,,,,,,,1,,,,,UNIT,
22992370,,"Oil Canola [20L]",,,,unit,1,0,FRE,0.0000,FRE,0,1,,,,,,,,,1,,1,Individual,1,UNIT,
22996479,,"Pineapple Diced 10x1kg [Bag]",,,PIB,unit,1,0,FRE,7.0000,FRE,0,1,,,1,0,0,,,,1,,,Individual,1,UNIT,
22902146,,"Prawn Mix",,,,g,1,0,FRE,0.0000,FRE,0,1,,,,,,,,,1,,,,,UNIT,
20700586,,"Sbagliato Negroni [HG]",,,,unit,1,19,GST,0.0000,GST,0,1,,COCKTAILS,1,0,0,,"Cocktails - Classic [Harrys]",,1,,,,,UNIT,
22645440,,"New Yorker Pizza [HG]",,,,unit,1,23,GST,0.0000,GST,0,1,,PIZZA,,,,,"Stow Food [Harrys]",,1,,,Individual,1,UNIT,
20750119,,"Brix White Rum [Bottle]",,,,ml,700,0,GST,0.0000,GST,0,1,"stock,stock-spirit",,0,1,1,,,,1,,1,Individual,1,BOTTLE,
20750148,,"Flor De Caña 4 Extra Seco [Bottle]",,,,ml,700,0,GST,0.0000,GST,0,1,"stock,stock-spirit",,0,1,1,,,,1,,1,Individual,1,BOTTLE,
22893563,,"Herb Basil [bunch]",,,,unit,1,0,FRE,2.5000,FRE,0,1,,,0,1,1,,,,1,,1,Individual,1,UNIT,
22918957,,"Lemon [kg]",,,,g,1000,0,FRE,3.7000,FRE,0,1,,,,1,1,,,,,,1,Individual,1,UNIT,
22947374,,"Miso Tare","Miso Tare",,,ml,1,0,FRE,0.0000,FRE,0,0,,,,,,,,,,,,,,UNIT,
20750193,,"Tequila Ocho Anejo [Bottle]",,,,ml,700,0,GST,0.0000,GST,0,1,"stock,stock-spirit",,0,1,1,,,,1,,1,Individual,1,BOTTLE,
22645416,,"El Patron Pizza [HG]",,,,unit,1,25,GST,0.0000,GST,0,1,,PIZZA,,,,,"Stow Food [Harrys]",,1,,,Individual,1,UNIT,
20691997,,"Tengumai Junmai - 180ml  [SERVE WARM]",,,,unit,1,30,GST,0.0000,GST,0,1,ALCOHOL,"SAKE / SOJU",1,0,0,,"Sake & Soju [Harrys]",,1,,,,,UNIT,
20691789,,"Tanqueray 10 Gin",,,,unit,1,16,GST,0.0000,GST,0,1,ALCOHOL,SPIRITS,1,0,0,,"Gins [Harrys]",,1,,,,,UNIT,
22345974,,"Sticky Cauliflower",,,,unit,1,11,GST,0.0000,GST,0,1,,"YUM CHA",,,,,"Yum Cha [Harrys]",,1,,,Individual,1,UNIT,
20700690,,"6 Glasses",,,,unit,1,0,GST,0.0000,GST,1,1,,,0,0,0,,,,1,,,Individual,1,UNIT,
23201794,,Butter,,,,unit,1,1,GST,0.0000,GST,1,1,,,,,,,,,1,,1,Individual,1,UNIT,
22645179,,"Double-scoop of Icecream",,,,unit,1,3.5,GST,0.0000,GST,1,1,,,,,,,"Stow Food [Harrys]",,1,,1,Individual,1,UNIT,
21750877,,"Kuromatsu Honjozo [900ml]",,,,ml,900,0,GST,61.6000,GST,0,1,,,,,,,,,1,,1,Individual,1,UNIT,
22996460,,"Lettuce Mesclun [Big Box]",,,LMB15BG,unit,1,0,FRE,17.6000,FRE,0,1,,,1,0,0,,,,1,,,Individual,1,UNIT,
22996457,,"Mayonnaise Smokey Chipotle 1L Birch & Waite",,,103508,unit,1,0,FRE,18.4000,FRE,0,1,,,1,0,0,,,,1,,,Individual,1,UNIT,
22918987,,"Mushroom Shiitake Dried [1kg]",,,,unit,1,0,FRE,31.2500,FRE,0,1,,,0,1,1,,,,,,1,Individual,1,UNIT,
20944710,,"Sapporo [Keg]",,,,ml,50000,0,GST,370.9860,GST,0,1,,,,,,,,,1,,1,Individual,1,KEG,
20700569,,"Long Island Iced Tea [HG]",,,,unit,1,22,GST,0.0000,GST,0,1,,COCKTAILS,1,0,0,,"Cocktails - Classic [Harrys]",,1,,,,,UNIT,
23349546,,"Kids Miso",,,,unit,1,13,GST,0.0000,GST,0,1,,FOOD,,,,,"Kids [Harrys]",,1,,,Individual,1,UNIT,
22893539,,"Beef Topside Wagyu MB8+ [kg]",,,,kg,1,0,FRE,25.0000,FRE,0,1,,,0,1,1,,,,1,,1,Individual,1,UNIT,
22947366,,"Chicken Mince","Chicken Mince",,,g,1,0,FRE,9.0000,FRE,0,0,,,,,,,,,,,1,Individual,1,UNIT,
20873421,,"Diplomatico Mantuana [Bottle]",,,,ml,700,0,GST,0.0000,GST,0,1,,,,,,,,,1,,1,Individual,,UNIT,
22898194,,"Peking Sauce [6.75L]",,,,ml,6750,0,FRE,0.0000,FRE,0,1,,,,,,,,,1,,,,,UNIT,
22645236,,"Vegan Cheese",,,,unit,1,1,GST,0.0000,GST,1,1,,,,,,,"Stow Food [Harrys]",,1,,1,Individual,1,UNIT,
22995432,,"Vegetable Oil Simply [20L]",,,28366,ml,20000,0,FRE,58.0000,FRE,0,1,,,0,1,1,,,,1,,1,Individual,1,UNIT,
23186463,,"Wok Scallops",,,,unit,1,20,GST,0.0000,GST,0,1,,,,,,,"Small Plates [Harrys]",,1,,1,Individual,1,UNIT,
20779180,,"Pepsi Max Glass",,,,unit,1,4.5,GST,1.3100,GST,0,1,,NON-ALC,,,,,"Non-Alcoholic [Harrys]",,1,,,Individual,1,UNIT,
21750316,,"Jinro Strawberry - 360ml",,,,ml,360,32,GST,11.4300,GST,0,1,,"SAKE / SOJU",,,,,"Sake & Soju [Harrys]",,1,,1,Crates,20,UNIT,
20700622,,"Esoterico Orange - Regular",,,,unit,1,15,GST,0.0000,GST,0,1,ALCOHOL,WINE,1,0,0,,"Orange / Skins Wine [Harrys]",,1,,,,,UNIT,
22918993,,"Dumpling Pork Chive Sun Circle [600g]",,,,unit,1,0,FRE,4.5000,FRE,0,1,,,0,1,1,,,,,,1,Individual,1,UNIT,
21364082,,"Fuji Blended Whisky [Bottle]",,,,ml,700,0,FRE,93.7860,FRE,0,1,,,,,,,"Whiskies [Harrys]",,1,,1,Individual,1,UNIT,
20744554,,"Grifter XPA [Keg]",,,,ml,50000,0,GST,261.0000,GST,0,1,,,0,1,1,,,,1,,1,Individual,1,KEG,
22893562,,"Lettuce Baby Spinach [1.5kg]",,,,kg,1.5,0,FRE,17.5000,FRE,0,1,,,0,1,1,,,,1,,1,Individual,1,UNIT,
22902977,,"MSG Sasa [1kg]",,,,g,1000,0,FRE,8.9000,FRE,0,1,,,0,1,1,,,,,,1,Individual,1,UNIT,
22898071,,"Oyster Sauce Megachef [5.4kg]",,,,kg,5.4,0,FRE,37.0000,FRE,0,1,,,0,1,1,,,,1,,1,Individual,1,UNIT,
22947372,,"Shiitake Tare","Shiitake Tare",,,ml,1,0,FRE,0.0000,FRE,0,0,,,,,,,,,,,,,,UNIT,
22645162,,"Side Sour Cream",,,,unit,1,1,GST,0.0000,GST,1,1,,,,,,,"Stow Food [Harrys]",,1,,1,Individual,1,UNIT,
21006454,,"Vegetarian Option",,,,unit,1,0,GST,0.0000,GST,1,1,,,,,,,,,1,,1,Individual,1,UNIT,
20779106,,"Drunken Koi",,,,unit,1,21,GST,0.0000,GST,0,1,,COCKTAILS,,,,,"Cocktails - Signature [Harrys]",,1,,,,,UNIT,
22645459,,"Add Bacon.",,,,unit,1,1,GST,0.0000,GST,1,1,,,,,,,"Stow Food [Harrys]",,1,,1,Individual,1,UNIT,
22996447,,"Chillis Whole Dried 150gm Chefs Choice",,,,unit,1,0,FRE,5.5000,FRE,0,1,,,1,0,0,,,,1,,,Individual,1,UNIT,
20750132,,"Cocchi Americano [Bottle]",,,,ml,700,0,GST,0.0000,GST,0,1,"stock,stock-spirit",,0,1,1,,,,1,,1,Individual,1,BOTTLE,
22947373,,"Garlic Soy","Garlic Soy",,,ml,1,0,FRE,0.0000,FRE,0,0,,,,,,,,,,,,,,UNIT,
20744452,,"Hakushu 12yr [Bottle]",,,,ml,700,0,GST,294.7800,GST,0,1,"stock,stock-spirit",,0,1,1,,,,1,,1,Individual,1,BOTTLE,
22645452,,"Less Cheese",,,,unit,1,0,GST,0.0000,GST,1,1,,,,,,,,,1,,1,Individual,1,UNIT,
20744462,,"Monkey Shoulder Scotch [Bottle]",,,,ml,700,0,GST,56.1800,GST,0,1,"stock,stock-spirit",,0,1,1,,,,1,,1,Individual,1,BOTTLE,
23280983,,"Grifter Pale - Pint [HG]",,,,unit,1,15,GST,0.0000,GST,0,1,,BEERS,,,,,"Tap Beer [Harrys]",,1,,1,Individual,1,UNIT,
21452344,,"Dumplings - Prawn Har Gow [GF]",,,,unit,1,19,GST,0.0000,GST,0,1,,FOOD,,,,,"Small Plates [Harrys]",,1,,,,,UNIT,
20691750,,"Hakushu 12yr Whisky",,,,unit,1,42,GST,0.0000,GST,0,1,ALCOHOL,SPIRITS,1,0,0,,"Whiskies [Harrys]",,1,,,,,UNIT,
22947380,,"Chicken Marination","Chicken Marination",,,ml,1,0,FRE,0.0000,FRE,0,0,,,,,,,,,,,,,,UNIT,
22996455,,"Cooking Wine Chinese Shaoxing 640ml Hua Tiao",,,,unit,1,0,FRE,2.5000,FRE,0,1,,,1,0,0,,,,1,,,Individual,1,UNIT,
22918995,,"Dumpling Chicken Mushroom Sun Circle [600g]",,,,unit,1,0,FRE,4.5000,FRE,0,1,,,0,1,1,,,,,,1,Individual,1,UNIT,
20701281,,"No Ice",,,,unit,1,0,GST,0.0000,GST,1,1,,,0,0,0,,,,1,,,Individual,1,UNIT,
22918950,,"Quandong Halves Frozen [1kg]",,,,g,1000,0,FRE,140.0000,FRE,0,1,,,0,1,1,,,,,,1,Individual,1,UNIT,
23201829,,"Remove Black Mushroom",,,,unit,1,0,GST,0.0000,GST,1,1,,,,,,,,,1,,1,Individual,1,UNIT,
22970052,,"Vegetable Oil",,,,ml,1,0,FRE,0.0000,FRE,0,1,,,,,,,,,1,,1,Individual,,UNIT,
20691651,,"Asahi 3.5%",,,,unit,1,11,GST,2.1800,GST,0,1,ALCOHOL,BEERS,1,1,1,,"Bottles / Cans Alcoholic [Harrys]",,1,,1,Crates,24,UNIT,
20691627,,"Fries [HG]",,,,unit,1,12,GST,0.0000,GST,0,1,"FOOD,VEGETARIAN","STOW FOOD",1,0,0,,"Sides [Harrys]",,1,,,,,UNIT,
20767720,,"Trutta Streamside Shiraz - Regular [HG]",,,,unit,1,16,GST,18.0500,GST,0,1,,WINE,1,0,0,,"Red Wine [Harrys]",,1,,,Individual,1,UNIT,
20768355,,"Brookie's Shirl the Pearl [Bottle]",,,,ml,700,0,GST,57.5200,GST,0,1,,,,,,,,,1,,1,Individual,1,BOTTLE,
22893543,,"Cheese Parmesan Shaved [kg]",,,,kg,1,0,FRE,20.0000,FRE,0,1,,,0,1,1,,,,1,,1,Individual,1,UNIT,
22918951,,"Egg Fresh [ea]",,,,unit,1,0,FRE,0.6333,FRE,0,1,,,0,1,1,,,,,,1,Individual,1,UNIT,
22893547,,"Flour Rice Erawan [500g]",,,,g,500,0,FRE,1.7000,FRE,0,1,,,0.0,1.0,1.0,,,,1,,1,Individual,1,UNIT,
22996516,,"Frank's Hot Sauce 1Galln 3.8L Franks",,,,unit,1,0,FRE,35.0000,FRE,0,1,,,0,1,1,,,,1,,1,Individual,1,UNIT,
22645190,,"No Lettuce",,,,unit,1,0,GST,0.0000,GST,1,1,,,,,,,,,1,,1,Individual,1,UNIT,
22947363,,"Potato Starch","Potato Starch",,,g,1,0,FRE,5.0000,FRE,0,0,,,,,,,,,,,1,Individual,1,UNIT,
22645165,,"Swap Vegan Cheese for Dairy Cheese",,,,unit,1,0,GST,0.0000,GST,1,1,,,,,,,,,1,,1,Individual,1,UNIT,
20700538,,"Aperol Spritz",,,,unit,1,19,GST,0.0000,GST,0,1,ALCOHOL,COCKTAILS,1,0,0,,"Cocktails - Classic [Harrys]",,1,,,,,UNIT,
20768484,,"Handago Junmai Ginjo - 60ml",,,,unit,1,8,GST,0.0000,GST,0,1,,"SAKE / SOJU",,,,,"Sake & Soju [Harrys]",,1,,,Individual,1,UNIT,
20750120,,"Brookie's Byron Dry [Bottle]",,,,ml,700,0,GST,0.0000,GST,0,1,"stock,stock-spirit",,0,1,1,,,,1,,1,Individual,1,BOTTLE,
21038812,,Chicken.,,,,unit,1,2,GST,0.0000,GST,1,1,,,,,,,"Add-ons - Kitchen [Harrys]",,1,,1,Individual,1,UNIT,
23201814,,"Remove Corn",,,,unit,1,0,GST,0.0000,GST,1,1,,,,,,,,,1,,1,Individual,1,UNIT,
20806959,,"Serve Warm",,,,unit,1,0,GST,0.0000,GST,1,1,,,,,,,,,1,,,Individual,1,UNIT,
22996446,,"Sugar Yellow Rock 400gm Osha",,,,unit,1,0,FRE,5.8000,FRE,0,1,,,1,0,0,,,,1,,,Individual,1,UNIT,
22947378,,"Tofu Marination","Tofu Marination",,,ml,1,0,FRE,0.0000,FRE,0,0,,,,,,,,,,,,,,UNIT,
20700566,,"Last Word [HG]",,,,unit,1,19,GST,0.0000,GST,0,1,,COCKTAILS,1,0,0,,"Cocktails - Classic [Harrys]",,1,,,,,UNIT,
20835023,,"Canadian Club Whisky",,,,unit,1,12,GST,0.0000,GST,0,1,,SPIRITS,,,,,"Whiskies [Harrys]",,1,,,,,UNIT,
21925779,,"Padrillos Malbec - Large",,,,unit,1,27,GST,0.0000,GST,0,1,,WINE,,,,,"Red Wine [Harrys]",,1,,,,,UNIT,
22346032,,"Bottomless Drinks",,,,unit,1,49,GST,0.0000,GST,0,1,,"YUM CHA",,,,,"Yum Cha [Harrys]",,1,,,Individual,1,UNIT,
22645500,,"Add Spanish Onion",,,,unit,1,1,GST,0.0000,GST,1,1,,,,,,,"Stow Food [Harrys]",,1,,1,Individual,1,UNIT,
22645139,,"Extra Tomato Sauce",,,,unit,1,0.5,GST,0.0000,GST,1,1,,,,,,,"Stow Food [Harrys]",,1,,1,Individual,1,UNIT,
20750159,,"Illegal Reposado Mezcal [Bottle]",,,,ml,700,0,GST,0.0000,GST,0,1,"stock,stock-spirit",,0,1,1,,,,1,,1,Individual,1,BOTTLE,
22645229,,"No Dressing",,,,unit,1,0,GST,0.0000,GST,1,1,,,,,,,,,1,,1,Individual,1,UNIT,
22902935,,"Prawn Meat Raw Vannamei [700g]",,,,g,700,0,FRE,20.5000,FRE,0,1,,,0,1,1,,,,,,1,Individual,1,UNIT,
20744475,,"St. Germain Elderflower Liqueur [Bottle]",,,,ml,700,0,GST,48.9400,GST,0,1,"stock,stock-spirit",,0,1,1,,,,1,,1,Individual,1,BOTTLE,
20700577,,"Moscow Mule [HG]",,,,unit,1,19,GST,0.0000,GST,0,1,,COCKTAILS,1,0,0,,"Cocktails - Classic [Harrys]",,1,,,,,UNIT,
20691602,,"Devon's Prawn Toast",,,,unit,1,16,GST,0.0000,GST,0,1,FOOD,FOOD,1,0,0,,"Small Plates [Harrys]",,1,,,,,UNIT,
20691705,,"1800 Coconut Tequila",,,,unit,1,14,GST,0.0000,GST,0,1,ALCOHOL,SPIRITS,1,0,0,,"Tequila [Harrys]",,1,,,,,UNIT,
20700632,,"L'esprit Rosé - Regular",,,,unit,1,16,GST,0.0000,GST,0,1,ALCOHOL,WINE,1,0,0,,"Rose Wine [Harrys]",,1,,,,,UNIT,
22996456,,"Cheese Burger Sliced Hi Melt Thick [2.25kg] Pure Dairy",,,103899,unit,1,0,FRE,31.0000,FRE,0,1,,,1,0,0,,,,1,,,Individual,1,UNIT,
22995393,,"Chicken Maryland Diced 3x3cm [5kg]",,,20152,unit,1,0,FRE,63.0000,FRE,0,0,,,0,1,1,,,,,,1,Individual,1,UNIT,
22996438,,"Corn Flour Maize Gluten Free 5kg Edlyn",,,,unit,1,0,FRE,23.0000,FRE,0,1,,,1,0,0,,,,1,,,Individual,1,UNIT,
22645152,,"Make It A Burrito Bowl [gluten-free]",,,,unit,1,0,GST,0.0000,GST,1,1,,,,,,,,,1,,1,Individual,1,UNIT,
22645173,,"No Pico de Gallo",,,,unit,1,0,GST,0.0000,GST,1,1,,,,,,,,,1,,1,Individual,1,UNIT,
20747679,,"Tempus Fugit Violette [Bottle]",,,,ml,700,0,GST,0.0000,GST,0,1,"stock,stock-spirit",,0,1,1,,,,1,,1,Individual,1,BOTTLE,
22082777,,"Wagyu Topside",,,,unit,1,14,GST,0.0000,GST,0,1,,FOOD,,,,,"Big Plates [Harrys]",,1,,,Individual,1,UNIT,
20691712,,"Balvenie 14yr Caribbean Cask Whisky",,,,unit,1,22,GST,0.0000,GST,0,1,ALCOHOL,SPIRITS,1,0,0,,"Whiskies [Harrys]",,1,,,,,UNIT,
20691784,,"Ron Zacapa 23yr Dark Rum",,,,unit,1,19,GST,0.0000,GST,0,1,ALCOHOL,SPIRITS,1,0,0,,"Rums [Harrys]",,1,,,,,UNIT,
22345926,,"Duck Spring Rolls [2pc]",,,,unit,1,10,GST,0.0000,GST,0,1,,"YUM CHA",,,,,"Yum Cha [Harrys]",,1,,,Individual,1,UNIT,
22645460,,"Add BBQ Sauce",,,,unit,1,1,GST,0.0000,GST,1,1,,,,,,,"Stow Food [Harrys]",,1,,1,Individual,1,UNIT,
22893555,,"Chicken Breast Slice [kg]",,,,kg,1,0,FRE,11.9000,FRE,0,1,,,0,1,1,,,,1,,1,Individual,1,UNIT,
20750139,,"De Kuyper Peach Schnapps [Bottle]",,,,ml,700,0,GST,0.0000,GST,0,1,"stock,stock-spirit",,0,1,1,,,,1,,1,Individual,1,BOTTLE,
22918989,,"Rice Cake Mango Mousse Frozen [10pc]",,,,unit,1,0,GST,16.5000,GST,0,1,,,0,1,1,,,,,,1,Individual,1,UNIT,
22893550,,"Rice Jasmine Fragrant [20kg]",,,,kg,20,0,FRE,42.0000,FRE,0,1,,,0,1,1,,,,1,,1,Individual,1,UNIT,
22918981,,"Tomato Sauce Heinz [4L]",,,,l,4000,0,FRE,11.0000,FRE,0,1,,,0,1,1,,,,,,1,Individual,1,UNIT,
20691603,,"Duck Spring Roll",,,,unit,1,16,GST,0.0000,GST,0,1,FOOD,FOOD,1,0,0,,"Small Plates [Harrys]",,1,,,,,UNIT,
21452815,,"Shredded Beef",,,,unit,1,26,GST,0.0000,GST,0,1,,FOOD,,,,,"Big Plates [Harrys]",,1,,,Individual,1,UNIT,
20700643,,"Kuku Sauv Blanc - Bottle",,,,ml,750,51,GST,13.0000,GST,0,1,"ALCOHOL,stock,stock-wine",WINE,1,1,1,,"White Wine [Harrys]",,1,,1,Crates,12,UNIT,
22345991,,"Cucumber Salad",,,,unit,1,7,GST,0.0000,GST,0,1,,"YUM CHA",,,,,"Yum Cha [Harrys]",,1,,1,Individual,1,UNIT,
20702340,,Aioli,,,,unit,1,0,GST,0.0000,GST,1,1,,,0,0,0,,,,1,,,Individual,1,UNIT,
22902971,,"Ginger [kg]",,,,g,1000,0,FRE,25.0000,FRE,0,1,,,0,1,1,,,,,,1,Individual,,UNIT,
22645136,,"No Dipping Sauce",,,,unit,1,0,GST,0.0000,GST,1,1,,,,,,,,,1,,1,Individual,1,UNIT,
22645220,,"Remove Confit Tomato Sauce",,,,unit,1,0,GST,0.0000,GST,1,1,,,,,,,,,1,,1,Individual,1,UNIT,
22902961,,"Soy Sauce Tamari Spiral [10L]",,,,ml,10000,0,FRE,140.0000,FRE,0,1,,,0,1,1,,,,1,,1,Individual,,UNIT,
20700553,,"Charlie Chaplin [HG]",,,,unit,1,19,GST,0.0000,GST,0,1,,COCKTAILS,1,0,0,,"Cocktails - Classic [Harrys]",,1,,,,,UNIT,
20700558,,Daiquiri,,,,unit,1,19,GST,0.0000,GST,0,1,ALCOHOL,COCKTAILS,1,0,0,,"Cocktails - Classic [Harrys]",,1,,,,,UNIT,
21004368,,"Disaronno Amaretto",,,,unit,1,12,GST,0.0000,GST,0,1,,SPIRITS,,,,,"Liqueurs [Harrys]",,1,,,,,UNIT,
22644995,,"Holy Guacamole [HG]",,,,unit,1,16,GST,0.0000,GST,0,1,,"STOW FOOD",,,,,"Stow Food [Harrys]",,1,,,Individual,1,UNIT,
22345958,,"Sesame Prawn Toast",,,,unit,1,10,GST,0.0000,GST,0,1,,"YUM CHA",,,,,"Yum Cha [Harrys]",,1,,,Individual,1,UNIT,
22645481,,"Add Mushrooms",,,,unit,1,1,GST,0.0000,GST,1,1,,,,,,,"Stow Food [Harrys]",,1,,1,Individual,1,UNIT,
20744468,,"Plantation 3 Stars White Rum [4.5L]",,,,ml,4500,0,GST,0.0000,GST,0,1,"stock,stock-spirit",,0,1,1,,,,1,,1,Individual,1,CONTAINER,
23201837,,"Remove Fish Cakes",,,,unit,1,0,GST,0.0000,GST,1,1,,,,,,,,,1,,1,Individual,1,UNIT,
22645155,,"Side Guac",,,,unit,1,1,GST,0.0000,GST,1,1,,,,,,,"Stow Food [Harrys]",,1,,1,Individual,1,UNIT,
20700547,,"Brooklyn [HG]",,,,unit,1,19,GST,0.0000,GST,0,1,,COCKTAILS,0,0,0,,"Cocktails - Classic [Harrys]",,1,,,,,UNIT,
21453046,,"Mochi Trio",,,,unit,1,13,GST,0.0000,GST,0,1,,FOOD,,,,,"Desserts [Harrys]",,1,,1,Individual,1,UNIT,
20904016,,"Yuzushu [60ml]",,,,unit,1,10,GST,0.0000,GST,0,1,,"SAKE / SOJU",,,,,"Sake & Soju [Harrys]",,1,,,,,UNIT,
20691773,,"Oscar.697 Rosso Vermouth",,,,unit,1,12,GST,0.0000,GST,0,1,ALCOHOL,SPIRITS,1,0,0,,"Amaro / Aperitif / Fortified Wine [Harrys]",,1,,,,,UNIT,
20691777,,"Plantation 3 Stars White Rum",,,,unit,1,14,GST,0.0000,GST,0,1,ALCOHOL,SPIRITS,1,0,0,,"Rums [Harrys]",,1,,,Individual,1,UNIT,
20691796,,"White Light Pure Vodka [House]",,,,unit,1,11,GST,0.0000,GST,0,1,ALCOHOL,SPIRITS,1,0,0,,"Vodkas [Harrys]",,1,,,,,UNIT,
20750124,,"Carpano Classico [Bottle]",,,,ml,1000,0,GST,0.0000,GST,0,1,"stock,stock-spirit",,0,1,1,,,,1,,1,Individual,1,BOTTLE,
23173461,,"Chilli Bomb",,,,unit,1,2,GST,0.0000,GST,1,1,,,,,,,"Add-ons - Kitchen [Harrys]",,1,,1,Individual,1,UNIT,
22902942,,"Chives [bunch]",,,,g,40,0,FRE,1.7000,FRE,0,1,,,0,1,1,,,,,,1,Individual,1,UNIT,
21420370,,"Extra Pork Belly",,,,unit,1,2,GST,0.0000,GST,1,1,,,,,,,"Add-ons - Kitchen [Harrys]",,1,,1,Individual,1,UNIT,
22645248,,"Gluten-free [Corn Tortillas]",,,,unit,1,0,GST,0.0000,GST,1,1,,,,,,,,,1,,1,Individual,1,UNIT,
20744456,,"Johnnie Walker Black [Bottle]",,,,ml,700,0,GST,0.0000,GST,0,1,"stock,stock-spirit",,0,1,1,,,,1,,1,Individual,1,BOTTLE,
20750200,,"Yamazaki 12yr [Bottle]",,,,ml,700,0,GST,0.0000,GST,0,1,"stock,stock-spirit",,0,1,1,,,,1,,1,Individual,1,BOTTLE,
20795747,,"Monteith's Apple Cider [HG]",,,,unit,1,11,GST,0.0000,GST,0,1,,BEERS,,,,,"Bottles / Cans Alcoholic [Harrys]",,1,,1,Crates,24,UNIT,
20691630,,"Dragon Juice",,,,unit,1,17,GST,0.0000,GST,0,1,ALCOHOL,COCKTAILS,1,0,0,,"Cocktails - Signature [Harrys]",,1,,,,,UNIT,
20691606,,"BBQ Pork Buns",,,,unit,1,15,GST,0.0000,GST,0,1,FOOD,FOOD,1,0,0,,"Small Plates [Harrys]",,1,,,,,UNIT,
22962975,,bicarb,,,,g,1,0,FRE,0.0000,FRE,0,1,,,,,,,,,1,,1,Individual,,UNIT,
22918975,,"Korean Hot Pepper Paste Sempio [1kg]",,,,unit,1,0,FRE,10.1500,FRE,0,1,,,0,1,1,,,,,,1,Individual,1,UNIT,
20750180,,"Pierre Ferrand Dry Curacao [Bottle]",,,,ml,700,0,GST,0.0000,GST,0,1,"stock,stock-spirit",,0,1,1,,,,1,,1,Individual,1,BOTTLE,
22992375,,"Pork Belly Cooked Roast [4KG]",,,,unit,1,0,FRE,55.8000,FRE,0,1,,,,1,1,,,,1,,1,Individual,1,UNIT,
22947367,,"Prawn Meat","Prawn Meat",,,g,1,0,FRE,25.0000,FRE,0,0,,,,,,,,,,,1,Individual,1,UNIT,
22893544,,"Walnuts [kg]",,,,kg,1,0,FRE,16.5000,FRE,0,1,,,0,1,1,,,,1,,1,Individual,1,UNIT,
23202437,,"S&W Pacific Ale - Pint [HG]",,,,unit,1,17,GST,0.0000,GST,0,1,,BEERS,,,,,"Tap Beer [Harrys]",,1,,,,1,UNIT,
21453092,,"Choco Pie Biscuit",,,,unit,1,4,GST,0.0000,GST,0,1,,FOOD,,,,,"Kids [Harrys]",,1,,,Individual,1,UNIT,
22645430,,"Sanchez VEGAN Pizza [HG]",,,,unit,1,25,GST,0.0000,GST,0,1,,PIZZA,,,,,"Stow Food [Harrys]",,1,,,Individual,1,UNIT,
20691724,,"Buffalo Trace Bourbon Whisky [House]",,,,unit,1,11,GST,45.8600,GST,0,1,ALCOHOL,SPIRITS,1,0,0,,"Whiskies [Harrys]",,1,,,,,UNIT,
22918959,,"Carrot Diced 5mm [kg]",,,,g,1000,0,FRE,2.9000,FRE,0,1,,,0,1,1,,,,,,1,Individual,1,UNIT,
22902927,,"Caster Sugar [kg]",,,,g,1000,0,FRE,3.5000,FRE,0,1,,,0,1,1,,,,,,1,Individual,,UNIT,
22645188,,"No Pickle",,,,unit,1,0,GST,0.0000,GST,1,1,,,,,,,,,1,,1,Individual,1,UNIT,
23201815,,"Remove Butter",,,,unit,1,0,GST,0.0000,GST,1,1,,,,,,,,,1,,1,Individual,1,UNIT,
20750189,,"Stow Vermouth Blend [Bottle]",,,,ml,1000,0,GST,0.0000,GST,0,1,"stock,stock-spirit",,0,1,1,,,,1,,1,Individual,1,BOTTLE,
22645239,,"Vegan Aioli",,,,unit,1,0,GST,0.0000,GST,1,1,,,,,,,,,1,,1,Individual,1,UNIT,
22442938,,"Grifter Big Sur IPA Can [HG]",,,,unit,1,14,GST,0.0000,GST,0,1,,BEERS,,,,,"Bottles / Cans Alcoholic [Harrys]",,1,,1,Crates,24,UNIT,
20993774,,"Two Bays GF Pale Can [HG]",,,,unit,1,14,GST,0.0000,GST,0,1,,BEERS,,,,,"Bottles / Cans Alcoholic [Harrys]",,1,,1,Boxes,16,UNIT,
21453082,,"Kids Dumplings - Vegetable",,,,unit,1,8,GST,0.0000,GST,0,1,,FOOD,,,,,"Kids [Harrys]",,1,,1,Individual,1,UNIT,
20691636,,"Dragon Soda",,,,unit,1,9,GST,0.0000,GST,0,1,BEVERAGE,NON-ALC,1,0,0,,"Non-Alcoholic [Harrys]",,1,,,,,UNIT,
20744435,,"1800 Coconut [Bottle]",,,,ml,700,0,GST,0.0000,GST,0,1,"stock,stock-spirit",,0,1,1,,,,1,,1,Individual,1,BOTTLE,
20700688,,"4 Glasses",,,,unit,1,0,GST,0.0000,GST,1,1,,,0,0,0,,,,1,,,Individual,1,UNIT,
22645232,,"Add Parmesan",,,,unit,1,1,GST,0.0000,GST,1,1,,,,,,,"Stow Food [Harrys]",,1,,1,Individual,1,UNIT,
23173460,,"Black Garlic Oil",,,,unit,1,2,GST,0.0000,GST,1,1,,,,,,,"Add-ons - Kitchen [Harrys]",,1,,1,Individual,1,UNIT,
23201795,,Corn,,,,unit,1,1,GST,0.0000,GST,1,1,,,,,,,,,1,,1,Individual,1,UNIT,
20702381,,"Fever-Tree Light",,,,unit,1,1,GST,0.0000,GST,1,1,,,1,0,0,,"Add-ons - Bar [Harrys]",,1,,,,,UNIT,
20702437,,"One Ice Cube",,,,unit,1,0,GST,0.0000,GST,1,1,,,0,0,0,,,,1,,,Individual,1,UNIT,
22898520,,"Salt Cooking [kg]",,,,kg,1,0,FRE,0.7800,FRE,0,1,,,0,1,1,,,,,,1,Individual,,UNIT,
20700533,,"$19 Custom Cocktail",,,,unit,1,19,GST,0.0000,GST,0,1,,COCKTAILS,1,0,0,,"Cocktails - Classic [Harrys]",,1,,,Individual,1,UNIT,
20700550,,"Caipirinha [HG]",,,,unit,1,19,GST,0.0000,GST,0,1,,COCKTAILS,1,0,0,,"Cocktails - Classic [Harrys]",,1,,,,,UNIT,
20691618,,Lamb,,,,unit,1,3.5,GST,0.0000,GST,1,1,,,0,0,0,,"Add-ons - Kitchen [Harrys]",,1,,,,,UNIT,
22996517,,"Mizkan Seasoning Ponzu 1.8L",,,,unit,1,0,FRE,30.0000,FRE,0,1,,,0,1,1,,,,1,,1,Individual,1,UNIT,
22645191,,"No Onion",,,,unit,1,0,GST,0.0000,GST,1,1,,,,,,,,,1,,1,Individual,1,UNIT,
20750187,,"Select Aperitivo [Bottle]",,,,ml,700,0,GST,0.0000,GST,0,1,"stock,stock-spirit",,0,1,1,,,,1,,1,Individual,1,BOTTLE,
20750188,,"St. Remy Brandy [Bottle]",,,,ml,700,0,GST,0.0000,GST,0,1,"stock,stock-spirit",,0,1,1,,,,1,,1,Individual,1,BOTTLE,
22920840,,"Star Anise [200g]",,,,g,200,0,FRE,10.0000,FRE,0,1,,,0,1,1,,,,,,1,Individual,1,UNIT,
22645243,,"Vegan [no Queso Dip]",,,,unit,1,0,GST,0.0000,GST,1,1,,,,,,,,,1,,1,Individual,1,UNIT,
22962728,,"White Miso",,,,g,1,0,FRE,0.0000,FRE,0,1,,,,,,,,,1,,1,Individual,,UNIT,
23281049,,"Crankshaft IPA - Pint [HG]",,,,unit,1,17.5,GST,0.0000,GST,0,1,,BEERS,,,,,"Tap Beer [Harrys]",,1,,1,Individual,1,UNIT,
20700536,,"Amarretto Sour",,,,unit,1,19,GST,0.0000,GST,0,1,,COCKTAILS,1,0,0,,"Cocktails - Classic [Harrys]",,1,,,,,UNIT,
20744437,,"Aperol [Bottle]",,,,ml,700,0,GST,24.1200,GST,0,1,"stock,stock-spirit",,0,1,1,,,,1,,1,Individual,1,BOTTLE,
22996520,,"Barramundi Fillets Imp 200/300 S/Off 5kg Trading",,,,unit,1,0,FRE,83.0000,FRE,0,1,,,0,1,1,,,,1,,1,Individual,1,UNIT,
22996515,,"Chocolate Dark 1kg Natures Secret",,,,unit,1,0,FRE,43.5000,FRE,0,1,,,0,1,1,,,,1,,1,Individual,1,UNIT,
22947375,,"HG Soy Chilli Sauce","HG Soy Chilli Sauce",,,ml,1,0,FRE,0.0000,FRE,0,0,,,,,,,,,,,,,,UNIT,
22893558,,"Onion Brown [10kg]",,,,g,10000,0,FRE,32.5000,FRE,0,1,,,0,1,1,,,,,,1,Individual,1,UNIT,
22992346,,"Pork Belly Sliced Korean [2KG]",,,,unit,1,0,FRE,47.7367,FRE,0,1,,,,1,1,,,,1,,1,Individual,1,UNIT,
23201828,,"Remove Black Mushroom",,,,unit,1,0,GST,0.0000,GST,1,1,,,,,,,,,1,,1,Individual,1,UNIT,
22902975,,"Rice Wine Vinegar [500mL]",,,,l,500,0,FRE,2.5000,FRE,0,1,,,0,1,1,,,,,,1,Individual,,UNIT,
20691625,,"Chicken Katsu Curry",,,,unit,1,27,GST,0.0000,GST,0,1,FOOD,FOOD,1,,,,"Big Plates [Harrys]",,1,,,,,UNIT,
23201887,,"Extra BBQ Chicken",,,,unit,1,15,GST,0.0000,GST,0,1,,FOOD,,,,,"Small Plates [Harrys]",,1,,,,1,UNIT,
20744444,,"Bombay Sapphire  [Bottle]",,,,ml,700,0,GST,48.1900,GST,0,1,"stock,stock-spirit",,0,1,1,,,,1,,1,Individual,1,BOTTLE,
22918955,,"Capsicum Red [kg]",,,,kg,1,0,FRE,7.2000,FRE,0,1,,,0,1,1,,,,,,1,Individual,1,UNIT,
20744447,,"Fernet Branca [Bottle]",,,,ml,700,0,GST,65.5800,GST,0,1,"stock,stock-spirit",,0,1,1,,,,1,,1,Individual,1,BOTTLE,
20750162,,"Joseph Cartron Apricot Brandy [Bottle]",,,,ml,700,0,GST,45.2000,GST,0,1,"stock,stock-spirit",,0,1,1,,,,1,,1,Individual,1,BOTTLE,
22645519,,"No Prosciutto",,,,unit,1,0,GST,0.0000,GST,1,1,,,,,,,,,1,,1,Individual,1,UNIT,
22918982,,"Oil Vegetable [20L]",,,,l,20,0,FRE,51.9000,FRE,0,1,,,0,1,1,,,,,,1,Individual,1,UNIT,
22874475,,"Sensei Highball",,,,unit,1,12,GST,0.0000,GST,0,1,,COCKTAILS,,,,,"Cocktails - Classic [Harrys]",,1,,,,,UNIT,
23202424,,"Plantation Original Dark Rum",,,,unit,1,15,GST,0.0000,GST,0,1,,SPIRITS,,,,,"Rums [Harrys]",,1,,,,,UNIT,
22645055,,"Beef Burrito [HG]",,,,unit,1,28,GST,0.0000,GST,0,1,,"STOW FOOD",,,,,"Stow Food [Harrys]",,1,,1,Individual,1,UNIT,
20700637,,"Azurescens Pinot Noir - Regular",,,,unit,1,15,GST,0.0000,GST,0,1,ALCOHOL,WINE,1,0,0,,"Red Wine [Harrys]",,1,,,,,UNIT,
20750158,,"Herradura Plata [Bottle]",,,,ml,700,0,GST,0.0000,GST,0,1,"stock,stock-spirit",,0,1,1,,,,1,,1,Individual,1,BOTTLE,
20702392,,"Ice Block",,,,unit,1,0,GST,0.0000,GST,1,1,,,0,0,0,,,,1,,,Individual,1,UNIT,
20750173,,"Mr Black Coffee Amaro [Bottle]",,,,ml,700,0,GST,0.0000,GST,0,1,"stock,stock-spirit",,0,1,1,,,,1,,1,Individual,1,BOTTLE,
20700725,,Neat,,,,unit,1,0,GST,0.0000,GST,1,1,,,0,0,0,,,,1,,,Individual,1,UNIT,
20691613,,"Seasonal Veg",,,,unit,1,0,GST,0.0000,GST,1,1,,,1,0,0,,,,1,,,,,UNIT,
22947358,,"Shiitake Mushrooms Dried","Shiitake Dried",,,g,1,0,FRE,25.0000,FRE,0,0,,,,,,,,,,,1,Individual,1,UNIT,
20770315,,"Stone & Wood",,,,unit,1,11.5,GST,2.8800,GST,0,1,,,,,,,"Tap Beer [Harrys]",,1,,,,,UNIT,
23281009,,"Guinness Draught - Schooner [HG]",,,,unit,1,13.5,GST,0.0000,GST,0,1,,BEERS,,,,,"Tap Beer [Harrys]",,1,,1,Individual,1,UNIT,
20700560,,"Espresso Martini",,,,ml,60,19,GST,0.0000,GST,0,1,ALCOHOL,COCKTAILS,1,0,0,,"Cocktails - Classic [Harrys]",,1,,,,,UNIT,
20767725,,"Trutta Streamside Shiraz - Bottle [HG]",,,,ml,750,66,GST,18.0500,GST,0,1,,WINE,1,1,1,,"Red Wine [Harrys]",,1,,1,Crates,12,BOTTLE,
20750123,,"Canadian Club [Bottle]",,,,ml,700,0,GST,40.6300,GST,0,1,"stock,stock-spirit",,0,1,1,,,,1,,1,Individual,1,BOTTLE,
22902964,,"Chilli Powder Korean Coarse [kg]",,,,g,1000,0,FRE,16.0000,FRE,0,1,,,0,1,1,,,,,,1,Individual,,UNIT,
23173451,,"Extra Tofu.",,,,unit,1,4,GST,0.0000,GST,1,1,,,,,,,,,1,,1,Individual,1,UNIT,
20750147,,"Flor De Caña 12yr [Bottle]",,,,ml,700,0,GST,0.0000,GST,0,1,"stock,stock-spirit",,0,1,1,,,,1,,1,Individual,1,BOTTLE,
22947369,,"Fried Rice Mix","Fried Rice Mix",,,g,1,0,FRE,0.0000,FRE,0,0,,,,,,,,,,,,,,UNIT,
22645142,,"Side Gravy",,,,unit,1,1,GST,0.0000,GST,1,1,,,,,,,"Stow Food [Harrys]",,1,,1,Individual,1,UNIT,
20700546,,"Bramble [HG]",,,,unit,1,19,GST,0.0000,GST,0,1,,COCKTAILS,1,0,0,,"Cocktails - Classic [Harrys]",,1,,,,,UNIT,
21750868,,"Kuromatsu Honjozo - 60ml",,,,unit,1,16,GST,0.0000,GST,0,1,,"SAKE / SOJU",,,,,"Sake & Soju [Harrys]",,1,,,Individual,1,UNIT,
20700630,,"Geppetto Chardonnay - Bottle",,,,ml,750,61,GST,15.5675,GST,0,1,"ALCOHOL,stock,stock-wine",WINE,1,1,1,,"White Wine [Harrys]",,1,,1,Crates,12,UNIT,
20700649,,"River Retreat Pinot Grigio - Large",,,,unit,1,21,GST,0.0000,GST,0,1,ALCOHOL,WINE,1,0,0,,"White Wine [Harrys]",,1,,,,,UNIT,
22973292,,"Ginger Ponzu",,,,ml,1,0,FRE,0.0000,FRE,0,1,,,,,,,,,1,,,,,UNIT,
22902950,,"Gochujang [kg]",,,,g,1000,0,FRE,10.1500,FRE,0,1,,,0,1,1,,,,,,1,Individual,,UNIT,
20991235,,"Grifter Extra Pale - Pint",,,,unit,1,14,GST,2.2200,GST,0,1,ALCOHOL,,1,,,,"Tap Beer [Harrys]",,1,,,,1,UNIT,
22995410,,"Herb Coriander [Bunch]",,,HCB,unit,1,0,FRE,2.6400,FRE,0,0,,,0,1,1,,,,,,1,Individual,1,UNIT,
22933674,,"Lime [ea]",,,,unit,1,0,FRE,0.6000,FRE,0,1,,,0,1,1,,,,,,1,Individual,1,UNIT,
22995418,,"MSG [1kg]",,,12874,unit,1,0,FRE,6.9000,FRE,0,0,,,0,1,1,,,,,,1,Individual,1,UNIT,
20700715,,"Pink Lemonade",,,,unit,1,0,GST,0.8032,GST,1,1,,,1,0,0,,,,1,,,Individual,1,UNIT,
21217965,,"Salmon Sashimi Special",,,,unit,1,22,GST,0.0000,GST,0,1,,FOOD,,,,,"Small Plates [Harrys]",,1,,1,Individual,1,UNIT,
20700617,,"Palloncino Prosecco - Regular",,,,unit,1,12,GST,0.0000,GST,0,1,ALCOHOL,WINE,1,0,0,,"Sparkling Wine [Harrys]",,1,,,,,UNIT,
22346101,,"Prawn Crackers",,,,unit,1,5,GST,0.0000,GST,0,1,,"YUM CHA",,,,,"Yum Cha [Harrys]",,1,,,Individual,1,UNIT,
22645493,,"Add Pumpkin",,,,unit,1,1,GST,0.0000,GST,1,1,,,,,,,"Stow Food [Harrys]",,1,,1,Individual,1,UNIT,
22933675,,"Corn Chips [bag]",,,,g,214,0,GST,5.5000,GST,0,1,,,0,1,1,,,,,,1,Individual,1,UNIT,
22902997,,"Curry Block Mid Hot [kg]",,,,g,1000,0,FRE,12.2500,FRE,0,1,,,0,1,1,,,,,,1,Individual,,UNIT,
20750168,,"Lyre's Italian Spritz [Bottle]",,,,ml,700,0,GST,0.0000,GST,0,1,"stock,stock-spirit",,0,1,1,,,,1,,1,Individual,1,BOTTLE,
22898075,,"Onion Fried Heaven Dragon [kg]",,,,kg,1,0,FRE,8.7000,FRE,0,1,,,0,1,1,,,,1,,1,Individual,1,UNIT,
23201816,,"Remove Garlic Chips",,,,unit,1,0,GST,0.0000,GST,1,1,,,,,,,,,1,,1,Individual,1,UNIT,
22645215,,"Swap Gravy for Tomato Sauce",,,,unit,1,0,GST,0.0000,GST,1,1,,,,,,,,,1,,1,Individual,1,UNIT,
22645448,,"Vegan Cheese [Pizza]",,,,unit,1,3,GST,0.0000,GST,1,1,,,,,,,"Stow Food [Harrys]",,1,,1,Individual,1,UNIT,
20691778,,"Appleton Rum [House]",,,,unit,1,11,GST,0.0000,GST,0,1,ALCOHOL,SPIRITS,1,0,0,,"Rums [Harrys]",,1,,,,,UNIT,
20691758,,"Johnnie Walker Black Whisky",,,,unit,1,16,GST,0.0000,GST,0,1,ALCOHOL,SPIRITS,1,0,0,,"Whiskies [Harrys]",,1,,,,,UNIT,
20700686,,"2 Glasses",,,,unit,1,0,GST,0.0000,GST,1,1,,,0,0,0,,,,1,,,Individual,1,UNIT,
22996459,,"Choy Sum [Bunch]",,,CSB,unit,1,0,FRE,2.2000,FRE,0,1,,,1,0,0,,,,1,,,Individual,1,UNIT,
20691616,,Gluten-Free,,,,unit,1,0,GST,0.0000,GST,1,1,,,0,0,0,,,,1,,,Individual,1,UNIT,
22645234,,"Make it Vegan [use vegan cheese]",,,,unit,1,0,GST,0.0000,GST,1,1,,,,,,,,,1,,1,Individual,1,UNIT,
22995421,,"Pineapple Pizza Cut A10 Twin Pine [3kg]",,,18310,unit,1,0,FRE,8.4000,FRE,0,0,,,0,1,1,,,,,,1,Individual,1,UNIT,
22645204,,"Swap Tartar for Aioli",,,,unit,1,0,GST,0.0000,GST,1,1,,,,,,,,,1,,1,Individual,1,UNIT,
23281013,,"Guinness Draught - Pint [HG]",,,,unit,1,17.5,GST,0.0000,GST,0,1,,BEERS,,,,,"Tap Beer [Harrys]",,1,,1,Individual,1,UNIT,
22384136,,"Little Dragon Ginger Beer Can",,,,unit,1,14,GST,3.3783,GST,0,1,,BEERS,,,,,"Bottles / Cans Alcoholic [Harrys]",,1,,1,Crates,24,UNIT,
20691987,,"Saika Junmai Daiginjo - 180ml",,,,unit,1,34,GST,0.0000,GST,0,1,ALCOHOL,"SAKE / SOJU",1,0,0,,"Sake & Soju [Harrys]",,1,,,,,UNIT,
20744660,,"Hibiki Harmony Whisky",,,,unit,1,24,GST,0.0000,GST,0,1,,SPIRITS,1,0,0,,"Whiskies [Harrys]",,1,,,,,UNIT,
20744469,,"Appleton Rum [700ml]",,,,ml,700,0,GST,51.2900,GST,0,1,"stock,stock-spirit",,0,1,1,,,,1,,1,Individual,1,BOTTLE,
23178214,,"Bamboo Shoots",,,,unit,1,2,GST,0.0000,GST,1,1,,,,,,,"Add-ons - Kitchen [Harrys]",,1,,1,Individual,1,UNIT,
20750116,,"Barsol Pisco [Bottle]",,,,ml,700,0,GST,0.0000,GST,0,1,"stock,stock-spirit",,0,1,1,,,,1,,1,Individual,1,BOTTLE,
22898744,,"Cauliflower [ea]",,,,g,1500,0,FRE,3.2000,FRE,0,1,,,0,1,1,,,,1,,1,Individual,,UNIT,
21862247,,"Rice Noodles [GF & VG]",,,,unit,1,0,GST,0.0000,GST,1,1,,,,,,,,,1,,1,Individual,1,UNIT,
20770316,,"Stone & Wood [Keg]",,,,ml,50000,0,GST,345.4600,GST,0,1,,,,,,,,,1,,1,Individual,,KEG,
21038810,,Tofu.,,,,unit,1,2,GST,0.0000,GST,1,1,,,,,,,"Add-ons - Kitchen [Harrys]",,1,,1,Individual,1,UNIT,
22874514,,"Shiba Highball",,,,unit,1,12,GST,0.0000,GST,0,1,,COCKTAILS,,,,,"Cocktails - Signature [Harrys]",,1,,,,,UNIT,
22645084,,"Vegan Burger [HG]",,,,unit,1,26,GST,0.0000,GST,0,1,,"STOW FOOD",,,,,"Stow Food [Harrys]",,1,,,,,UNIT,
21925753,,"Ottelia Cab Sav - Bottle",,,,ml,750,73,GST,0.0000,GST,0,1,,WINE,,,,,"Red Wine [Harrys]",,1,,1,Crates,12,UNIT,
22645487,,"Add Pesto Base",,,,unit,1,1,GST,0.0000,GST,1,1,,,,,,,"Stow Food [Harrys]",,1,,1,Individual,1,UNIT,
21420374,,"Extra Noodles",,,,unit,1,2,GST,0.0000,GST,1,1,,,,,,,"Add-ons - Kitchen [Harrys]",,1,,1,Individual,1,UNIT,
23178213,,"Fish Cake [x2 slices]",,,,unit,1,2.5,GST,0.0000,GST,1,1,,,,,,,,,1,,1,Individual,1,UNIT,
22874518,,"Massenez Apple [700ml]",,,,ml,700,0,FRE,0.0000,FRE,0,1,,,,,,,,,1,,1,Individual,,UNIT,
22903033,,"Tonkatsu Sauce Bulldog [1.8L]",,,,l,1800,0,FRE,11.0500,FRE,0,1,,,0,1,1,,,,1,,1,Individual,,UNIT,
20691644,,"Tsingtao Longneck",,,,unit,1,17,GST,4.6900,GST,0,1,ALCOHOL,BEERS,1,1,1,,"Bottles / Cans Alcoholic [Harrys]",,1,,1,Packs,12,UNIT,
22887263,,"Kids Unlimited Dumplings",,,,unit,1,12,GST,0.0000,GST,0,1,,FOOD,,,,,"Big Plates [Harrys]",,1,,,Individual,1,UNIT,
22645118,,"Kids Margherita Pizza [HG]",,,,unit,1,13,GST,0.0000,GST,0,1,,PIZZA,,,,,"Stow Food [Harrys]",,1,,,Individual,1,UNIT,
20691714,,"Bacardi Blanca White Rum [House]",,,,unit,1,11,GST,0.0000,GST,0,1,ALCOHOL,SPIRITS,1,0,0,,"Rums [Harrys]",,1,,,,,UNIT,
20700625,,"Esoterico Orange - Bottle",,,,ml,750,61,GST,13.4300,GST,0,1,"ALCOHOL,stock,stock-wine",WINE,1,1,1,,"Orange / Skins Wine [Harrys]",,1,,1,Crates,12,UNIT,
22963725,,"Bickfords Raspberry Cordial [750ml]",,,,unit,1,0,GST,0.0000,GST,0,1,,,,,,,,,1,,1,Individual,1,UNIT,
22947371,,"Davidson Plum Hoisin","Davidson Plum Hoisin",,,ml,1,0,FRE,0.0000,FRE,0,0,,,,,,,,,,,,,,UNIT,
22645154,,"Jalapeños Inside Burrito",,,,unit,1,1,GST,0.0000,GST,1,1,,,,,,,"Stow Food [Harrys]",,1,,1,Individual,1,UNIT,
20700722,,Pepsi,,,,unit,1,0,GST,0.8032,GST,1,1,,,1,0,0,,,,1,,,Individual,1,UNIT,
22645217,,"Remove Cheese [make it dairy-free]",,,,unit,1,0,GST,0.0000,GST,1,1,,,,,,,,,1,,1,Individual,1,UNIT,
23201831,,"Remove Shallot",,,,unit,1,0,GST,0.0000,GST,1,1,,,,,,,,,1,,1,Individual,1,UNIT,
20702620,,"Pink Lemonade Glass",,,,unit,1,4.5,GST,0.0000,GST,0,1,,NON-ALC,1,0,0,,"Non-Alcoholic [Harrys]",,1,,,,,UNIT,
21003096,,"Jinzu Gin",,,,unit,1,15,GST,0.0000,GST,0,1,,SPIRITS,,,,,"Gins [Harrys]",,1,,,,,UNIT,
22641772,,"Bang Bang Cauli [HG]",,,,unit,1,17,GST,0.0000,GST,0,1,,"STOW FOOD",,,,,"Stow Food [Harrys]",,1,,1,Individual,1,UNIT,
22346014,,"Custard Tart [2pc]",,,,unit,1,7,GST,0.0000,GST,0,1,,"YUM CHA",,,,,"Yum Cha [Harrys]",,1,,,Individual,1,UNIT,
22645222,,"Add Grilled Chicken",,,,unit,1,5,GST,0.0000,GST,1,1,,,,,,,"Stow Food [Harrys]",,1,,1,Individual,1,UNIT,
20744436,,"Amaro Montenegro [Bottle]",,,,ml,700,0,GST,44.4800,GST,0,1,"stock,stock-spirit",,0,1,1,,,,1,,1,Individual,1,BOTTLE,
22645189,,"No Tomato",,,,unit,1,0,GST,0.0000,GST,1,1,,,,,,,,,1,,1,Individual,1,UNIT,
23201819,,"Remove Sesame",,,,unit,1,0,GST,0.0000,GST,1,1,,,,,,,,,1,,1,Individual,1,UNIT,
22996451,,"Tofu Puff Deep Fried 200gm Soya King",,,,unit,1,0,FRE,16.5000,FRE,0,1,,,1,0,0,,,,1,,,Individual,1,UNIT,
20700571,,"Mai Tai [HG]",,,,unit,1,20,GST,0.0000,GST,0,1,,COCKTAILS,1,0,0,,"Cocktails - Classic [Harrys]",,1,,,,,UNIT,
20691631,,"Ronin Negroni",,,,unit,1,22,GST,0.0000,GST,0,1,ALCOHOL,COCKTAILS,1,0,0,,"Cocktails - Signature [Harrys]",,1,,,,,UNIT,
20983009,,"Open Price",,,,unit,1,0,GST,0.0000,GST,0,1,,FOOD,,,,,"Add-ons - Kitchen [Harrys]",,1,,1,Individual,1,UNIT,
20702636,,"Orange Juice Glass",,,,unit,1,4,GST,0.0000,GST,0,1,,NON-ALC,1,0,0,,"Non-Alcoholic [Harrys]",,1,,,,,UNIT,
21861730,,"Soda & Lime Glass",,,,unit,1,3,GST,0.0000,GST,0,1,,NON-ALC,,,,,"Non-Alcoholic [Harrys]",,1,,,Individual,1,UNIT,
23173464,,"Black Mushroom",,,,unit,1,2,GST,0.0000,GST,1,1,,,,,,,,,1,,1,Individual,1,UNIT,
20744443,,"Bombay Dry [Bottle]",,,,ml,700,0,GST,41.3000,GST,0,1,"stock,stock-spirit",,0,1,1,,,,1,,1,Individual,1,BOTTLE,
22903011,,"Carrot [kg]",,,,kg,1,0,FRE,2.1000,FRE,0,1,,,0,1,1,,,,1,,1,Individual,,UNIT,
20702405,,"Hemingway's (Super Dry)",,,,unit,1,0,GST,0.0000,GST,1,1,,,0,0,0,,,,1,,,Individual,1,UNIT,
20744454,,"Jack Daniels [Bottle]",,,,ml,700,0,GST,45.2500,GST,0,1,"stock,stock-spirit",,0,1,1,,,,1,,1,Individual,1,BOTTLE,
20702441,,"Lots of Ice",,,,unit,1,0,GST,0.0000,GST,1,1,,,0,0,0,,,,1,,,Individual,1,UNIT,
22645532,,"No Tomatoes",,,,unit,1,0,GST,0.0000,GST,1,1,,,,,,,,,1,,1,Individual,1,UNIT,
22507706,,"Strawberry Hibiscus Daiquiri",,,,unit,1,19,GST,0.0000,GST,0,1,,COCKTAILS,,,,,"Cocktails - Signature [Harrys]",,1,,,,,UNIT,
21999764,,"Asahi Zero",,,,unit,1,10.5,GST,0.0000,GST,0,1,,NON-ALC,,,,,"Non-Alcoholic [Harrys]",,1,,1,Crates,24,UNIT,
20700611,,"Angas & Bremer Rosé - Regular",,,,unit,1,12,GST,0.0000,GST,0,1,ALCOHOL,WINE,1,0,0,,"Rose Wine [Harrys]",,1,,,,,UNIT,
22645468,,"Add Corn",,,,unit,1,1,GST,0.0000,GST,1,1,,,,,,,"Stow Food [Harrys]",,1,,1,Individual,1,UNIT,
22947359,,"Bonito Flakes","Bonito Flakes",,,g,1,0,FRE,30.0000,FRE,0,0,,,,,,,,,,,1,Individual,1,UNIT,
22920848,,"Brown Sugar [1kg]",,,,g,1000,0,FRE,4.2000,FRE,0,1,,,0,1,1,,,,,,1,Individual,1,UNIT,
22947356,,"Davidson Plum Puree","Davidson Plum Puree",,,ml,1,0,FRE,0.0510,FRE,0,0,,,,,,,,,,,1,Individual,1,UNIT,
20744450,,"Four Pillars Rare Dry [Bottle]",,,,ml,700,0,GST,57.2700,GST,0,1,"stock,stock-spirit",,0,1,1,,,,1,,1,Individual,1,BOTTLE,
20744458,,"Kraken Rum [Bottle]",,,,ml,700,0,GST,45.9300,GST,0,1,"stock,stock-spirit",,0,1,1,,,,1,,1,Individual,1,BOTTLE,
22253061,,"Nikka Black Whisky [700ml]",,,,ml,700,0,GST,60.4450,GST,0,1,,,,,,,,,1,,1,Individual,1,UNIT,
20691649,,"Philter Old Ale [HG]",,,,unit,1,11,GST,3.0000,GST,0,1,ALCOHOL,BEERS,1,1,1,,"Bottles / Cans Alcoholic [Harrys]",,1,,1,Crates,24,UNIT,
22645122,,"Chocolate Brownie [HG]",,,,unit,1,12,GST,0.0000,GST,0,1,,"STOW FOOD",,,,,"Stow Food [Harrys]",,1,,,Individual,1,UNIT,
20700638,,"Azurescens Pinot Noir - Large",,,,unit,1,24,GST,0.0000,GST,0,1,ALCOHOL,WINE,1,0,0,,"Red Wine [Harrys]",,1,,,,,UNIT,
21663709,,"2x Eggs",,,,unit,1,4,GST,0.0000,GST,1,1,,,,,,,"Add-ons - Kitchen [Harrys]",,1,,1,Individual,1,UNIT,
22893566,,"Cooking Sake Jun [18L]",,,,l,18000,0,FRE,33.2500,GST,0,1,,,0,1,1,,,,1,,1,Individual,1,UNIT,
20750146,,"Fever-Tree Mediterannean Tonic [Bottle]",,,,ml,500,0,GST,2.6100,GST,0,1,"stock,stock-spirit",,0,1,1,,,,1,,1,Crates,8,BOTTLE,
22918985,,"Mayonnaise Japanese Kewpie [1kg]",,,,unit,1,0,FRE,10.9000,FRE,0,1,,,0,1,1,,,,1,,1,Individual,1,UNIT,
22898499,,"Noodles Instant Ayam [700g]",,,,g,700,0,FRE,5.2900,FRE,0,1,,,0,1,1,,,,,,1,Individual,,UNIT,
20744466,,"Patron Reposado [Bottle]",,,,ml,700,0,GST,80.2500,GST,0,1,"stock,stock-spirit",,0,1,1,,,,1,,1,Individual,1,BOTTLE,
23281041,,"Kirin - Schooner [HG]",,,,unit,1,14,GST,0.0000,GST,0,1,,BEERS,,,,,"Tap Beer [Harrys]",,1,,1,Individual,1,UNIT,
23355842,,"Chicken skewers",,,,unit,1,22,GST,0.0000,GST,0,1,,FOOD,,,,,,,1,,,,,UNIT,
22645011,,"Sweet Potato Fries [HG]",,,,unit,1,13,GST,0.0000,GST,0,1,,"STOW FOOD",,,,,"Stow Food [Harrys]",,1,,1,Individual,1,UNIT,
21925764,,"Veuve Clicquot - Glass [HG]",,,,unit,1,32,GST,0.0000,GST,0,1,,WINE,,,,,"Sparkling Wine [Harrys]",,1,,,,,UNIT,
23173459,,"Marinated Egg",,,,unit,1,3,GST,0.0000,GST,1,1,,,,,,,"Add-ons - Kitchen [Harrys]",,1,,1,Individual,1,UNIT,
22645174,,"No Vegan Cheese",,,,unit,1,0,GST,0.0000,GST,1,1,,,,,,,,,1,,1,Individual,1,UNIT,
22996481,,"Passionfruit Puree Seedless 12x1kg [Tub]",,,PJ1,unit,1,0,FRE,9.5000,FRE,0,1,,,1,0,0,,,,1,,,Individual,1,UNIT,
20750198,,"Wolf Lane Navy Gin [Bottle]",,,,ml,700,0,GST,0.0000,GST,0,1,"stock,stock-spirit",,0,1,1,,,,1,,1,Individual,1,BOTTLE,
20700537,,"Americano [HG]",,,,unit,1,17,GST,0.0000,GST,0,1,,COCKTAILS,1,0,0,,"Cocktails - Classic [Harrys]",,1,,,,,UNIT,
23173341,,"Lemon Chu-hi",,,,unit,1,12,GST,0.0000,GST,0,1,,COCKTAILS,,,,,"Cocktails - Signature [Harrys]",,1,,,,,UNIT,
22082881,,"Oyster Mushroom",,,,unit,1,11,GST,0.0000,GST,0,1,,FOOD,,,,,"Big Plates [Harrys]",,1,,,Individual,1,UNIT,
20691710,,"Archie Rose Signature Gin",,,,unit,1,14,GST,62.0800,GST,0,1,ALCOHOL,SPIRITS,1,0,0,,"Gins [Harrys]",,1,,,,,UNIT,
20700624,,"Esoterico Orange - Large",,,,unit,1,24,GST,0.0000,GST,0,1,ALCOHOL,WINE,1,0,0,,"Orange / Skins Wine [Harrys]",,1,,,,,UNIT,
21925744,,"Ottelia Cab Sav - Large",,,,unit,1,27,GST,0.0000,GST,0,1,,WINE,,,,,"Red Wine [Harrys]",,1,,,,,UNIT,
22918947,,"Broccolini Baby [bunch]",,,,unit,1,0,FRE,3.5000,FRE,0,1,,,0,1,1,,,,,,1,Individual,1,UNIT,
23173449,,"Extra Pork.",,,,unit,1,5,GST,0.0000,GST,1,1,,,,,,,"Add-ons - Kitchen [Harrys]",,1,,1,Individual,1,UNIT,
22918966,,"Ponzu Dashi Vinegar Uchibori [360mL]",,,,ml,1,0,FRE,0.0153,FRE,0,1,,,0,1,1,,,,,,1,Individual,1,UNIT,
20750192,,"Tempus Fugit Creme de Banane [Bottle]",,,,ml,700,0,GST,0.0000,GST,0,1,"stock,stock-spirit",,0,1,1,,,,1,,1,Individual,1,BOTTLE,
20691612,,Tofu,,,,unit,1,0,GST,0.0000,GST,1,1,,,0,0,0,,,,1,,,,,UNIT,
20744477,,"White Light Pure Vodka [20L]",,,,ml,20000,0,GST,1002.7500,GST,0,1,"stock,stock-spirit",,0,1,1,,,,1,,1,Individual,1,CONTAINER,
21452373,,"Wok Green Beans",,,,unit,1,15,GST,0.0000,GST,0,1,,,,,,,"Small Plates [Harrys]",,1,,,Individual,1,UNIT,
23201886,,"Extra BBQ Wagyu",,,,unit,1,15,GST,0.0000,GST,0,1,,FOOD,,,,,"Small Plates [Harrys]",,1,,,,1,UNIT,
22645006,,"Buffalo Wings [HG]",,,,unit,1,16,GST,0.0000,GST,0,1,,"STOW FOOD",,,,,"Stow Food [Harrys]",,1,,,Individual,1,UNIT,
22345918,,"Chicken Shumai [3pc]",,,,unit,1,10,GST,0.0000,GST,0,1,,"YUM CHA",,,,,"Yum Cha [Harrys]",,1,,,Individual,1,UNIT,
22996519,,"Cream Bulb 10's Mosa",,,,unit,1,0,FRE,12.9000,FRE,0,1,,,0,1,1,,,,1,,1,Individual,1,UNIT,
22645530,,"No Pineapple",,,,unit,1,0,GST,0.0000,GST,1,1,,,,,,,,,1,,1,Individual,1,UNIT,
22995428,,"Spanish Chorizo Mild Pendle [1kg]",,,19626,unit,1,0,FRE,13.7000,FRE,0,0,,,0,1,1,,,,,,1,Individual,1,UNIT,
20702341,,"Tomato Sauce",,,,unit,1,0,GST,0.0000,GST,1,1,,,1,0,0,,,,1,,,Individual,1,UNIT,
22995433,,"White Truffle Oil Sandhurst [250ml]",,,14127,unit,1,0,FRE,11.4000,FRE,0,0,,,0,1,1,,,,,,1,Individual,1,UNIT,
20700587,,"Sidecar [HG]",,,,unit,1,19,GST,0.0000,GST,0,1,,COCKTAILS,1,0,0,,"Cocktails - Classic [Harrys]",,1,,,,,UNIT,
20700596,,"Whisky Sour",,,,unit,1,19,GST,0.0000,GST,0,1,,COCKTAILS,1,0,0,,"Cocktails - Classic [Harrys]",,1,,,,,UNIT,
22082884,,"Meat Platter",,,,unit,1,40,GST,0.0000,GST,0,1,,FOOD,,,,,"Big Plates [Harrys]",,1,,,Individual,1,UNIT,
20691757,,"Jameson Irish Whiskey",,,,unit,1,12,GST,0.0000,GST,0,1,ALCOHOL,SPIRITS,1,0,0,,"Whiskies [Harrys]",,1,,,,,UNIT,
22645071,,"Tempeh Parmi [HG]",,,,unit,1,28,GST,0.0000,GST,0,1,,"STOW FOOD",,,,,"Stow Food [Harrys]",,1,,,Individual,1,UNIT,
22918954,,"Capsicum Green [kg]",,,,kg,1,0,FRE,7.2000,FRE,0,1,,,0,1,1,,,,,,1,Individual,1,UNIT,
22947377,,"Garlic Oil","Garlic Oil",,,ml,1,0,FRE,0.0000,FRE,0,0,,,,,,,,,,,,,,UNIT,
22947360,,Kombu,Kombu,,,g,1,0,FRE,20.0000,FRE,0,0,,,,,,,,,,,1,Individual,1,UNIT,
20702575,,"No Salt",,,,unit,1,0,GST,0.0000,GST,1,1,,,0,0,0,,,,1,,,Individual,1,UNIT,
22918971,,"Sugar Brown CSR [1kg]",,,,unit,1,0,FRE,4.2000,FRE,0,1,,,0,1,1,,,,,,1,Individual,1,UNIT,
20691633,,"Crouching Tiger",,,,unit,1,21,GST,0.0000,GST,0,1,ALCOHOL,COCKTAILS,1,0,0,,"Cocktails - Signature [Harrys]",,1,,,,,UNIT,
20700561,,"French Martini [HG]",,,,unit,1,19,GST,0.0000,GST,0,1,,COCKTAILS,1,0,0,,"Cocktails - Classic [Harrys]",,1,,,,,UNIT,
20700588,,Southside,,,,unit,1,19,GST,0.0000,GST,0,1,,COCKTAILS,1,0,0,,"Cocktails - Classic [Harrys]",,1,,,,,UNIT,
21017844,,"Vegetarian Spring Rolls",,,,unit,1,15,GST,0.0000,GST,0,1,,FOOD,,,,,"Small Plates [Harrys]",,1,,,Individual,1,UNIT,
20767722,,"Trutta Streamside Shiraz - Large [HG]",,,,unit,1,25,GST,18.0500,GST,0,1,,WINE,,,,,"Red Wine [Harrys]",,1,,,Individual,1,UNIT,
20747514,,"Angostura Bitters - Bottle 200ml",,,,ml,200,0,GST,1.3400,GST,0,1,"stock,stock-spirit",,0,1,1,,,,1,,1,Individual,1,BOTTLE,
22992354,,"Beef Brisket Sliced Korean [2KG]",,,,unit,1,0,FRE,38.1000,FRE,0,1,,,,1,1,,,,1,,1,Individual,1,UNIT,
22645252,,"Extra Taco",,,,unit,1,7,GST,0.0000,GST,1,1,,,,,,,"Stow Food [Harrys]",,1,,1,Individual,1,UNIT,
22918969,,"Gas Butane Cartridge Gasmate [4pk]",,,,unit,1,0,GST,14.0800,GST,0,1,,,0,1,1,,,,,,1,Individual,1,UNIT,
22918968,,"Hoi Sin Sauce LKK [2.27kg]",,,,unit,1,0,FRE,10.5500,FRE,0,1,,,0,1,1,,,,,,1,Individual,1,UNIT,
22962272,,"Hoisin Sauce",,,,ml,1,0,FRE,0.0000,FRE,0,1,,,,,,,,,1,,1,Individual,,UNIT,
20991231,,"Harry's Lager - Schooner",,,,unit,1,9.5,GST,1.5700,GST,0,1,ALCOHOL,BEERS,1,0,0,,"Tap Beer [Harrys]",,1,,,,1,UNIT,
22082875,,"Pork Leg",,,,unit,1,14,GST,0.0000,GST,0,1,,FOOD,,,,,"Big Plates [Harrys]",,1,,,,,UNIT,
22645001,,"Fish Tacos [HG]",,,,unit,1,20,GST,0.0000,GST,0,1,,"STOW FOOD",,,,,"Stow Food [Harrys]",,1,,,Individual,1,UNIT,
20700644,,"From Sundays Shiraz - Regular",,,,unit,1,15,GST,0.0000,GST,0,1,ALCOHOL,WINE,1,0,0,,"Red Wine [Harrys]",,1,,,,,UNIT,
22645490,,"Add Prawns",,,,unit,1,3,GST,0.0000,GST,1,1,,,,,,,"Stow Food [Harrys]",,1,,1,Individual,1,UNIT,
22996518,,"Bocconcini Traditional 1kg Paesanella",,,,unit,1,0,FRE,54.0000,FRE,0,1,,,0,1,1,,,,1,,1,Individual,1,UNIT,
20744449,,"Four Pillars Olive Leaf [Bottle]",,,,ml,700,0,GST,0.0000,GST,0,1,"stock,stock-spirit",,0,1,1,,,,1,,1,Individual,1,BOTTLE,
20744453,,"Hendrick's Gin [Bottle]",,,,ml,700,0,GST,66.6800,GST,0,1,"stock,stock-spirit",,0,1,1,,,,1,,1,Individual,1,BOTTLE,
22898078,,"Pepper White Ground Galaxy [500g]",,,,kg,0.5,0,FRE,19.0000,FRE,0,1,,,0,1,1,,,,1,,1,Individual,1,UNIT,
20700583,,"Pisco Sour",,,,unit,1,19,GST,0.0000,GST,0,1,,COCKTAILS,1,0,0,,"Cocktails - Classic [Harrys]",,1,,,,,UNIT,
21453080,,"Kids Dumplings - Beef",,,,unit,1,8,GST,0.0000,GST,0,1,,FOOD,,,,,"Kids [Harrys]",,1,,1,Individual,1,UNIT,
20691732,,"Fernet Branca",,,,unit,1,14,GST,0.0000,GST,0,1,ALCOHOL,SPIRITS,1,0,0,,"Amaro / Aperitif / Fortified Wine [Harrys]",,1,,,,,UNIT,
20691787,,"St. Germain Elderflower Liqueur",,,,unit,1,13,GST,0.0000,GST,0,1,ALCOHOL,SPIRITS,1,0,0,,"Liqueurs [Harrys]",,1,,,,,UNIT,
20700645,,"From Sundays Shiraz - Large",,,,unit,1,24,GST,0.0000,GST,0,1,ALCOHOL,WINE,1,0,0,,"Red Wine [Harrys]",,1,,,,,UNIT,
20702344,,"BBQ Sauce",,,,unit,1,0,GST,0.0000,GST,1,1,,,0,0,0,,,,1,,,Individual,1,UNIT,
22918948,,"Corn Baby [punnet]",,,,unit,1,0,FRE,4.8000,FRE,0,1,,,0,1,1,,,,,,1,Individual,1,UNIT,
22645187,,"Extra Cheese",,,,unit,1,2,GST,0.0000,GST,1,1,,,,,,,"Stow Food [Harrys]",,1,,1,Individual,1,UNIT,
22902953,,"Honey [kg]",,,,g,1000,0,FRE,7.0000,FRE,0,1,,,0,1,1,,,,,,1,Individual,,UNIT,
22947361,,"Menma (Bamboo Shoots)",Menma,,,g,1,0,FRE,12.0000,FRE,0,0,,,,,,,,,,,,,,UNIT,
20702408,,Olive,,,,unit,1,0,GST,0.0000,GST,1,1,,,0,0,0,,,,1,,,Individual,1,UNIT,
21239926,,"Unlimited Dumplings",,,,unit,1,24,GST,0.0000,GST,0,0,,FOOD,,,,,"Big Plates [Harrys]",,1,,,,,UNIT,
22082885,,"Veg Platter",,,,unit,1,30,GST,0.0000,GST,0,1,,FOOD,,,,,"Big Plates [Harrys]",,1,,,Individual,1,UNIT,
20691774,,"Patron Reposado Tequila",,,,unit,1,16,GST,0.0000,GST,0,1,ALCOHOL,SPIRITS,1,0,0,,"Tequila [Harrys]",,1,,,,,UNIT,
22345917,,"BBQ Pork Buns [2pc]",,,,unit,1,10,GST,0.0000,GST,0,1,,"YUM CHA",,,,,"Yum Cha [Harrys]",,1,,,Individual,1,UNIT,
20750117,,"Bols Genever [Bottle]",,,,ml,700,0,GST,45.3100,GST,0,1,"stock,stock-spirit",,0,1,1,,,,1,,1,Individual,1,BOTTLE,
22995413,,"Kimchi Whole Pogi CJ Foods [5kg]",,,14303,unit,1,0,FRE,21.4000,FRE,0,0,,,0,1,1,,,,,,1,Individual,1,UNIT,
23201817,,"Remove Shallots",,,,unit,1,0,GST,0.0000,GST,1,1,,,,,,,,,1,,1,Individual,1,UNIT,
22898081,,"Sesame Seed Black Jun [kg]",,,,g,1000,0,FRE,11.5500,FRE,0,1,,,0,1,1,,,,1,,1,Individual,1,UNIT,
22898073,,"Soy Sauce Sweet Megachef [4.5L]",,,,l,4.5,0,FRE,42.0000,FRE,0,1,,,0,1,1,,,,1,,1,Individual,1,UNIT,
23173444,,"Swap for Tofu",,,,unit,1,0,GST,0.0000,GST,1,1,,,,,,,"Add-ons - Kitchen [Harrys]",,1,,1,Individual,1,UNIT,
20735489,,"Manhattan - Perfect [HG]",,,,unit,1,19,GST,0.0000,GST,0,1,ALCOHOL,COCKTAILS,1,0,0,,"Cocktails - Classic [Harrys]",,1,,,,,UNIT,
20700576,,"Mojito [HG]",,,,unit,1,19,GST,0.0000,GST,0,1,,COCKTAILS,1,,,,"Cocktails - Classic [Harrys]",,1,,,,,UNIT,
21453077,,"Kids Dumplings - Chicken",,,,unit,1,8,GST,0.0000,GST,0,1,,FOOD,,,,,"Kids [Harrys]",,1,,1,Individual,1,UNIT,
21452370,,"Popcorn Cauliflower",,,,unit,1,15,GST,0.0000,GST,0,1,,FOOD,,,,,"Small Plates [Harrys]",,1,,,,,UNIT,
22898623,,"Beans Edamame Soy Frozen [350g]",,,,unit,1,0,FRE,9.0000,FRE,0,1,,,0,1,1,,,,1,,1,Individual,1,UNIT,
22995395,,"Chicken Wing Nibble [15kg]",,,10737,unit,1,0,FRE,90.0000,FRE,0,0,,,0,1,1,,,,,,1,Individual,1,UNIT,
22992394,,"Chicken Wing [5KG]",,,,g,5000,0,FRE,24.0000,FRE,0,1,,,,,,,,,1,,1,Individual,1,UNIT,
21452362,,"Chicken Wings",,,,unit,1,15,GST,0.0000,GST,0,1,,,,,,,"Small Plates [Harrys]",,1,,,,,UNIT,
22918984,,"Garlic Fried Doree [500g]",,,,unit,1,0,FRE,14.5000,FRE,0,1,,,0,1,1,,,,,,1,Individual,1,UNIT,
20700691,,"No Glasses Needed",,,,unit,1,0,GST,0.0000,GST,1,1,,,0,0,0,,,,1,,,Individual,1,UNIT,
23280982,,"Grifter Pale - Schooner [HG]",,,,unit,1,11.5,GST,0.0000,GST,0,1,,BEERS,,,,,"Tap Beer [Harrys]",,1,,1,Individual,1,UNIT,
20873364,,"Birdseye Chilli Marg",,,,unit,1,21,GST,0.0000,GST,0,1,,COCKTAILS,,,,,"Cocktails - Signature [Harrys]",,1,,,,,UNIT,
21420233,,Tonkotsu,,,,ml,1,29,GST,0.0000,GST,0,1,,FOOD,,,,,"Big Plates [Harrys]",,1,,,,,UNIT,
22345915,,"Pork & Chive Dumplings [4pc]",,,,unit,1,8,GST,0.0000,GST,0,1,,"YUM CHA",,,,,"Yum Cha [Harrys]",,1,,,Individual,1,UNIT,
20744440,,"Baileys Irish Cream [1L Bottle]",,,,ml,1000,0,GST,42.3400,GST,0,1,"stock,stock-spirit",,0,1,1,,,,1,,1,Individual,1,BOTTLE,
22898085,,"Choi Sum [bunch]",,,,g,1000,0,FRE,9.0000,FRE,0,1,,,0,1,1,,,,1,,1,Individual,1,UNIT,
20700719,,"Dry Ginger Ale",,,,unit,1,0,GST,0.0000,GST,1,1,,,1,0,0,,,,1,,,Individual,1,UNIT,
20702443,,"Glass of Ice on the Side",,,,unit,1,0,GST,0.0000,GST,1,1,,,0,0,0,,,,1,,,Individual,1,UNIT,
22918999,,"Instant Noodle Ayam [700g]",,,,unit,1,0,FRE,5.2900,FRE,0,1,,,0,1,1,,,,,,1,Individual,1,UNIT,
22645515,,"No Salami",,,,unit,1,0,GST,0.0000,GST,1,1,,,,,,,,,1,,1,Individual,1,UNIT,
22645235,,"Remove Cheese",,,,unit,1,0,GST,0.0000,GST,1,1,,,,,,,,,1,,1,Individual,1,UNIT,
22645143,,"Side Spicy Salsa",,,,unit,1,1,GST,0.0000,GST,1,1,,,,,,,"Stow Food [Harrys]",,1,,1,Individual,1,UNIT,
23173448,,"Swap for Pork",,,,unit,1,0,GST,0.0000,GST,1,1,,,,,,,"Add-ons - Kitchen [Harrys]",,1,,1,Individual,1,UNIT,
23173373,,"Chicken Karaage",,,,unit,1,17,GST,0.0000,GST,0,1,,FOOD,,,,,"Small Plates [Harrys]",,1,,1,Individual,1,UNIT,
22918990,,"Curry Flake Mild S&B [1kg]",,,,g,1000,0,FRE,9.4500,FRE,0,1,,,0,1,1,,,,,,1,Individual,1,UNIT,
22918997,,"Dumpling Beef Cabbage Sun Circle [600g]",,,,unit,1,0,FRE,4.5000,FRE,0,1,,,,1,1,,,,,,1,Individual,1,UNIT,
20744451,,"Grey Goose [Bottle]",,,,ml,700,0,GST,60.0600,GST,0,1,"stock,stock-spirit",,0,1,1,,,,1,,1,Individual,1,BOTTLE,
20700678,,Lemon,,,,g,1,0,GST,0.0000,GST,1,1,,,0,0,0,,,,1,,,Individual,1,UNIT,
22645168,,"No Rice",,,,unit,1,0,GST,0.0000,GST,1,1,,,,,,,,,1,,1,Individual,1,UNIT,
23201839,,"Remove Bamboo Shoots",,,,unit,1,0,GST,0.0000,GST,1,1,,,,,,,,,1,,1,Individual,1,UNIT,
20700540,,"Aviation [HG]",,,,unit,1,19,GST,0.0000,GST,0,1,,COCKTAILS,1,0,0,,"Cocktails - Classic [Harrys]",,1,,,,,UNIT,
21452349,,"Dumplings - Beef & Cabbage",,,,unit,1,14,GST,0.0000,GST,0,1,,FOOD,,,,,"Small Plates [Harrys]",,1,,,,,UNIT,
22641769,,"Sensei Calamari [HG]",,,,unit,1,18,GST,0.0000,GST,0,1,,"STOW FOOD",,,,,"Stow Food [Harrys]",,1,,1,Individual,1,UNIT,
22345986,,"Shredded Beef.",,,,unit,1,20,GST,0.0000,GST,0,1,,"YUM CHA",,,,,"Yum Cha [Harrys]",,1,,,Individual,1,UNIT,
22995387,,"Bocconcini Alba [1kg]",,,19491,unit,1,0,FRE,17.4000,FRE,0,0,,,0,1,1,,,,,,1,Individual,1,UNIT,
22995391,,"Canola Oil Simply [20L]",,,13903,unit,1,0,FRE,64.0000,FRE,0,1,,,0,1,1,,,,1,,1,Individual,1,UNIT,
21453064,,Egg,,,,unit,1,0,GST,0.0000,GST,1,1,,,,,,,,,1,,1,Individual,1,UNIT,
20744448,,"Four Pillars Bloody Shiraz Gin [Bottle]",,,,ml,700,0,GST,0.0000,GST,0,1,"stock,stock-spirit",,0,1,1,,,,1,,1,Individual,1,BOTTLE,
20744663,,"Hibiki Harmony [Bottle]",,,,ml,700,0,GST,158.7300,GST,0,1,"stock,stock-spirit",,0,1,1,,,,1,,1,Individual,1,BOTTLE,
20750160,,"Italicus Bergamot Liqueur [Bottle]",,,,ml,700,0,GST,66.4800,GST,0,1,"stock,stock-spirit",,0,1,1,,,,1,,1,Individual,1,BOTTLE,
20747682,,"Luxardo Maraschino [Bottle]",,,,ml,700,0,GST,0.0000,GST,0,1,"stock,stock-spirit",,0,1,1,,,,1,,1,Individual,1,BOTTLE,
20691720,,Campari,,,,unit,1,10,GST,0.0000,GST,0,1,ALCOHOL,SPIRITS,1,0,0,,"Amaro / Aperitif / Fortified Wine [Harrys]",,1,,,,,UNIT,
20700601,,"Angas & Bremer Grenache - Regular",,,,unit,1,12,GST,0.0000,GST,0,1,ALCOHOL,WINE,1,,,,"Red Wine [Harrys]",,1,,,Individual,1,UNIT,
22285341,,"Two Tonne Riesling - Large Glass [HG]",,,,unit,1,27,GST,0.0000,GST,0,1,,WINE,,,,,"White Wine [Harrys]",,1,,,,,UNIT,
22893557,,"Chicken Thigh Flt S/Off RSPCA [kg]",,,,kg,1,0,FRE,16.3000,FRE,0,1,,,0,1,1,,,,1,,1,Individual,1,UNIT,
22995403,,"Flour Tortillas 12"" Plain Mission [72's]",,,13315,unit,1,0,FRE,34.0000,FRE,0,0,,,0,1,1,,,,,,1,Individual,1,UNIT,
20700728,,"No Garnish",,,,unit,1,0,GST,0.0000,GST,1,1,,,0,0,0,,,,1,,,Individual,1,UNIT,
22996461,,"Pizza Base Gluten Free 11in [10x2 CTN] Letizza",,,,unit,1,0,FRE,88.7500,FRE,0,1,,,1,0,0,,,,1,,,Individual,1,UNIT,
20768432,,"Saika Junmai Daiginjo [720ml]",,,,ml,720,0,GST,43.9900,GST,0,1,,,,,,,,,1,,1,Individual,1,UNIT,
21319585,,"Hyoketsu Lemon [HG]",,,,unit,1,14,GST,4.3100,GST,0,1,,BEERS,,,,,"Bottles / Cans Alcoholic [Harrys]",,1,,1,Crates,24,UNIT,
21453068,,"Kids Tonkotsu",,,,unit,1,13,GST,0.0000,GST,0,1,,FOOD,,,,,"Kids [Harrys]",,1,,1,Individual,1,UNIT,
20691737,,"Four Pillars Bloody Shiraz Gin",,,,unit,1,14.5,GST,0.0000,GST,0,1,ALCOHOL,SPIRITS,1,0,0,,"Gins [Harrys]",,1,,,,,UNIT,
22644999,,"Mushroom Tacos [HG]",,,,unit,1,20,GST,0.0000,GST,0,1,,"STOW FOOD",,,,,"Stow Food [Harrys]",,1,,,Individual,1,UNIT,
20700650,,"River Retreat Pinot Grigio - Bottle",,,,ml,750,49,GST,10.0500,GST,0,1,"ALCOHOL,stock,stock-wine",WINE,1,1,1,,"White Wine [Harrys]",,1,,1,Crates,12,UNIT,
22893551,,"Corn Flour Gluten Free [5kg]",,,,kg,5,0,FRE,23.0000,FRE,0,1,,,0,1,1,,,,1,,1,Individual,1,UNIT,
20750145,,"Fever-Tree Naturally Light Tonic [Bottle]",,,,ml,500,0,GST,2.6100,GST,0,1,"stock,stock-spirit",,,1,1,,,,1,,1,Crates,8,BOTTLE,
22995408,,"Ham Soccerball Sliced Pendle [1kg]",,,27544,unit,1,0,FRE,12.7000,FRE,0,0,,,0,1,1,,,,,,1,Individual,1,UNIT,
20750175,,"Never Never Oyster Shell Gin [Bottle]",,,,ml,500,0,GST,0.0000,GST,0,1,"stock,stock-spirit",,0,1,1,,,,1,,1,Individual,1,BOTTLE,
22641629,,"Philter Pale [Keg]",,,,ml,50000,0,FRE,264.0100,FRE,0,1,,,,,,,,,1,,1,Individual,,UNIT,
22918988,,"Pickled Radish Mixed Vegetable [1kg]",,,,unit,1,0,FRE,4.0000,FRE,0,1,,,0,1,1,,,,,,1,Individual,1,UNIT,
22996452,,"Szechuan Pepper Whole 250gm Krio Krush",,,,unit,1,0,FRE,24.0000,FRE,0,1,,,1,0,0,,,,1,,,Individual,1,UNIT,
22995431,,"Tomatoes Roma [Box]",,,TR10BX,unit,1,0,FRE,49.5000,FRE,0,0,,,0,1,1,,,,,,1,Individual,1,UNIT,
22996453,,"Vegemite Spread 380gm",,,,unit,1,0,FRE,10.0000,FRE,0,1,,,1,0,0,,,,1,,,Individual,1,UNIT,
22082882,,"Potato Salad",,,,unit,1,7,GST,0.0000,GST,0,1,,FOOD,,,,,"Big Plates [Harrys]",,1,,,Individual,1,UNIT,
22645480,,"Add Minted Yoghurt",,,,unit,1,1,GST,0.0000,GST,1,1,,,,,,,"Stow Food [Harrys]",,1,,1,Individual,1,UNIT,
22918980,,"Chilli Sauce Sambal Asli ABC [335mL]",,,,ml,335,0,FRE,4.5000,FRE,0,1,,,0,1,1,,,,,,1,Individual,1,UNIT,
20750167,,"Lillet Blanc Aperitif [Bottle]",,,,ml,700,0,GST,0.0000,GST,0,1,"stock,stock-spirit",,0,1,1,,,,1,,1,Individual,1,BOTTLE,
22918962,,"Pork Skin Frozen [kg]",,,,g,1000,0,FRE,4.0000,FRE,0,1,,,0,1,1,,,,,,1,Individual,1,UNIT,
22947355,,"Quandong Paste","Quandong Paste",,,unit,1,0,FRE,15.0000,FRE,0,0,,,,,,,,,,,1,Individual,1,UNIT,
22893546,,"Xanthan Gum Powder 100GM Natures Secret",,,,g,100,0,FRE,6.0000,FRE,0,1,,,0.0,1.0,1.0,,,,1,,1,Individual,1,UNIT,
20700568,,"Limoncello Spritz",,,,unit,1,19,GST,0.0000,GST,0,1,ALCOHOL,COCKTAILS,1,0,0,,"Cocktails - Classic [Harrys]",,1,,,,,UNIT,
22832139,,"Gift Voucher [open]",,,,unit,1,0,GST,0.0000,GST,0,1,,FOOD,,,,,"Gift Vouchers [Harrys]",,1,,1,Individual,1,UNIT,
22645423,,"Sanchez Pizza [HG]",,,,unit,1,25,GST,0.0000,GST,0,1,,PIZZA,,,,,"Stow Food [Harrys]",,1,,,Individual,1,UNIT,
22285344,,"Two Tonne Riesling - Bottle [HG]",,,,ml,750,74,GST,0.0000,GST,0,1,,WINE,,,,,"White Wine [Harrys]",,1,,1,Crates,6,UNIT,
22645224,,"Add Pulled Beef Brisket",,,,unit,1,5,GST,0.0000,GST,1,1,,,,,,,"Stow Food [Harrys]",,1,,1,Individual,1,UNIT,
22867075,,"Coconut Mousse",,,,unit,1,12,GST,0.0000,GST,0,1,,,,,,,"Desserts [Harrys]",,1,,,,,UNIT,
22918958,,"Coriander [bunch]",,,,unit,1,0,FRE,2.6000,FRE,0,1,,,0,1,1,,,,,,1,Individual,1,UNIT,
22996443,,"Gelatine Sheets 1kg Gelita",,,,unit,1,0,FRE,46.5000,FRE,0,1,,,1,0,0,,,,1,,,Individual,1,UNIT,
22645153,,"Jalapeños on Side",,,,unit,1,1,GST,0.0000,GST,1,1,,,,,,,"Stow Food [Harrys]",,1,,1,Individual,1,UNIT,
20744644,,"Joseph Cartron Creme de Peche [Bottle]",,,,ml,750,0,GST,42.2100,GST,0,1,"stock,stock-spirit",,0,1,1,,,,1,,1,Individual,1,BOTTLE,
22900643,,"Katsu Curry Sauce",,,,ml,1,0,FRE,0.0000,FRE,0,1,,,,,,,,,1,,,,,UNIT,
22920836,,"Pork Bones [kg]",,,,g,1000,0,FRE,2.5000,FRE,0,1,,,0,1,1,,,,,,1,Individual,1,UNIT,
20700711,,Soda,,,,unit,1,0,GST,0.0000,GST,1,1,,,0,0,0,,,,1,,,Individual,1,UNIT,
22735221,,"Katsu Curry Dumplings","Dumplings - Curry",,,unit,1,16,GST,0.0000,GST,0,1,,FOOD,,,,,"Small Plates [Harrys]",,1,,,,,UNIT,
22645464,,"Add Cherry Tomatoes",,,,unit,1,1,GST,0.0000,GST,1,1,,,,,,,"Stow Food [Harrys]",,1,,1,Individual,1,UNIT,
22645476,,"Add Garlic Base",,,,unit,1,1,GST,0.0000,GST,1,1,,,,,,,"Stow Food [Harrys]",,1,,1,Individual,1,UNIT,
22995394,,"Chicken Thigh Strip 2cm [5kg]",,,10595,unit,1,0,FRE,74.0000,FRE,0,0,,,0,1,1,,,,,,1,Individual,1,UNIT,
20700535,,"-DON'T MAKE-",,,,unit,1,0,GST,0.0000,GST,1,1,,COCKTAILS,0,0,0,,,,1,,,Individual,1,UNIT,
20700594,,"Vesper Martini [HG]",,,,unit,1,19,GST,0.0000,GST,0,1,,COCKTAILS,1,0,0,,"Cocktails - Classic [Harrys]",,1,,,,,UNIT,
21420234,,Shoyu,,,,unit,1,29,GST,0.0000,GST,0,1,,FOOD,,,,,"Big Plates [Harrys]",,1,,1,Individual,1,UNIT,
21050704,,"Diet Coke Can",,,,unit,1,4,GST,0.0000,GST,0,1,,NON-ALC,,,,,"Non-Alcoholic [Harrys]",,1,,1,Crates,24,UNIT,
22645113,,"Kids Ham & Cheese Pizza [HG]",,,,unit,1,13,GST,0.0000,GST,0,1,,PIZZA,,,,,"Stow Food [Harrys]",,1,,,Individual,1,UNIT,
20691749,,"Grey Goose Vodka",,,,unit,1,14,GST,0.0000,GST,0,1,ALCOHOL,SPIRITS,1,0,0,,"Vodkas [Harrys]",,1,,,,,UNIT,
21925781,,"Padrillos Malbec - Bottle",,,,ml,750,72,GST,17.8200,GST,0,1,,WINE,,,,,"Red Wine [Harrys]",,1,,1,Crates,12,UNIT,
22918994,,"Dumpling Pork Parsley Sun Circle [600g]",,,,unit,1,0,FRE,4.5000,FRE,0,1,,,0,1,1,,,,,,1,Individual,1,UNIT,
22898076,,"Egg Whole Pulp Frozen [10kg]",,,,kg,10,0,FRE,95.0000,FRE,0,1,,,0,1,1,,,,1,,1,Individual,1,UNIT,
22645156,,"Extra Corn Chips",,,,unit,1,1,GST,0.0000,GST,1,1,,,,,,,"Stow Food [Harrys]",,1,,1,Individual,1,UNIT,
20744461,,"Manly Spirits Zesty Limoncello [Bottle]",,,,ml,700,0,GST,0.0000,GST,0,1,"stock,stock-spirit",,0,1,1,,,,1,,1,Individual,1,BOTTLE,
22645192,,"No Burger Sauce",,,,unit,1,0,GST,0.0000,GST,1,1,,,,,,,,,1,,1,Individual,1,UNIT,
22898072,,"Soy Sauce Dark Pearl River [600mL]",,,,l,0.6,0,FRE,4.4000,FRE,0,1,,,0,1,1,,,,1,,1,Individual,1,UNIT,
22996441,,"Soy Sauce Light PRB Superior 600ml Pearl River",,,,unit,1,0,FRE,7.0000,FRE,0,1,,,1,0,0,,,,1,,,Individual,1,UNIT,
22893560,,"Tomato Cherry [punnet]",,,,unit,1,0,FRE,3.0000,FRE,0,1,,,0,1,1,,,,1,,1,Individual,1,UNIT,
22920850,,"Turkish Bread [loaf]",,,,g,120,0,FRE,0.9000,FRE,0,1,,,0,1,1,,,,,,1,Individual,1,UNIT,
20691776,,"Monkey Shoulder Scotch Whisky [House]",,,,unit,1,11,GST,0.0000,GST,0,1,ALCOHOL,SPIRITS,1,0,0,,"Whiskies [Harrys]",,1,,,,,UNIT,
22645526,,"No Bocconcini",,,,unit,1,0,GST,0.0000,GST,1,1,,,,,,,,,1,,1,Individual,1,UNIT,
22645172,,"No Slaw",,,,unit,1,0,GST,0.0000,GST,1,1,,,,,,,,,1,,1,Individual,1,UNIT,
22898088,,"Potato Peeled [kg]",,,,kg,1,0,FRE,2.9000,FRE,0,1,,,0,1,1,,,,1,,1,Individual,1,UNIT,
22918998,,"Prawn Har Gao Sun Circle - 50pcs [1kg]",,,,unit,1,0,FRE,32.0000,FRE,0,1,,,0,1,1,,,,,,1,Individual,1,UNIT,
20768342,,"St. Felix Bitter Aperitivo [Bottle]",,,,ml,700,0,GST,37.2800,GST,0,1,,,,,,,,,1,,1,Individual,1,BOTTLE,
20700590,,"Tom Collins",,,,unit,1,19,GST,0.0000,GST,0,1,,COCKTAILS,1,0,0,,"Cocktails - Classic [Harrys]",,1,,,,,UNIT,
23201874,,"BBQ Veg Platter",,,,unit,1,30,GST,0.0000,GST,0,1,,FOOD,,,,,"Big Plates [Harrys]",,1,,,,,UNIT,
22645116,,"Kids Hawaiian Pizza [HG]",,,,unit,1,13,GST,0.0000,GST,0,1,,PIZZA,,,,,"Stow Food [Harrys]",,1,,,Individual,1,UNIT,
22082888,,"Soju Bomb",,,,unit,1,12,GST,0.0000,GST,0,1,,"SAKE / SOJU",,,,,"Sake & Soju [Harrys]",,1,,,,,UNIT,
23202429,,"Angel's Envy Bourbon",,,,unit,1,17,GST,0.0000,GST,0,1,,SPIRITS,,,,,"Whiskies [Harrys]",,1,,,,,UNIT,
22645466,,"Add Chicken",,,,unit,1,2,GST,0.0000,GST,1,1,,,,,,,"Stow Food [Harrys]",,1,,1,Individual,1,UNIT,
22645474,,"Add Garlic",,,,unit,1,1,GST,0.0000,GST,1,1,,,,,,,"Stow Food [Harrys]",,1,,1,Individual,1,UNIT,
20750126,,"Chartreuse Green [Bottle]",,,,ml,700,0,GST,0.0000,GST,0,1,"stock,stock-spirit",,0,1,1,,,,1,,1,Individual,1,BOTTLE,
21038744,,"Extra  Piece",,,,unit,1,5,GST,0.0000,GST,1,1,,,,,,,"Add-ons - Kitchen [Harrys]",,1,,1,Individual,1,UNIT,
22898755,,"Gochujang Honey Soy",,,,ml,1,0,FRE,0.0000,FRE,0,1,,,,,,,,,1,,,,,UNIT,
22918952,,"Lettuce Baby Gem [bag]",,,,unit,1,0,FRE,3.8000,FRE,0,1,,,0,1,1,,,,,,1,Individual,1,UNIT,
22791762,,Mushroom,,,,unit,1,0,GST,0.0000,GST,1,1,,,,,,,,,1,,1,Individual,1,UNIT,
20691785,,"Rooster Blanco Tequila [House]",,,,unit,1,11,GST,0.0000,GST,0,1,ALCOHOL,SPIRITS,1,0,0,,"Tequila [Harrys]",,1,,,Individual,1,UNIT,
22645080,,"Beef Burger [HG]",,,,unit,1,26,GST,0.0000,GST,0,1,,"STOW FOOD",,,,,"Stow Food [Harrys]",,1,,,Individual,1,UNIT,
22285340,,"Two Tonne Riesling - Glass [HG]",,,,unit,1,18,GST,0.0000,GST,0,1,,WINE,,,,,"White Wine [Harrys]",,1,,,,,UNIT,
20750149,,"Fortaleza Añejo [Bottle]",,,,ml,700,0,GST,0.0000,GST,0,1,"stock,stock-spirit",,0,1,1,,,,1,,1,Individual,1,BOTTLE,
22645524,,"No Basil",,,,unit,1,0,GST,0.0000,GST,1,1,,,,,,,,,1,,1,Individual,1,UNIT,
22645200,,"No Buffalo Aioli",,,,unit,1,0,GST,0.0000,GST,1,1,,,,,,,,,1,,1,Individual,1,UNIT,
22645219,,"Remove Prosciutto",,,,unit,1,0,GST,0.0000,GST,1,1,,,,,,,,,1,,1,Individual,1,UNIT,
22893565,,"Shallot [bunch]",,,,g,1000,0,FRE,6.6000,FRE,0,1,,,0,1,1,,,,1,,1,Individual,1,UNIT,
22918967,,"Sweet Chilli Jam Knorr [920g]",,,,g,920,0,FRE,53.0000,FRE,0,1,,,0,1,1,,,,1,,1,Individual,1,UNIT,
20841253,,"Yuzushu Spritz",,,,unit,1,19,GST,0.0000,GST,0,1,,COCKTAILS,,,,,"Cocktails - Signature [Harrys]",,1,,,,,UNIT,
22645415,,"Jimmy Jury Pizza [HG]",,,,unit,1,25,GST,0.0000,GST,0,1,,PIZZA,,,,,"Stow Food [Harrys]",,1,,,Individual,1,UNIT,
21750310,,"Jinro Chamisul - 60ml",,,,unit,1,9,GST,0.0000,GST,0,1,,"SAKE / SOJU",,,,,"Sake & Soju [Harrys]",,1,,,Individual,1,UNIT,
22645017,,"Chicken Burrito [HG]",,,,unit,1,28,GST,0.0000,GST,0,1,,"STOW FOOD",,,,,"Stow Food [Harrys]",,1,,1,Individual,1,UNIT,
20750127,,"Chartreuse Yellow [Bottle]",,,,ml,700,0,GST,0.0000,GST,0,1,"stock,stock-spirit",,0,1,1,,,,1,,1,Individual,1,BOTTLE,
20768492,,"Handago Junmai Ginjo [1.8L]",,,,ml,1800,0,GST,63.3800,GST,0,1,,,,,,,,,1,,1,Individual,1,UNIT,
20700679,,Lime,,,,g,1,0,GST,0.0000,GST,1,1,,,,,,,,,1,,,Individual,1,UNIT,
20750184,,"Redbreast 12yr [Bottle]",,,,ml,700,0,GST,0.0000,GST,0,1,"stock,stock-spirit",,0,1,1,,,,1,,1,Individual,1,BOTTLE,
22893567,,"Rice Vinegar Uchibori [20L]",,,,l,20000,0,FRE,37.7500,FRE,0,1,,,0,1,1,,,,1,,1,Individual,1,UNIT,
20750196,,"Velho Berreiro Cachaça [Bottle]",,,,ml,700,0,GST,0.0000,GST,0,1,"stock,stock-spirit",,0,1,1,,,,1,,1,Individual,1,BOTTLE,
20944741,,"Sapporo - Schooner",,,,unit,1,13,GST,3.4800,GST,0,1,,BEERS,,,,,"Tap Beer [Harrys]",,1,,,,1,UNIT,
21050703,,"Sprite Can",,,,unit,1,4,GST,0.0000,GST,0,1,,NON-ALC,,,,,"Non-Alcoholic [Harrys]",,1,,1,Crates,24,UNIT,
20700648,,"River Retreat Pinot Grigio - Regular",,,,unit,1,12,GST,0.0000,GST,0,1,ALCOHOL,WINE,1,0,0,,"White Wine [Harrys]",,1,,,,,UNIT,
22285382,,"Whispering Angel - Large [HG]",,,,unit,1,40,GST,0.0000,GST,0,1,,WINE,,,,,"Rose Wine [Harrys]",,1,,,Individual,1,UNIT,
20750112,,"Angel's Envy Bourbon [Bottle]",,,,ml,700,0,GST,0.0000,GST,0,1,"stock,stock-spirit",,0,1,1,,,,1,,1,Individual,1,BOTTLE,
20691718,,"Brookie's Byron Dry Gin Tonica",,,,unit,1,20,GST,0.0000,GST,0,1,"ALCOHOL,stock,stock-spirit",,1,0,0,,"Gins [Harrys]",,1,,,,,BOTTLE,
22996448,,"Chilli Bean Sauce Toban 368gm LKK",,,,unit,1,0,FRE,8.0000,FRE,0,1,,,1,0,0,,,,1,,,Individual,1,UNIT,
20750140,,"Dom Benedictine [Bottle]",,,,ml,700,0,GST,0.0000,GST,0,1,"stock,stock-spirit",,0,1,1,,,,1,,1,Individual,1,BOTTLE,
22680374,,"Lychee Raspberry Ice Cream",,,,unit,1,10,GST,0.0000,GST,0,1,,,,,,,"Desserts [Harrys]",,1,,,Individual,1,UNIT,
20700723,,"Pepsi Max",,,,unit,1,0,GST,0.8032,GST,1,1,,,,,,,,,1,,,Individual,1,UNIT,
23201838,,"Remove Nori",,,,unit,1,0,GST,0.0000,GST,1,1,,,,,,,,,1,,1,Individual,1,UNIT,
22995430,,"Tomato Sauce Fountain [4L]",,,13998,unit,1,0,FRE,10.7000,FRE,0,0,,,0,1,1,,,,,,1,Individual,1,UNIT,
22082878,,"BBQ Tofu",,,,unit,1,11,GST,0.0000,GST,0,1,,FOOD,,,,,"Big Plates [Harrys]",,1,,,Individual,1,UNIT,
21364079,,"Fuji Blended Whisky",,,,unit,1,18,GST,0.0000,GST,0,1,,SPIRITS,,,,,"Whiskies [Harrys]",,1,,,,,UNIT,
22645496,,"Add Shallots",,,,unit,1,0.5,GST,0.0000,GST,1,1,,,,,,,"Stow Food [Harrys]",,1,,1,Individual,1,UNIT,
20750136,,"Cynar [Bottle]",,,,ml,700,0,GST,0.0000,GST,0,1,"stock,stock-spirit",,0,1,1,,,,1,,1,Individual,1,BOTTLE,
22893548,,"Flour Tapioca Erawan [500g]",,,,g,500,0,FRE,2.2000,FRE,0,1,,,0.0,1.0,1.0,,,,1,,1,Individual,1,UNIT,
22995404,,"Flour Tortillas 6"" Plain Mission [24x12]",,,30741,unit,1,0,FRE,65.0000,FRE,0,0,,,0,1,1,,,,,,1,Individual,1,UNIT,
22645249,,"Lettuce Cup [Gluten-free alt.]",,,,unit,1,0,GST,0.0000,GST,1,1,,,,,,,,,1,,1,Individual,1,UNIT,
20768400,,"Milagro Reposado Tequila [Bottle]",,,,ml,700,0,GST,0.0000,GST,0,1,,,,,,,,,1,,1,Individual,,UNIT,
22645516,,"No Chilli",,,,unit,1,0,GST,0.0000,GST,1,1,,,,,,,,,1,,1,Individual,1,UNIT,
22947368,,"Quandong Sambal","Quandong Sambal",,,ml,1,0,FRE,0.0000,FRE,0,0,,,,,,,,,,,,,,UNIT,
22645065,,"Chicken Parmi [HG]",,,,unit,1,29,GST,0.0000,GST,0,1,,"STOW FOOD",,,,,"Stow Food [Harrys]",,1,,,Individual,1,UNIT,
20700627,,"Geppetto Chardonnay - Regular",,,,unit,1,15,GST,0.0000,GST,0,1,ALCOHOL,WINE,1,0,0,,"White Wine [Harrys]",,1,,,,,UNIT,
22645498,,"Add Sour Cream",,,,unit,1,1,GST,0.0000,GST,1,1,,,,,,,"Stow Food [Harrys]",,1,,1,Individual,1,UNIT,
20691742,,"Four Pillars Rare Dry Gin Tonica",,,,unit,1,21,GST,0.0000,GST,0,1,"ALCOHOL,stock,stock-spirit",,1,0,0,,"Gins [Harrys]",,1,,,,,BOTTLE,
21218779,,"Grifter Extra Pale - Jug",,,,unit,1,21,GST,2.2200,GST,0,1,ALCOHOL,,1,,,,"Tap Beer [Harrys]",,1,,,,1,UNIT,
20750178,,"Oscar.697 Bianco Vermouth [Bottle]",,,,ml,750,0,GST,0.0000,GST,0,1,"stock,stock-spirit",,0,1,1,,,,1,,1,Individual,1,BOTTLE,
22973738,,"Pickled Ginger",,,,g,1,0,FRE,0.0000,FRE,0,1,,,,,,,,,1,,1,Individual,,UNIT,
22995423,,"Potato Desiree [10kg]",,,PDES10BG,unit,1,0,FRE,28.8000,FRE,0,0,,,0,1,1,,,,,,1,Individual,1,UNIT,
23201830,,"Remove Shallot",,,,unit,1,0,GST,0.0000,GST,1,1,,,,,,,,,1,,1,Individual,1,UNIT,
20750186,,"Seedlip Citrus Grove 42 [Bottle]",,,,ml,700,0,GST,0.0000,GST,0,1,"stock,stock-spirit",,0,1,1,,,,1,,1,Individual,1,BOTTLE,
20768485,,"Handago Junmai Ginjo - 180ml",,,,unit,1,22,GST,0.0000,GST,0,1,,"SAKE / SOJU",,,,,"Sake & Soju [Harrys]",,1,,,,,UNIT,
20691739,,"Four Pillars Olive Leaf Gin",,,,unit,1,14.5,GST,0.0000,GST,0,1,ALCOHOL,SPIRITS,1,0,0,,"Gins [Harrys]",,1,,,,,UNIT,
22995389,,"Cabbage Red Shredded [kg]",,,KITCRSKG,unit,1,0,FRE,7.9000,FRE,0,0,,,0,1,1,,,,,,1,Individual,1,UNIT,
22645513,,"No Prawns",,,,unit,1,0,GST,0.0000,GST,1,1,,,,,,,,,1,,1,Individual,1,UNIT,
22996462,,"Squid Whole Cleaned Loligo [kg]",,,,unit,1,0,FRE,33.6000,FRE,0,1,,,1,0,0,,,,1,,,Individual,1,UNIT,
22996445,,"Stock Liquid Beef 1LT Campbells",,,,unit,1,0,FRE,15.6000,FRE,0,1,,,1,0,0,,,,1,,,Individual,1,UNIT,
20744476,,"Tanqueray 10 Gin [Bottle]",,,,ml,700,0,GST,71.9000,GST,0,1,"stock,stock-spirit",,0,1,1,,,,1,,1,Individual,1,BOTTLE,
20750195,,"Tito's Vodka [Bottle]",,,,ml,700,0,GST,0.0000,GST,0,1,"stock,stock-spirit",,0,1,1,,,,1,,1,Individual,1,BOTTLE,
22645163,,"Vegan Cheese [make it dairy-free]",,,,unit,1,0,GST,0.0000,GST,1,1,,,,,,,,,1,,1,Individual,1,UNIT,
20700591,,"Tommy's Margarita",,,,unit,1,20,GST,0.0000,GST,0,1,,COCKTAILS,1,0,0,,"Cocktails - Classic [Harrys]",,1,,,,,UNIT,
20691994,,"Tengumai Junmai - 60ml [SERVE WARM]",,,,unit,1,12,GST,0.0000,GST,0,1,ALCOHOL,"SAKE / SOJU",1,0,0,,"Sake & Soju [Harrys]",,1,,,,,UNIT,
21004391,,"Kunizakari Umeshu [60ml]",,,,unit,1,12,GST,0.0000,GST,0,1,,SPIRITS,,,,,"Liqueurs [Harrys]",,1,,,,,UNIT,
20744445,,"Buffalo Trace Bourbon [Bottle]",,,,ml,700,0,GST,48.6500,GST,0,1,"stock,stock-spirit",,0,1,1,,,,1,,1,Individual,1,BOTTLE,
22157260,,"Crispy pork belly w honey soy",,,,unit,1,26,GST,0.0000,GST,0,1,,,,,,,"Big Plates [Harrys]",,1,,,,,UNIT,
22645451,,"Extra Mozzarella",,,,unit,1,2,GST,0.0000,GST,1,1,,,,,,,"Stow Food [Harrys]",,1,,1,Individual,1,UNIT,
20744658,,"Haku Vodka [Bottle]",,,,ml,700,0,GST,46.1800,GST,0,1,"stock,stock-spirit",,0,1,1,,,,1,,1,Individual,1,BOTTLE,
22918983,,"Lotus Leaf Bao Charcoal Bun Hakka [120pc]",,,,unit,1,0,FRE,70.0000,FRE,0,1,,,0,1,1,,,,,,1,Individual,1,UNIT,
22900613,,"Nori [125g]",,,,g,125,0,FRE,16.0000,FRE,0,1,,,0,1,1,,,,,,1,Individual,,UNIT,
22992383,,"Pork Neck Slice [5KG]",,,,unit,1,0,FRE,77.5000,FRE,0,1,,,,1,1,,,,1,,1,Individual,1,UNIT,
22903010,,"Potato Brushed Sebago [kg]",,,,g,1000,0,FRE,2.7000,FRE,0,1,,,0,1,1,,,,,,1,Individual,,UNIT,
23202436,,"S&W Pacific Ale - Schooner [HG]",,,,unit,1,13,GST,0.0000,GST,0,1,,BEERS,,,,,"Tap Beer [Harrys]",,1,,,,1,UNIT,
21004237,,"Wolf Lane Navy Gin",,,,unit,1,16,GST,0.0000,GST,0,1,,SPIRITS,,,,,"Gins [Harrys]",,1,,,,,UNIT,
22972848,,"Bundaberg White Sugar [25kg]",,,,g,25000,0,FRE,63.8000,FRE,0,1,,,,,,,,,1,,1,Individual,1,UNIT,
20750151,,"Glendronach 12yr [Bottle]",,,,ml,700,0,GST,0.0000,GST,0,1,"stock,stock-spirit",,0,1,1,,,,1,,1,Individual,1,BOTTLE,
20750170,,"Macallan Sherry Oak 12yr [Bottle]",,,,ml,700,0,GST,0.0000,GST,0,1,"stock,stock-spirit",,0,1,1,,,,1,,1,Individual,1,BOTTLE,
20702579,,"No Sugar",,,,unit,1,0,GST,0.0000,GST,1,1,,,0,0,0,,,,1,,,Individual,1,UNIT,
22893549,,"Oil Cottonseed [20L]",,,,l,20,0,FRE,69.0000,FRE,0,1,,,0,1,1,,,,1,,1,Individual,1,UNIT,
20768495,,"Tengumai Umajan Junmai [1.8L]",,,,ml,1800,0,GST,70.9500,GST,0,1,,,,,,,,,1,,1,Individual,1,UNIT,
20904019,,"Wa no Kokoro Yuzushu [Bottle]",,,,ml,500,0,GST,33.9200,GST,0,1,,,,,,,"Sake & Soju [Harrys]",,1,,1,Individual,1,BOTTLE,
20700543,,"Bloody Mary [HG]",,,,unit,1,22,GST,0.0000,GST,0,1,,COCKTAILS,1,0,0,,"Cocktails - Classic [Harrys]",,1,,,,,UNIT,
20702601,,"Lemonade Glass",,,,unit,1,4.5,GST,0.0000,GST,0,1,,NON-ALC,1,0,0,,"Non-Alcoholic [Harrys]",,1,,,,,UNIT,
20691779,,"Poor Tom's Strawberry Gin",,,,unit,1,14,GST,0.0000,GST,0,1,"ALCOHOL,stock,stock-spirit",SPIRITS,1,0,0,,"Gins [Harrys]",,1,,,,,BOTTLE,
22645185,,"Add Bacon",,,,unit,1,4,GST,0.0000,GST,1,1,,,,,,,"Stow Food [Harrys]",,1,,1,Individual,1,UNIT,
22902106,,"Avocado [kg]",,,,kg,1,0,FRE,7.7800,FRE,0,1,,,0,1,1,,,,,,1,Individual,,UNIT,
21420372,,"Extra Tofu",,,,unit,1,2,GST,0.0000,GST,1,1,,,,,,,"Add-ons - Kitchen [Harrys]",,1,,1,Individual,1,UNIT,
20750163,,"Joseph Cartron Black Cacao [Bottle]",,,,ml,700,0,GST,0.0000,GST,0,1,"stock,stock-spirit",,0,1,1,,,,1,,1,Individual,1,BOTTLE,
22918977,,"Noodles Pad Thai Aroy-D [375g]",,,,unit,1,0,FRE,3.5000,FRE,0,1,,,0,1,1,,,,,,1,Individual,1,UNIT,
22970070,,Togarashi,,,,g,1,0,FRE,0.0000,FRE,0,1,,,,,,,,,1,,1,Individual,,UNIT,
20700556,,"Corpse Reviver No. 2 [HG]",,,,unit,1,19,GST,0.0000,GST,0,1,,COCKTAILS,1,0,0,,"Cocktails - Classic [Harrys]",,1,,,,,UNIT,
23420466,,"Yuzu Chu-hi",,,,unit,1,12,GST,0.0000,GST,0,1,,COCKTAILS,,,,,"Cocktails - Signature [Harrys]",,1,,,,,UNIT,
22645004,,"BBQ Wings [HG]",,,,unit,1,15.5,GST,0.0000,GST,0,1,,"STOW FOOD",,,,,"Stow Food [Harrys]",,1,,,Individual,1,UNIT,
20700616,,"Angas & Bremer Rosé - Bottle",,,,ml,750,49,GST,8.7700,GST,0,1,"ALCOHOL,stock,stock-wine",WINE,1,1,1,,"Rose Wine [Harrys]",,1,,1,Crates,12,UNIT,
22995396,,"Chilli Flakes [1kg]",,,28087,unit,1,0,FRE,13.7000,FRE,0,0,,,0,1,1,,,,,,1,Individual,1,UNIT,
22920844,,"Cinnamon Quills [200g]",,,,g,200,0,FRE,10.0000,FRE,0,1,,,0,1,1,,,,,,1,Individual,1,UNIT,
20744460,,"Mancino Sakura Vermouth [Bottle]",,,,ml,500,0,GST,47.2800,GST,0,1,"stock,stock-spirit",,0,1,1,,,,1,,1,Individual,1,BOTTLE,
21463469,,"Massenez Cacao Blanc [Bottle]",,,,ml,750,0,GST,45.0000,GST,0,1,,,,,,,,,1,,1,Individual,1,UNIT,
22920852,,"Panko Bread Crumbs [10kg]",,,,kg,10000,0,FRE,52.0000,FRE,0,1,,,0,1,1,,,,,,1,Individual,1,UNIT,
22898787,,"Ramen Noodles Fresh [kg]",,,,kg,1,0,FRE,7.2200,FRE,0,1,,,0,1,1,,,,,,1,Individual,,UNIT,
23280990,,"Fresh is Best Summer Lager - Pint [HG]",,,,unit,1,12,GST,0.0000,GST,0,1,,BEERS,,,,,"Tap Beer [Harrys]",,1,,1,Individual,1,UNIT,
20735492,,"Manhattan - Dry [HG]",,,,unit,1,19,GST,0.0000,GST,0,1,ALCOHOL,COCKTAILS,1,0,0,,"Cocktails - Classic [Harrys]",,1,,,,,UNIT,
22286413,,"Tropic Thunder",,,,unit,1,14,GST,0.0000,GST,0,1,,NON-ALC,,,,,"Mocktails [Harrys]",,1,,,Individual,1,UNIT,
22082302,,"Virgin Margy",,,,unit,1,13,GST,0.0000,GST,0,1,,NON-ALC,,,,,"Mocktails [Harrys]",,1,,,Individual,1,UNIT,
22645485,,"Add Pepperoni",,,,unit,1,2,GST,0.0000,GST,1,1,,,,,,,"Stow Food [Harrys]",,1,,1,Individual,1,UNIT,
22995384,,"Avocado Hass [Tray]",,,AH20T,unit,1,0,FRE,22.0000,FRE,0,0,,,0,1,1,,,,,,1,Individual,1,UNIT,
22995416,,"Lettuce Mesculin [1.5kg]",,,LMM15BX,unit,1,0,FRE,17.4000,FRE,0,0,,,0,1,1,,,,,,1,Individual,1,UNIT,
22645171,,"No Mayo",,,,unit,1,0,GST,0.0000,GST,1,1,,,,,,,,,1,,1,Individual,1,UNIT,
22995422,,"Pizza Flour Manildra [12.5kg]",,,10663,unit,1,0,FRE,13.9000,FRE,0,0,,,0,1,1,,,,,,1,Individual,1,UNIT,
20750182,,"Poor Tom's Strawberry Gin [Bottle]",,,,ml,700,0,GST,71.3600,GST,0,1,"stock,stock-spirit",,0,1,1,,,,1,,1,Individual,1,BOTTLE,
21453063,,Pork,,,,unit,1,2,GST,0.0000,GST,1,1,,,,,,,"Add-ons - Kitchen [Harrys]",,1,,1,Individual,1,UNIT,
20750197,,"Vinada Sparking Chardonnay [Bottle]",,,,ml,750,0,GST,12.5600,GST,0,1,"stock,stock-spirit",,0,1,1,,,,1,,1,Crates,6,BOTTLE,
20960569,,"Lemon Lime Bitters",,,,unit,1,4.5,GST,0.0000,GST,0,1,,NON-ALC,,,,,"Non-Alcoholic [Harrys]",,1,,,Individual,1,UNIT,
20700646,,"From Sundays Shiraz - Bottle",,,,ml,750,62,GST,14.0000,GST,0,1,"ALCOHOL,stock,stock-wine",WINE,1,1,1,,"Red Wine [Harrys]",,1,,1,Crates,12,UNIT,
20691621,,"Fried Egg",,,,unit,1,3.5,GST,0.0000,GST,1,1,,,1,0,0,,"Add-ons - Kitchen [Harrys]",,1,,,,,UNIT,
22645539,,"No BBQ Sauce",,,,unit,1,0,GST,0.0000,GST,1,1,,,,,,,,,1,,1,Individual,1,UNIT,
22645536,,"No Ham",,,,unit,1,0,GST,0.0000,GST,1,1,,,,,,,,,1,,1,Individual,1,UNIT,
20750176,,"Noilly Prat Dry Vermouth [Bottle]",,,,ml,750,0,GST,35.6900,GST,0,1,"stock,stock-spirit",,0,1,1,,,,1,,1,Individual,1,BOTTLE,
21003110,,"Opihr Spiced Gin [Bottle]",,,,ml,700,0,GST,72.5700,GST,0,1,,,,,,,,,1,,1,Individual,1,UNIT,
20700580,,"Old Fashioned",,,,unit,1,20,GST,0.0000,GST,0,1,ALCOHOL,COCKTAILS,1,0,0,,"Cocktails - Classic [Harrys]",,1,,,,,UNIT,
20795732,,"Kids Mie Goreng",,,,unit,1,13,GST,0.0000,GST,0,1,,FOOD,,,,,"Kids [Harrys]",,1,,,Individual,1,UNIT,
23173371,,Takoyaki,,,,unit,1,13,GST,0.0000,GST,0,1,,FOOD,,,,,"Small Plates [Harrys]",,1,,,,,UNIT,
20835092,,"Macallan Sherry Oak 12yr",,,,unit,1,26,GST,0.0000,GST,0,1,,SPIRITS,,,,,"Whiskies [Harrys]",,1,,,,,UNIT,
22346010,,"Wok Noodles",,,,unit,1,20,GST,0.0000,GST,0,1,,"YUM CHA",,,,,"Yum Cha [Harrys]",,1,,,Individual,1,UNIT,
22645462,,"Add Calabrese",,,,unit,1,2,GST,0.0000,GST,1,1,,,,,,,"Stow Food [Harrys]",,1,,1,Individual,1,UNIT,
22645227,,"Add Pulled Mushroom",,,,unit,1,4,GST,0.0000,GST,1,1,,,,,,,"Stow Food [Harrys]",,1,,1,Individual,1,UNIT,
20744701,,"Fireball [Bottle]",,,,ml,700,0,GST,39.4000,GST,0,1,"stock,stock-spirit",,0,1,1,,,,1,,1,Individual,1,BOTTLE,
22645209,,"No Salad",,,,unit,1,0,GST,0.0000,GST,1,1,,,,,,,,,1,,1,Individual,1,UNIT,
22645527,,"No Tomato Base",,,,unit,1,0,GST,0.0000,GST,1,1,,,,,,,,,1,,1,Individual,1,UNIT,
22918978,,"Salmon Fillet S/Off Huon [kg]",,,,kg,1,0,FRE,44.5000,FRE,0,1,,,0,1,1,,,,,,1,Individual,1,UNIT,
22898082,,"Sesame Seed White Roasted Jun [kg]",,,,g,1000,0,GST,9.4600,GST,0,1,,,0,1,1,,,,1,,1,Individual,1,UNIT,
20700534,,"+$3 Premium Spirit",,,,unit,1,3,GST,0.0000,GST,1,1,,COCKTAILS,0,0,0,,"Add-ons - Bar [Harrys]",,1,,,Individual,1,UNIT,
23331070,,"Thai Chicken",,,,unit,1,17.5,GST,0.0000,GST,0,1,,FOOD,,,,,"Small Plates [Harrys]",,1,,1,Individual,1,UNIT,
21003100,,"Opihr Spiced Gin",,,,unit,1,14,GST,0.0000,GST,0,1,,SPIRITS,,,,,"Gins [Harrys]",,1,,,,,UNIT,
23201788,,"1/2 Marinated Egg",,,,unit,1,2,GST,0.0000,GST,1,1,,,,,,,"Add-ons - Kitchen [Harrys]",,1,,1,Individual,1,UNIT,
22645479,,"Add Jalapenos",,,,unit,1,1,GST,0.0000,GST,1,1,,,,,,,"Stow Food [Harrys]",,1,,1,Individual,1,UNIT,
22995386,,"Beef Brisket Diced 4x4cm [5kg]",,,17027,unit,1,0,FRE,82.5000,FRE,0,0,,,0,1,1,,,,,,1,Individual,1,UNIT,
20702403,,Classic,,,,unit,1,0,GST,0.0000,GST,1,1,,,0,0,0,,,,1,,,Individual,1,UNIT,
20750133,,"Cointreau [Bottle]",,,,ml,700,0,GST,0.0000,GST,0,1,"stock,stock-spirit",,0,1,1,,,,1,,1,Individual,1,BOTTLE,
22920838,,"Garlic Whole [kg]",,,,kg,1,0,FRE,8.0000,FRE,0,1,,,0,1,1,,,,,,1,Individual,1,UNIT,
20700682,,Orange,,,,unit,1,0,GST,0.0000,GST,1,1,,,0,0,0,,,,1,,,Individual,1,UNIT,
22893552,,"Roasted Red Capsicum Marco Polo [2.35kg]",,,,kg,2.35,0,FRE,26.0000,FRE,0,1,,,0,1,1,,,,1,,1,Individual,1,UNIT,
23201865,,"BBQ Meat Platter",,,,unit,1,40,GST,0.0000,GST,0,1,,FOOD,,,,,"Big Plates [Harrys]",,1,,,,,UNIT,
20691723,,"Bombay Dry Gin [House]",,,,unit,1,11,GST,0.0000,GST,0,1,ALCOHOL,SPIRITS,1,0,0,,"Gins [Harrys]",,1,,,,,UNIT,
22645482,,"Add Olives",,,,unit,1,1,GST,0.0000,GST,1,1,,,,,,,"Stow Food [Harrys]",,1,,1,Individual,1,UNIT,
20750118,,"Braulio [Bottle]",,,,ml,700,0,GST,0.0000,GST,0,1,"stock,stock-spirit",,0,1,1,,,,1,,1,Individual,1,BOTTLE,
22902999,,"Curry Flake [kg]",,,,kg,1,0,FRE,9.4500,FRE,0,1,,,0,1,1,,,,,,1,Individual,,UNIT,
20768523,,"Massenez Lychee [5L]",,,,ml,5000,0,GST,0.0000,GST,0,1,,,,,,,,,1,,1,Individual,1,UNIT,
20702574,,"On the Rocks",,,,unit,1,0,GST,0.0000,GST,1,1,,,0,0,0,,,,1,,,Individual,1,UNIT,
22893554,,"Onion Caramelised Beerenberg [2kg]",,,,kg,2,0,FRE,26.5000,FRE,0,1,,,0,1,1,,,,1,,1,Individual,1,UNIT,
22791750,,"Skewers CNY",,,,unit,1,15,GST,0.0000,GST,0,1,,,,,,,"Small Plates [Harrys]",,1,,,,,UNIT,
22874513,,"Green Glass Highball",,,,unit,1,12,GST,0.0000,GST,0,1,,COCKTAILS,,,,,"Cocktails - Signature [Harrys]",,1,,,,,UNIT,
20691755,,"Jack Daniels Whisky",,,,unit,1,12,GST,45.1000,GST,0,1,ALCOHOL,SPIRITS,1,0,0,,"Whiskies [Harrys]",,1,,,,,UNIT,
20691775,,"Patron Silver Tequila",,,,unit,1,16,GST,0.0000,GST,0,1,ALCOHOL,SPIRITS,1,0,0,,"Tequila [Harrys]",,1,,,,,UNIT,
22645484,,"Add Oregano",,,,unit,1,1,GST,0.0000,GST,1,1,,,,,,,"Stow Food [Harrys]",,1,,1,Individual,1,UNIT,
22645501,,"Add Sun-dried Tomatoes",,,,unit,1,1,GST,0.0000,GST,1,1,,,,,,,"Stow Food [Harrys]",,1,,1,Individual,1,UNIT,
23173462,,"Butter Corn",,,,unit,1,2,GST,0.0000,GST,1,1,,,,,,,"Add-ons - Kitchen [Harrys]",,1,,1,Individual,1,UNIT,
22995390,,"Cabbage Shredded [kg]",,,KITCSHKG,unit,1,0,FRE,6.9000,FRE,0,0,,,0,1,1,,,,,,1,Individual,1,UNIT,
22645208,,"Dressing on the Side",,,,unit,1,0,GST,0.0000,GST,1,1,,,,,,,,,1,,1,Individual,1,UNIT,
22893568,,"Gyoza Vegetable Marumatsu Jun [800g]",,,,g,8000,0,FRE,9.2500,FRE,0,1,,,0.0,1,1,,,,1,,1,Individual,1,UNIT,
20873427,,"Massenez Raspberry Framboise [Bottle]",,,,ml,750,0,GST,0.0000,GST,0,1,,,,,,,,,1,,1,Individual,,UNIT,
22645523,,"No Rocket",,,,unit,1,0,GST,0.0000,GST,1,1,,,,,,,,,1,,1,Individual,1,UNIT,
20744670,,"Punt e Mes Vermouth [Bottle]",,,,ml,750,0,GST,38.2700,GST,0,1,"stock,stock-spirit",,0,1,1,,,,1,,1,Individual,1,BOTTLE,
20691615,,"Fried Rice",,,,unit,1,23,GST,0.0000,GST,0,1,FOOD,FOOD,1,0,0,,"Big Plates [Harrys]",,1,,,,,UNIT,
22645463,,"Add Capsicum",,,,unit,1,1,GST,0.0000,GST,1,1,,,,,,,"Stow Food [Harrys]",,1,,1,Individual,1,UNIT,
22919000,,"Gado Gado Sauce Ayam [250mL]",,,,unit,1,0,FRE,3.5000,FRE,0,1,,,0,1,1,,,,,,1,Individual,1,UNIT,
20702409,,"Lemon Twist",,,,unit,1,0,GST,0.0000,GST,1,1,,,0,0,0,,,,1,,,Individual,1,UNIT,
21663702,,Pork.,,,,g,5000,0,GST,0.0000,GST,1,1,,,,,,,,,1,,,,,UNIT,
20700578,,Negroni,,,,unit,1,20,GST,0.0000,GST,0,1,ALCOHOL,COCKTAILS,1,0,0,,"Cocktails - Classic [Harrys]",,1,,,,,UNIT,
20700595,,"Vodka Martini [HG]",,,,unit,1,19,GST,0.0000,GST,0,1,ALCOHOL,COCKTAILS,1,0,0,,"Cocktails - Classic [Harrys]",,1,,,,,UNIT,
23201880,,"BBQ Extra Veg",,,,unit,1,12,GST,0.0000,GST,0,1,,FOOD,,,,,"Small Plates [Harrys]",,1,,,,,UNIT,
21453067,,"Kids Shoyu",,,,unit,1,13,GST,0.0000,GST,0,1,,FOOD,,,,,"Kids [Harrys]",,1,,1,Individual,1,UNIT,
23124119,,"Teriyaki Wagyu Bowl",,,,unit,1,26,GST,0.0000,GST,0,1,,FOOD,,,,,,,1,,,,,UNIT,
22345968,,"Prawn Fried Wonton [4pc]",,,,unit,1,12,GST,0.0000,GST,0,1,,"YUM CHA",,,,,"Yum Cha [Harrys]",,1,,,Individual,1,UNIT,
20750121,,"Brookie's Slow Gin [Bottle]",,,,ml,700,0,GST,0.0000,GST,0,1,"stock,stock-spirit",,0,1,1,,,,1,,1,Individual,1,BOTTLE,
20691619,,Chicken,,,,unit,1,3.5,GST,0.0000,GST,1,1,,,1,0,0,,"Add-ons - Kitchen [Harrys]",,1,,,Individual,1,UNIT,
22995409,,"Herb Chives [Market]",,,HCMB,unit,1,0,FRE,9.9000,FRE,0,0,,,0,1,1,,,,,,1,Individual,1,UNIT,
20744464,,"Mr Black Coffee Liqueur [Bottle]",,,,ml,700,0,GST,40.7000,GST,0,1,"stock,stock-spirit",,0,1,1,,,,1,,1,Individual,1,BOTTLE,
22995429,,"Sundried Tomato Strips Mezzat [2kg]",,,11602,unit,1,0,FRE,25.6000,FRE,0,0,,,0,1,1,,,,,,1,Individual,1,UNIT,
23281059,,"Status Quo - Schooner [HG]",,,,unit,1,13.5,GST,0.0000,GST,0,1,,BEERS,,,,,"Tap Beer [Harrys]",,1,,1,Individual,1,UNIT,
20700544,,"Boulevardier [HG]",,,,unit,1,20,GST,0.0000,GST,0,1,ALCOHOL,COCKTAILS,1,0,0,,"Cocktails - Classic [Harrys]",,1,,,,,UNIT,
20700552,,Caprioska,,,,unit,1,19,GST,0.0000,GST,0,1,,COCKTAILS,1,0,0,,"Cocktails - Classic [Harrys]",,1,,,Individual,1,UNIT,
22645063,,"Chicken Schnitty [HG]",,,,unit,1,26,GST,0.0000,GST,0,1,,"STOW FOOD",,,,,"Stow Food [Harrys]",,1,,,Individual,1,UNIT,
20700602,,"Angas & Bremer Grenache - Bottle",,,,ml,750,49,GST,8.7700,GST,0,1,"ALCOHOL,stock,stock-wine",WINE,1,1,1,,"Red Wine [Harrys]",,1,,1,Crates,12,BOTTLE,
22645226,,"Add Fried Cauliflower",,,,unit,1,4,GST,0.0000,GST,1,1,,,,,,,"Stow Food [Harrys]",,1,,1,Individual,1,UNIT,
20750130,,"Choya Golden Umeshu [Bottle]",,,,ml,650,0,GST,0.0000,GST,0,1,"stock,stock-spirit",,0,1,1,,,,1,,1,Individual,1,BOTTLE,
22645170,,"No Guac",,,,unit,1,0,GST,0.0000,GST,1,1,,,,,,,,,1,,1,Individual,1,UNIT,
22996450,,"Oil Truffle Black 250ml La Tourangelle",,,,unit,1,0,FRE,18.5000,FRE,0,1,,,1,0,0,,,,1,,,Individual,1,UNIT,
22645144,,"Queso Dip",,,,unit,1,1,GST,0.0000,GST,1,1,,,,,,,"Stow Food [Harrys]",,1,,1,Individual,1,UNIT,
20700726,,"Splash of Water",,,,unit,1,0,GST,0.0000,GST,1,1,,,0,0,0,,,,1,,,Individual,1,UNIT,
20691614,,Vegetarian,,,,unit,1,0,GST,0.0000,GST,1,1,,,0,0,0,,,,1,,,Individual,1,UNIT,
20691986,,"Saika Junmai Daiginjo - 60ml",,,,unit,1,13,GST,0.0000,GST,0,1,ALCOHOL,"SAKE / SOJU",1,,,,"Sake & Soju [Harrys]",,1,,,,,UNIT,
21004231,,"Diplomatico Mantuana",,,,unit,1,16,GST,0.0000,GST,0,1,,SPIRITS,,,,,"Rums [Harrys]",,1,,,,,UNIT,
21925763,,"Veuve Clicquot - Bottle [HG]",,,,ml,750,156,GST,0.0000,GST,0,1,,WINE,,,,,"Sparkling Wine [Harrys]",,1,,1,Individual,1,UNIT,
22992361,,"Chicken Breast Schnitzel [100G]",,,,unit,1,0,FRE,0.0000,FRE,0,1,,,,,,,,,1,,1,Individual,1,UNIT,
22995398,,"Corn Baby Sweet [Pack]",,,CBSPACK,unit,1,0,FRE,3.3000,FRE,0,0,,,0,1,1,,,,,,1,Individual,1,UNIT,
20744457,,"Kahlúa Coffee Liqueur [Bottle]",,,,ml,1000,0,GST,44.0900,GST,0,1,"stock,stock-spirit",,,1,1,,,,1,,1,Individual,1,BOTTLE,
23178215,,"Nori Sheet",,,,unit,1,1,GST,0.0000,GST,1,1,,,,,,,,,1,,1,Individual,1,UNIT,
22645207,,"Swap Tartar for Tomato Sauce",,,,unit,1,0,GST,0.0000,GST,1,1,,,,,,,,,1,,1,Individual,1,UNIT,
22832308,,"Free Side Fried Rice [order before 6pm FBI perk]",,,,unit,1,0,GST,0.0000,GST,0,1,,FOOD,,,,,"Sides [Harrys]",,1,,,Individual,1,UNIT,
23173354,,Miso,,,,unit,1,29,GST,0.0000,GST,0,1,,FOOD,,,,,"Big Plates [Harrys]",,1,,,Individual,1,UNIT,
20691620,,Tofu,,,,unit,1,3.5,GST,0.0000,GST,1,1,,FOOD,0,0,0,,"Add-ons - Kitchen [Harrys]",,1,,,,,UNIT,
22645091,,"Rocket Man Salad [HG]",,,,unit,1,18,GST,0.0000,GST,0,1,,"STOW FOOD",,,,,"Stow Food [Harrys]",,1,,,Individual,1,UNIT,
20700633,,"L'esprit Rosé - Large",,,,unit,1,24,GST,0.0000,GST,0,1,ALCOHOL,WINE,1,0,0,,"Rose Wine [Harrys]",,1,,,,,UNIT,
20744549,,"Alehouse Premium Lager [Keg]",,,,l,50,0,GST,185.0000,GST,0,1,,,0,1,1,,,,1,,1,Individual,1,UNIT,
22918956,,"Chilli Red Long [kg]",,,,kg,1,0,FRE,17.5000,FRE,0,1,,,0,1,1,,,,,,1,Individual,1,UNIT,
22995401,,"Eggplant Thai [kg]",,,ETKG,unit,1,0,FRE,11.5200,FRE,0,0,,,0,1,1,,,,,,1,Individual,1,UNIT,
22893559,,"Onion Spanish Red [ea]",,,,unit,1,0,FRE,25.0000,FRE,0,1,,,0,1,1,,,,1,,1,Individual,1,UNIT,
23014819,,"Super Lime Juice [L]",,,,ml,1000,0,FRE,2.0300,FRE,0,1,,,,,,,,,1,,,,,UNIT,
22874517,,"Yuzu Juice",,,,ml,1800,0,FRE,0.0000,FRE,0,1,,,,,,,,,1,,1,Individual,,UNIT,
20691643,,Bintang,,,,unit,1,11,GST,2.3400,GST,0,1,ALCOHOL,BEERS,1,1,1,,"Bottles / Cans Alcoholic [Harrys]",,1,,1,Crates,24,UNIT,
23281042,,"Kirin - Pint [HG]",,,,unit,1,18.5,GST,0.0000,GST,0,1,,BEERS,,,,,"Tap Beer [Harrys]",,1,,1,Individual,1,UNIT,
23049232,,"Seitan Katsu Curry [vegan]",,,,unit,1,27,GST,0.0000,GST,0,1,,FOOD,1,,,,"Big Plates [Harrys]",,1,,,,,UNIT,
20691637,,"Yuzu Orange Soda",,,,unit,1,9,GST,0.0000,GST,0,1,BEVERAGE,NON-ALC,1,0,0,,"Non-Alcoholic [Harrys]",,1,,,,,UNIT,
22645223,,"Add Grilled Fish",,,,unit,1,5,GST,0.0000,GST,1,1,,,,,,,"Stow Food [Harrys]",,1,,1,Individual,1,UNIT,
20747701,,"Chambord  [Bottle]",,,,ml,500,0,GST,0.0000,GST,0,1,"stock,stock-spirit",,0,1,1,,,,1,,1,Individual,1,BOTTLE,
22995400,,"Cottonseed Oil Simply [20L]",,,14239,unit,1,0,FRE,59.0000,FRE,0,0,,,0,1,1,,,,,,1,Individual,1,UNIT,
22995411,,"Herb Thyme [Bunch]",,,HTBCH,unit,1,0,FRE,1.6500,FRE,0,0,,,0,1,1,,,,,,1,Individual,1,UNIT,
22898079,,"Pepper Black Whole Windsor Farm [500g]",,,,kg,0.5,0,FRE,12.5000,FRE,0,1,,,0,1,1,,,,1,,1,Individual,1,UNIT,
22893540,,"Pork Belly Boneless S/Less [kg]",,,,kg,1,0,FRE,23.0000,FRE,0,1,,,0,1,1,,,,1,,1,Individual,1,UNIT,
22947376,,"Shiitake Bouillon","Shiitake Bouillon",,,ml,1,0,FRE,0.0000,FRE,0,0,,,,,,,,,,,,,,UNIT,
22645205,,"Swap Tartar for BBQ Sauce",,,,unit,1,0,GST,0.0000,GST,1,1,,,,,,,,,1,,1,Individual,1,UNIT,
20700554,,"Classic Margarita",,,,ml,60,19,GST,0.0000,GST,0,1,ALCOHOL,COCKTAILS,1,0,0,,"Cocktails - Classic [Harrys]",,1,,,,,UNIT,
20744680,,"Calle 23 Blanco Tequila",,,,unit,1,16,GST,0.0000,GST,0,1,,SPIRITS,1,0,0,,"Tequila [Harrys]",,1,,,,,UNIT,
20744455,,"Jameson Irish Whiskey [Bottle]",,,,ml,700,0,GST,48.0200,GST,0,1,"stock,stock-spirit",,0,1,1,,,,1,,1,Individual,1,BOTTLE,
20700714,,Lemonade,,,,unit,1,0,GST,0.8032,GST,1,1,,,1,0,0,,,,1,,,Individual,1,UNIT,
22645194,,"Make it Dairy-free [vg bun & no cheese]",,,,unit,1,0,GST,0.0000,GST,1,1,,,,,,,,,1,,1,Individual,1,UNIT,
22995419,,"Onion Brown [kg]",,,ONBRKG,unit,1,0,FRE,1.5400,FRE,0,0,,,0,1,1,,,,,,1,Individual,1,UNIT,
22918964,,"Pork Cantonese Neck [kg]",,,,kg,1,0,FRE,22.0000,FRE,0,1,,,0,1,1,,,,,,1,Individual,1,UNIT,
22995427,,"Sour Cream Dairy Farmers [2L]",,,16357,unit,1,0,FRE,20.0000,FRE,0,0,,,0,1,1,,,,,,1,Individual,1,UNIT,
22918965,,"Tofu Hard Soya King [600g]",,,,unit,1,0,FRE,13.5000,FRE,0,1,,,0,1,1,,,,1,,1,Individual,1,UNIT,
23280989,,"Fresh is Best Summer Lager - Schooner [HG]",,,,unit,1,8.5,GST,0.0000,GST,0,1,,BEERS,,,,,"Tap Beer [Harrys]",,1,,1,Individual,1,UNIT,
21218778,,"Sapporo - Jug",,,,unit,1,28,GST,3.4800,GST,0,1,,BEERS,,,,,"Tap Beer [Harrys]",,1,,,,1,UNIT,
22082779,,"Wagyu Slices",,,,unit,1,17,GST,0.0000,GST,0,1,,FOOD,,,,,"Big Plates [Harrys]",,1,,,Individual,1,UNIT,
22645197,,"Add Cheese",,,,unit,1,2,GST,0.0000,GST,1,1,,,,,,,"Stow Food [Harrys]",,1,,1,Individual,1,UNIT,
22898695,,"Bean Green [kg]",,,,kg,1,0,FRE,6.4000,FRE,0,1,,,0,1,1,,,,1,,1,Individual,,UNIT,
23173463,,"Fish Cake",,,,unit,1,2,GST,0.0000,GST,1,1,,,,,,,,,1,,1,Individual,1,UNIT,
22898084,,"Peking Duck Spring Rolls Canton [ea]",,,,unit,1,0,FRE,1.6000,FRE,0,1,,,0,1,1,,,,1,,1,Crates,50,UNIT,
20750181,,"Pimm's Aperitif [Bottle]",,,,ml,700,0,GST,0.0000,GST,0,1,"stock,stock-spirit",,0,1,1,,,,1,,1,Individual,1,BOTTLE,
22918961,,"Pork Belly Boneless S/On [kg]",,,,kg,1,0,FRE,24.0000,FRE,0,1,,,0,1,1,,,,,,1,Individual,1,UNIT,
20691604,,Vegan,,,,unit,1,0,GST,0.0000,GST,1,1,,,0,0,0,,,,1,,,Individual,1,UNIT,
20691741,,"Four Pillars Rare Dry Gin",,,,unit,1,14.5,GST,0.0000,GST,0,1,ALCOHOL,SPIRITS,1,0,0,,"Gins [Harrys]",,1,,,,,UNIT,
20691756,,"Hendrick's Gin",,,,unit,1,14,GST,0.0000,GST,0,1,ALCOHOL,SPIRITS,1,0,0,,"Gins [Harrys]",,1,,,,,UNIT,
22645008,,"Truffle Fries [HG]",,,,unit,1,15,GST,0.0000,GST,0,1,,"STOW FOOD",,,,,"Stow Food [Harrys]",,1,,,Individual,1,UNIT,
20750131,,"Clairin Vaval [Bottle]",,,,ml,700,0,GST,0.0000,GST,0,1,"stock,stock-spirit",,0,1,1,,,,1,,1,Individual,1,BOTTLE,
20810699,,"Kunizakari Umeshu [Bottle]",,,,ml,720,0,GST,44.0000,GST,0,1,,,,,,,,,1,,1,Individual,1,UNIT,
20744459,,"Lost Explorer Espadín Mezcal [Bottle]",,,,ml,700,0,GST,0.0000,GST,0,1,"stock,stock-spirit",,0,1,1,,,,1,,1,Individual,1,BOTTLE,
22645210,,"No Chips",,,,unit,1,0,GST,0.0000,GST,1,1,,,,,,,,,1,,1,Individual,1,UNIT,
22645528,,"No Garlic",,,,unit,1,0,GST,0.0000,GST,1,1,,,,,,,,,1,,1,Individual,1,UNIT,
22901736,,"Pickle Cabbage",,,,ml,1,0,FRE,0.0000,FRE,0,1,,,,,,,,,1,,,,,UNIT,
20691713,,"Belvedere Vodka",,,,unit,1,14,GST,0.0000,GST,0,1,ALCOHOL,SPIRITS,1,0,0,,"Vodkas [Harrys]",,1,,,,,UNIT,
20744647,,"Roku Gin",,,,unit,1,15,GST,0.0000,GST,0,1,,SPIRITS,1,0,0,,"Gins [Harrys]",,1,,,,,UNIT,
20700641,,"Kuku Sauv Blanc - Large",,,,unit,1,22,GST,0.0000,GST,0,1,ALCOHOL,WINE,1,0,0,,"White Wine [Harrys]",,1,,,,,UNIT,
22345913,,"Beef & Cabbage Dumplings [4pc]",,,,unit,1,8,GST,0.0000,GST,0,1,,"YUM CHA",,,,,"Yum Cha [Harrys]",,1,,,Individual,1,UNIT,
22645491,,"Add Prosciutto",,,,unit,1,2,GST,0.0000,GST,1,1,,,,,,,"Stow Food [Harrys]",,1,,1,Individual,1,UNIT,
20744438,,"Archie Rose Signature Gin  [Bottle]",,,,ml,700,0,GST,0.0000,GST,0,1,"stock,stock-spirit",,0,1,1,,,,1,,1,Individual,1,BOTTLE,
22898086,,"Cabbage Green Shredded [kg]",,,,g,1000,0,FRE,4.2000,FRE,0,1,,,0,1,1,,,,1,,1,Individual,1,UNIT,
22645184,,"Extra Patty",,,,unit,1,6,GST,0.0000,GST,1,1,,,,,,,"Stow Food [Harrys]",,1,,1,Individual,1,UNIT,
20700718,,"Ginger Beer [mixer]",,,,unit,1,1,GST,0.0000,GST,1,1,,,0,0,0,,"Add-ons - Bar [Harrys]",,1,,,,,UNIT,
22645193,,"Make it Gluten-free [gf/vg bun w sweet pot. fries]",,,,unit,1,2,GST,0.0000,GST,1,1,,,,,,,"Stow Food [Harrys]",,1,,1,Individual,1,UNIT,
20744465,,"Oscar.697 Rosso Vermouth [Bottle]",,,,ml,750,0,GST,29.3000,GST,0,1,"stock,stock-spirit",,0,1,1,,,,1,,1,Individual,1,BOTTLE,
20750194,,"Tilde Raw Vodka [Bottle]",,,,ml,700,0,GST,0.0000,GST,0,1,"stock,stock-spirit",,0,1,1,,,,1,,1,Individual,1,BOTTLE,
23173374,,"Fried Veg Gyoza",,,,unit,1,14,GST,0.0000,GST,0,1,,FOOD,,,,,"Small Plates [Harrys]",,1,,,,,UNIT,
20700629,,"Geppetto Chardonnay - Large",,,,unit,1,24,GST,0.0000,GST,0,1,ALCOHOL,WINE,1,0,0,,"White Wine [Harrys]",,1,,,,,UNIT,
21420377,,"1x Soft-boiled Egg",,,,unit,1,2.5,GST,0.0000,GST,1,1,,,,,,,"Add-ons - Kitchen [Harrys]",,1,,1,Individual,1,UNIT,
22996439,,"Burger Patties Vegan 20x115gm V2 Food",,,,unit,1,0,FRE,55.0000,FRE,0,1,,,1,0,0,,,,1,,,Individual,1,UNIT,
22996440,,"Garlic Chilli Sauce 1.05kg Lee Kum Kee",,,,unit,1,0,FRE,14.5000,FRE,0,1,,,1,0,0,,,,1,,,Individual,1,UNIT,
21463445,,"Geisha Girl",,,,unit,1,14,GST,0.0000,GST,0,1,,,,,,,"Cocktails - Signature [Harrys]",,1,,,,,UNIT,
21862252,,"Gluten-free [Rice Noodles]",,,,unit,1,0,GST,0.0000,GST,1,1,,,,,,,,,1,,1,Individual,1,UNIT,
20750157,,"Harveys Bristol Cream Sherry [Bottle]",,,,ml,750,0,GST,0.0000,GST,0,1,"stock,stock-spirit",,0,1,1,,,,1,,1,Individual,1,BOTTLE,
23201888,,"Extra BBQ Pork",,,,unit,1,15,GST,0.0000,GST,0,1,,FOOD,,,,,"Small Plates [Harrys]",,1,,,,1,UNIT,
22887268,,"Kids Unlimited BBQ",,,,unit,1,20,GST,0.0000,GST,0,1,,FOOD,,,,,"Big Plates [Harrys]",,1,,,Individual,1,UNIT,
22645438,,"No Chorizo No Cry Pizza [HG]",,,,unit,1,25,GST,0.0000,GST,0,1,,PIZZA,,,,,"Stow Food [Harrys]",,1,,,Individual,1,UNIT,
21925741,,"Ottelia Cab Sav - Regular",,,,unit,1,18,GST,0.0000,GST,0,1,,WINE,,,,,"Red Wine [Harrys]",,1,,,,,UNIT,
22645137,,"Extra Aioli",,,,unit,1,0.5,GST,0.0000,GST,1,1,,,,,,,"Stow Food [Harrys]",,1,,1,Individual,1,UNIT,
22898089,,"Garlic Peeled [kg]",,,,g,1000,0,FRE,5.2000,FRE,0,1,,,0,1,1,,,,1,,1,Individual,1,UNIT,
22918953,,"Kutjera Bush Tomato Powder [100g]",,,,g,100,0,FRE,56.0000,FRE,0,1,,,0,1,1,,,,,,1,Individual,1,UNIT,
22992398,,"Tofu Extra Firm [900G]",,,,unit,1,0,FRE,5.2000,FRE,0,1,,,,1,1,,,,1,,1,Individual,1,UNIT,
22947364,,"Wonton Wrappers","Wonton Wrappers",,,unit,1,0,FRE,4.0000,FRE,0,0,,,,,,,,,,,1,Individual,1,UNIT,
22795730,,"Two Bays GF Rice Lager Can [HG]",,,,unit,1,14,GST,4.9900,GST,0,1,,BEERS,,,,,"Bottles / Cans Alcoholic [Harrys]",,1,,1,Crates,16,UNIT,
20700559,,"Dark & Stormy [HG]",,,,unit,1,19,GST,0.0000,GST,0,1,ALCOHOL,COCKTAILS,1,0,0,,"Cocktails - Classic [Harrys]",,1,,,,,UNIT,
22645436,,"Little Italy Pizza [HG]",,,,unit,1,25,GST,0.0000,GST,0,1,,PIZZA,,,,,"Stow Food [Harrys]",,1,,,Individual,1,UNIT,
22645058,,"Cauliflower Burrito [HG]",,,,unit,1,28,GST,0.0000,GST,0,1,,"STOW FOOD",,,,,"Stow Food [Harrys]",,1,,1,Individual,1,UNIT,
22645067,,"Tempeh Schnitty [HG]",,,,unit,1,25,GST,0.0000,GST,0,1,,"STOW FOOD",,,,,"Stow Food [Harrys]",,1,,,Individual,1,UNIT,
21420378,,"2x Soft-boiled Eggs",,,,unit,1,3.5,GST,0.0000,GST,1,1,,,,,,,"Add-ons - Kitchen [Harrys]",,1,,1,Individual,1,UNIT,
22996454,,"Chilli Sauce Original Sambal Asli 335ml ABC",,,,unit,1,0,FRE,18.0000,FRE,0,1,,,1,0,0,,,,1,,,Individual,1,UNIT,
22995399,,"Corn Sweet [Each]",,,CSCB,unit,1,0,FRE,1.3200,FRE,0,0,,,0,1,1,,,,,,1,Individual,1,UNIT,
22645198,,"Extra Chicken",,,,unit,1,6,GST,0.0000,GST,1,1,,,,,,,"Stow Food [Harrys]",,1,,1,Individual,1,UNIT,
22902966,,"Garlic Minced [kg]",,,,g,1000,0,FRE,4.4000,FRE,0,1,,,0,1,1,,,,,,1,Individual,,UNIT,
22996449,,"Rice Vermicelli Noodles 500gm Osha",,,,unit,1,0,FRE,5.0000,FRE,0,1,,,1,0,0,,,,1,,,Individual,1,UNIT,
22920846,,"Vegetable Stock Powder [2.5kg]",,,,g,2500,0,FRE,38.0000,FRE,0,1,,,0,1,1,,,,,,1,Individual,1,UNIT,
21871870,,"$25 Gift Voucher",,,,unit,1,25,GST,0.0000,GST,0,1,,FOOD,,,,,"Gift Vouchers [Harrys]",,1,,,Individual,1,UNIT,
22645120,,"Kids Icecream [HG]",,,,unit,1,5,GST,0.0000,GST,0,1,,"STOW FOOD",,,,,"Stow Food [Harrys]",,1,,,Individual,1,UNIT,
22285385,,"Whispering Angel - Bottle [HG]",,,,ml,750,108,GST,0.0000,GST,0,1,,WINE,,,,,"Rose Wine [Harrys]",,1,,1,Crates,6,UNIT,
20702385,,"Fever-Tree Light Tonic [mixer]",,,,unit,1,1,GST,0.0000,GST,1,1,,,0,0,0,,"Add-ons - Bar [Harrys]",,1,,,,,UNIT,
22918973,,"Kimchi [5kg]",,,,unit,1,0,FRE,29.0000,FRE,0,1,,,0,1,1,,,,,,1,Individual,1,UNIT,
20750166,,"Laphroaig 10yr [Bottle]",,,,ml,700,0,GST,0.0000,GST,0,1,"stock,stock-spirit",,0,1,1,,,,1,,1,Individual,1,BOTTLE,
20691632,,"Taipei Tea",,,,unit,1,12,GST,0.0000,GST,0,1,ALCOHOL,,1,0,0,,"Cocktails - Signature [Harrys]",,1,,,,,UNIT,
20750199,,"Wray & Nephew's OR Rumbar OP Rum [Bottle]",,,,ml,700,0,GST,0.0000,GST,0,1,"stock,stock-spirit",,0,1,1,,,,1,,1,Individual,1,BOTTLE,
20735491,,"Manhattan - Sweet",,,,unit,1,19,GST,0.0000,GST,0,1,ALCOHOL,COCKTAILS,1,0,0,,"Cocktails - Classic [Harrys]",,1,,,Individual,1,UNIT,
20691635,,"Carafe Sparkling Water",,,,unit,1,5,GST,0.0000,GST,0,1,BEVERAGE,NON-ALC,1,0,0,,"Non-Alcoholic [Harrys]",,1,,,Individual,1,UNIT,
20834651,,"Laphraoig 10yr Whisky",,,,unit,1,19,GST,0.0000,GST,0,1,,SPIRITS,,,,,"Whiskies [Harrys]",,1,,,,,UNIT,
22645098,,"Nuggets & Chips [HG]",,,,unit,1,13,GST,0.0000,GST,0,1,,"STOW FOOD",,,,,"Stow Food [Harrys]",,1,,,Individual,1,UNIT,
20691626,,"Jasmine Rice",,,,g,1,5,GST,0.0000,GST,0,1,"FOOD,GLUTEN_FREE,VEGAN","YUM CHA,FOOD",1,0,0,,"Sides [Harrys]",,1,,,,,UNIT,
21663713,,"Extra Pork",,,,unit,1,2.5,GST,0.0000,GST,1,1,,,,,,,"Add-ons - Kitchen [Harrys]",,1,,1,Individual,1,UNIT,
22645446,,"Gluten-free Base",,,,unit,1,5,GST,0.0000,GST,1,1,,,,,,,"Stow Food [Harrys]",,1,,1,Individual,1,UNIT,
22947381,,"Sunomono Pickle Salad","Sunomono Pickle",,,g,1,0,FRE,0.0000,FRE,0,0,,,,,,,,,,,,,,UNIT,
20691647,,"Kaiju Hazy Pale [HG]",,,,unit,1,12,GST,2.2900,GST,0,1,ALCOHOL,BEERS,1,1,1,,"Bottles / Cans Alcoholic [Harrys]",,1,,1,Crates,16,UNIT,
20700551,,"Campari Spritz",,,,unit,1,19,GST,0.0000,GST,0,1,,COCKTAILS,1,0,0,,"Cocktails - Classic [Harrys]",,1,,,,,UNIT,
21871871,,"$50 Gift Voucher",,,,unit,1,50,GST,0.0000,GST,0,1,,FOOD,,,,,"Gift Vouchers [Harrys]",,1,,,Individual,1,UNIT,
20744698,,"Fireball Cinnamon Whisky",,,,unit,1,12,GST,0.0000,GST,0,1,,SPIRITS,1,0,0,,"Liqueurs [Harrys]",,1,,,,,UNIT,
20691761,,"Kraken Black Rum",,,,unit,1,14,GST,0.0000,GST,0,1,ALCOHOL,SPIRITS,1,0,0,,"Rums [Harrys]",,1,,,,,UNIT,
20768362,,"Milagro Reposado Tequila",,,,unit,1,17,GST,0.0000,GST,0,1,,SPIRITS,,,,,"Tequila [Harrys]",,1,,,,,UNIT,
22253056,,"Nikka Black Whisky",,,,unit,1,13,GST,0.0000,GST,0,1,,SPIRITS,,,,,"Whiskies [Harrys]",,1,,,,,UNIT,
22893556,,"Chicken Wings XL RSPCA [kg]",,,,kg,1,0,FRE,6.1000,FRE,0,1,,,0,1,1,,,,1,,1,Individual,1,UNIT,
22918996,,"Dumpling Chicken Corn Sun Circle [600g]",,,,unit,1,0,FRE,4.5000,FRE,0,1,,,0,1,1,,,,,,1,Individual,1,UNIT,
22645512,,"No Sun-dried Tomatoes",,,,unit,1,0,GST,0.0000,GST,1,1,,,,,,,,,1,,1,Individual,1,UNIT,
20700708,,"Orange Juice [mixer]",,,,unit,1,0,GST,0.0000,GST,1,1,,,1,0,0,,,,1,,,Individual,1,UNIT,
23201820,,"Swap for Tofu [Make it Vegan]",,,,unit,1,0,GST,0.0000,GST,1,1,,,,,,,"Add-ons - Kitchen [Harrys]",,1,,1,Individual,1,UNIT,
23281070,,"Philter XPA - Pint [HG]",,,,unit,1,15,GST,0.0000,GST,0,1,,BEERS,,,,,"Tap Beer [Harrys]",,1,,1,Individual,1,UNIT,
20700570,,"Lychee Martini",,,,unit,1,19,GST,0.0000,GST,0,1,ALCOHOL,COCKTAILS,1,,,,"Cocktails - Classic [Harrys]",,1,,,,,UNIT,
22641741,,"Stowaway Open Food",,,,unit,1,0,GST,0.0000,GST,0,1,,"STOW FOOD",,,,,"Stow Food [Harrys]",,1,,1,Individual,1,UNIT,
20700640,,"Kuku Sauv Blanc - Regular",,,,unit,1,13,GST,0.0000,GST,0,1,ALCOHOL,WINE,1,0,0,,"White Wine [Harrys]",,1,,,,,UNIT,
22345960,,"Szechuan Calamari",,,,unit,1,12,GST,0.0000,GST,0,1,,"YUM CHA",,,,,"Yum Cha [Harrys]",,1,,,Individual,1,UNIT,
20750138,,"De Kuyper Butterscotch Schnapps [Bottle]",,,,ml,700,0,GST,0.0000,GST,0,1,"stock,stock-spirit",,0,1,1,,,,1,,1,Individual,1,BOTTLE,
21420375,,"Extra Veg",,,,unit,1,0,GST,0.0000,GST,1,1,,,,,,,,,1,,1,Individual,1,UNIT,
20750152,,"Glenmorangie Signet [Bottle]",,,,ml,700,0,GST,0.0000,GST,0,1,"stock,stock-spirit",,0,1,1,,,,1,,1,Individual,1,BOTTLE,
22902956,,"Mirin [1.8L]",,,,ml,1800,0,FRE,12.0000,FRE,0,1,,,0,1,1,,,,,,1,Individual,,UNIT,
22893541,,"Tempeh 250GM Nutrisoy",,,,g,250,0,FRE,4.0000,FRE,0,1,,,0.0,1.0,1.0,,,,1,,1,Individual,1,UNIT,
22920854,,"Wattleseed [100g]",,,,g,100,0,FRE,38.5000,FRE,0,1,,,0,1,1,,,,,,1,Individual,1,UNIT,
21452352,,"Dumplings - Veg Gyoza",,,,unit,1,14,GST,0.0000,GST,0,1,,FOOD,,,,,"Small Plates [Harrys]",,1,,,,,UNIT,
23352546,,"Rice Pudding",,,,unit,1,9.5,GST,0.0000,GST,0,1,,FOOD,,,,,,,1,,,,,UNIT,
21050700,,"Coke Can",,,,unit,1,4,GST,0.0000,GST,0,1,,NON-ALC,,,,,"Non-Alcoholic [Harrys]",,1,,1,Crates,24,UNIT,
22645443,,"Uber Margherita Pizza [HG]",,,,unit,1,21,GST,0.0000,GST,0,1,,PIZZA,,,,,"Stow Food [Harrys]",,1,,,Individual,1,UNIT,
22996480,,"Acai Tubs 6x1kg [Tub]",,,ACT1,unit,1,0,FRE,17.0500,GST,0,1,,,1,0,0,,,,1,,,Individual,1,UNIT,
20750122,,"Bunnahabhain 12yr [Bottle]",,,,ml,700,0,GST,0.0000,GST,0,1,"stock,stock-spirit",,0,1,1,,,,1,,1,Individual,1,BOTTLE,
22902924,,"Cabbage Red/Green Shredded Mix [kg]",,,,g,1000,0,FRE,5.2000,FRE,0,1,,,0,1,1,,,,1,,1,Individual,,UNIT,
20750141,,"Domaine de Canton Ginger Liqueur [Bottle]",,,,ml,700,0,GST,0.0000,GST,0,1,"stock,stock-spirit",,0,1,1,,,,1,,1,Individual,1,BOTTLE,
21038813,,"Fried Egg.",,,,unit,1,2,GST,0.0000,GST,1,1,,,,,,,"Add-ons - Kitchen [Harrys]",,1,,1,Individual,1,UNIT,
20700557,,"Cosmo [HG]",,,,unit,1,19,GST,0.0000,GST,0,1,,COCKTAILS,1,0,0,,"Cocktails - Classic [Harrys]",,1,,,,,UNIT,
20700584,,"Pornstar Martini",,,,unit,1,20,GST,0.0000,GST,0,1,,COCKTAILS,1,0,0,,"Cocktails - Classic [Harrys]",,1,,,,,UNIT,
22082883,,"Lettuce Cups",,,,unit,1,3,GST,0.0000,GST,0,1,,FOOD,,,,,"Big Plates [Harrys]",,1,,,Individual,1,UNIT,
23173372,,"Octopus Karaage",,,,unit,1,18,GST,0.0000,GST,0,1,,FOOD,,,,,"Small Plates [Harrys]",,1,,,,,UNIT,
20700615,,"Angas & Bremer Rosé - Large",,,,unit,1,21,GST,0.0000,GST,0,1,ALCOHOL,WINE,1,0,0,,"Rose Wine [Harrys]",,1,,,,,UNIT,
22645454,,"Add Anchovies",,,,unit,1,1,GST,0.0000,GST,1,1,,,,,,,"Stow Food [Harrys]",,1,,1,Individual,1,UNIT,
22645488,,"Add Pineapple",,,,unit,1,1,GST,0.0000,GST,1,1,,,,,,,"Stow Food [Harrys]",,1,,1,Individual,1,UNIT,
22645140,,"Extra BBQ Sauce",,,,unit,1,0.5,GST,0.0000,GST,1,1,,,,,,,"Stow Food [Harrys]",,1,,1,Individual,1,UNIT,
20993202,,"Extra Piece",,,,unit,1,3.5,GST,0.0000,GST,1,1,,,,,,,"Add-ons - Kitchen [Harrys]",,1,,1,Individual,1,UNIT,
21003109,,"Jinzu Gin [Bottle]",,,,ml,700,0,GST,76.9100,GST,0,1,,,,,,,,,1,,1,Individual,1,UNIT,
22995415,,"Lettuce Cos Baby Twin Pack [Each]",,,LCBTPEA,unit,1,0,FRE,2.7500,FRE,0,0,,,0,1,1,,,,,,1,Individual,1,UNIT,
20750233,,"Massenez Triple Sec [5L]",,,,l,5,0,GST,270.0800,GST,0,1,,,0,1,1,,,,1,,1,Individual,,UNIT,
23281052,,"Crankshaft IPA - Schooner [HG]",,,,unit,1,13.5,GST,0.0000,GST,0,1,,BEERS,,,,,"Tap Beer [Harrys]",,1,,1,Individual,1,UNIT,
21750315,,"Jinro Strawberry - 60ml",,,,unit,1,9,GST,0.0000,GST,0,1,,"SAKE / SOJU",,,,,"Sake & Soju [Harrys]",,1,,,Individual,1,UNIT,
21004244,,"Punt e Mes Rosso Vermouth",,,,unit,1,11,GST,0.0000,GST,0,1,,SPIRITS,,,,,"Amaro / Aperitif / Fortified Wine [Harrys]",,1,,,,,UNIT,
20750134,,"Corralejo Reposado Tequila [Bottle]",,,,ml,700,0,GST,0.0000,GST,0,1,"stock,stock-spirit",,0,1,1,,,,1,,1,Individual,1,BOTTLE,
