ProductID,ProductNo,ProductName,DocketName,Barcode,SKU,Unit,DefaultSize,SellPriceIncTax,SellTaxCode,CostPriceIncTax,CostTaxCode,IsModifier,PrintDocket,Tags,CategoryNames,SellAccount,BuyAccount,InventoryAccount,ImageUrl,ReportingGroup,FriendlyName,ShowOnline,OnlineDescription,InventoryType,PurchaseFormat,PurchaseQty,Container,VariableQtyPrompt
20445514,,"Corn Star",,,,g,1000,16,GST,0.0000,GST,0,1,"FOOD,GLUTEN_FREE,VEGETARIAN",,1,0,0,,"Small Plates",,1,,,Individual,1,UNIT,
20445519,,"Gluten Free",,,,unit,1,0,GST,0.0000,GST,1,1,,,1,0,0,,"Add-ons - Kitchen",,1,,,Individual,1,UNIT,
20445511,,"Holy Guacamole",,,,unit,1,16,GST,0.0000,GST,0,1,"FOOD,GLUTEN_FREE,VEGETARIAN",,1,,,,"Small Plates",,1,,,,,UNIT,
20445512,,Vegan,,,,unit,1,0,GST,0.0000,GST,1,1,,,1,0,0,,Modifiers,,1,,,Individual,1,UNIT,
20445516,,"Vegan Aioli",,,,unit,1,0,GST,0.0000,GST,1,1,,,1,0,0,,"Add-ons - Kitchen",,1,,,Individual,1,UNIT,
20445515,,"Bang Bang Cauli",,,,unit,1,17,GST,0.0000,GST,0,1,"FOOD,GLUTEN_FREE","STOW KITCHEN",1,,,,"Small Plates",,1,,,,,UNIT,
20445521,,"BBQ Wings",,,,unit,1,16.9,GST,0.0000,GST,0,1,FOOD,"STOW KITCHEN",1,0,0,,"Small Plates",,1,,,Individual,1,UNIT,
20445520,,"Cauliflower Tacos",,,,unit,1,20,GST,0.0000,GST,0,1,"FOOD,VEGAN","STOW KITCHEN",1,0,0,,"Small Plates",,1,,,Individual,1,UNIT,
20445518,,"Fish Tacos",,,,unit,1,20,GST,0.0000,GST,0,1,"DAIRY_FREE,FOOD","STOW KITCHEN",1,0,0,,"Small Plates",,1,,,Individual,1,UNIT,
20445510,,"Sensei Calamari",,,,g,1,19.5,GST,0.0000,GST,0,1,"DAIRY_FREE,FOOD,GLUTEN_FREE","STOW KITCHEN",1,0,0,,"Small Plates",,1,,,Individual,1,UNIT,
20445523,,"Blue Cheese",,,,ml,100,1,GST,0.0000,GST,1,1,,,1,0,0,,"Add-ons - Kitchen",,1,,,Individual,1,UNIT,
20445530,,"Extra Dumpling",,,,unit,1,3.5,GST,0.0000,GST,1,1,,,1,0,0,,"Add-ons - Kitchen",,1,,,Individual,1,UNIT,
20445528,,Gravy,,,,ml,5000,1,GST,0.0000,GST,1,1,,,1,0,0,,"Add-ons - Kitchen",,1,,,Individual,1,UNIT,
20445534,,"Make It a Bowl (Gluten Free)",,,,unit,1,0,GST,0.0000,GST,1,1,,,1,0,0,,Modifiers,,1,,,Individual,1,UNIT,
20445527,,"No Cheese (Make It Dairy-Free)",,,,unit,1,0,GST,0.0000,GST,1,1,,,1,0,0,,Modifiers,,1,,,Individual,1,UNIT,
20445533,,"Swap Vegan Cheese for Dairy Cheese",,,,unit,1,0,GST,0.0000,GST,1,1,,,1,0,0,,Modifiers,,1,,,Individual,1,UNIT,
20445529,,"Tofu San Dumplings",,,,unit,1,16,GST,0.0000,GST,0,1,"FOOD,VEGAN",,1,0,0,,"Small Plates",,1,,,Individual,1,UNIT,
20445532,,"Chicken Burrito",,,,unit,1,28.9,GST,0.0000,GST,0,1,FOOD,"STOW KITCHEN",1,0,0,,"Big Plates",,1,,,Individual,1,UNIT,
20445524,,"Rosemary Salted Fries",,,,g,2000,12.9,GST,0.0000,GST,0,1,"FOOD,VEGAN","STOW KITCHEN",1,0,0,,"Small Plates",,1,,,Individual,1,UNIT,
20445525,,"Sweet Potato Fries",,,,unit,1,13,GST,0.0000,GST,0,1,"FOOD,GLUTEN_FREE,VEGAN","STOW KITCHEN",1,0,0,,"Small Plates",,1,,,Individual,1,UNIT,
20445539,,"Corn Chips",,,,unit,1,2,GST,0.0000,GST,1,1,,,1,0,0,,"Add-ons - Kitchen",,1,,,Individual,1,UNIT,
20445538,,Jalapeños,,,,unit,1,1,GST,0.0000,GST,1,1,,,1,0,0,,"Add-ons - Kitchen",,1,,,Individual,1,UNIT,
20445540,,"No Beans",,,,unit,1,0,GST,0.0000,GST,1,1,,,1,0,0,,Modifiers,,1,,,Individual,1,UNIT,
20445542,,"No Guac",,,,unit,1,0,GST,0.0000,GST,1,1,,,1,0,0,,Modifiers,,1,,,Individual,1,UNIT,
20445543,,"No Mayo",,,,unit,1,0,GST,0.0000,GST,1,1,,,1,0,0,,Modifiers,,1,,,Individual,1,UNIT,
20445541,,"No Rice",,,,unit,1,0,GST,0.0000,GST,1,1,,,1,0,0,,Modifiers,,1,,,Individual,1,UNIT,
20445544,,"No Slaw",,,,unit,1,0,GST,0.0000,GST,1,1,,,1,0,0,,Modifiers,,1,,,Individual,1,UNIT,
20445537,,"Queso Dip",,,,unit,1,1,GST,0.0000,GST,1,1,,,1,0,0,,"Add-ons - Kitchen",,1,,,Individual,1,UNIT,
20445535,,"Side Spicy Salsa",,,,unit,1,1,GST,0.0000,GST,1,1,,,1,0,0,,"Add-ons - Kitchen",,1,,,Individual,1,UNIT,
20445536,,"Sour Cream",,,,unit,1,1,GST,0.0000,GST,1,1,,,1,0,0,,"Add-ons - Pizza",,1,,,Individual,1,UNIT,
20445555,,"Swap for Sweet Potato Fries",,,,unit,1,2,GST,0.0000,GST,1,1,,,1,0,0,,"Add-ons - Kitchen",,1,,,Individual,1,UNIT,
20445553,,Vegetarian,,,,unit,1,0,GST,0.0000,GST,1,1,,,1,0,0,,Modifiers,,1,,,Individual,1,UNIT,
20445556,,"American Standard Burger",,,,unit,1,26.9,GST,0.0000,GST,0,1,FOOD,"STOW KITCHEN",1,,,,"Big Plates",,1,,,Individual,1,UNIT,
20445547,,"Beef Burrito",,,,unit,1,28.9,GST,0.0000,GST,0,1,FOOD,"STOW KITCHEN",1,,,,"Big Plates",,1,,,Individual,1,UNIT,
20445546,,"Cauliflower Burrito",,,,unit,1,28.9,GST,0.0000,GST,0,1,FOOD,"STOW KITCHEN",1,,,,"Big Plates",,1,,,,,UNIT,
20445557,,"Chicken Shindig Burger",,,,unit,1,26.9,GST,0.0000,GST,0,1,FOOD,"STOW KITCHEN",1,0,0,,"Big Plates",,1,,,Individual,1,UNIT,
20445550,,"Eggplant Schnitty","Tempeh Schnitty [vegan]",,,unit,1,26,GST,0.0000,GST,0,1,"FOOD,VEGAN","STOW KITCHEN",1,0,0,,"Big Plates",,1,,,Individual,1,UNIT,
20445545,,"Fish Burrito",,,,unit,1,28.9,GST,0.0000,GST,0,1,FOOD,"STOW KITCHEN",1,0,0,,"Big Plates",,1,,,Individual,1,UNIT,
20445560,,"Rocket Man",,,,unit,1,18,GST,0.0000,GST,0,1,"FOOD,GLUTEN_FREE,VEGETARIAN","STOW KITCHEN",1,0,0,,Salads,,1,,,Individual,1,UNIT,
20445548,,"Stow Schnitty",,,,unit,1,26.9,GST,0.0000,GST,0,1,"DAIRY_FREE,FOOD","STOW KITCHEN",1,0,0,,"Big Plates",,1,,,Individual,1,UNIT,
20445572,,"BBQ Sauce",,,,ml,100,0,GST,0.0000,GST,1,1,,,1,0,0,,,,1,,,Individual,1,UNIT,
20445569,,Bocconcini,,,,unit,1,2,GST,0.0000,GST,1,1,,,1,0,0,,"Add-ons - Pizza",,1,,,Individual,1,UNIT,
20445570,,"Extra Cheese",,,,unit,1,1.5,GST,0.0000,GST,1,1,,,1,0,0,,"Add-ons - Kitchen",,1,,,Individual,1,UNIT,
20445571,,Fetta,,,,unit,1,2,GST,0.0000,GST,1,1,,,1,0,0,,"Add-ons - Pizza",,1,,,Individual,1,UNIT,
20445566,,Mushrooms,,,,unit,1,1,GST,0.0000,GST,1,1,,,1,0,0,,"Add-ons - Pizza",,1,,,Individual,1,UNIT,
20445567,,"No Pineapple",,,,unit,1,0,GST,0.0000,GST,1,1,,,1,0,0,,Modifiers,,1,,,Individual,1,UNIT,
20445564,,"Vegan Cheese",,,,unit,1,3,GST,0.0000,GST,1,1,,,1,0,0,,"Add-ons - Pizza",,1,,,Individual,1,UNIT,
20445561,,"Kids Nuggets & Chips",,,,unit,1,13,GST,0.0000,GST,0,1,"DAIRY_FREE,FOOD","STOW KITCHEN",1,0,0,,"Kids Meals",,1,,,Individual,1,UNIT,
20445563,,"Kids Hawaiian Pizza",,,,unit,1,13,GST,0.0000,GST,0,1,FOOD,"STOW PIZZAS",1,0,0,,"Kids Meals",,1,,,Individual,1,UNIT,
20445568,,"Kids Margherita Pizza",,,,unit,1,13,GST,0.0000,GST,0,1,"FOOD,VEGETARIAN","STOW PIZZAS",1,0,0,,"Kids Meals",,1,,,,,UNIT,
20445583,,"Artichoke Heart",,,,unit,1,1,GST,0.0000,GST,1,1,,,1,0,0,,"Add-ons - Pizza",,1,,,Individual,1,UNIT,
20445579,,Basil,,,,unit,1,1,GST,0.0000,GST,1,1,,,1,0,0,,"Add-ons - Pizza",,1,,,Individual,1,UNIT,
20445584,,Capsicum,,,,unit,1,1,GST,0.0000,GST,1,1,,,1,0,0,,"Add-ons - Pizza",,1,,,Individual,1,UNIT,
20445585,,"Cherry Tomatoes",,,,g,250,1,GST,0.0000,GST,1,1,,,1,0,0,,"Add-ons - Pizza",,1,,,Individual,1,UNIT,
20445580,,Coriander,,,,g,1,0.5,GST,0.0000,GST,1,1,,,1,0,0,,"Add-ons - Pizza",,1,,,Individual,1,UNIT,
20445575,,"Mint Yoghurt",,,,unit,1,1,GST,0.0000,GST,1,1,,,1,0,0,,Modifiers,,1,,,Individual,1,UNIT,
20445582,,Oregano,,,,unit,1,0,GST,0.0000,GST,1,1,,,1,0,0,,"Add-ons - Pizza",,1,,,Individual,1,UNIT,
20445576,,Pesto,,,,unit,1,1,GST,0.0000,GST,1,1,,,1,0,0,,"Add-ons - Pizza",,1,,,Individual,1,UNIT,
20445581,,Rosemary,,,,unit,1,0.5,GST,0.0000,GST,1,1,,,1,0,0,,"Add-ons - Pizza",,1,,,Individual,1,UNIT,
20445578,,"Side Sour Cream",,,,unit,1,1,GST,0.0000,GST,1,1,,,1,0,0,,"Add-ons - Kitchen",,1,,,Individual,1,UNIT,
20445586,,Corn,,,,g,1,0.5,GST,0.0000,GST,1,1,,,1,0,0,,"Add-ons - Pizza",,1,,,Individual,1,UNIT,
20445587,,Eggplant,,,,unit,1,1,GST,0.0000,GST,1,1,,,1,0,0,,"Add-ons - Pizza",,1,,,Individual,1,UNIT,
20445589,,Olives,,,,unit,1,1,GST,0.0000,GST,1,1,,,1,0,0,,"Add-ons - Pizza",,1,,,Individual,1,UNIT,
20445590,,Onion,,,,unit,1,0,GST,0.0000,GST,1,1,,,0,0,0,,"Add-ons - Pizza",,1,,,Individual,1,UNIT,
20445591,,Potato,,,,unit,1,0.5,GST,0.0000,GST,1,1,,,0,0,0,,"Add-ons - Pizza",,1,,,Individual,1,UNIT,
20445593,,Pumpkin,,,,unit,1,1,GST,0.0000,GST,1,1,,,1,0,0,,"Add-ons - Pizza",,1,,,Individual,1,UNIT,
20445594,,Rocket,,,,g,1500,1,GST,0.0000,GST,1,1,,,1,0,0,,"Add-ons - Pizza",,1,,,Individual,1,UNIT,
20445595,,Shallots,,,,unit,1,0.5,GST,0.0000,GST,1,1,,,1,0,0,,"Add-ons - Pizza",,1,,,Individual,1,UNIT,
20445596,,"Sliced Tomato",,,,unit,1,1,GST,0.0000,GST,1,1,,,1,0,0,,"Add-ons - Pizza",,1,,,Individual,1,UNIT,
20445597,,"Spanish Onion",,,,unit,1,1,GST,0.0000,GST,1,1,,,1,0,0,,"Add-ons - Pizza",,1,,,Individual,1,UNIT,
20445599,,Anchovies,,,,unit,1,1,GST,0.0000,GST,1,1,,,1,0,0,,"Add-ons - Pizza",,1,,,Individual,1,UNIT,
20445605,,Bacon,,,,unit,1,2,GST,0.0000,GST,1,1,,,1,0,0,,"Add-ons - Pizza",,1,,,Individual,1,UNIT,
20445603,,Chicken,,,,unit,1,2,GST,0.0000,GST,1,1,,,1,0,0,,"Add-ons - Pizza",,1,,,Individual,1,UNIT,
20445607,,"Ground Beef",,,,unit,1,1.5,GST,0.0000,GST,1,1,,,1,0,0,,"Add-ons - Pizza",,1,,,Individual,1,UNIT,
20445608,,Ham,,,,unit,1,1,GST,0.0000,GST,1,1,,,1,0,0,,"Add-ons - Pizza",,1,,,Individual,1,UNIT,
20445610,,Pepperoni,,,,unit,1,2,GST,0.0000,GST,1,1,,,1,0,0,,"Add-ons - Pizza",,1,,,Individual,1,UNIT,
20445601,,Prawns,,,,unit,1,3,GST,0.0000,GST,1,1,,,1,0,0,,"Add-ons - Pizza",,1,,,Individual,1,UNIT,
20445611,,Prosciutto,,,,g,1000,2,GST,0.0000,GST,1,1,,,1,0,0,,"Add-ons - Pizza",,1,,,Individual,1,UNIT,
20445598,,"Sundried Tomato",,,,unit,1,1,GST,0.0000,GST,1,1,,,1,0,0,,"Add-ons - Pizza",,1,,,Individual,1,UNIT,
20445604,,"Tandoori Chicken",,,,unit,1,2,GST,0.0000,GST,1,1,,,1,0,0,,"Add-ons - Pizza",,1,,,Individual,1,UNIT,
20445623,,"Add Kahlua",,,,unit,1,4,GST,0.0000,GST,1,1,,,1,0,0,,"Add-ons - Pizza",,1,,,Individual,1,UNIT,
20445612,,Calabrese,,,,unit,1,2,GST,0.0000,GST,1,1,,,1,0,0,,"Add-ons - Pizza",,1,,,Individual,1,UNIT,
20445620,,"Double Scoop",,,,unit,1,3.5,GST,0.0000,GST,1,1,,,1,0,0,,"Add-ons - Kitchen",,1,,,Individual,1,UNIT,
20445614,,"Garlic Base",,,,unit,1,1,GST,0.0000,GST,1,1,,,1,0,0,,"Add-ons - Pizza",,1,,,Individual,1,UNIT,
20445613,,"Less Cheese",,,,unit,1,0,GST,0.0000,GST,1,1,,,1,0,0,,"Add-ons - Pizza",,1,,,Individual,1,UNIT,
20445616,,"No Sour Cream",,,,unit,1,0,GST,0.0000,GST,1,1,,,1,0,0,,Modifiers,,1,,,Individual,1,UNIT,
20445617,,"No Vegan Cheese",,,,unit,1,0,GST,0.0000,GST,1,1,,,1,0,0,,Modifiers,,1,,,Individual,1,UNIT,
20445615,,"Pesto Base",,,,unit,1,1,GST,0.0000,GST,1,1,,,1,0,0,,"Add-ons - Pizza",,1,,,Individual,1,UNIT,
20445619,,Brownie,,,,unit,1,12,GST,0.0000,GST,0,1,"FOOD,GLUTEN_FREE,VEGETARIAN","STOW KITCHEN",1,,,,Desserts,,1,,,,,UNIT,
20445618,,"Kids Icecream",,,,unit,1,5,GST,0.0000,GST,0,1,FOOD,"STOW KITCHEN",1,0,0,,"Kids Meals",,1,,,Individual,1,UNIT,
20445624,,"Add Mac. Liqueur",,,,unit,1,4,GST,0.0000,GST,1,1,,,1,0,0,,"Add-ons - Bar",,1,,,Individual,1,UNIT,
20445669,,"Lemon Twist",,,,unit,1,0,GST,0.0000,GST,1,1,,,1,0,0,,Modifiers,,1,,,Individual,1,UNIT,
20445652,,"Stow Spritz",,,,unit,1,16,GST,0.0000,GST,0,1,ALCOHOL,,1,0,0,,"Cocktails - Signature",,1,,,Individual,1,UNIT,
20445655,,"Beetle Juice",,,,unit,1,22,GST,0.0000,GST,0,1,ALCOHOL,COCKTAILS,1,0,0,,"Cocktails - Signature",,1,,,Individual,1,UNIT,
20445667,,Boulevardier,,,,unit,1,22,GST,0.0000,GST,0,1,ALCOHOL,COCKTAILS,1,0,0,,"Cocktails - Classic",,1,,,Individual,1,UNIT,
20445666,,Daiquiri,,,,unit,1,21,GST,0.0000,GST,0,1,ALCOHOL,COCKTAILS,1,0,0,,"Cocktails - Classic",,1,,,Individual,1,UNIT,
20445662,,"Espresso Martini",,,,ml,60,20,GST,0.0000,GST,0,1,ALCOHOL,COCKTAILS,1,0,0,,"Cocktails - Classic",,1,,,,,UNIT,
20445668,,"Gin Martini",,,,unit,1,22,GST,0.0000,GST,0,1,ALCOHOL,COCKTAILS,1,0,0,,"Cocktails - Classic",,1,,,Individual,1,UNIT,
20445663,,"Lychee Martini",,,,ml,70,20,GST,3.0000,GST,0,1,ALCOHOL,COCKTAILS,1,0,0,,"Cocktails - Classic",,1,,,,,UNIT,
20445665,,Negroni,,,,ml,100,22,GST,3.5500,GST,0,1,ALCOHOL,COCKTAILS,1,0,0,,"Cocktails - Classic",,1,,,,,UNIT,
20445679,,"No Salt",,,,unit,1,0,GST,0.0000,GST,1,1,,,0,0,0,,,,1,,,Individual,1,UNIT,
20445670,,Olive,,,,unit,1,0,GST,0.0000,GST,1,1,,,1,0,0,,Modifiers,,1,,,Individual,1,UNIT,
20445674,,"Aperol Spritz",,,,unit,1,20,GST,0.0000,GST,0,1,ALCOHOL,COCKTAILS,1,,,,"Cocktails - Classic",,1,,,,,UNIT,
20445677,,"Classic Margarita",,,,ml,60,20,GST,0.0000,GST,0,1,ALCOHOL,COCKTAILS,1,,,,"Cocktails - Classic",,1,,,,,UNIT,
20445681,,"Coconut Margarita",,,,unit,1,23,GST,0.0000,GST,0,1,ALCOHOL,COCKTAILS,1,0,0,,"Cocktails - Classic",,1,,,Individual,1,UNIT,
20445673,,"Dark & Stormy",,,,unit,1,20,GST,0.0000,GST,0,1,ALCOHOL,COCKTAILS,1,0,0,,"Cocktails - Classic",,1,,,Individual,1,UNIT,
20445680,,"Jalapeño Marg",,,,ml,60,23,GST,0.0000,GST,0,1,ALCOHOL,COCKTAILS,1,0,0,,"Cocktails - Classic",,1,,,,,UNIT,
20445675,,"Limoncello Spritz",,,,unit,1,21,GST,0.0000,GST,0,1,ALCOHOL,COCKTAILS,1,0,0,,"Cocktails - Classic",,1,,,Individual,1,UNIT,
20445672,,"Old Fashioned",,,,unit,1,22,GST,0.0000,GST,0,1,ALCOHOL,COCKTAILS,1,0,0,,"Cocktails - Classic",,1,,,Individual,1,UNIT,
20445671,,"Vodka Martini",,,,unit,1,22,GST,0.0000,GST,0,1,ALCOHOL,COCKTAILS,1,0,0,,"Cocktails - Classic",,1,,,Individual,1,UNIT,
20445687,,Ice,,,,unit,1,0,GST,0.0000,GST,1,1,,,1,0,0,,Modifiers,,1,,,Individual,1,UNIT,
20445689,,"Lime Wedge",,,,unit,1,0,GST,0.0000,GST,1,1,,,1,0,0,,Modifiers,,1,,,Individual,1,UNIT,
20445688,,"No Ice",,,,unit,1,0,GST,0.0000,GST,1,1,,,1,0,0,,Modifiers,,1,,,Individual,1,UNIT,
20445690,,"No Lime",,,,unit,1,0,GST,0.0000,GST,1,1,,,1,0,0,,Modifiers,,1,,,Individual,1,UNIT,
20445682,,"Puerto Sunset",,,,unit,1,23,GST,0.0000,GST,0,1,ALCOHOL,,1,0,0,,"Cocktails - Signature",,1,,,Individual,1,UNIT,
20445698,,"Yenda Session Lager Tin",,,,unit,1,8,GST,0.0000,GST,0,1,ALCOHOL,,1,0,0,,"Bottles / Cans Alcoholic",,1,,,Individual,1,UNIT,
20445702,,"Better Beer Tin",,,,unit,1,10.5,GST,2.3800,GST,0,1,"ALCOHOL,GLUTEN_FREE",BEERS,1,1,1,,"Bottles / Cans Alcoholic",,1,,1,Crates,24,UNIT,
20445701,,Corona,,,,unit,1,10.5,GST,2.5713,GST,0,1,ALCOHOL,"BEERS,STOW FAST",1,0,0,,"Bottles / Cans Alcoholic",,1,,1,Crates,24,UNIT,
20445700,,Peroni,,,,unit,1,10.5,GST,2.5217,GST,0,1,ALCOHOL,"BEERS,STOW FAST",1,0,0,,"Bottles / Cans Alcoholic",,1,,1,Crates,24,UNIT,
20445683,,"Cadillac Margarita",,,,unit,1,38,GST,0.0000,GST,0,1,ALCOHOL,COCKTAILS,1,0,0,,"Cocktails - Classic",,1,,,Individual,1,UNIT,
20445705,,"Asahi 3.5%",,,,unit,1,10.5,GST,2.1800,GST,0,1,ALCOHOL,BEERS,1,1,1,,"Bottles / Cans Alcoholic",,1,,1,Crates,24,UNIT,
20445711,,"Fellr Watermelon Seltzer Tin",,,,unit,1,12,GST,0.0000,GST,0,1,ALCOHOL,BEERS,1,0,0,,"Bottles / Cans Alcoholic",,1,,1,Boxes,24,UNIT,
20445709,,"Grifter Big Sur IPA Tin",,,,unit,1,14,GST,4.0000,GST,0,1,ALCOHOL,BEERS,1,1,1,,"Bottles / Cans Alcoholic",,1,,1,Crates,24,UNIT,
20445710,,"Grifter Omen Stout Tin",,,,unit,1,13,GST,3.1900,GST,0,1,ALCOHOL,BEERS,1,1,1,,"Bottles / Cans Alcoholic",,1,,1,Crates,24,UNIT,
20445708,,"Grifter Pink Galah Tin",,,,unit,1,12,GST,3.1900,GST,0,1,ALCOHOL,BEERS,1,1,1,,"Bottles / Cans Alcoholic",,1,,1,Crates,24,UNIT,
20445706,,"James Boags Light",,,,unit,1,9.5,GST,2.3400,GST,0,1,ALCOHOL,BEERS,1,1,1,,"Bottles / Cans Alcoholic",,1,,1,Crates,24,UNIT,
20445703,,"Two Bays Pale Ale Can",,,,unit,1,18,GST,4.7100,GST,0,1,ALCOHOL,BEERS,1,1,1,,"Bottles / Cans Alcoholic",,1,,1,Boxes,16,UNIT,
20445704,,"VB Tinnie",,,,unit,1,9,GST,1.9600,GST,0,1,ALCOHOL,BEERS,1,1,1,,"Bottles / Cans Alcoholic",,1,,1,Crates,30,UNIT,
20445713,,"Young Henrys Cloudy Cider Can",,,,unit,1,12,GST,2.5800,GST,0,1,ALCOHOL,"BEERS,STOW FAST",1,1,1,,"Bottles / Cans Alcoholic",,1,,1,Crates,24,UNIT,
20445707,,"Heaps Normal Tin",,,,unit,1,11,GST,2.6696,GST,0,0,BEVERAGE,"BEERS,STOW FAST,NON-ALC",1,1,1,,Non-alcoholic,,1,,1,Crates,24,UNIT,
20445797,,"Dutschke Bourbon Barrel Tawny Port",,,,unit,1,14,GST,0.0000,GST,0,1,ALCOHOL,,1,0,0,,"Amaro / Aperitif / Fortified Wine",,1,,,Individual,1,UNIT,
20445798,,"Dutshcke Pedro Ximenez 12yr Port",,,,unit,1,14,GST,0.0000,GST,0,1,ALCOHOL,,1,0,0,,"Amaro / Aperitif / Fortified Wine",,1,,,Individual,1,UNIT,
20445716,,"Glass of Ice on the Side",,,,unit,1,0,GST,0.0000,GST,1,1,,,1,0,0,,Modifiers,,1,,,Individual,1,UNIT,
20445729,,"No Glasses Needed",,,,unit,1,0,GST,0.0000,GST,1,1,,,1,0,0,,Modifiers,,1,,,Individual,1,UNIT,
20445714,,"Monteith's Apple Cider Bottle",,,,unit,1,10.5,GST,3.1100,GST,0,1,ALCOHOL,"BEERS,STOW FAST",1,1,1,,"Bottles / Cans Alcoholic",,1,,1,Crates,24,UNIT,
20445800,,"Brookie's Byron Dry Gin Tonica",,,,unit,1,21,GST,0.0000,GST,0,1,ALCOHOL,SPIRITS,1,0,0,,Gin,,1,,,Individual,1,UNIT,
20445801,,"Four Pillars Rare Dry Gin Tonica",,,,unit,1,21,GST,0.0000,GST,0,1,ALCOHOL,SPIRITS,1,0,0,,Gin,,1,,,Individual,1,UNIT,
20445802,,"Hendricks Gin Tonica",,,,unit,1,21,GST,0.0000,GST,0,1,ALCOHOL,SPIRITS,1,0,0,,Gin,,1,,,Individual,1,UNIT,
20445803,,"Poor Tom's Strawberry Gin Tonica",,,,unit,1,21,GST,0.0000,GST,0,1,ALCOHOL,SPIRITS,1,0,0,,Gin,,1,,,Individual,1,UNIT,
20445737,,"Dom Pérignon Champagne - Bottle",,,,unit,1,440,GST,332.5500,GST,0,1,ALCOHOL,WINE,1,1,1,,"Sparkling Wine",,1,,1,Individual,1,UNIT,
20445809,,"Archie Rose Signature Gin",,,,unit,1,13,GST,62.0800,GST,0,1,ALCOHOL,SPIRITS,0,,,,Gin,,1,,,Individual,1,UNIT,
20445810,,"Bombay Sapphire",,,,unit,1,14,GST,0.0000,GST,0,1,ALCOHOL,SPIRITS,1,0,0,,Gin,,1,,,Individual,1,UNIT,
20445813,,"Four Pillars Bloody Shiraz Gin",,,,unit,1,14.5,GST,0.0000,GST,0,1,ALCOHOL,SPIRITS,1,0,0,,Gin,,1,,,Individual,1,UNIT,
20445806,,"Four Pillars Bloody Shiraz Gin Tonica",,,,unit,1,21,GST,0.0000,GST,0,1,ALCOHOL,SPIRITS,1,0,0,,Gin,,1,,,Individual,1,UNIT,
20445805,,"Four Pillars Olive Leaf Gin Tonica",,,,unit,1,22,GST,0.0000,GST,0,1,ALCOHOL,SPIRITS,1,0,0,,Gin,,1,,,Individual,1,UNIT,
20445807,,"Never Never Oyster Shell Gin",,,,unit,1,15,GST,0.0000,GST,0,1,ALCOHOL,SPIRITS,1,0,0,,Gin,,1,,,Individual,1,UNIT,
20445812,,"Wolf Lane Navy Gin",,,,unit,1,16,GST,0.0000,GST,0,1,ALCOHOL,SPIRITS,1,0,0,,Gin,,1,,,Individual,1,UNIT,
20445804,,"Wolf Lane Navy Gin Tonica",,,,unit,1,22,GST,0.0000,GST,0,1,ALCOHOL,SPIRITS,1,0,0,,Gin,,1,,,Individual,1,UNIT,
20445811,,"Bombay Dry [House]",,,,unit,1,11,GST,0.0000,GST,0,1,ALCOHOL,"STOW FAST,SPIRITS",1,0,0,,Gin,,1,,,Individual,1,UNIT,
20445808,,"Hendrick's Gin",,,,unit,1,14,GST,0.0000,GST,0,1,ALCOHOL,"STOW FAST,SPIRITS",1,0,0,,Gin,,1,,,Individual,1,UNIT,
20445824,,"1800 Coconut",,,,ml,700,13,GST,0.0000,GST,0,1,ALCOHOL,SPIRITS,1,0,0,,Tequila,,1,,,Individual,1,BOTTLE,
20445814,,"Four Pillars Olive Leaf",,,,unit,1,14.5,GST,0.0000,GST,0,1,ALCOHOL,SPIRITS,1,0,0,,Gin,,1,,,Individual,1,UNIT,
20445815,,"Four Pillars Rare Dry",,,,unit,1,14.5,GST,0.0000,GST,0,1,ALCOHOL,SPIRITS,1,0,0,,Gin,,1,,,Individual,1,UNIT,
20445821,,"Grey Goose",,,,unit,1,14,GST,0.0000,GST,0,1,ALCOHOL,SPIRITS,1,0,0,,Vodka,,1,,,,,UNIT,
20445818,,"Hartshorn Sheep Whey Vodka",,,,unit,1,17,GST,0.0000,GST,0,1,ALCOHOL,SPIRITS,1,0,0,,Vodka,,1,,,Individual,1,UNIT,
20445816,,"Tanqueray 10 Gin",,,,unit,1,16,GST,0.0000,GST,0,1,ALCOHOL,SPIRITS,1,0,0,,Gin,,1,,,Individual,1,UNIT,
20445819,,"Tilde Raw Vodka",,,,unit,1,14,GST,0.0000,GST,0,1,ALCOHOL,SPIRITS,1,0,0,,Vodka,,1,,,Individual,1,UNIT,
20445820,,"Tito's Handmade Vodka",,,,unit,1,14,GST,0.0000,GST,0,1,"ALCOHOL,GLUTEN_FREE",SPIRITS,1,0,0,,Vodka,,1,,,Individual,1,UNIT,
20445823,,"Belvedere Vodka",,,,unit,1,14,GST,0.0000,GST,0,1,ALCOHOL,"STOW FAST,SPIRITS",1,0,0,,Vodka,,1,,,Individual,1,UNIT,
20445822,,"White Light Pure Vodka [House]",,,,ml,30,11,GST,0.0000,GST,0,1,ALCOHOL,"STOW FAST,SPIRITS",1,0,0,,Vodka,,1,,,,,UNIT,
20445829,,"Casamigos Reposado Tequila",,,,unit,1,17,GST,0.0000,GST,0,1,ALCOHOL,SPIRITS,1,0,0,,Tequila,,1,,,Individual,1,UNIT,
20445828,,"Cazcabel Reposado Tequila",,,,unit,1,14,GST,0.0000,GST,0,1,ALCOHOL,SPIRITS,1,0,0,,Tequila,,1,,,Individual,1,UNIT,
20445832,,"Don Julio 1942 Añejo",,,,unit,1,42,GST,0.0000,GST,0,1,ALCOHOL,SPIRITS,1,0,0,,Tequila,,1,,,Individual,1,UNIT,
20445831,,"Fortaleza Reposado",,,,unit,1,26,GST,0.0000,GST,0,1,ALCOHOL,SPIRITS,1,0,0,,Tequila,,1,,,Individual,1,UNIT,
20445826,,"Herradura Plata",,,,unit,1,16,GST,0.0000,GST,0,1,ALCOHOL,SPIRITS,1,0,0,,Tequila,,1,,,Individual,1,UNIT,
20445834,,"Lost Explorer Espadín Mezcal",,,,unit,1,14,GST,0.0000,GST,0,1,ALCOHOL,SPIRITS,1,0,0,,Mezcal,,1,,,Individual,1,UNIT,
20445827,,"Patron Reposado",,,,unit,1,15,GST,0.0000,GST,0,1,ALCOHOL,SPIRITS,1,0,0,,Tequila,,1,,,Individual,1,UNIT,
20445825,,"Patron Silver",,,,unit,1,15,GST,0.0000,GST,0,1,ALCOHOL,SPIRITS,1,0,0,,Tequila,,1,,,Individual,1,UNIT,
20445830,,"Tequila Ocho - Single Estate Añejo",,,,unit,1,19,GST,0.0000,GST,0,1,ALCOHOL,SPIRITS,1,0,0,,Tequila,,1,,,Individual,1,UNIT,
20445833,,"Rooster Rojo Blanco Tequila [House]",,,,unit,1,11,GST,0.0000,GST,0,1,ALCOHOL,"STOW FAST,SPIRITS",1,0,0,,Tequila,,1,,,Individual,1,UNIT,
20445840,,"Balvenie 14 Year Caribbean Cask",,,,unit,1,22,GST,0.0000,GST,0,1,ALCOHOL,SPIRITS,1,0,0,,Whisky,,1,,,Individual,1,UNIT,
20445837,,"Bunnahabhain 12yr",,,,unit,1,22,GST,0.0000,GST,0,1,ALCOHOL,SPIRITS,1,0,0,,Whisky,,1,,,Individual,1,UNIT,
20445843,,"Glendronach 12yr",,,,unit,1,21,GST,0.0000,GST,0,1,ALCOHOL,SPIRITS,1,0,0,,Whisky,,1,,,Individual,1,UNIT,
20445842,,"Glenmorangie Signet",,,,unit,1,51,GST,0.0000,GST,0,1,ALCOHOL,SPIRITS,1,0,0,,Whisky,,1,,,Individual,1,UNIT,
20445838,,"Hakushu 12yr",,,,unit,1,42,GST,0.0000,GST,0,1,ALCOHOL,SPIRITS,1,0,0,,Whisky,,1,,,Individual,1,UNIT,
20445836,,"Illegal Reposado Mezcal",,,,unit,1,21,GST,69.7000,GST,0,1,ALCOHOL,SPIRITS,0,,,,Mezcal,,1,,,,,UNIT,
20445844,,"Johnnie Walker Black",,,,unit,1,17,GST,0.0000,GST,0,1,ALCOHOL,SPIRITS,1,0,0,,Whisky,,1,,,Individual,1,UNIT,
20445841,,"Macallan Sherry Oak 12yr",,,,unit,1,26,GST,0.0000,GST,0,1,ALCOHOL,SPIRITS,1,0,0,,Whisky,,1,,,Individual,1,UNIT,
20445835,,"Quiquiriqui Mezcal",,,,unit,1,15,GST,0.0000,GST,0,1,ALCOHOL,SPIRITS,1,0,0,,Mezcal,,1,,,Individual,1,UNIT,
20445839,,"Yamazaki 12yr",,,,unit,1,54,GST,0.0000,GST,0,1,ALCOHOL,SPIRITS,1,0,0,,Whisky,,1,,,Individual,1,UNIT,
20445853,,"Angel's Envy Bourbon",,,,unit,1,17,GST,0.0000,GST,0,1,ALCOHOL,SPIRITS,1,0,0,,Whisky,,1,,,Individual,1,UNIT,
20445851,,"Gospel Rye",,,,unit,1,15,GST,0.0000,GST,0,1,ALCOHOL,SPIRITS,1,0,0,,Whisky,,1,,,Individual,1,UNIT,
20445854,,"Jack Daniels",,,,unit,1,12,GST,0.0000,GST,0,1,ALCOHOL,SPIRITS,1,0,0,,Whisky,,1,,,Individual,1,UNIT,
20445850,,"Jameson Irish Whiskey",,,,unit,1,12,GST,0.0000,GST,0,1,ALCOHOL,SPIRITS,1,0,0,,Whisky,,1,,,Individual,1,UNIT,
20445845,,"Johnnie Walker XR  21yr",,,,unit,1,48,GST,0.0000,GST,0,1,ALCOHOL,SPIRITS,1,0,0,,Whisky,,1,,,Individual,1,UNIT,
20445846,,"Lagavulin 16yr",,,,unit,1,27,GST,0.0000,GST,0,1,ALCOHOL,SPIRITS,1,0,0,,Whisky,,1,,,Individual,1,UNIT,
20445847,,"Laphroaig 10yr",,,,unit,1,18,GST,0.0000,GST,0,1,ALCOHOL,SPIRITS,1,0,0,,Whisky,,1,,,Individual,1,UNIT,
20445848,,"Redbreast 12yr",,,,unit,1,21,GST,0.0000,GST,0,1,ALCOHOL,SPIRITS,1,0,0,,Whisky,,1,,,Individual,1,UNIT,
20445849,,"Teeling Small Batch",,,,unit,1,12,GST,0.0000,GST,0,1,ALCOHOL,SPIRITS,1,0,0,,Whisky,,1,,,Individual,1,UNIT,
20445852,,"Buffalo Trace Bourbon [House]",,,,unit,1,11,GST,0.0000,GST,0,1,ALCOHOL,"STOW FAST,SPIRITS",1,0,0,,Whisky,,1,,,Individual,1,UNIT,
20445857,,"Brix White",,,,unit,1,15,GST,0.0000,GST,0,1,ALCOHOL,SPIRITS,1,0,0,,Rum,,1,,,Individual,1,UNIT,
20445859,,"Clairin Vaval",,,,unit,1,21,GST,0.0000,GST,0,1,ALCOHOL,SPIRITS,1,0,0,,Rum,,1,,,Individual,1,UNIT,
20445862,,"Flor De Caña 12yr",,,,unit,1,16,GST,0.0000,GST,0,1,ALCOHOL,SPIRITS,1,0,0,,Rum,,1,,,,,UNIT,
20445858,,"Flor De Caña 4 Extra Seco",,,,unit,1,14,GST,48.3500,GST,0,1,ALCOHOL,SPIRITS,0,,,,Rum,,1,,,,,UNIT,
20445861,,"Myer's Jamaican Rum",,,,unit,1,15,GST,0.0000,GST,0,1,ALCOHOL,SPIRITS,1,0,0,,Rum,,1,,,Individual,1,UNIT,
20445856,,"Plantation 3 Stars White Rum",,,,unit,1,14,GST,0.0000,GST,0,1,ALCOHOL,SPIRITS,1,0,0,,Rum,,1,,,Individual,1,UNIT,
20445863,,"Ron Zacapa 23yr",,,,unit,1,19,GST,0.0000,GST,0,1,ALCOHOL,SPIRITS,1,0,0,,Rum,,1,,,Individual,1,UNIT,
20445860,,"Appleton Rum [House]",,,,unit,1,11,GST,0.0000,GST,0,1,ALCOHOL,"STOW FAST,SPIRITS",1,0,0,,Rum,,1,,,,,UNIT,
20445855,,"Monkey Shoulder Scotch [House]",,,,unit,1,11,GST,0.0000,GST,0,1,ALCOHOL,"STOW FAST,SPIRITS",1,0,0,,Whisky,,1,,,Individual,1,UNIT,
20445864,,"Sailor Jerry [House]",,,,unit,1,11,GST,0.0000,GST,0,1,ALCOHOL,"STOW FAST,SPIRITS",1,,,,Rum,,1,,,,,UNIT,
20445872,,"Baileys Irish Cream",,,,unit,1,11,GST,0.0000,GST,0,1,ALCOHOL,SPIRITS,1,0,0,,Liqueurs,,1,,,Individual,1,UNIT,
20445869,,"Brookie's Mac. Liqueur",,,,unit,1,13,GST,0.0000,GST,0,1,ALCOHOL,SPIRITS,1,0,0,,Liqueurs,,1,,,Individual,1,UNIT,
20445868,,Cointreau,,,,unit,1,14,GST,0.0000,GST,0,1,ALCOHOL,SPIRITS,1,0,0,,Liqueurs,,1,,,Individual,1,UNIT,
20445871,,"Grand Marnier",,,,unit,1,14,GST,0.0000,GST,0,1,ALCOHOL,SPIRITS,1,0,0,,Liqueurs,,1,,,Individual,1,UNIT,
20445873,,"Kahlúa Coffee Liqueur",,,,unit,1,11,GST,0.0000,GST,0,1,ALCOHOL,SPIRITS,1,0,0,,Liqueurs,,1,,,Individual,1,UNIT,
20445865,,"Kraken Rum",,,,unit,1,14,GST,0.0000,GST,0,1,ALCOHOL,SPIRITS,1,0,0,,Rum,,1,,,Individual,1,UNIT,
20445867,,Limoncello,,,,unit,1,12,GST,0.0000,GST,0,1,ALCOHOL,SPIRITS,1,0,0,,Liqueurs,,1,,,Individual,1,UNIT,
20445870,,"Mr Black Coffee Liqueur",,,,unit,1,12,GST,0.0000,GST,0,1,ALCOHOL,SPIRITS,1,0,0,,Liqueurs,,1,,,Individual,1,UNIT,
20445875,,"St. Germain Elderflower Liqueur",,,,unit,1,12,GST,48.9400,GST,0,1,ALCOHOL,SPIRITS,1,0,0,,Liqueurs,,1,,,Individual,1,UNIT,
20445866,,"Bacardi Blanca [House]",,,,unit,1,11,GST,0.0000,GST,0,1,ALCOHOL,"STOW FAST,SPIRITS",1,0,0,,Rum,,1,,,Individual,1,UNIT,
20445884,,Neat,,,,unit,1,0,GST,0.0000,GST,1,1,,,0,0,0,,Modifiers,,1,,,Individual,1,UNIT,
20445885,,"One Ice Cube",,,,unit,1,0,GST,0.0000,GST,1,1,,,1,0,0,,Modifiers,,1,,,Individual,1,UNIT,
20445886,,"Soda [mixer]",,,,unit,1,0,GST,0.0000,GST,1,1,,,1,0,0,,Modifiers,,1,,,Individual,1,UNIT,
20445878,,"Amaro Montenegro",,,,unit,1,13,GST,0.0000,GST,0,1,ALCOHOL,SPIRITS,1,0,0,,"Amaro / Aperitif / Fortified Wine",,1,,,Individual,1,UNIT,
20445879,,Braulio,,,,unit,1,12,GST,0.0000,GST,0,1,ALCOHOL,SPIRITS,1,0,0,,"Amaro / Aperitif / Fortified Wine",,1,,,Individual,1,UNIT,
20445880,,"Cocchi Americano",,,,unit,1,12,GST,0.0000,GST,0,1,ALCOHOL,SPIRITS,1,0,0,,"Amaro / Aperitif / Fortified Wine",,1,,,Individual,1,UNIT,
20445881,,Cynar,,,,unit,1,11,GST,0.0000,GST,0,1,ALCOHOL,SPIRITS,1,0,0,,"Amaro / Aperitif / Fortified Wine",,1,,,Individual,1,UNIT,
20445887,,"Dolin Blanc Vermouth",,,,unit,1,11,GST,0.0000,GST,0,1,ALCOHOL,SPIRITS,1,0,0,,"Amaro / Aperitif / Fortified Wine",,1,,,Individual,1,UNIT,
20445882,,"Fernet Branca",,,,unit,1,13,GST,0.0000,GST,0,1,ALCOHOL,SPIRITS,1,0,0,,"Amaro / Aperitif / Fortified Wine",,1,,,Individual,1,UNIT,
20445883,,"Oscar.697 Bianco Vermouth",,,,unit,1,12,GST,0.0000,GST,0,1,ALCOHOL,SPIRITS,1,0,0,,"Amaro / Aperitif / Fortified Wine",,1,,,Individual,1,UNIT,
20445896,,"Jug of Water",,,,unit,1,0,GST,0.0000,GST,0,1,BEVERAGE,,1,0,0,,Modifiers,,1,,,Individual,1,UNIT,
20445892,,"Stow Vermouth Blend [Bottle]",,,,ml,990,0,GST,41.3400,GST,0,1,ALCOHOL,,0,1,1,,,,1,,1,Individual,1,UNIT,
20445897,,"San Pellegrino 500ml",,,,unit,1,9,GST,2.3200,GST,0,1,BEVERAGE,NON-ALC,1,1,1,,Non-alcoholic,,1,,1,Crates,24,UNIT,
20445890,,"Antica Formula Rosso Vermouth",,,,unit,1,12,GST,0.0000,GST,0,1,ALCOHOL,SPIRITS,1,0,0,,"Amaro / Aperitif / Fortified Wine",,1,,,Individual,1,UNIT,
20445895,,Aperol,,,,unit,1,9,GST,0.0000,GST,0,1,ALCOHOL,SPIRITS,1,0,0,,"Amaro / Aperitif / Fortified Wine",,1,,,,,UNIT,
20445894,,Campari,,,,unit,1,10,GST,0.0000,GST,0,1,ALCOHOL,SPIRITS,1,,,,"Amaro / Aperitif / Fortified Wine",,1,,,Individual,1,UNIT,
20445889,,"Mancino Sakura Vermouth",,,,unit,1,12,GST,0.0000,GST,0,1,ALCOHOL,SPIRITS,1,0,0,,"Amaro / Aperitif / Fortified Wine",,1,,,Individual,1,UNIT,
20445891,,"Oscar.697 Rosso Vermouth",,,,unit,1,12,GST,0.0000,GST,0,1,ALCOHOL,SPIRITS,1,0,0,,"Amaro / Aperitif / Fortified Wine",,1,,,Individual,1,UNIT,
20445893,,"Regal Rogue Bold Red Vermouth",,,,unit,1,12,GST,0.0000,GST,0,1,ALCOHOL,SPIRITS,1,0,0,,"Amaro / Aperitif / Fortified Wine",,1,,,Individual,1,UNIT,
20445888,,"Regal Rogue Wild Rosé Vermouth",,,,unit,1,12,GST,0.0000,GST,0,1,ALCOHOL,SPIRITS,1,0,0,,"Amaro / Aperitif / Fortified Wine",,1,,,Individual,1,UNIT,
20445908,,"Fresh Lime Soda",,,,unit,1,3.5,GST,0.0000,GST,0,1,BEVERAGE,NON-ALC,1,0,0,,Non-alcoholic,,1,,,Individual,1,UNIT,
20445910,,"Pepsi Glass",,,,unit,1,4.5,GST,0.0000,GST,0,1,BEVERAGE,NON-ALC,1,0,0,,Non-alcoholic,,1,,,Individual,1,UNIT,
20445899,,"Seadrift Coast Non-alc G&T",,,,unit,1,13,GST,0.0000,GST,0,1,BEVERAGE,NON-ALC,1,0,0,,Mocktails,,1,,,Individual,1,UNIT,
20445904,,"Stow Soda - Grapefruit",,,,unit,1,9,GST,0.0000,GST,0,1,BEVERAGE,NON-ALC,1,0,0,,Non-alcoholic,,1,,,Individual,1,UNIT,
20445903,,"Stow Soda - Passionfruit",,,,unit,1,9,GST,0.0000,GST,0,1,BEVERAGE,NON-ALC,1,0,0,,Non-alcoholic,,1,,,Individual,1,UNIT,
20445900,,"Stow's Irish Coffee",,,,unit,1,15,GST,0.0000,GST,0,1,"BEVERAGE,GLUTEN_FREE,VEGAN",NON-ALC,1,0,0,,Mocktails,,1,,,Individual,1,UNIT,
20445907,,"Sunkissed Spritz",,,,unit,1,16,GST,0.0000,GST,0,1,BEVERAGE,NON-ALC,1,0,0,,Mocktails,,1,,,Individual,1,UNIT,
20445906,,"Trade Winds",,,,unit,1,14,GST,0.0000,GST,0,1,BEVERAGE,NON-ALC,1,0,0,,Mocktails,,1,,,Individual,1,UNIT,
20445902,,"Vinada Sparkling Rose",,,,unit,1,12,GST,0.0000,GST,0,1,"BEVERAGE,VEGAN",NON-ALC,1,0,0,,Non-alcoholic,,1,,,Individual,1,UNIT,
20445905,,"Virgin Margy",,,,unit,1,13,GST,0.0000,GST,0,1,BEVERAGE,NON-ALC,1,0,0,,Mocktails,,1,,,Individual,1,UNIT,
20445919,,"Apple Juice Glass",,,,unit,1,5,GST,0.0000,GST,0,1,BEVERAGE,NON-ALC,1,0,0,,Non-alcoholic,,1,,,Individual,1,UNIT,
20445917,,"Bundaberg Ginger Beer",,,,unit,1,5,GST,0.0000,GST,0,1,BEVERAGE,NON-ALC,1,0,0,,Non-alcoholic,,1,,,Individual,1,UNIT,
20445913,,"Ginger Ale",,,,unit,1,4,GST,0.0000,GST,0,1,BEVERAGE,NON-ALC,1,0,0,,Non-alcoholic,,1,,,Individual,1,UNIT,
20445916,,"Lemon, Lime & Bitters",,,,unit,1,5,GST,0.0000,GST,0,1,BEVERAGE,NON-ALC,1,,,,Non-alcoholic,,1,,1,Individual,1,UNIT,
20445914,,"Lemonade Glass",,,,unit,1,4.5,GST,0.0000,GST,0,1,BEVERAGE,NON-ALC,1,0,0,,Non-alcoholic,,1,,,Individual,1,UNIT,
20445920,,"Orange Juice Glass",,,,unit,1,5,GST,0.0000,GST,0,1,BEVERAGE,NON-ALC,1,0,0,,Non-alcoholic,,1,,,Individual,1,UNIT,
20445911,,"Pepsi Max Glass",,,,unit,1,4.5,GST,0.0000,GST,0,1,BEVERAGE,NON-ALC,1,0,0,,Non-alcoholic,,1,,,Individual,1,UNIT,
20445918,,"Pineapple Juice Glass",,,,unit,1,5,GST,0.0000,GST,0,1,BEVERAGE,NON-ALC,1,0,0,,Non-alcoholic,,1,,,Individual,1,UNIT,
20445915,,"Pink Lemonade Glass",,,,unit,1,4.5,GST,0.0000,GST,0,1,BEVERAGE,NON-ALC,1,,,,Non-alcoholic,,1,,,,,UNIT,
20445912,,"Tonic Glass",,,,unit,1,4,GST,0.0000,GST,0,1,BEVERAGE,NON-ALC,1,0,0,,Non-alcoholic,,1,,,Individual,1,UNIT,
20459445,,"4 Pines Kolsch 6-pack D",,,,unit,1,29,GST,0.0000,GST,0,1,,"MARILYNA'S DRINKS",1,0,0,,"Delivery Alcohol",,1,,,,,UNIT,
20459447,,"4 Pines Kolsch Bottle D",,,,unit,1,6,GST,2.6500,GST,0,1,,"MARILYNA'S DRINKS",1,0,0,,"Delivery Alcohol",,1,,1,Crates,24,UNIT,
20459450,,"Asahi 3.5% 6-pack D",,,,unit,1,29,GST,0.0000,GST,0,1,,"MARILYNA'S DRINKS",1,0,0,,"Delivery Alcohol",,1,,,Individual,1,UNIT,
20459451,,"Asahi 3.5% D",,,,unit,1,6.5,GST,0.0000,GST,0,1,,"MARILYNA'S DRINKS",1,0,0,,"Delivery Alcohol",,1,,,Individual,1,UNIT,
20459453,,"Better Beer 6-pack D",,,,unit,1,24,GST,0.0000,GST,0,1,,"MARILYNA'S DRINKS",1,0,0,,"Delivery Alcohol",,1,,,Individual,1,UNIT,
20459454,,"Better Beer D",,,,unit,1,6,GST,0.0000,GST,0,1,,"MARILYNA'S DRINKS",1,0,0,,"Delivery Alcohol",,1,,,Individual,1,UNIT,
20459455,,"Big Sur IPA 4-pack D",,,,unit,1,25,GST,0.0000,GST,0,1,,"MARILYNA'S DRINKS",1,0,0,,"Delivery Alcohol",,1,,,Individual,1,UNIT,
20459456,,"Big Sur IPA D (old)",,,,unit,1,8,GST,0.0000,GST,0,1,,"MARILYNA'S DRINKS",1,0,0,,"Delivery Alcohol",,1,,,Individual,1,UNIT,
20459457,,"Boags Light 6-pack D",,,,unit,1,26,GST,0.0000,GST,0,1,,"MARILYNA'S DRINKS",1,0,0,,"Delivery Alcohol",,1,,,Individual,1,UNIT,
20445921,,"Cranberry Juice Glass",,,,unit,1,5,GST,0.0000,GST,0,1,BEVERAGE,NON-ALC,1,0,0,,Non-alcoholic,,1,,,Individual,1,UNIT,
20459458,,"Boags Light D",,,,unit,1,6,GST,0.0000,GST,0,1,,"MARILYNA'S DRINKS",1,0,0,,"Delivery Alcohol",,1,,,Individual,1,UNIT,
20459463,,"Btl A. Rodda Tempranillo D",,,,unit,1,36,GST,0.0000,GST,0,1,,"MARILYNA'S DRINKS",1,0,0,,"Delivery Alcohol",,1,,,Individual,1,UNIT,
20459475,,"Btl Anaparenna Shiraz Cab D",,,,unit,1,65,GST,0.0000,GST,0,1,,"MARILYNA'S DRINKS",1,,,,"Delivery Alcohol",,1,,,,,UNIT,
20459466,,"Btl Cri De Coeur PN D",,,,unit,1,74,GST,0.0000,GST,0,1,,"MARILYNA'S DRINKS",1,0,0,,"Delivery Alcohol",,1,,,Individual,1,UNIT,
20459467,,"Btl Das Juice Pink Petnat D",,,,unit,1,31,GST,0.0000,GST,0,1,,"MARILYNA'S DRINKS",1,0,0,,"Delivery Alcohol",,1,,,Individual,1,UNIT,
20459469,,"Btl Disco Volante D",,,,unit,1,34,GST,0.0000,GST,0,1,,"MARILYNA'S DRINKS",1,0,0,,"Delivery Alcohol",,1,,,Individual,1,UNIT,
20459470,,"Btl Dormilona Chenin Blanc D",,,,unit,1,41,GST,0.0000,GST,0,1,,"MARILYNA'S DRINKS",1,0,0,,"Delivery Alcohol",,1,,,,,UNIT,
20459476,,"Btl Gueguen Chablis D",,,,unit,1,64,GST,0.0000,GST,0,1,,"MARILYNA'S DRINKS",1,0,0,,"Delivery Alcohol",,1,,,Individual,1,UNIT,
20459471,,"Btl Ottelia Cab Sav D",,,,unit,1,35,GST,0.0000,GST,0,1,,"MARILYNA'S DRINKS",1,0,0,,"Delivery Alcohol",,1,,,Individual,1,UNIT,
20459478,,"Btl Padrillos Malbec D",,,,unit,1,36,GST,0.0000,GST,0,1,,"MARILYNA'S DRINKS",1,0,0,,"Delivery Alcohol",,1,,,Individual,1,UNIT,
20459494,,"Btl A. Rodda Chard D",,,,unit,1,54,GST,0.0000,GST,0,1,,"MARILYNA'S DRINKS",1,0,0,,"Delivery Alcohol",,1,,,Individual,1,UNIT,
20459482,,"Btl Ottelia Chardonnay D",,,,unit,1,29,GST,0.0000,GST,0,1,,"MARILYNA'S DRINKS",1,0,0,,"Delivery Alcohol",,1,,,Individual,1,UNIT,
20459484,,"Btl Ravensworth Skins Gris D",,,,unit,1,36,GST,0.0000,GST,0,1,,"MARILYNA'S DRINKS",1,0,0,,"Delivery Alcohol",,1,,,Individual,1,UNIT,
20459486,,"Btl Scout Pinot Gris D",,,,unit,1,36,GST,0.0000,GST,0,1,,"MARILYNA'S DRINKS",1,0,0,,"Delivery Alcohol",,1,,,Individual,1,UNIT,
20459487,,"Btl Sigurd Red Blend D",,,,unit,1,39,GST,0.0000,GST,0,1,,"MARILYNA'S DRINKS",1,0,0,,"Delivery Alcohol",,1,,,Individual,1,UNIT,
20459488,,"Btl Sigurd White Blend D",,,,unit,1,33,GST,0.0000,GST,0,1,,"MARILYNA'S DRINKS",1,0,0,,"Delivery Alcohol",,1,,,Individual,1,UNIT,
20459489,,"Btl Version 2 Pinot Grigio D",,,,unit,1,25,GST,0.0000,GST,0,1,,"MARILYNA'S DRINKS",1,0,0,,"Delivery Alcohol",,1,,,Individual,1,UNIT,
20459490,,"Btl Version 2 Sparkling D",,,,unit,1,25,GST,0.0000,GST,0,1,,"MARILYNA'S DRINKS",1,0,0,,"Delivery Alcohol",,1,,,Individual,1,UNIT,
20459491,,"Btl Veuve Clicquot D",,,,unit,1,95,GST,0.0000,GST,0,1,,"MARILYNA'S DRINKS",1,0,0,,"Delivery Alcohol",,1,,,Individual,1,UNIT,
20459493,,"Btl Villa Fresco Sangiovese D",,,,unit,1,25,GST,0.0000,GST,0,1,,"MARILYNA'S DRINKS",1,0,0,,"Delivery Alcohol",,1,,,Individual,1,UNIT,
20459495,,"Btl Year Zagara Orange D",,,,unit,1,29,GST,0.0000,GST,0,1,,"MARILYNA'S DRINKS",1,0,0,,"Delivery Alcohol",,1,,,Individual,1,UNIT,
20459498,,"Coco Marg PartyJar (6)",,,,unit,1,55,GST,0.0000,GST,0,1,,"MARILYNA'S DRINKS",1,0,0,,"Delivery Cocktails",,1,,,Individual,1,UNIT,
20459500,,"Corona 6-pack D",,,,unit,1,25,GST,0.0000,GST,0,1,,"MARILYNA'S DRINKS",1,0,0,,"Delivery Alcohol",,1,,,Individual,1,UNIT,
20459502,,"Corona D",,,,unit,1,6,GST,0.0000,GST,0,1,,"MARILYNA'S DRINKS",1,0,0,,"Delivery Alcohol",,1,,,Individual,1,UNIT,
20459504,,"Grifter Pale Ale 4-pack D",,,,unit,1,20,GST,0.0000,GST,0,1,,"MARILYNA'S DRINKS",1,0,0,,"Delivery Alcohol",,1,,,Individual,1,UNIT,
20459505,,"Grifter Pale Ale Cans D",,,,unit,1,7,GST,2.7400,GST,0,1,,"MARILYNA'S DRINKS",1,1,1,,"Delivery Alcohol",,1,,1,Crates,24,UNIT,
20459506,,"Heaps Normal 4-pack D",,,,unit,1,20,GST,0.0000,GST,0,1,,"MARILYNA'S DRINKS",1,0,0,,"Delivery Alcohol",,1,,,Individual,1,UNIT,
20459507,,"Heaps Normal XPA D",,,,unit,1,7,GST,0.0000,GST,0,1,,"MARILYNA'S DRINKS",1,0,0,,"Delivery Alcohol",,1,,,Individual,1,UNIT,
20459515,,"Monteiths Cider 4-pack",,,,unit,1,20,GST,0.0000,GST,0,1,,"MARILYNA'S DRINKS",1,0,0,,"Delivery Alcohol",,1,,,Individual,1,UNIT,
20459516,,"Monteiths Cider D",,,,unit,1,6,GST,0.0000,GST,0,1,,"MARILYNA'S DRINKS",1,0,0,,"Delivery Alcohol",,1,,,Individual,1,UNIT,
20459529,,"Grifter Serpents Kiss 4-pack D",,,,unit,1,20,GST,0.0000,GST,0,1,,"MARILYNA'S DRINKS",1,0,0,,"Delivery Alcohol",,1,,,Individual,1,UNIT,
20459530,,"Grifter Serpents Kiss Can D",,,,unit,1,8,GST,0.0000,GST,0,1,,"MARILYNA'S DRINKS",1,0,0,,"Delivery Alcohol",,1,,,,,UNIT,
20459519,,"Mulled Wine PartyJar (4)",,,,unit,1,40,GST,0.0000,GST,0,1,,"MARILYNA'S DRINKS",1,0,0,,"Delivery Cocktails",,1,,,Individual,1,UNIT,
20459520,,"Omen Stout 4-pack",,,,unit,1,25,GST,0.0000,GST,0,1,,"MARILYNA'S DRINKS",1,0,0,,"Delivery Alcohol",,1,,,Individual,1,UNIT,
20459521,,"Omen Stout Can D",,,,unit,1,7,GST,0.0000,GST,0,1,,"MARILYNA'S DRINKS",1,0,0,,"Delivery Alcohol",,1,,,Individual,1,UNIT,
20459523,,"Peroni 6-pack D",,,,unit,1,25,GST,0.0000,GST,0,1,,"MARILYNA'S DRINKS",1,0,0,,"Delivery Alcohol",,1,,,Individual,1,UNIT,
20459524,,"Peroni D",,,,unit,1,6,GST,0.0000,GST,0,1,,"MARILYNA'S DRINKS",1,0,0,,"Delivery Alcohol",,1,,,,,UNIT,
20459525,,"Pink Galah 4-pack D",,,,unit,1,25,GST,0.0000,GST,0,1,,"MARILYNA'S DRINKS",1,0,0,,"Delivery Alcohol",,1,,,Individual,1,UNIT,
20459526,,"Pink Galah Can D",,,,unit,1,8,GST,0.0000,GST,0,1,,"MARILYNA'S DRINKS",1,,,,"Delivery Alcohol",,1,,,Individual,1,UNIT,
20459531,,"Status Quo 4-pack D",,,,unit,1,23,GST,0.0000,GST,0,1,,"MARILYNA'S DRINKS",1,0,0,,"Delivery Alcohol",,1,,,Individual,1,UNIT,
20459552,,"Coke 1.25L",,,,unit,1,6,GST,3.6900,GST,0,1,,"MARILYNA'S DRINKS",1,1,1,,"Marilyna's Soft Drinks",,1,,1,Boxes,12,UNIT,
20459553,,"Coke Zero 1.25L",,,,unit,1,6,GST,3.0900,GST,0,1,,"MARILYNA'S DRINKS",1,1,1,,"Marilyna's Soft Drinks",,1,,1,Boxes,12,UNIT,
20459545,,"Jala Margy PartyJar (6)",,,,unit,1,55,GST,0.0000,GST,0,1,,"MARILYNA'S DRINKS",1,0,0,,"Delivery Cocktails",,1,,,Individual,1,UNIT,
20459548,,"Margarita PartyJar (6)",,,,unit,1,50,GST,0.0000,GST,0,1,,"MARILYNA'S DRINKS",1,0,0,,"Delivery Cocktails",,1,,,Individual,1,UNIT,
20459532,,"Status Quo Can D",,,,unit,1,7,GST,3.6900,GST,0,1,,"MARILYNA'S DRINKS",1,0,0,,"Delivery Alcohol",,1,,1,Boxes,16,UNIT,
20459534,,"Two Bays GF Pale Can D",,,,unit,1,14,GST,0.0000,GST,0,1,,"MARILYNA'S DRINKS",1,0,0,,"Delivery Alcohol",,1,,,Individual,1,UNIT,
20459535,,"VB 6-pack D",,,,unit,1,23,GST,0.0000,GST,0,1,,"MARILYNA'S DRINKS",1,0,0,,"Delivery Alcohol",,1,,,Individual,1,UNIT,
20459536,,"VB Can D",,,,unit,1,6,GST,0.0000,GST,0,1,,"MARILYNA'S DRINKS",1,0,0,,"Delivery Alcohol",,1,,,Individual,1,UNIT,
20459538,,"Young Henrys Cider 6-pack D",,,,unit,1,30,GST,0.0000,GST,0,1,,"MARILYNA'S DRINKS",1,0,0,,"Delivery Alcohol",,1,,,Individual,1,UNIT,
20459539,,"Young Henrys Cider Can D",,,,unit,1,6,GST,0.0000,GST,0,1,,"MARILYNA'S DRINKS",1,0,0,,"Delivery Alcohol",,1,,,Individual,1,UNIT,
20459705,,"$40 Shindigg",,,,unit,1,40,GST,0.0000,GST,0,1,,"FUNCTIONS & MISC.",1,0,0,,"Functions & Misc.",,1,,,,,UNIT,
20459558,,"Btl Fever-Tree Light Tonic D",,,,unit,1,7,GST,0.0000,GST,0,1,,"MARILYNA'S DRINKS",1,0,0,,"Delivery Alcohol",,1,,,Individual,1,UNIT,
20459559,,"Btl Fever-Tree Mediterannean Tonic D",,,,unit,1,7,GST,0.0000,GST,0,1,,"MARILYNA'S DRINKS",1,0,0,,"Delivery Alcohol",,1,,,Individual,1,UNIT,
20459560,,"Coke Can",,,,unit,1,4,GST,1.8900,GST,0,1,,"MARILYNA'S DRINKS",1,1,1,,"Marilyna's Soft Drinks",,1,,1,Crates,24,UNIT,
20459561,,"Coke Zero Can",,,,unit,1,4,GST,1.8900,GST,0,1,,"MARILYNA'S DRINKS",1,1,1,,"Marilyna's Soft Drinks",,1,,1,Crates,24,UNIT,
20459563,,"San Pellegrino 500ml D",,,,unit,1,6,GST,0.0000,GST,0,1,,"MARILYNA'S DRINKS",1,0,0,,"Marilyna's Soft Drinks",,1,,,Individual,1,UNIT,
20459554,,"Solo 1.25L",,,,unit,1,6,GST,2.0300,GST,0,1,,"MARILYNA'S DRINKS",1,1,1,,"Marilyna's Soft Drinks",,1,,1,Crates,12,UNIT,
20459555,,"Sprite 1.25L",,,,unit,1,6,GST,4.2654,GST,0,1,,"MARILYNA'S DRINKS",1,0,0,,"Marilyna's Soft Drinks",,1,,1,Boxes,12,UNIT,
20459564,,"Sprite Can",,,,unit,1,4,GST,1.4700,GST,0,1,,"MARILYNA'S DRINKS",1,1,1,,"Marilyna's Soft Drinks",,1,,1,Crates,24,UNIT,
20459557,,"Sunkist 1.25L",,,,unit,1,6,GST,3.7700,GST,0,1,,"MARILYNA'S DRINKS",1,1,1,,"Marilyna's Soft Drinks",,1,,1,Boxes,12,UNIT,
20461251,,"Double Shot - House",,,,unit,1,8,GST,0.0000,GST,1,1,,,1,0,0,,"Add-ons - Bar",,1,,,Individual,1,UNIT,
20461254,,"Double Shot - Premium",,,,unit,1,15,GST,0.0000,GST,1,1,,,1,0,0,,"Add-ons - Bar",,1,,,Individual,1,UNIT,
20460356,,"Extra Lime",,,,unit,1,0,GST,0.0000,GST,1,1,,,1,0,0,,Modifiers,,1,,,Individual,1,UNIT,
20464317,,"Hill People Oat Cream - Pint",,,,unit,1,19.5,GST,0.0000,GST,0,1,ALCOHOL,,1,0,0,,"Tap Beer",,1,,,,,UNIT,
20464316,,"Hill People Oat Cream - Schooner",,,,unit,1,14,GST,0.0000,GST,0,1,ALCOHOL,,1,,,,"Tap Beer",,1,,,,,UNIT,
20460355,,"On The Rocks",,,,unit,1,0,GST,0.0000,GST,1,1,,,1,0,0,,Modifiers,,1,,,Individual,1,UNIT,
20460235,,"Soda & Lime [mixer]",,,,unit,1,0,GST,0.0000,GST,1,1,,,1,0,0,,Modifiers,,1,,,Individual,1,UNIT,
20464326,,"Fresh is Best Lager - Pint",,,,unit,1,12.5,GST,0.0000,GST,0,1,ALCOHOL,"BEERS,STOW FAST",1,0,0,,"Tap Beer",,1,,,Individual,1,UNIT,
20464323,,"Fresh is Best Lager - Schooner",,,,unit,1,9.5,GST,0.0000,GST,0,1,ALCOHOL,"BEERS,STOW FAST",1,0,0,,"Tap Beer",,1,,,Individual,1,UNIT,
20459708,,"$80 Razzle Dazzle",,,,unit,1,80,GST,0.0000,GST,0,1,,"FUNCTIONS & MISC.",1,0,0,,"Functions & Misc.",,1,,,,,UNIT,
20464342,,"Big Sur IPA - Pint",,,,unit,1,19.5,GST,0.0000,GST,0,1,ALCOHOL,,1,0,0,,"Tap Beer",,1,,,,,UNIT,
20464341,,"Big Sur IPA - Schooner",,,,unit,1,14,GST,0.0000,GST,0,1,ALCOHOL,,1,0,0,,"Tap Beer",,1,,,,,UNIT,
20464334,,"Fresh is Best Summer Lager - Pint",,,,unit,1,12,GST,0.0000,GST,0,1,ALCOHOL,"BEERS,STOW FAST",1,0,0,,"Tap Beer",,1,,,Individual,1,UNIT,
20464333,,"Fresh is Best Summer Lager - Schooner",,,,unit,1,8.5,GST,0.0000,GST,0,1,ALCOHOL,"BEERS,STOW FAST",1,0,0,,"Tap Beer",,1,,,Individual,1,UNIT,
20464401,,"Grifter Pale - Pint",,,,unit,1,15,GST,0.0000,GST,0,1,ALCOHOL,"BEERS,STOW FAST",1,0,0,,"Tap Beer",,1,,,,,UNIT,
20464397,,"Grifter Pale - Schooner",,,,unit,1,11.5,GST,0.0000,GST,0,1,ALCOHOL,"BEERS,STOW FAST",1,0,0,,"Tap Beer",,1,,,,,UNIT,
20464409,,"Philter XPA - Pint",,,,unit,1,15,GST,0.0000,GST,0,1,ALCOHOL,"BEERS,STOW FAST",1,0,0,,"Tap Beer",,1,,,,,UNIT,
20464408,,"Philter XPA - Schooner",,,,unit,1,11.5,GST,0.0000,GST,0,1,ALCOHOL,"BEERS,STOW FAST",1,0,0,,"Tap Beer",,1,,,,,UNIT,
20464404,,"Status Quo - Pint",,,,unit,1,17.5,GST,0.0000,GST,0,1,ALCOHOL,"BEERS,STOW FAST",1,0,0,,"Tap Beer",,1,,,,,UNIT,
20464403,,"Status Quo - Schooner",,,,unit,1,13.5,GST,0.0000,GST,0,1,ALCOHOL,"BEERS,STOW FAST",1,0,0,,"Tap Beer",,1,,,,,UNIT,
20464613,,"Dazma Vermentino - Bottle",,,,unit,1,60,GST,0.0000,GST,0,1,ALCOHOL,,1,0,0,,"White Wine",,1,,,,,UNIT,
20464615,,"Dazma Vermentino - Large",,,,unit,1,15,GST,0.0000,GST,0,1,ALCOHOL,,1,0,0,,"White Wine",,1,,,,,UNIT,
20464417,,"Stone & Wood - Pint",,,,unit,1,17,GST,0.0000,GST,0,1,ALCOHOL,"BEERS,STOW FAST",1,0,0,,"Tap Beer",,1,,,,,UNIT,
20464414,,"Stone & Wood - Schooner",,,,unit,1,13,GST,0.0000,GST,0,1,ALCOHOL,"BEERS,STOW FAST",1,0,0,,"Tap Beer",,1,,,,,UNIT,
20464486,,"Das Juice Pink Pet Nat - Bottle",,,,ml,750,63,GST,16.5000,GST,0,1,ALCOHOL,"STOW FAST,WINE",1,1,1,,"Pet Nat Wine",,1,,1,Crates,12,UNIT,
20464608,,"Das Juice Pink Pet Nat - Large",,,,unit,1,25,GST,0.0000,GST,0,1,ALCOHOL,"STOW FAST,WINE",1,0,0,,"Pet Nat Wine",,1,,,,,UNIT,
20464609,,"Das Juice Pink Pet Nat - Regular",,,,unit,1,16,GST,0.0000,GST,0,1,ALCOHOL,"STOW FAST,WINE",1,0,0,,"Pet Nat Wine",,1,,,,,UNIT,
20464467,,"A. Rodda Tempranillo - Bottle",,,,ml,750,72,GST,27.8600,GST,0,1,ALCOHOL,WINE,1,1,1,,"Red Wine",,1,,1,Crates,12,BOTTLE,
20464470,,"A. Rodda Tempranillo - Large",,,,unit,1,28,GST,0.0000,GST,0,1,ALCOHOL,WINE,1,0,0,,"Red Wine",,1,,,,,UNIT,
20464473,,"A. Rodda Tempranillo - Regular",,,,unit,1,18,GST,0.0000,GST,0,1,ALCOHOL,WINE,1,0,0,,"Red Wine",,1,,,,,UNIT,
20464617,,"Dazma Vermentino - Regular",,,,unit,1,13,GST,0.0000,GST,0,1,ALCOHOL,,1,0,0,,"White Wine",,1,,,,,UNIT,
20464635,,"Trutta Streamside Shiraz [Chilled] - Bottle",,,,ml,750,68,GST,18.7000,GST,0,1,"ALCOHOL,VEGETARIAN","STOW FAST,WINE",1,1,1,,"Red Wine",,1,,1,Crates,12,UNIT,
20464638,,"Trutta Streamside Shiraz [Chilled] - Regular",,,,unit,1,18,GST,0.0000,GST,0,1,"ALCOHOL,VEGETARIAN","STOW FAST,WINE",1,0,0,,"Red Wine",,1,,,,,UNIT,
20464636,,"Trutta Streamside Shiraz [Chilled]- Large",,,,unit,1,27,GST,0.0000,GST,0,1,"ALCOHOL,VEGETARIAN","STOW FAST,WINE",1,0,0,,"Red Wine",,1,,,,,UNIT,
20464639,,"Domaine Gueguen Chablis - Bottle",,,,ml,750,120,GST,44.7320,GST,0,1,ALCOHOL,WINE,1,1,1,,"White Wine",,1,,1,Individual,1,BOTTLE,
20464640,,"Domaine Gueguen Chablis - Large",,,,unit,1,44,GST,0.0000,GST,0,1,ALCOHOL,WINE,1,0,0,,"White Wine",,1,,,,,UNIT,
20464641,,"Domaine Gueguen Chablis - Regular",,,,unit,1,28,GST,0.0000,GST,0,1,ALCOHOL,WINE,1,0,0,,"White Wine",,1,,,,,UNIT,
20464644,,"Dormilona Chenin Blanc - Bottle",,,,ml,750,81,GST,20.3500,GST,0,1,"ALCOHOL,VEGETARIAN",WINE,1,1,1,,"White Wine",,1,,1,Individual,1,UNIT,
20464645,,"Dormilona Chenin Blanc - Large",,,,unit,1,32,GST,0.0000,GST,0,1,"ALCOHOL,VEGETARIAN",WINE,1,0,0,,"White Wine",,1,,,,,UNIT,
20464646,,"Dormilona Chenin Blanc - Regular",,,,unit,1,21,GST,0.0000,GST,0,1,"ALCOHOL,VEGETARIAN",WINE,1,0,0,,"White Wine",,1,,,,,UNIT,
20464670,,"Kuku Sauvignon Blanc - Bottle",,,,ml,750,58,GST,14.5742,GST,0,1,ALCOHOL,"STOW FAST,WINE",1,1,1,,"White Wine",,1,,1,Crates,12,UNIT,
20464651,,"Ottelia Cab Sav - Bottle",,,,ml,750,70,GST,24.2000,GST,0,1,ALCOHOL,"STOW FAST,WINE",1,1,1,,"Red Wine",,1,,1,Boxes,12,BOTTLE,
20464653,,"Ottelia Cab Sav - Large",,,,unit,1,27,GST,0.0000,GST,0,1,ALCOHOL,"STOW FAST,WINE",1,0,0,,"Red Wine",,1,,,,,UNIT,
20464654,,"Ottelia Cab Sav - Regular",,,,unit,1,17,GST,0.0000,GST,0,1,ALCOHOL,"STOW FAST,WINE",1,0,0,,"Red Wine",,1,,,,,UNIT,
20464662,,"Padrillos Malbec - Bottle",,,,ml,750,72,GST,19.3325,GST,0,1,ALCOHOL,"STOW FAST,WINE",1,1,1,,"Red Wine",,1,,1,Crates,12,UNIT,
20464663,,"Padrillos Malbec - Large",,,,unit,1,27,GST,0.0000,GST,0,1,ALCOHOL,"STOW FAST,WINE",1,0,0,,"Red Wine",,1,,,,,UNIT,
20464665,,"Padrillos Malbec - Regular",,,,unit,1,18,GST,0.0000,GST,0,1,ALCOHOL,"STOW FAST,WINE",1,0,0,,"Red Wine",,1,,,,,UNIT,
20464656,,"Glaetzer Anaperenna Shiraz Cab - Bottle",,,,ml,750,106,GST,37.5000,GST,0,1,ALCOHOL,WINE,1,1,1,,"Red Wine",,1,,1,Boxes,6,UNIT,
20464657,,"Glaetzer Anaperenna Shiraz Cab - Large",,,,unit,1,39,GST,0.0000,GST,0,1,ALCOHOL,WINE,1,0,0,,"Red Wine",,1,,,,,UNIT,
20464658,,"Glaetzer Anaperenna Shiraz Cab - Regular",,,,unit,1,28,GST,0.0000,GST,0,1,ALCOHOL,WINE,1,0,0,,"Red Wine",,1,,,,,UNIT,
20464672,,"Kuku Sauvignon Blanc - Large",,,,unit,1,23,GST,0.0000,GST,0,1,ALCOHOL,"STOW FAST,WINE",1,0,0,,"White Wine",,1,,,,,UNIT,
20464673,,"Kuku Sauvignon Blanc - Regular",,,,unit,1,14,GST,0.0000,GST,0,1,ALCOHOL,"STOW FAST,WINE",1,0,0,,"White Wine",,1,,,,,UNIT,
20464685,,"Mother's Milk Shiraz - Bottle",,,,ml,750,64,GST,16.0817,GST,0,1,ALCOHOL,"STOW FAST,WINE",1,1,1,,"Red Wine",,1,,1,Crates,12,UNIT,
20464687,,"Mother's Milk Shiraz - Large",,,,unit,1,25,GST,0.0000,GST,0,1,ALCOHOL,"STOW FAST,WINE",1,0,0,,"Red Wine",,1,,,,,UNIT,
20464689,,"Mother's Milk Shiraz - Regular",,,,ml,750,15,GST,0.0000,GST,0,1,ALCOHOL,"STOW FAST,WINE",1,0,0,,"Red Wine",,1,,,,,UNIT,
20464694,,"Ottelia Chardonnay - Bottle",,,,ml,750,61,GST,17.2900,GST,0,1,ALCOHOL,"STOW FAST,WINE",1,1,1,,"White Wine",,1,,1,Crates,12,UNIT,
20464695,,"Ottelia Chardonnay - Large",,,,unit,1,25,GST,0.0000,GST,0,1,ALCOHOL,"STOW FAST,WINE",1,0,0,,"White Wine",,1,,,,,UNIT,
20464696,,"Ottelia Chardonnay - Regular",,,,unit,1,16,GST,0.0000,GST,0,1,ALCOHOL,"STOW FAST,WINE",1,0,0,,"White Wine",,1,,,,,UNIT,
20464707,,"Two Tonne Riesling - Bottle",,,,ml,750,77,GST,17.5800,GST,0,1,ALCOHOL,"STOW FAST,WINE",1,1,1,,"White Wine",,1,,1,Crates,12,UNIT,
20464710,,"Two Tonne Riesling - Large",,,,unit,1,29,GST,0.0000,GST,0,1,ALCOHOL,"STOW FAST,WINE",1,0,0,,"White Wine",,1,,,,,UNIT,
20466090,,"Scout Pinot Gris - Bottle",,,,ml,750,73,GST,19.8000,GST,0,1,ALCOHOL,"STOW FAST,WINE",1,1,1,,"White Wine",,1,,1,Individual,1,UNIT,
20466091,,"Scout Pinot Gris - Large",,,,unit,1,28,GST,0.0000,GST,0,1,ALCOHOL,"STOW FAST,WINE",1,0,0,,"White Wine",,1,,,,,UNIT,
20466092,,"Scout Pinot Gris - Regular",,,,unit,1,19,GST,0.0000,GST,0,1,ALCOHOL,"STOW FAST,WINE",1,0,0,,"White Wine",,1,,,,,UNIT,
20464711,,"Two Tonne Riesling - Regular",,,,unit,1,20,GST,0.0000,GST,0,1,ALCOHOL,"STOW FAST,WINE",1,0,0,,"White Wine",,1,,,,,UNIT,
20466083,,"Ravensworth Skins Gris - Bottle",,,,ml,750,73,GST,18.3600,GST,0,1,ALCOHOL,WINE,0,1,1,,"Orange / Skins Wine",,1,,1,Individual,1,UNIT,
20466084,,"Ravensworth Skins Gris - Large",,,,unit,1,28,GST,0.0000,GST,0,1,ALCOHOL,WINE,1,0,0,,"Orange / Skins Wine",,1,,,,,UNIT,
20466086,,"Ravensworth Skins Gris - Regular",,,,unit,1,19,GST,0.0000,GST,0,1,ALCOHOL,WINE,1,0,0,,"Orange / Skins Wine",,1,,,,,UNIT,
20466095,,"Sigurd White Blend - Bottle",,,,ml,750,77,GST,16.2800,GST,0,1,"ALCOHOL,VEGETARIAN",WINE,1,1,1,,"Orange / Skins Wine",,1,,1,Individual,1,UNIT,
20466096,,"Sigurd White Blend - Large",,,,unit,1,29,GST,0.0000,GST,0,1,"ALCOHOL,VEGETARIAN",WINE,1,0,0,,"Orange / Skins Wine",,1,,,,,UNIT,
20466097,,"Sigurd White Blend - Regular",,,,unit,1,20,GST,0.0000,GST,0,1,"ALCOHOL,VEGETARIAN",WINE,1,0,0,,"Orange / Skins Wine",,1,,,,,UNIT,
20466107,,"Petits Detours Rosé - Large",,,,unit,1,25,GST,0.0000,GST,0,1,ALCOHOL,"STOW FAST,WINE",1,0,0,,"Rose Wine",,1,,,,,UNIT,
20466108,,"Petits Detours Rosé - Regular",,,,unit,1,16,GST,0.0000,GST,0,1,ALCOHOL,"STOW FAST,WINE",1,0,0,,"Rose Wine",,1,,,,,UNIT,
20466106,,"Petits Detours Rosé Mediterranee - Bottle",,,,ml,700,64,GST,16.4958,GST,0,1,ALCOHOL,"STOW FAST,WINE",1,1,1,,"Rose Wine",,1,,1,Crates,12,UNIT,
20466112,,"Trentham Estate Rosé - Bottle",,,,ml,750,49,GST,10.5500,GST,0,1,ALCOHOL,"STOW FAST,WINE",1,1,1,,"Rose Wine",,1,,1,Crates,12,UNIT,
20466114,,"Trentham Estate Rosé - Large",,,,unit,1,19,GST,0.0000,GST,0,1,ALCOHOL,"STOW FAST,WINE",1,0,0,,"Rose Wine",,1,,,,,UNIT,
20466116,,"Trentham Estate Rosé - Regular",,,,unit,1,12,GST,0.0000,GST,0,1,ALCOHOL,"STOW FAST,WINE",1,0,0,,"Rose Wine",,1,,,,,UNIT,
20466120,,"Version Two Pinot Grigio - Bottle",,,,ml,750,49,GST,8.8333,GST,0,1,ALCOHOL,"STOW FAST,WINE",1,1,1,,"White Wine",,1,,1,Crates,12,UNIT,
20466100,,"Sigurd GSM Red Blend - Bottle",,,,ml,750,77,GST,23.1000,GST,0,1,ALCOHOL,WINE,1,0,0,,"Red Wine",,1,,1,Crates,12,UNIT,
20466102,,"Sigurd GSM Red Blend - Large",,,,unit,1,29,GST,0.0000,GST,0,1,ALCOHOL,WINE,1,0,0,,"Red Wine",,1,,,,,UNIT,
20466103,,"Sigurd GSM Red Blend - Regular",,,,unit,1,20,GST,0.0000,GST,0,1,ALCOHOL,WINE,1,0,0,,"Red Wine",,1,,,,,UNIT,
20466123,,"Version Two Pinot Grigio - Large",,,,unit,1,19,GST,0.0000,GST,0,1,ALCOHOL,"STOW FAST,WINE",1,0,0,,"White Wine",,1,,,,,UNIT,
20466125,,"Version Two Pinot Grigio - Regular",,,,unit,1,12,GST,0.0000,GST,0,1,ALCOHOL,"STOW FAST,WINE",1,0,0,,"White Wine",,1,,,,,UNIT,
20466130,,"Version Two Sparkling - Bottle",,,,ml,750,49,GST,8.8333,GST,0,1,ALCOHOL,"STOW FAST,WINE",1,1,1,,"Sparkling Wine",,1,,1,Crates,12,UNIT,
20466133,,"Version Two Sparkling - Regular",,,,unit,1,12,GST,0.0000,GST,0,1,ALCOHOL,"STOW FAST,WINE",1,0,0,,"Sparkling Wine",,1,,,,,UNIT,
20466168,,"Villa Fresco Sangiovese - Bottle",,,,ml,750,49,GST,12.0600,GST,0,1,ALCOHOL,"STOW FAST,WINE",1,1,1,,"Red Wine",,1,,1,Crates,12,UNIT,
20466170,,"Villa Fresco Sangiovese - Large",,,,unit,1,19,GST,0.0000,GST,0,1,ALCOHOL,"STOW FAST,WINE",1,0,0,,"Red Wine",,1,,,,,UNIT,
20466171,,"Villa Fresco Sangiovese - Regular",,,,unit,1,12,GST,0.0000,GST,0,1,ALCOHOL,"STOW FAST,WINE",1,0,0,,"Red Wine",,1,,,,,UNIT,
20467569,,"A. Rodda Chardonnay - Bottle",,,,ml,750,112,GST,37.7000,GST,0,1,ALCOHOL,WINE,1,1,1,,"White Wine",,1,,1,Crates,6,UNIT,
20467570,,"A. Rodda Chardonnay - Large",,,,unit,1,44,GST,0.0000,GST,0,1,ALCOHOL,WINE,1,0,0,,"White Wine",,1,,,,,UNIT,
20467571,,"A. Rodda Chardonnay - Regular",,,,unit,1,28,GST,0.0000,GST,0,1,ALCOHOL,WINE,1,0,0,,"White Wine",,1,,,,,UNIT,
20467601,,"BBQ Wings D",,,,unit,1,16,GST,0.0000,GST,0,1,,MARILYNA'S,1,0,0,,"Delivery Kitchen",,1,,,Individual,1,UNIT,
20467602,,"Buffalo Wings D",,,,unit,1,16.5,GST,0.0000,GST,0,1,,MARILYNA'S,1,0,0,,"Delivery Kitchen",,1,,,Individual,1,UNIT,
20467598,,"Cheesy Garlic Bread",,,,unit,1,6,GST,1.7500,GST,0,1,,MARILYNA'S,1,0,0,,"Marilyna's Pizza",,1,,,Individual,1,UNIT,
20467596,,"Garlic Bread",,,,unit,1,5,GST,1.4200,GST,0,1,,MARILYNA'S,1,0,0,,"Marilyna's Pizza",,1,,,Individual,1,UNIT,
20467616,,"Large Garlic Cheese Pizza",,,,unit,1,18,GST,0.0000,GST,0,1,,MARILYNA'S,1,0,0,,"Marilyna's Pizza",,1,,,Individual,1,UNIT,
20467614,,"Regular Garlic Cheese Pizza",,,,unit,1,13.5,GST,0.0000,GST,0,1,,MARILYNA'S,1,0,0,,"Marilyna's Pizza",,1,,,Individual,1,UNIT,
20467626,,"Rocket Man D",,,,unit,1,14,GST,0.0000,GST,0,1,,MARILYNA'S,1,0,0,,"Delivery Kitchen",,1,,,Individual,1,UNIT,
20467573,,"Year Wines 'Zagara' Orange - Bottle",,,,ml,750,64,GST,17.1100,GST,0,1,ALCOHOL,"STOW FAST,WINE",0,1,1,,"Orange / Skins Wine",,1,,1,Crates,12,UNIT,
20467575,,"Year Wines 'Zagara' Orange - Large",,,,unit,1,25,GST,0.0000,GST,0,1,ALCOHOL,"STOW FAST,WINE",1,0,0,,"Orange / Skins Wine",,1,,,,,UNIT,
20467576,,"Year Wines 'Zagara' Orange - Regular",,,,unit,1,16,GST,0.0000,GST,0,1,ALCOHOL,"STOW FAST,WINE",1,0,0,,"Orange / Skins Wine",,1,,,,,UNIT,
20467906,,"3 Glasses",,,,unit,1,0,GST,0.0000,GST,1,1,,,1,0,0,,Modifiers,,1,,,Individual,1,UNIT,
20467908,,"4 Glasses",,,,unit,1,0,GST,0.0000,GST,1,1,,,1,0,0,,Modifiers,,1,,,Individual,1,UNIT,
20467911,,"5 Glasses",,,,unit,1,0,GST,0.0000,GST,1,1,,,1,0,0,,Modifiers,,1,,,Individual,1,UNIT,
20467912,,"6 Glasses",,,,unit,1,0,GST,0.0000,GST,1,1,,,1,0,0,,Modifiers,,1,,,Individual,1,UNIT,
20467972,,"Gluten-free BBQ Chicken Pizza",,,,unit,1,24,GST,0.0000,GST,0,1,FOOD,MARILYNA'S,1,0,0,,"Marilyna's Pizza",,1,,,Individual,1,UNIT,
20467968,,"Large BBQ Chicken Pizza",,,,unit,1,25,GST,0.0000,GST,0,1,FOOD,MARILYNA'S,1,0,0,,"Marilyna's Pizza",,1,,,Individual,1,UNIT,
20467984,,"Large Bubba Gump",,,,unit,1,25,GST,0.0000,GST,0,1,FOOD,MARILYNA'S,1,,,,"Marilyna's Pizza",,1,,,Individual,1,UNIT,
20467962,,"Regular BBQ Chicken Pizza",,,,unit,1,19.5,GST,0.0000,GST,0,1,FOOD,MARILYNA'S,1,0,0,,"Marilyna's Pizza",,1,,,Individual,1,UNIT,
20467980,,"Regular Bubba Gump",,,,unit,1,20,GST,0.0000,GST,0,1,FOOD,MARILYNA'S,1,0,0,,"Marilyna's Pizza",,1,,,Individual,1,UNIT,
20467849,,"Mulled Wine",,,,unit,1,15,GST,0.0000,GST,0,1,,"STOW FAST",1,0,0,,"Cocktails - Signature",,1,,,,,UNIT,
20467986,,"Gluten-free Bubba Gump",,,,unit,1,25,GST,0.0000,GST,0,1,FOOD,MARILYNA'S,1,0,0,,"Marilyna's Pizza",,1,,,Individual,1,UNIT,
20468003,,"Gluten-free Cosmopolitan",,,,unit,1,24,GST,0.0000,GST,0,1,FOOD,MARILYNA'S,1,0,0,,"Marilyna's Pizza",,1,,,Individual,1,UNIT,
20468024,,"Gluten-free Hawaiian",,,,unit,1,20,GST,0.0000,GST,0,1,FOOD,MARILYNA'S,1,0,0,,"Marilyna's Pizza",,1,,,Individual,1,UNIT,
20468052,,"Gluten-free Meatlovers",,,,unit,1,24,GST,0.0000,GST,0,1,FOOD,MARILYNA'S,1,0,0,,"Marilyna's Pizza",,1,,,Individual,1,UNIT,
20467998,,"Large Cosmopolitan",,,,unit,1,25,GST,0.0000,GST,0,1,FOOD,MARILYNA'S,1,0,0,,"Marilyna's Pizza",,1,,,Individual,1,UNIT,
20468021,,"Large Hawaiian",,,,unit,1,20,GST,0.0000,GST,0,1,FOOD,MARILYNA'S,1,0,0,,"Marilyna's Pizza",,1,,,Individual,1,UNIT,
20468049,,"Large Meatlovers",,,,unit,1,28,GST,0.0000,GST,0,1,FOOD,MARILYNA'S,1,,,,"Marilyna's Pizza",,1,,,Individual,1,UNIT,
20467996,,"Regular Cosmopolitan",,,,unit,1,19.5,GST,0.0000,GST,0,1,FOOD,MARILYNA'S,1,0,0,,"Marilyna's Pizza",,1,,,Individual,1,UNIT,
20468020,,"Regular Hawaiian",,,,unit,1,15,GST,0.0000,GST,0,1,FOOD,MARILYNA'S,1,0,0,,"Marilyna's Pizza",,1,,,Individual,1,UNIT,
20468046,,"Regular Meatlovers",,,,unit,1,19.5,GST,0.0000,GST,0,1,FOOD,MARILYNA'S,1,0,0,,"Marilyna's Pizza",,1,,,Individual,1,UNIT,
20468088,,"Gluten-free Pepperoni",,,,unit,1,20,GST,0.0000,GST,0,1,FOOD,MARILYNA'S,1,0,0,,"Marilyna's Pizza",,1,,,Individual,1,UNIT,
20468098,,"Gluten-free Roma Special",,,,unit,1,24,GST,0.0000,GST,0,1,FOOD,MARILYNA'S,1,0,0,,"Marilyna's Pizza",,1,,,Individual,1,UNIT,
20468104,,"Gluten-free Sanchez",,,,unit,1,24,GST,0.0000,GST,0,1,FOOD,MARILYNA'S,1,0,0,,"Marilyna's Pizza",,1,,,Individual,1,UNIT,
20468085,,"Large Pepperoni","Large Pepperoni",,,unit,1,20,GST,0.0000,GST,0,1,FOOD,MARILYNA'S,1,0,0,,"Marilyna's Pizza",,1,,,Individual,1,UNIT,
20468095,,"Large Roma Special",,,,unit,1,25,GST,0.0000,GST,0,1,FOOD,MARILYNA'S,1,0,0,,"Marilyna's Pizza",,1,,,Individual,1,UNIT,
20468100,,"Large Sanchez",,,,unit,1,27,GST,0.0000,GST,0,1,FOOD,MARILYNA'S,1,0,0,,"Marilyna's Pizza",,1,,,Individual,1,UNIT,
20468083,,"Regular Pepperoni",,,,unit,1,15,GST,0.0000,GST,0,1,FOOD,MARILYNA'S,1,0,0,,"Marilyna's Pizza",,1,,,Individual,1,UNIT,
20468093,,"Regular Roma Special",,,,unit,1,18.5,GST,0.0000,GST,0,1,FOOD,MARILYNA'S,1,0,0,,"Marilyna's Pizza",,1,,,Individual,1,UNIT,
20468099,,"Regular Sanchez",,,,unit,1,19.5,GST,0.0000,GST,0,1,FOOD,MARILYNA'S,1,0,0,,"Marilyna's Pizza",,1,,,Individual,1,UNIT,
20468106,,"Regular Super House Special",,,,unit,1,19.5,GST,0.0000,GST,0,1,FOOD,MARILYNA'S,1,0,0,,"Marilyna's Pizza",,1,,,Individual,1,UNIT,
20468120,,"Gluten-free Sorrento",,,,unit,1,25,GST,0.0000,GST,0,1,FOOD,MARILYNA'S,1,0,0,,"Marilyna's Pizza",,1,,,Individual,1,UNIT,
20468111,,"Gluten-free Super House Special",,,,unit,1,24,GST,0.0000,GST,0,1,FOOD,MARILYNA'S,1,0,0,,"Marilyna's Pizza",,1,,,Individual,1,UNIT,
20468197,,"Gluten-free Tandoori Chicken",,,,unit,1,24,GST,0.0000,GST,0,1,FOOD,MARILYNA'S,1,0,0,,"Marilyna's Pizza",,1,,,Individual,1,UNIT,
20468218,,"Large Paddock",,,,unit,1,27,GST,0.0000,GST,0,1,FOOD,MARILYNA'S,1,0,0,,"Marilyna's Pizza",,1,,,Individual,1,UNIT,
20468115,,"Large Sorrento",,,,unit,1,27,GST,0.0000,GST,0,1,FOOD,MARILYNA'S,1,0,0,,"Marilyna's Pizza",,1,,,Individual,1,UNIT,
20468107,,"Large Super House Special",,,,unit,1,29,GST,0.0000,GST,0,1,FOOD,MARILYNA'S,1,0,0,,"Marilyna's Pizza",,1,,,Individual,1,UNIT,
20468192,,"Large Tandoori Chicken",,,,unit,1,25,GST,0.0000,GST,0,1,FOOD,MARILYNA'S,1,0,0,,"Marilyna's Pizza",,1,,,Individual,1,UNIT,
20468216,,"Regular Paddock",,,,unit,1,19.5,GST,0.0000,GST,0,1,FOOD,MARILYNA'S,1,0,0,,"Marilyna's Pizza",,1,,,Individual,1,UNIT,
20468114,,"Regular Sorrento",,,,unit,1,20,GST,0.0000,GST,0,1,FOOD,MARILYNA'S,1,0,0,,"Marilyna's Pizza",,1,,,Individual,1,UNIT,
20468187,,"Regular Tandoori Chicken",,,,unit,1,19.5,GST,0.0000,GST,0,1,FOOD,MARILYNA'S,1,0,0,,"Marilyna's Pizza",,1,,,Individual,1,UNIT,
20468275,,"1 Glass",,,,unit,1,0,GST,0.0000,GST,1,1,,,1,0,0,,Modifiers,,1,,,,,UNIT,
20468277,,"2 Glasses",,,,unit,1,0,GST,0.0000,GST,1,1,,,1,0,0,,Modifiers,,1,,,Individual,1,UNIT,
20468495,,"Brownie D",,,,unit,1,10,GST,0.0000,GST,0,1,,MARILYNA'S,1,0,0,,"Delivery Kitchen",,1,,,Individual,1,UNIT,
20468417,,"Gluten-free Margherita",,,,unit,1,19,GST,0.0000,GST,0,1,,MARILYNA'S,1,0,0,,"Marilyna's Pizza",,1,,,Individual,1,UNIT,
20468220,,"Gluten-free Paddock",,,,unit,1,24,GST,0.0000,GST,0,1,FOOD,MARILYNA'S,1,0,0,,"Marilyna's Pizza",,1,,,Individual,1,UNIT,
20468255,,"Gluten-free Vegetarian",,,,unit,1,21,GST,0.0000,GST,0,1,"FOOD,VEGETARIAN",MARILYNA'S,1,0,0,,"Marilyna's Pizza",,1,,,Individual,1,UNIT,
20468415,,"Large Margherita",,,,unit,1,20,GST,0.0000,GST,0,1,,MARILYNA'S,1,0,0,,"Marilyna's Pizza",,1,,,Individual,1,UNIT,
20468250,,"Large Vegetarian",,,,unit,1,20,GST,0.0000,GST,0,1,"FOOD,VEGETARIAN",MARILYNA'S,1,0,0,,"Marilyna's Pizza",,1,,,Individual,1,UNIT,
20468412,,"Regular Margherita",,,,unit,1,14,GST,0.0000,GST,0,1,,MARILYNA'S,1,0,0,,"Marilyna's Pizza",,1,,,Individual,1,UNIT,
20468249,,"Regular Vegetarian",,,,unit,1,16,GST,0.0000,GST,0,1,"FOOD,VEGETARIAN",MARILYNA'S,1,0,0,,"Marilyna's Pizza",,1,,,Individual,1,UNIT,
20471108,,Aioli,,,,ml,5000,0.5,GST,0.0000,GST,1,1,,,1,0,0,,"Add-ons - Kitchen",,1,,,Individual,1,UNIT,
20471098,,Classic,,,,unit,1,0,GST,0.0000,GST,1,1,,,1,0,0,,Modifiers,,1,,,Individual,1,UNIT,
20471096,,Dirty,,,,unit,1,0,GST,0.0000,GST,1,1,,,1,0,0,,Modifiers,,1,,,Individual,1,UNIT,
20471097,,Dry,,,,unit,1,0,GST,0.0000,GST,1,1,,,1,0,0,,Modifiers,,1,,,Individual,1,UNIT,
20471103,,"Extra Taco",,,,unit,1,7,GST,0.0000,GST,1,1,,,1,0,0,,"Add-ons - Kitchen",,1,,,Individual,1,UNIT,
20471105,,"No Ham",,,,unit,1,0,GST,0.0000,GST,1,1,,,1,0,0,,Modifiers,,1,,,Individual,1,UNIT,
20471104,,"No Sugar",,,,unit,1,0,GST,0.0000,GST,1,1,,,1,0,0,,Modifiers,,1,,,Individual,1,UNIT,
20471109,,"Tomato Sauce",,,,unit,1,0.5,GST,0.0000,GST,1,1,,,1,0,0,,"Add-ons - Pizza",,1,,,Individual,1,UNIT,
20471087,,"Two Bays GF Pale 4-pack D",,,,unit,1,48,GST,0.0000,GST,0,1,,"MARILYNA'S DRINKS",1,0,0,,"Delivery Alcohol",,1,,,,,UNIT,
20470897,,"Buffalo Wings",,,,g,50000,17.5,GST,0.0000,GST,0,1,,"STOW KITCHEN",1,0,0,,"Small Plates",,1,,,Individual,1,UNIT,
20471114,,"Extra Blue Cheese Dip",,,,unit,1,1,GST,0.0000,GST,1,1,,,1,0,0,,"Add-ons - Kitchen",,1,,,Individual,1,UNIT,
20471113,,"Extra Buffalo Sauce",,,,unit,1,0.5,GST,0.0000,GST,1,1,,,1,0,0,,"Add-ons - Kitchen",,1,,,Individual,1,UNIT,
20478556,,"Kids Spag Bol",,,,g,75000,13,GST,0.0000,GST,0,1,,,1,0,0,,"Kids Meals",,1,,,Individual,1,UNIT,
20471949,,"No Pico de Gallo",,,,unit,1,0,GST,0.0000,GST,1,1,,,1,0,0,,Modifiers,,1,,,Individual,1,UNIT,
20471989,,"$21 Custom Cocktail",,,,unit,1,21,GST,0.0000,GST,0,1,,COCKTAILS,1,0,0,,"Cocktails - Classic",,1,,,,,UNIT,
20472001,,"+$3 Premium Spirit",,,,unit,1,3,GST,0.0000,GST,1,1,,COCKTAILS,1,0,0,,"Add-ons - Bar",,1,,,,,UNIT,
20472002,,"-DON'T MAKE-",,,,unit,1,0,GST,0.0000,GST,1,1,,COCKTAILS,1,0,0,,Modifiers,,1,,,,,UNIT,
20471939,,"$1.50/pp Cakeage",,,,unit,1,1.5,GST,0.0000,GST,0,1,,"FUNCTIONS & MISC.",1,0,0,,"Functions & Misc.",,1,,,,,UNIT,
20471966,,"Box Red Wine 1L",,,,unit,1,0,GST,0.0000,GST,0,1,,"FUNCTIONS & MISC.",1,0,0,,Modifiers,,1,,,,,UNIT,
20471964,,"Bry Ol San Pell",,,,unit,1,0.05,GST,0.0000,GST,0,1,,NON-ALC,1,0,0,,Modifiers,,1,,,,,UNIT,
20483088,,"Aioli Dipping Sauce",,,,unit,1,0,GST,0.0000,GST,1,1,,,1,0,0,,"Add-ons - Kitchen",,1,,,Individual,1,UNIT,
20483092,,"BBQ Dipping Sauce",,,,unit,1,0.5,GST,0.0000,GST,1,1,,,1,0,0,,"Add-ons - Kitchen",,1,,,Individual,1,UNIT,
20483164,,"Extra Corn Chips",,,,unit,1,2,GST,0.0000,GST,1,1,,,1,0,0,,"Add-ons - Kitchen",,1,,,Individual,1,UNIT,
20483112,,"No Chips",,,,unit,1,0,GST,0.0000,GST,1,1,,,1,0,0,,,,1,,,Individual,1,UNIT,
20483111,,"No Salad",,,,unit,1,0,GST,0.0000,GST,1,1,,,1,0,0,,,,1,,,Individual,1,UNIT,
20483087,,"Side Gravy",,,,unit,1,1,GST,0.0000,GST,1,1,,,1,0,0,,"Add-ons - Kitchen",,1,,,Individual,1,UNIT,
20483084,,tomato,,,,unit,1,0,GST,0.0000,GST,1,1,,,1,0,0,,,,1,,,Individual,1,UNIT,
20483095,,"Tomato Dipping Sauce",,,,unit,1,0.5,GST,0.0000,GST,1,1,,,1,0,0,,"Add-ons - Kitchen",,1,,,Individual,1,UNIT,
20483153,,"Vegan [no Queso Dip]",,,,unit,1,0,GST,0.0000,GST,1,1,,,1,0,0,,,,1,,,Individual,1,UNIT,
20478557,,"Kids Ham & Cheese Pizza",,,,unit,1,13,GST,0.0000,GST,0,1,,"STOW PIZZAS",1,0,0,,"Kids Meals",,1,,,Individual,1,UNIT,
20484243,,"1800 Coconut [Bottle]",,,,ml,700,0,GST,67.3200,GST,0,1,,,0,1,1,,,,1,,1,Individual,1,UNIT,
20484279,,"Amaro Montenegro [Bottle]",,,,ml,750,0,GST,44.4800,GST,0,1,,,0,1,1,,,,1,,1,Individual,1,UNIT,
20483544,,"Bombay Dry [Bottle]",,,,ml,700,0,GST,51.7600,GST,0,1,,,0,1,1,,,,1,,1,Boxes,6,UNIT,
20483609,,"Carpano Classico [750ml]",,,,ml,750,0,GST,23.1700,GST,0,1,,,0,1,1,,,,1,,1,Individual,,BOTTLE,
20483220,,"Chipotle Mayo Dipping Sauce",,,,g,1,0.5,GST,0.0000,GST,1,1,,,1,0,0,,"Add-ons - Kitchen",,1,,,Individual,1,UNIT,
20483199,,"Gluten-free [Corn Tortillas]",,,,unit,1,0,GST,0.0000,GST,1,1,,,1,0,0,,,,1,,,Individual,1,UNIT,
20483413,,"Massenez Triple Sec [5L]",,,,ml,5000,0,GST,359.0000,GST,0,1,,,0,1,1,,,,1,,1,Individual,,UNIT,
20483275,,"No Dipping Sauce",,,,unit,1,0,GST,0.0000,GST,1,1,,,1,0,0,,,,1,,,Individual,1,UNIT,
20483410,,"Rooster Rojo Blanco Tequila [Bottle]",,,,ml,700,0,GST,51.6617,GST,0,1,,,0,1,1,,,,1,,1,Boxes,6,UNIT,
20483247,,"Extra Sauce",,,,unit,1,0,GST,0.0000,GST,0,1,,"STOW KITCHEN",1,,,,"Add-ons - Bar",,1,,,,,UNIT,
20484282,,"Angel's Envy Bourbon [Bottle]",,,,ml,700,0,GST,89.1400,GST,0,1,,,0,1,1,,,,1,,1,Individual,,UNIT,
20484285,,"Antica Formula Rosso Vermouth [Bottle]",,,,ml,1000,0,GST,64.0200,GST,0,1,,,0,1,1,,,,1,,1,Individual,,UNIT,
20484286,,"Aperol [Bottle]",,,,ml,700,0,GST,29.0800,GST,0,1,,,0,1,1,,,,1,,1,Crates,6,UNIT,
20484292,,"Archie Rose Signature Gin [Bottle]",,,,ml,700,0,GST,63.9200,GST,0,1,,,0,1,1,,,,1,,1,Individual,1,UNIT,
20484304,,"Bacardi Blanca [700ml]",,,,ml,700,0,GST,49.8500,GST,0,1,,,0,1,1,,,,1,,1,Individual,,UNIT,
20484685,,"Bailey's Irish Cream 1L [Bottle]",,,,ml,1000,0,GST,42.3400,GST,0,1,,,0,1,1,,,,1,,1,Individual,,UNIT,
20484688,,"Balvenie 14yr Caribbean Cask [Bottle]",,,,ml,700,0,GST,117.8100,GST,0,1,,,0,1,1,,,,1,,1,Individual,,UNIT,
20484692,,"Dolin Blanc Vermouth [Bottle]",,,,ml,750,0,GST,25.0200,GST,0,1,,,0,1,1,,,,1,,1,Individual,,UNIT,
20484689,,"Joseph Cartron Mango [Bottle]",,,,ml,750,0,GST,45.2000,GST,0,1,,,0,1,1,,,,1,,1,Individual,,UNIT,
20484706,,"Passionfruit Juice",,,,ml,1200,0,GST,0.0000,GST,0,1,,,1,0,0,,,,1,,,Individual,,UNIT,
20484714,,"250ml Glass Bottle",,,,unit,1,0,GST,1.3900,GST,0,1,,,0,0,0,,,,1,,,Boxes,96,UNIT,
20484711,,"700ml Glass Bottle",,,,unit,1,0,GST,4.5600,GST,0,1,,,0,1,1,,,,1,,1,Individual,,UNIT,
20484721,,"Belvedere Vodka [Bottle]",,,,ml,700,0,GST,61.6600,GST,0,1,,,0,1,1,,,,1,,1,Individual,,UNIT,
20484732,,"Big Sur IPA [Keg]",,,,l,50,0,GST,342.0000,GST,0,1,,,0,1,1,,,,1,,1,Individual,1,UNIT,
20484744,,"Bombay Sapphire [Bottle]",,,,ml,700,0,GST,48.1900,GST,0,1,,,0,1,1,,,,1,,1,Individual,,UNIT,
20484772,,"Braulio [Bottle]",,,,ml,750,0,GST,30.1500,GST,0,1,,,0,1,1,,,,1,,1,Individual,,UNIT,
20484779,,"Brix White Rum [Bottle]",,,,ml,700,0,GST,58.0200,GST,0,1,,,0,1,1,,,,1,,1,Individual,,UNIT,
20484751,,"Buffalo Trace Bourbon [Bottle]",,,,ml,700,0,GST,52.9500,GST,0,1,,,,1,1,,,,1,,1,Individual,1,UNIT,
20484753,,"Campari [Bottle]",,,,ml,750,0,GST,41.7900,GST,0,1,,,,1,1,,,,1,,1,Individual,1,UNIT,
20484763,,"Regal Rogue Bold Red Vermouth [5L]",,,,ml,5000,0,GST,183.0000,GST,0,1,,,0,1,1,,,,1,,1,Individual,,UNIT,
20484781,,"Brookie's Byron Dry [Bottle]",,,,ml,700,0,GST,66.2200,GST,0,1,,,0,1,1,,,,1,,1,Individual,,UNIT,
20484905,,"Don Julio 1942 Añejo [Bottle]",,,,ml,700,0,GST,234.9300,GST,0,1,,,,0,0,,,,1,,1,Individual,1,UNIT,
20484918,,"Dutschke Bourbon Barrel Tawny Port [Bottle]",,,,ml,500,0,GST,0.0000,GST,0,1,,,1,0,0,,,,1,,,Individual,,UNIT,
20484922,,"Dutshcke Pedro Ximenez 12yr Port [Bottle]",,,,ml,500,0,GST,30.5300,GST,0,1,,,0,1,1,,,,1,,1,Individual,,UNIT,
20484784,,"Fever-Tree Naturally Light Tonic [Bottle]",,,,ml,500,0,GST,4.1100,GST,0,1,,,,0,0,,,,1,,1,Crates,8,UNIT,
20484791,,"Finger Lime [Punnet]",,,,unit,1,0,GST,0.0000,GST,0,1,,,1,0,0,,,,1,,,Individual,,UNIT,
20484805,,"Hill People Oat Cream [Keg]",,,,l,50,0,GST,451.0000,GST,0,1,,,0,1,1,,,,1,,1,Individual,1,UNIT,
20484934,,"Kahlua [1L]",,,,ml,1000,0,GST,47.9000,GST,0,1,,,0,1,1,,,,1,,1,Individual,1,UNIT,
20484932,,"Sailor Jerry [700ml]",,,,ml,700,0,GST,44.4700,GST,0,1,,,0,1,1,,,,1,,1,Individual,,UNIT,
20484930,,"White Light Vodka [20L]",,,,ml,20000,0,GST,1012.7800,GST,0,1,,,0,1,1,,,,1,,1,Individual,1,UNIT,
20484935,,"Barrel One Coffee Concentrate [Bottle]",,,,ml,750,0,GST,15.2600,GST,0,1,,,0,1,1,,,,1,,1,Crates,12,UNIT,
20485266,,"Bundaberg Ginger Beer [750ml]",,,,ml,750,0,GST,3.3000,GST,0,1,,,0,1,1,,,,1,,1,Crates,12,UNIT,
20485273,,"Bunnahabhain 12yr [Bottle]",,,,ml,700,0,GST,113.3800,GST,0,1,,,0,1,1,,,,1,,1,Individual,,UNIT,
20485738,,"Casamigos Reposado Tequila [Bottle]",,,,ml,700,0,GST,75.0000,GST,0,1,,,0,1,1,,,,1,,1,Individual,,UNIT,
20484940,,"Cocktail Sticker",,,,unit,1,0,GST,0.4000,GST,0,1,,,0,1,1,,,,1,,1,Individual,,UNIT,
20485015,,"Cynar [Bottle]",,,,ml,750,0,GST,28.3800,GST,0,1,,,0,1,1,,,,1,,1,Individual,,UNIT,
20484956,,"Fever-Tree Mediterannean Tonic [Bottle]",,,,ml,500,0,GST,4.1100,GST,0,1,,,0,1,1,,,,1,,1,Crates,8,UNIT,
20485056,,"Cri De Couer Pinot Noir - Bottle",,,,ml,750,127,GST,62.1517,GST,0,1,ALCOHOL,WINE,1,1,1,,"Red Wine",,1,,1,Boxes,6,UNIT,
20485053,,"Cri De Couer Pinot Noir - Large",,,,unit,1,48,GST,0.0000,GST,0,1,ALCOHOL,WINE,1,0,0,,"Red Wine",,1,,,,,UNIT,
20485049,,"Cri De Couer Pinot Noir - Regular",,,,unit,1,30,GST,0.0000,GST,0,1,ALCOHOL,WINE,1,0,0,,"Red Wine",,1,,,,,UNIT,
20487270,,"Angostura Bitters [200ml]",,,,ml,200,0,GST,20.8900,GST,0,1,,,0,1,1,,,,1,,1,Individual,,UNIT,
20487243,,"Cazcabel Reposado Tequila [Bottle]",,,,ml,700,0,GST,64.4400,GST,0,1,,,0,1,1,,,,1,,1,Individual,,UNIT,
20487244,,"Clairin Vaval [Bottle]",,,,ml,700,0,GST,110.0000,GST,0,1,,,0,1,1,,,,1,,1,Individual,,UNIT,
20487233,,"Clear Ice Block",,,,unit,1,0,GST,0.7700,GST,0,1,,,1,0,0,,,,1,,,Individual,,UNIT,
20487234,,"Cocchi Americano [Bottle]",,,,ml,750,0,GST,52.3200,GST,0,1,,,0,1,1,,,,1,,1,Individual,,UNIT,
20487238,,"Dom Benedictine [Bottle]",,,,ml,750,0,GST,58.0500,GST,0,1,,,0,1,1,,,,1,,1,Individual,,UNIT,
20487274,,"Fernet Branca [Bottle]",,,,ml,700,0,GST,65.5800,GST,0,1,,,,0,0,,,,1,,1,Individual,1,UNIT,
20487225,,"Grand Marnier [Bottle]",,,,ml,700,0,GST,52.7900,GST,0,1,,,0,1,1,,,,1,,1,Individual,,UNIT,
20487237,,"Mancino Sakura Vermouth [Bottle]",,,,ml,500,0,GST,47.4800,GST,0,1,,,0,1,1,,,,1,,1,Individual,,UNIT,
20487241,,"Select Aperitivo [Bottle]",,,,ml,750,0,GST,27.6100,GST,0,1,,,0,1,1,,,,1,,1,Individual,,UNIT,
20487298,,"Alehouse Draught Lager [Keg]",,,,ml,49500,0,GST,212.4400,GST,0,1,,,,1,1,,,,1,,1,Individual,1,UNIT,
20487313,,"Alehouse Summer Mid [Keg]",,,,ml,49500,0,GST,184.9400,GST,0,1,,,0,1,1,,,,1,,1,Individual,,UNIT,
20487276,,"Flor De Caña 12yr [Bottle]",,,,ml,700,0,GST,71.5900,GST,0,1,,,0,1,1,,,,1,,1,Individual,,UNIT,
20487280,,"Flor De Caña 4 Extra Seco [Bottle]",,,,ml,700,0,GST,0.0000,GST,0,1,,,,0,0,,,,1,,1,Individual,1,UNIT,
20487283,,"Fortaleza Reposado [Bottle]",,,,ml,700,0,GST,170.0000,GST,0,1,,,,0,0,,,,1,,1,Individual,1,UNIT,
20487286,,"Four Pillars Bloody Shiraz [Bottle]",,,,ml,700,0,GST,65.6600,GST,0,1,,,0,1,1,,,,1,,1,Individual,,UNIT,
20487289,,"Four Pillars Olive Leaf [Bottle]",,,,ml,700,0,GST,82.5800,GST,0,1,,,0,1,1,,,,1,,1,Individual,1,UNIT,
20487294,,"Four Pillars Rare Dry [Bottle]",,,,ml,700,0,GST,68.8400,GST,0,1,,,0,1,1,,,,1,,1,Individual,,UNIT,
20487322,,"Glendronach 12yr [Bottle]",,,,ml,700,0,GST,94.5100,GST,0,1,,,0,1,1,,,,1,,1,Individual,,UNIT,
20487319,,"Noilly Prat Dry Vermouth [Bottle]",,,,ml,750,0,GST,35.6900,GST,0,1,,,0,1,1,,,,1,,1,Individual,,UNIT,
20487456,,"Brookie's Mac. Liqueur [Bottle]",,,,ml,700,0,GST,45.9900,GST,0,1,,,0,1,1,,,,1,,1,Individual,,UNIT,
20487328,,"De Bortoli Gold Seal Dry Red [15L]",,,,ml,15000,0,GST,56.4500,GST,0,1,,,,1,1,,,,1,,1,Individual,1,UNIT,
20487325,,"Glenmorangie Signet [Bottle]",,,,ml,700,0,GST,284.4500,GST,0,1,,,0,1,1,,,,1,,1,Individual,,UNIT,
20487331,,"Gospel Solera Rye [Bottle]",,,,ml,700,0,GST,71.3300,GST,0,1,,,0,1,1,,,,1,,1,Individual,,UNIT,
20487426,,"Grifter Pale [Keg]",,,,ml,50000,0,GST,292.0500,GST,0,1,,,0,1,1,,,,1,,1,Individual,1,UNIT,
20487441,,"Hakushu 12yr [Bottle]",,,,ml,700,0,GST,294.7800,GST,0,1,,,0,1,1,,,,1,,1,Individual,,UNIT,
20487447,,"Hartshorn Sheep Whey Vodka [Bottle]",,,,ml,700,0,GST,65.4500,GST,0,1,,,0,1,1,,,,1,,1,Individual,,UNIT,
20487459,,"Harveys Bristol Cream Sherry [Bottle]",,,,ml,750,0,GST,14.5900,GST,0,1,,,0,1,1,,,,1,,1,Individual,,UNIT,
20487472,,"Hendrick's Gin [Bottle]",,,,ml,700,0,GST,62.6100,GST,0,1,,,0,1,1,,,,1,,1,Individual,,UNIT,
20487484,,"Herradura Plata [Bottle]",,,,ml,700,0,GST,79.2100,GST,0,1,,,0,1,1,,,,1,,1,Individual,,UNIT,
20487488,,"Illegal Reposado Mezcal [Bottle]",,,,ml,700,0,GST,102.0500,GST,0,1,,,,1,1,,,,1,,1,Individual,1,UNIT,
20487490,,"Jack Daniels [Bottle]",,,,ml,700,0,GST,45.2500,GST,0,1,,,0,1,1,,,,1,,1,Individual,,UNIT,
20487512,,"Jameson Irish Whiskey [Bottle]",,,,ml,700,0,GST,48.0200,GST,0,1,,,0,1,1,,,,1,,1,Individual,,UNIT,
20487523,,"Johnnie Walker Black [Bottle]",,,,ml,700,0,GST,57.2600,GST,0,1,,,0,1,1,,,,1,,1,Individual,,UNIT,
20487531,,"Kraken Rum [Bottle]",,,,ml,700,0,GST,49.4300,GST,0,1,,,0,1,1,,,,1,,1,Individual,,UNIT,
20487534,,"Lagavulin 16yr [Bottle]",,,,ml,700,0,GST,146.8600,GST,0,1,,,0,1,1,,,,1,,1,Individual,,UNIT,
20487538,,"Laphroaig 10yr [Bottle]",,,,ml,700,0,GST,86.9700,GST,0,1,,,0,1,1,,,,1,,1,Individual,,UNIT,
20487546,,"Lost Explorer Espadín Mezcal [Bottle]",,,,ml,700,0,GST,64.6700,GST,0,1,,,0,1,1,,,,1,,1,Individual,,UNIT,
20487567,,"Macallan Sherry Oak 12yr [Bottle]",,,,ml,700,0,GST,137.3400,GST,0,1,,,0,1,1,,,,1,,1,Individual,,UNIT,
20487547,,"Massenez Lychee [5L]",,,,ml,5000,0,GST,253.9100,GST,0,1,,,0,1,1,,,,1,,1,Individual,,UNIT,
20487614,,"No Beef",,,,unit,1,0,GST,0.0000,GST,1,1,,,1,0,0,,,,1,,,Individual,1,UNIT,
20487606,,"No Char-grilled Capsicum",,,,unit,1,0,GST,0.0000,GST,1,1,,,1,0,0,,,,1,,,Individual,1,UNIT,
20487619,,"No Cherry Tomatoes",,,,unit,1,0,GST,0.0000,GST,1,1,,,1,0,0,,,,1,,,Individual,1,UNIT,
20487617,,"No Corn",,,,unit,1,0,GST,0.0000,GST,1,1,,,1,0,0,,,,1,,,Individual,1,UNIT,
20487610,,"No Garlic",,,,unit,1,0,GST,0.0000,GST,1,1,,,1,0,0,,,,1,,,Individual,1,UNIT,
20487616,,"No Jalapeños",,,,unit,1,0,GST,0.0000,GST,1,1,,,1,0,0,,,,1,,,Individual,1,UNIT,
20487604,,"No Prawn",,,,unit,1,0,GST,0.0000,GST,1,1,,,1,0,0,,,,1,,,Individual,1,UNIT,
20487622,,"No Spiced Sour Cream",,,,unit,1,0,GST,0.0000,GST,1,1,,,1,0,0,,,,1,,,Individual,1,UNIT,
20487611,,"No Za'atar",,,,unit,1,0,GST,0.0000,GST,1,1,,,1,0,0,,,,1,,,Individual,1,UNIT,
20487607,,"No Zucchini",,,,unit,1,0,GST,0.0000,GST,1,1,,,1,0,0,,,,1,,,Individual,1,UNIT,
20487625,,"No Black Beans",,,,unit,1,0,GST,0.0000,GST,1,1,,,1,0,0,,,,1,,,Individual,1,UNIT,
20487632,,"No Caramelised Onion",,,,unit,1,0,GST,0.0000,GST,1,1,,,0,,,,,,1,,,Individual,1,UNIT,
20487652,,"No Lemon",,,,unit,1,0,GST,0.0000,GST,1,1,,,1,0,0,,,,1,,,Individual,1,UNIT,
20487631,,"No Pulled Mushroom",,,,unit,1,0,GST,0.0000,GST,1,1,,,1,0,0,,,,1,,,Individual,1,UNIT,
20487641,,"No Rocket",,,,unit,1,0,GST,0.0000,GST,1,1,,,1,0,0,,,,1,,,Individual,1,UNIT,
20487629,,"No Shallots",,,,unit,1,0,GST,0.0000,GST,1,1,,,1,0,0,,,,1,,,Individual,1,UNIT,
20487650,,"No Truffle Oil",,,,unit,1,0,GST,0.0000,GST,1,1,,,1,0,0,,,,1,,,Individual,1,UNIT,
20487627,,"No Vegan Chipotle Aioli",,,,unit,1,0,GST,0.0000,GST,1,1,,,1,0,0,,,,1,,,Individual,1,UNIT,
20487646,,"No Vegan Parmesan",,,,unit,1,0,GST,0.0000,GST,1,1,,,1,0,0,,,,1,,,Individual,1,UNIT,
20487644,,"No Walnut Crumb",,,,unit,1,0,GST,0.0000,GST,1,1,,,1,0,0,,,,1,,,Individual,1,UNIT,
20487664,,"No Basil",,,,unit,1,0,GST,0.0000,GST,1,1,,,1,0,0,,,,1,,,Individual,1,UNIT,
20487660,,"No Bocconcini",,,,unit,1,0,GST,0.0000,GST,1,1,,,1,0,0,,,,1,,,Individual,1,UNIT,
20487663,,"No Chilli",,,,unit,1,0,GST,0.0000,GST,1,1,,,1,0,0,,,,1,,,Individual,1,UNIT,
20487666,,"No Chorizo",,,,unit,1,0,GST,0.0000,GST,1,1,,,1,0,0,,,,1,,,Individual,1,UNIT,
20487658,,"No Onion",,,,unit,1,0,GST,0.0000,GST,1,1,,,1,0,0,,,,1,,,Individual,1,UNIT,
20487656,,"No Pepperoni",,,,unit,1,0,GST,0.0000,GST,1,1,,,1,0,0,,,,1,,,Individual,1,UNIT,
20487655,,"No Prosciutto",,,,unit,1,0,GST,0.0000,GST,1,1,,,1,0,0,,,,1,,,Individual,1,UNIT,
20487669,,"No red onion",,,,unit,1,0,GST,0.0000,GST,1,1,,,1,0,0,,,,1,,,Individual,1,UNIT,
20487668,,"No Spinach",,,,unit,1,0,GST,0.0000,GST,1,1,,,1,0,0,,,,1,,,Individual,1,UNIT,
20487661,,"No Sun-dried Tomatoes",,,,unit,1,0,GST,0.0000,GST,1,1,,,1,0,0,,,,1,,,Individual,1,UNIT,
20487709,,"Manly Spirits Limoncello [Bottle]",,,,ml,700,0,GST,45.3300,GST,0,1,,,0,1,1,,,,1,,1,Individual,,UNIT,
20487718,,"No Capsicum",,,,unit,1,0,GST,0.0000,GST,1,1,,,1,0,0,,,,1,,,Individual,1,UNIT,
20487670,,"No Chipotle Mayo",,,,unit,1,0,GST,0.0000,GST,1,1,,,1,0,0,,,,1,,,Individual,1,UNIT,
20487679,,"No Mozzarella",,,,unit,1,0,GST,0.0000,GST,1,1,,,1,0,0,,,,1,,,Individual,1,UNIT,
20487716,,"No Mushroom",,,,unit,1,0,GST,0.0000,GST,1,1,,,1,0,0,,,,1,,,Individual,1,UNIT,
20487680,,"No Oregano",,,,unit,1,0,GST,0.0000,GST,1,1,,,1,0,0,,,,1,,,Individual,1,UNIT,
20487712,,"No Sliced Tomato",,,,unit,1,0,GST,0.0000,GST,1,1,,,1,0,0,,,,1,,,Individual,1,UNIT,
20487688,,"Manhattan - Dry",,,,unit,1,22,GST,0.0000,GST,0,1,ALCOHOL,COCKTAILS,1,0,0,,"Cocktails - Classic",,1,,,,,UNIT,
20487689,,"Manhattan - Perfect",,,,unit,1,22,GST,0.0000,GST,0,1,ALCOHOL,COCKTAILS,1,0,0,,"Cocktails - Classic",,1,,,,,UNIT,
20487691,,"Manhattan - Sweet",,,,unit,1,22,GST,0.0000,GST,0,1,ALCOHOL,COCKTAILS,1,0,0,,"Cocktails - Classic",,1,,,,,UNIT,
20487751,,"No Basil Pesto",,,,unit,1,0,GST,0.0000,GST,1,1,,,1,0,0,,,,1,,,Individual,1,UNIT,
20487766,,"No Calabrese Salami",,,,unit,1,0,GST,0.0000,GST,1,1,,,1,0,0,,,,1,,,Individual,1,UNIT,
20487747,,"No Chicken",,,,unit,1,0,GST,0.0000,GST,1,1,,,1,0,0,,,,1,,,Individual,1,UNIT,
20487728,,"No Eggplant",,,,unit,1,0,GST,0.0000,GST,1,1,,,1,0,0,,,,1,,,Individual,1,UNIT,
20487730,,"No Fetta",,,,unit,1,0,GST,0.0000,GST,1,1,,,1,0,0,,,,1,,,Individual,1,UNIT,
20487761,,"No Mint Yoghurt",,,,unit,1,0,GST,0.0000,GST,1,1,,,1,0,0,,,,1,,,Individual,1,UNIT,
20487721,,"No Olives",,,,unit,1,0,GST,0.0000,GST,1,1,,,1,0,0,,,,1,,,Individual,1,UNIT,
20487733,,"No Pesto",,,,unit,1,0,GST,0.0000,GST,1,1,,,1,0,0,,,,1,,,Individual,1,UNIT,
20487740,,"No Roasted Pumpkin",,,,unit,1,0,GST,0.0000,GST,1,1,,,1,0,0,,,,1,,,Individual,1,UNIT,
20487757,,"No Tandoori Chicken",,,,unit,1,0,GST,0.0000,GST,1,1,,,1,0,0,,,,1,,,Individual,1,UNIT,
20487805,,"Fee Bros Black Walnut Bitters [150ml]",,,,ml,150,0,GST,20.8700,GST,0,1,,,0,1,1,,,,1,,1,Individual,,UNIT,
20487793,,"Massenez Black Cacao [5L]",,,,ml,5000,0,GST,299.2600,GST,0,1,,,,1,1,,,,1,,1,Individual,1,UNIT,
20487788,,"Mr Black Coffee Liqueur [Bottle]",,,,ml,700,0,GST,38.2900,GST,0,1,,,,0,0,,,,1,,1,Individual,1,UNIT,
20487789,,"No Anchovies",,,,unit,1,0,GST,0.0000,GST,1,1,,,1,0,0,,,,1,,,Individual,1,UNIT,
20487807,,"No Bacon",,,,unit,1,0,GST,0.0000,GST,1,1,,,1,0,0,,,,1,,,Individual,1,UNIT,
20487808,,"No BBQ Sauce",,,,unit,1,0,GST,0.0000,GST,1,1,,,1,0,0,,,,1,,,Individual,1,UNIT,
20487803,,"No Gravy",,,,unit,1,0,GST,0.0000,GST,1,1,,,1,0,0,,,,1,,,Individual,1,UNIT,
20487800,,"No Potato",,,,unit,1,0,GST,0.0000,GST,1,1,,,1,0,0,,,,1,,,Individual,1,UNIT,
20487802,,"No Rosemary",,,,unit,1,0,GST,0.0000,GST,1,1,,,1,0,0,,,,1,,,Individual,1,UNIT,
20487783,,"No Spiced Mayo",,,,unit,1,0,GST,0.0000,GST,1,1,,,1,0,0,,,,1,,,Individual,1,UNIT,
20487842,,"Choya Golden Umeshu [Bottle]",,,,ml,650,0,GST,0.0000,GST,0,1,,,1,0,0,,,,1,,,Individual,,UNIT,
20487836,,"Monkey Shoulder Scotch [Bottle]",,,,ml,700,0,GST,55.3200,GST,0,1,,,0,1,1,,,,1,,1,Individual,,UNIT,
20487812,,"Myer's Jamaican Rum [Bottle]",,,,ml,1000,0,GST,61.0600,GST,0,1,,,0,1,1,,,,1,,1,Individual,,UNIT,
20487829,,"Never Never Oyster Shell Gin [Bottle]",,,,ml,750,0,GST,69.5000,GST,0,1,,,0,1,1,,,,1,,1,Individual,,UNIT,
20487809,,"No BBQ Chicken",,,,unit,1,0,GST,0.0000,GST,1,1,,,1,0,0,,,,1,,,Individual,1,UNIT,
20487868,,"No Cheese",,,,unit,1,0,GST,0.0000,GST,1,1,,,1,0,0,,,,1,,,Individual,1,UNIT,
20487830,,"No Parmesan",,,,unit,1,0,GST,0.0000,GST,1,1,,,1,0,0,,,,1,,,Individual,1,UNIT,
20487810,,"No Tomato Base",,,,unit,1,0,GST,0.0000,GST,1,1,,,1,0,0,,,,1,,,Individual,1,UNIT,
20487889,,"Oscar.697 Bianco Vermouth [Bottle]",,,,ml,750,0,GST,42.6700,GST,0,1,,,0,1,1,,,,1,,1,Individual,,UNIT,
20487875,,"Philter Red [Keg]",,,,ml,50000,0,GST,290.4000,GST,0,1,,,0,1,1,,,,1,,1,Individual,,UNIT,
20487971,,"Add Bocconcini",,,,unit,1,2,GST,0.0000,GST,1,1,,,1,0,0,,"Add-ons - Pizza",,1,,,Individual,1,UNIT,
20487949,,"Appleton Rum [Bottle]",,,,ml,700,0,GST,51.2900,GST,0,1,,,,1,1,,,,1,,1,Individual,1,UNIT,
20487897,,"Oscar.697 Rosso Vermouth [Bottle]",,,,ml,750,0,GST,29.3000,GST,0,1,,,0,1,1,,,,1,,1,Individual,,UNIT,
20487923,,"Patron Reposado [Bottle]",,,,ml,700,0,GST,80.2500,GST,0,1,,,0,1,1,,,,1,,1,Individual,1,UNIT,
20487926,,"Patron Silver [Bottle]",,,,ml,700,0,GST,75.0300,GST,0,1,,,0,1,1,,,,1,,1,Individual,,UNIT,
20487938,,"Philter XPA [Keg]",,,,ml,50000,0,GST,263.1200,GST,0,1,,,0,1,1,,,,1,,1,Individual,,UNIT,
20487946,,"Plantation 3 Stars White Rum [Bottle]",,,,ml,700,0,GST,60.8300,GST,0,1,,,0,1,1,,,,1,,1,Individual,,UNIT,
20487958,,"Poor Tom's Strawberry Gin [Bottle]",,,,ml,700,0,GST,66.6100,GST,0,1,,,0,1,1,,,,1,,1,Individual,,UNIT,
20487972,,"Quiquiriqui Mezcal [Bottle]",,,,ml,700,0,GST,78.5900,GST,0,1,,,0,1,1,,,,1,,1,Individual,,UNIT,
20487969,,"Vegan Cheese [Pizza]",,,,unit,1,3,GST,0.0000,GST,1,1,,,1,0,0,,"Add-ons - Pizza",,1,,,Individual,1,UNIT,
20487978,,"Add BBQ Sauce",,,,unit,1,0,GST,0.0000,GST,1,1,,,1,0,0,,"Add-ons - Pizza",,1,,,Individual,1,UNIT,
20487973,,"Add Extra Cheese",,,,unit,1,3,GST,0.0000,GST,1,1,,,1,0,0,,"Add-ons - Pizza",,1,,,Individual,1,UNIT,
20487974,,"Add Fetta",,,,unit,1,2,GST,0.0000,GST,1,1,,,1,0,0,,"Add-ons - Pizza",,1,,,Individual,1,UNIT,
20487982,,"Add Garlic Base",,,,unit,1,1,GST,0.0000,GST,1,1,,,1,0,0,,"Add-ons - Pizza",,1,,,Individual,1,UNIT,
20487984,,"Add Minted Yoghurt",,,,unit,1,1,GST,0.0000,GST,1,1,,,1,0,0,,"Add-ons - Pizza",,1,,,Individual,1,UNIT,
20487985,,"Add Pesto",,,,unit,1,1,GST,0.0000,GST,1,1,,,1,0,0,,"Add-ons - Pizza",,1,,,Individual,1,UNIT,
20487987,,"Add Pesto Base",,,,unit,1,1,GST,0.0000,GST,1,1,,,1,0,0,,"Add-ons - Pizza",,1,,,Individual,1,UNIT,
20487992,,"Add Sour Cream",,,,unit,1,1,GST,0.0000,GST,1,1,,,1,0,0,,"Add-ons - Pizza",,1,,,Individual,1,UNIT,
20487977,,"Redbreast 12yr [Bottle]",,,,ml,700,0,GST,119.1100,GST,0,1,,,0,1,1,,,,1,,1,Individual,,UNIT,
20487991,,"Regal Rogue Wild Rosé Vermouth [500ml]",,,,ml,500,0,GST,34.1200,GST,0,1,,,1,0,0,,,,1,,,Individual,,UNIT,
20487999,,"Add Artichoke Heart",,,,unit,1,1,GST,0.0000,GST,1,1,,,1,0,0,,"Add-ons - Pizza",,1,,,Individual,1,UNIT,
20487993,,"Add Basil",,,,unit,1,1,GST,0.0000,GST,1,1,,,1,0,0,,"Add-ons - Pizza",,1,,,Individual,1,UNIT,
20488002,,"Add Capsicum",,,,unit,1,1,GST,0.0000,GST,1,1,,,1,0,0,,"Add-ons - Pizza",,1,,,Individual,1,UNIT,
20488004,,"Add Cherry Tomatoes",,,,unit,1,1,GST,0.0000,GST,1,1,,,1,0,0,,"Add-ons - Pizza",,1,,,Individual,1,UNIT,
20487995,,"Add Coriander",,,,unit,1,1,GST,0.0000,GST,1,1,,,1,0,0,,"Add-ons - Pizza",,1,,,Individual,1,UNIT,
20488007,,"Add Corn",,,,unit,1,0.5,GST,0.0000,GST,1,1,,,1,0,0,,"Add-ons - Pizza",,1,,,Individual,1,UNIT,
20488011,,"Add Eggplant",,,,unit,1,1,GST,0.0000,GST,1,1,,,1,0,0,,"Add-ons - Pizza",,1,,,Individual,1,UNIT,
20488013,,"Add Mushrooms",,,,unit,1,0,GST,0.0000,GST,1,1,,,1,0,0,,"Add-ons - Pizza",,1,,,Individual,1,UNIT,
20487997,,"Add Oregano",,,,unit,1,0,GST,0.0000,GST,1,1,,,1,0,0,,"Add-ons - Pizza",,1,,,Individual,1,UNIT,
20488005,,"Zacapa Centenario 23yr [Bottle]",,,,ml,700,0,GST,97.1500,GST,0,1,,,0,1,1,,,,1,,1,Individual,,UNIT,
20488031,,"Add Anchovies",,,,unit,1,1,GST,0.0000,GST,1,1,,,1,0,0,,"Add-ons - Pizza",,1,,,Individual,1,UNIT,
20488014,,"Add Olives",,,,unit,1,1,GST,0.0000,GST,1,1,,,1,0,0,,"Add-ons - Pizza",,1,,,Individual,1,UNIT,
20488015,,"Add Onion",,,,unit,1,0,GST,0.0000,GST,1,1,,,1,0,0,,"Add-ons - Pizza",,1,,,Individual,1,UNIT,
20488016,,"Add Pineapple",,,,unit,1,1,GST,0.0000,GST,1,1,,,1,0,0,,"Add-ons - Pizza",,1,,,Individual,1,UNIT,
20488017,,"Add Pumpkin",,,,unit,1,1,GST,0.0000,GST,1,1,,,1,0,0,,"Add-ons - Pizza",,1,,,Individual,1,UNIT,
20488018,,"Add Rocket",,,,unit,1,1,GST,0.0000,GST,1,1,,,1,0,0,,"Add-ons - Pizza",,1,,,Individual,1,UNIT,
20488020,,"Add Shallots",,,,unit,1,0.5,GST,0.0000,GST,1,1,,,1,0,0,,"Add-ons - Pizza",,1,,,Individual,1,UNIT,
20488024,,"Add Sliced Tomatoes",,,,unit,1,1,GST,0.0000,GST,1,1,,,1,0,0,,"Add-ons - Pizza",,1,,,Individual,1,UNIT,
20488026,,"Add Spanish Onion",,,,unit,1,1,GST,0.0000,GST,1,1,,,1,0,0,,"Add-ons - Pizza",,1,,,Individual,1,UNIT,
20488028,,"Add Sun-dried Tomatoes",,,,unit,1,1,GST,0.0000,GST,1,1,,,1,0,0,,"Add-ons - Pizza",,1,,,Individual,1,UNIT,
20488041,,"Add Bacon",,,,unit,1,2,GST,0.0000,GST,1,1,,,1,0,0,,"Add-ons - Pizza",,1,,,Individual,1,UNIT,
20488055,,"Add Calabrese",,,,unit,1,2,GST,0.0000,GST,1,1,,,1,0,0,,"Add-ons - Pizza",,1,,,Individual,1,UNIT,
20488038,,"Add Chicken",,,,unit,1,2,GST,0.0000,GST,1,1,,,1,0,0,,"Add-ons - Pizza",,1,,,Individual,1,UNIT,
20488046,,"Add Ham",,,,unit,1,1,GST,0.0000,GST,1,1,,,1,0,0,,"Add-ons - Pizza",,1,,,Individual,1,UNIT,
20488051,,"Add Pepperoni",,,,unit,1,2,GST,0.0000,GST,1,1,,,1,0,0,,"Add-ons - Pizza",,1,,,Individual,1,UNIT,
20488034,,"Add Prawns",,,,unit,1,3,GST,0.0000,GST,1,1,,,1,0,0,,"Add-ons - Pizza",,1,,,Individual,1,UNIT,
20488053,,"Add Prosciutto",,,,unit,1,2,GST,0.0000,GST,1,1,,,1,0,0,,"Add-ons - Pizza",,1,,,Individual,1,UNIT,
20488040,,"Add Tandoori Chicken",,,,unit,1,2,GST,0.0000,GST,1,1,,,1,0,0,,"Add-ons - Pizza",,1,,,Individual,1,UNIT,
20488066,,"Grifter Serpents Kiss Can",,,,unit,1,10,GST,3.0800,GST,0,1,,,1,1,1,,"Delivery Alcohol",,1,,1,Crates,24,UNIT,
20488033,,"Seadrift Coast [Bottle]",,,,ml,700,0,GST,37.5000,GST,0,1,,,0,1,1,,,,1,,1,Individual,,UNIT,
20492640,,"Chartreuse Yellow [Bottle]",,,,ml,750,0,GST,76.0900,GST,0,1,,,0,1,1,,,,1,,1,Individual,,UNIT,
20492688,,"Disaronno [Bottle]",,,,ml,750,0,GST,43.3400,GST,0,1,,,0,1,1,,,,1,,1,Individual,,UNIT,
20492689,,"Domaine de Canton Ginger Liqueur [Bottle]",,,,ml,750,0,GST,48.9400,GST,0,1,,,0,1,1,,,,1,,1,Individual,,UNIT,
20492690,,"Italicus Bergamot Liqueur [Bottle]",,,,ml,700,0,GST,66.4800,GST,0,1,,,0,1,1,,,,1,,1,Individual,,UNIT,
20492685,,"Lyre's Italian Spritz [Bottle]",,,,ml,700,0,GST,35.7500,GST,0,1,,,,0,0,,,,1,,1,Individual,1,UNIT,
20492642,,"Massenez Wild Strawberry [750ml]",,,,ml,750,0,GST,38.0200,GST,0,1,,,1,1,1,,,,1,,1,Individual,,UNIT,
20492630,,"St. Germain Elderflower Liqueur [Bottle]",,,,ml,750,0,GST,48.9400,GST,0,1,,,0,1,1,,,,1,,1,Individual,,UNIT,
20492634,,"Status Quo [Keg]",,,,ml,50000,0,GST,365.2000,GST,0,1,,,0,1,1,,,,1,,1,Individual,,UNIT,
20492637,,"Stone & Wood [Keg]",,,,ml,50000,0,GST,385.1100,GST,0,1,,,,1,1,,,,1,,1,Individual,1,UNIT,
20492687,,"Vinada Sparking Rosé [Bottle]",,,,ml,750,0,GST,12.5600,GST,0,1,,,0,1,1,,,,1,,1,Crates,6,UNIT,
20492707,,"Chambord [Bottle]",,,,ml,700,0,GST,50.7300,GST,0,1,,,0,1,1,,,,1,,1,Individual,,UNIT,
20492716,,"John D. Taylor's Velvet Falernum [Bottle]",,,,ml,750,0,GST,34.9900,GST,0,1,,,0,1,1,,,,1,,1,Individual,,UNIT,
20492692,,"Massenez Cacao Blanc [750ml]",,,,ml,750,0,GST,47.2700,GST,0,1,,,0,1,1,,,,1,,1,Individual,1,UNIT,
20492694,,"Tanqueray 10 [Bottle]",,,,ml,700,0,GST,71.9000,GST,0,1,,,0,1,1,,,,1,,1,Individual,,UNIT,
20492697,,"Tequila Ocho Anejo [Bottle]",,,,ml,700,0,GST,99.0000,GST,0,1,,,0,1,1,,,,1,,1,Individual,,UNIT,
20492699,,"Tilde Raw Vodka [Bottle]",,,,ml,700,0,GST,59.0000,GST,0,1,,,0,1,1,,,,1,,1,Individual,,UNIT,
20492701,,"Tito's Vodka [Bottle]",,,,ml,700,0,GST,61.9300,GST,0,1,,,0,1,1,,,,1,,1,Individual,,UNIT,
20492747,,"Wolf Lane Navy Gin [Bottle]",,,,ml,700,0,GST,77.4000,GST,0,1,,,0,1,1,,,,1,,1,Individual,,UNIT,
20492724,,"Wray & Nephew's OR Rumbar OP Rum",,,,ml,700,0,GST,0.0000,GST,0,1,,,1,0,0,,,,1,,,,,UNIT,
20492750,,"Wray & Nephew's OR Rumbar OP Rum [Bottle]",,,,ml,700,0,GST,95.4500,GST,0,1,,,0,1,1,,,,1,,1,Individual,,UNIT,
20492757,,"Cointreau [Bottle]",,,,ml,700,0,GST,49.9500,GST,0,1,,,0,1,1,,,,1,,1,Individual,,UNIT,
20496146,,"Old Panther - Pint",,,,unit,1,16.5,GST,0.0000,GST,0,1,,,1,,,,"Tap Beer",,1,,,,,UNIT,
20496145,,"Old Panther - Schooner",,,,unit,1,12.5,GST,0.0000,GST,0,1,,,1,0,0,,"Tap Beer",,1,,,,,UNIT,
20496148,,"Old Panther [Keg]",,,,ml,50000,0,GST,306.0000,GST,0,1,,,0,1,1,,,,1,,1,Individual,,UNIT,
20492751,,"Yamazaki 12yr [Bottle]",,,,ml,700,0,GST,284.8400,GST,0,1,,,0,1,1,,,,1,,1,Individual,,UNIT,
20501278,,"Amarretto Sour",,,,unit,1,21,GST,0.0000,GST,0,1,,COCKTAILS,1,0,0,,"Cocktails - Classic",,1,,,,,UNIT,
20501281,,Americano,,,,unit,1,21,GST,0.0000,GST,0,1,,COCKTAILS,1,0,0,,"Cocktails - Classic",,1,,,,,UNIT,
20501282,,Aviation,,,,unit,1,21,GST,0.0000,GST,0,1,,COCKTAILS,1,0,0,,"Cocktails - Classic",,1,,,,,UNIT,
20501283,,Bramble,,,,unit,1,21,GST,0.0000,GST,0,1,,COCKTAILS,1,0,0,,"Cocktails - Classic",,1,,,,,UNIT,
20492853,,"Gluten-free Garlic Cheese Pizza",,,,unit,1,18.5,GST,0.0000,GST,0,1,,MARILYNA'S,1,0,0,,"Marilyna's Pizza",,1,,,Individual,1,UNIT,
20501284,,"Bloody Mary",,,,unit,1,23,GST,0.0000,GST,0,1,,COCKTAILS,1,0,0,,"Cocktails - Classic",,1,,,,,UNIT,
20501285,,Brooklyn,,,,unit,1,21,GST,0.0000,GST,0,1,,COCKTAILS,1,0,0,,"Cocktails - Classic",,1,,,,,UNIT,
20501287,,Caipirinha,,,,unit,1,21,GST,0.0000,GST,0,1,,COCKTAILS,1,0,0,,"Cocktails - Classic",,1,,,,,UNIT,
20501289,,"Campari Spritz",,,,unit,1,20,GST,0.0000,GST,0,1,,COCKTAILS,1,0,0,,"Cocktails - Classic",,1,,,,,UNIT,
20501290,,Caprioska,,,,unit,1,20,GST,0.0000,GST,0,1,,COCKTAILS,1,0,0,,"Cocktails - Classic",,1,,,,,UNIT,
20501292,,"Charlie Chaplin",,,,unit,1,20,GST,0.0000,GST,0,1,,COCKTAILS,1,0,0,,"Cocktails - Classic",,1,,,,,UNIT,
20501293,,"Corpse Reviver No. 2",,,,unit,1,21,GST,0.0000,GST,0,1,,COCKTAILS,1,0,0,,"Cocktails - Classic",,1,,,,,UNIT,
20501295,,Cosmo,,,,unit,1,20,GST,0.0000,GST,0,1,,COCKTAILS,1,0,0,,"Cocktails - Classic",,1,,,,,UNIT,
20501297,,"French Martini",,,,unit,1,20,GST,0.0000,GST,0,1,,COCKTAILS,1,0,0,,"Cocktails - Classic",,1,,,,,UNIT,
20501300,,"Last Word",,,,unit,1,21,GST,0.0000,GST,0,1,,COCKTAILS,1,0,0,,"Cocktails - Classic",,1,,,,,UNIT,
20501301,,"Long Island Iced Tea",,,,unit,1,23,GST,0.0000,GST,0,1,,COCKTAILS,1,0,0,,"Cocktails - Classic",,1,,,,,UNIT,
20501302,,"Mai Tai",,,,unit,1,22,GST,0.0000,GST,0,1,,COCKTAILS,1,0,0,,"Cocktails - Classic",,1,,,,,UNIT,
20501303,,Martinez,,,,unit,1,21,GST,0.0000,GST,0,1,,COCKTAILS,1,0,0,,"Cocktails - Classic",,1,,,,,UNIT,
20501304,,Mojito,,,,unit,1,21,GST,0.0000,GST,0,1,,COCKTAILS,1,0,0,,"Cocktails - Classic",,1,,,,,UNIT,
20501306,,"Moscow Mule",,,,unit,1,21,GST,0.0000,GST,0,1,,COCKTAILS,1,0,0,,"Cocktails - Classic",,1,,,,,UNIT,
20501308,,"Pimm's Cup",,,,unit,1,21,GST,0.0000,GST,0,1,,COCKTAILS,1,0,0,,"Cocktails - Classic",,1,,,,,UNIT,
20501309,,"Pisco Sour",,,,unit,1,21,GST,0.0000,GST,0,1,,COCKTAILS,1,,,,"Cocktails - Classic",,1,,,,,UNIT,
20501310,,"Pornstar Martini",,,,unit,1,22,GST,0.0000,GST,0,1,,COCKTAILS,1,0,0,,"Cocktails - Classic",,1,,,,,UNIT,
20501311,,"Sbagliato Negroni",,,,unit,1,21,GST,0.0000,GST,0,1,,COCKTAILS,1,0,0,,"Cocktails - Classic",,1,,,,,UNIT,
20501312,,Sidecar,,,,unit,1,21,GST,0.0000,GST,0,1,,COCKTAILS,1,0,0,,"Cocktails - Classic",,1,,,,,UNIT,
20512419,,"Brookie's Slow Gin [Bottle]",,,,ml,700,0,GST,57.9400,GST,0,1,,,0,1,1,,,,1,,1,Individual,,UNIT,
20512408,,"Germano Caetano Cachaça [Bottle]",,,,ml,1000,0,GST,44.7800,GST,0,1,,,0,1,1,,,,1,,1,Individual,,UNIT,
20512418,,"Joseph Cartron Apricot Brandy [Bottle]",,,,ml,750,0,GST,39.5100,GST,0,1,,,0,1,1,,,,1,,1,Individual,1,UNIT,
20512429,,"Lillet Blanc Aperitif [Bottle]",,,,ml,750,0,GST,27.8000,GST,0,1,,,0,1,1,,,,1,,1,Individual,,UNIT,
20512320,,"Luxardo Maraschino [Bottle]",,,,ml,750,0,GST,51.4200,GST,0,1,,,0,1,1,,,,1,,1,Individual,,UNIT,
20512316,,"Tempus Fugit Violette [Bottle]",,,,ml,750,0,GST,64.0000,GST,0,1,,,0,1,1,,,,1,,1,Individual,1,UNIT,
20501313,,Southside,,,,unit,1,21,GST,0.0000,GST,0,1,,COCKTAILS,1,0,0,,"Cocktails - Classic",,1,,,,,UNIT,
20501315,,"Tom Collins",,,,unit,1,20,GST,0.0000,GST,0,1,,COCKTAILS,1,0,0,,"Cocktails - Classic",,1,,,,,UNIT,
20501317,,"Vesper Martini",,,,unit,1,22,GST,0.0000,GST,0,1,,COCKTAILS,1,0,0,,"Cocktails - Classic",,1,,,,,UNIT,
20501318,,"Whisky Sour",,,,unit,1,21,GST,0.0000,GST,0,1,,COCKTAILS,1,0,0,,"Cocktails - Classic",,1,,,Individual,1,UNIT,
20512731,,"Barsol Pisco [Bottle]",,,,ml,700,0,GST,0.0000,GST,0,1,,,,0,0,,,,1,,1,Individual,1,UNIT,
20512452,,"Bols Genever [Bottle]",,,,ml,700,0,GST,45.3100,GST,0,1,,,0,1,1,,,,1,,1,Individual,,UNIT,
20512442,,"Chartreuse Green [Bottle]",,,,ml,700,0,GST,0.0000,GST,0,1,,,1,0,0,,,,1,,,Individual,,UNIT,
20556511,,"Easy Sauce",,,,unit,1,0,GST,0.0000,GST,1,1,,,1,0,0,,,,1,,,Individual,1,UNIT,
20556501,,"Extra Slider",,,,unit,1,9,GST,0.0000,GST,1,1,,,1,0,0,,"Add-ons - Kitchen",,1,,,Individual,1,UNIT,
20512432,,"Pernod Absinthe [Bottle]",,,,ml,700,0,GST,0.0000,GST,0,1,,,0,1,1,,,,1,,1,Individual,,UNIT,
20512724,,"Pimm's Aperitif [Bottle]",,,,ml,700,0,GST,35.1700,GST,0,1,,,,0,0,,,,1,,1,Individual,1,UNIT,
20512800,,"St. Remy Brandy [Bottle]",,,,ml,700,0,GST,38.3200,GST,0,1,,,0,1,1,,,,1,,1,Individual,,UNIT,
20516876,,"Coco Marg Duo (2)",,,,unit,1,26,GST,0.0000,GST,0,1,,"MARILYNA'S DRINKS",1,0,0,,"Delivery Cocktails",,1,,,,,UNIT,
20512762,,"Stow Vermouth Blend [30ml]",,,,unit,1,12,GST,0.0000,GST,0,1,,SPIRITS,1,0,0,,"Amaro / Aperitif / Fortified Wine",,1,,,,,UNIT,
20557674,,"Dressing on the Side",,,,unit,1,0,GST,0.0000,GST,1,1,,,1,0,0,,,,1,,,Individual,1,UNIT,
20557660,,"Make It A Burrito Bowl [gluten-free]",,,,unit,1,0,GST,0.0000,GST,1,1,,,1,0,0,,,,1,,,Individual,1,UNIT,
20557673,,"Make it Vegan",,,,unit,1,0,GST,0.0000,GST,1,1,,,1,0,0,,,,1,,,Individual,1,UNIT,
20557681,,"Make it Vegan [use vegan cheese]",,,,unit,1,0,GST,0.0000,GST,1,1,,,1,0,0,,,,1,,,Individual,1,UNIT,
20556512,,"No Garnish",,,,unit,1,0,GST,0.0000,GST,1,1,,,1,0,0,,,,1,,,Individual,1,UNIT,
20557684,,"Remove Prosciutto",,,,unit,1,0,GST,0.0000,GST,1,1,,,1,0,0,,,,1,,,Individual,1,UNIT,
20557676,,"Swap Gravy for Aioli",,,,unit,1,0,GST,0.0000,GST,1,1,,,1,0,0,,,,1,,,Individual,1,UNIT,
20557677,,"Swap Gravy for BBQ Sauce",,,,unit,1,0,GST,0.0000,GST,1,1,,,1,0,0,,,,1,,,Individual,1,UNIT,
20557678,,"Swap Gravy for Tomato Sauce",,,,unit,1,0,GST,0.0000,GST,1,1,,,1,0,0,,,,1,,,Individual,1,UNIT,
20557651,,"Vegan Cheese [make it dairy-free]",,,,unit,1,0,GST,0.0000,GST,1,1,,,1,0,0,,,,1,,,Individual,1,UNIT,
20557771,,"Make it Dairy-free [vg bun & no cheese]",,,,unit,1,0,GST,0.0000,GST,1,1,,,1,0,0,,,,1,,,Individual,1,UNIT,
20557772,,"Make it Gluten-free & Dairy-free [lettuce cup & sweet pot. fries]",,,,unit,1,0,GST,0.0000,GST,1,1,,,1,0,0,,,,1,,,Individual,1,UNIT,
20557719,,"Make it Gluten-free [gf/vg bun w sweet pot. fries",,,,unit,1,0,GST,0.0000,GST,1,1,,,1,0,0,,,,1,,,Individual,1,UNIT,
20557720,,"Make it Gluten-free [gf/vg bun w sweet pot. fries]",,,,unit,1,0,GST,0.0000,GST,1,1,,,1,0,0,,,,1,,,Individual,1,UNIT,
20557690,,"Remove Cheese",,,,unit,1,0,GST,0.0000,GST,1,1,,,1,0,0,,,,1,,,Individual,1,UNIT,
20557692,,"Remove Cheese [make it dairy-free]",,,,unit,1,0,GST,0.0000,GST,1,1,,,1,0,0,,,,1,,,Individual,1,UNIT,
20557687,,"Remove Confit Tomato Sauce",,,,unit,1,0,GST,0.0000,GST,1,1,,,1,0,0,,,,1,,,Individual,1,UNIT,
20557704,,"Swap Tartar for Aioli",,,,unit,1,0,GST,0.0000,GST,1,1,,,1,0,0,,,,1,,,Individual,1,UNIT,
20557705,,"Swap Tartar for BBQ Sauce",,,,unit,1,0,GST,0.0000,GST,1,1,,,1,0,0,,,,1,,,Individual,1,UNIT,
20557707,,"Swap Tartar for Tomato Sauce",,,,unit,1,0,GST,0.0000,GST,1,1,,,1,0,0,,,,1,,,Individual,1,UNIT,
20557851,,"Add Cheese",,,,unit,1,2,GST,0.0000,GST,1,1,,,1,0,0,,"Add-ons - Kitchen",,1,,,Individual,1,UNIT,
20557862,,"Add Grilled Chicken",,,,unit,1,5,GST,0.0000,GST,1,1,,,1,0,0,,"Add-ons - Kitchen",,1,,,Individual,1,UNIT,
20557780,,"Extra Cheese Slice",,,,unit,1,2,GST,0.0000,GST,1,1,,,1,0,0,,"Add-ons - Kitchen",,1,,,Individual,1,UNIT,
20557774,,"Extra Patty",,,,unit,1,6,GST,0.0000,GST,1,1,,,1,0,0,,"Add-ons - Kitchen",,1,,,Individual,1,UNIT,
20557842,,"Make it Dairy-free [vg bun]",,,,unit,1,0,GST,0.0000,GST,1,1,,,1,0,0,,,,1,,,Individual,1,UNIT,
20557843,,"No Buffalo Aioli",,,,unit,1,0,GST,0.0000,GST,1,1,,,1,0,0,,,,1,,,Individual,1,UNIT,
20557779,,"No Burger Sauce",,,,unit,1,0,GST,0.0000,GST,1,1,,,1,0,0,,,,1,,,Individual,1,UNIT,
20557777,,"No Lettuce",,,,unit,1,0,GST,0.0000,GST,1,1,,,1,0,0,,,,1,,,Individual,1,UNIT,
20557775,,"No Pickle",,,,unit,1,0,GST,0.0000,GST,1,1,,,1,0,0,,,,1,,,Individual,1,UNIT,
20557776,,"No Tomato",,,,unit,1,0,GST,0.0000,GST,1,1,,,1,0,0,,,,1,,,Individual,1,UNIT,
20557865,,"Add Fried Cauliflower",,,,unit,1,0,GST,0.0000,GST,1,1,,,1,0,0,,"Add-ons - Kitchen",,1,,,Individual,1,UNIT,
20557863,,"Add Grilled Fish",,,,unit,1,5,GST,0.0000,GST,1,1,,,1,0,0,,"Add-ons - Kitchen",,1,,,Individual,1,UNIT,
20557884,,"Add Parmesan",,,,unit,1,0,GST,0.0000,GST,1,1,,,1,0,0,,"Add-ons - Kitchen",,1,,,Individual,1,UNIT,
20557864,,"Add Pulled Beef Brisket",,,,unit,1,5,GST,0.0000,GST,1,1,,,1,0,0,,"Add-ons - Kitchen",,1,,,Individual,1,UNIT,
20557867,,"Add Pulled Mushroom",,,,unit,1,5,GST,0.0000,GST,1,1,,,1,0,0,,"Add-ons - Kitchen",,1,,,Individual,1,UNIT,
20557887,,"Double-scoop of Icecream",,,,unit,1,3.5,GST,0.0000,GST,1,1,,,1,0,0,,"Add-ons - Kitchen",,1,,,Individual,1,UNIT,
20557885,,"No Cheese [dairy-free]",,,,unit,1,0,GST,0.0000,GST,1,1,,,1,0,0,,,,1,,,Individual,1,UNIT,
20557868,,"No Dressing",,,,unit,1,0,GST,0.0000,GST,1,1,,,1,0,0,,,,1,,,Individual,1,UNIT,
20557877,,"Send Kids Food ASAP",,,,unit,1,0,GST,0.0000,GST,1,1,,,1,0,0,,,,1,,,Individual,1,UNIT,
20557880,,"Send Kids Food With Mains",,,,unit,1,0,GST,0.0000,GST,1,1,,,1,0,0,,,,1,,,Individual,1,UNIT,
20557892,,"Add Chilli",,,,unit,1,0,GST,0.0000,GST,1,1,,,1,0,0,,"Add-ons - Pizza",,1,,,Individual,1,UNIT,
20557896,,"Add Egg",,,,unit,1,0,GST,0.0000,GST,1,1,,,1,0,0,,"Add-ons - Pizza",,1,,,Individual,1,UNIT,
20564775,,"Coasters [2x]",,,,unit,1,1,GST,0.0000,GST,1,1,,,1,0,0,,"Delivery Alcohol",,1,,,Individual,1,UNIT,
20564792,,"Coasters [6x]",,,,unit,1,3,GST,0.0000,GST,1,1,,,1,0,0,,"Delivery Alcohol",,1,,,Individual,1,UNIT,
20557891,,"Extra Mozzarella",,,,unit,1,2,GST,0.0000,GST,1,1,,,1,0,0,,"Add-ons - Pizza",,1,,,Individual,1,UNIT,
20564855,,"Fever-Tree Light Tonic [mixer]",,,,unit,1,2.5,GST,0.0000,GST,1,1,,,1,0,0,,"Add-ons - Bar",,1,,,Individual,1,UNIT,
20564857,,"Fever-Tree Mediterannean  [mixer]",,,,unit,1,2.5,GST,0.0000,GST,1,1,,,1,0,0,,"Add-ons - Bar",,1,,,Individual,1,UNIT,
20564787,,"Garnishes [2x]",,,,unit,1,0,GST,0.0000,GST,1,1,,,1,0,0,,"Delivery Cocktails",,1,,,Individual,1,UNIT,
20564793,,"Garnishes [6x]",,,,unit,1,6,GST,0.0000,GST,1,1,,,1,0,0,,"Delivery Cocktails",,1,,,Individual,1,UNIT,
20564860,,"Ginger Beer [mixer]",,,,unit,1,0,GST,0.0000,GST,1,1,,,1,0,0,,,,1,,,Individual,1,UNIT,
20564881,,Cucumber,,,,unit,1,0,GST,0.0000,GST,1,1,,,1,0,0,,,,1,,,Individual,1,UNIT,
20564880,,Cucumber,,,,unit,1,0,GST,0.0000,GST,1,1,,,1,0,0,,,,1,,,Individual,1,UNIT,
20564862,,"Dry Ginger Ale [mixer]",,,,unit,1,0,GST,0.0000,GST,1,1,,,1,0,0,,,,1,,,Individual,1,UNIT,
20564869,,Lemon,,,,g,200,0,GST,0.0000,GST,1,1,,,1,0,0,,,,1,,,Individual,1,UNIT,
20564868,,Lime,,,,unit,1,0,GST,0.0000,GST,1,1,,,1,0,0,,,,1,,,Individual,1,UNIT,
20564896,,"One Ice Block",,,,unit,1,0,GST,0.0000,GST,1,1,,,1,0,0,,,,1,,,Individual,1,UNIT,
20564870,,Orange,,,,unit,1,0,GST,0.0000,GST,1,1,,,1,0,0,,,,1,,,Individual,1,UNIT,
20564898,,"Splash of Water",,,,unit,1,0,GST,0.0000,GST,1,1,,,1,0,0,,,,1,,,Individual,1,UNIT,
20564996,,"Large Hail Africa",,,,unit,1,27,GST,0.0000,GST,0,1,FOOD,MARILYNA'S,1,0,0,,"Marilyna's Pizza",,1,,,Individual,1,UNIT,
20564994,,"Regular Hail Africa",,,,unit,1,20,GST,0.0000,GST,0,1,FOOD,MARILYNA'S,1,0,0,,"Marilyna's Pizza",,1,,,Individual,1,UNIT,
20564998,,"Gluten-free Hail Africa",,,,unit,1,25,GST,0.0000,GST,0,1,FOOD,MARILYNA'S,1,0,0,,"Marilyna's Pizza",,1,,,Individual,1,UNIT,
20565001,,"Gluten-free Little Italy",,,,unit,1,24,GST,0.0000,GST,0,1,FOOD,MARILYNA'S,1,0,0,,"Marilyna's Pizza",,1,,,Individual,1,UNIT,
20565005,,"Gluten-free New Yorker",,,,unit,1,24,GST,0.0000,GST,0,1,FOOD,MARILYNA'S,1,0,0,,"Marilyna's Pizza",,1,,,Individual,1,UNIT,
20565015,,"Gluten-free No Chorizo, No Cry",,,,unit,1,24,GST,0.0000,GST,0,1,FOOD,MARILYNA'S,1,0,0,,"Marilyna's Pizza",,1,,,Individual,1,UNIT,
20565003,,"Large Little Italy",,,,unit,1,27,GST,0.0000,GST,0,1,FOOD,MARILYNA'S,1,0,0,,"Marilyna's Pizza",,1,,,Individual,1,UNIT,
20565009,,"Large New Yorker",,,,unit,1,27,GST,0.0000,GST,0,1,FOOD,MARILYNA'S,1,0,0,,"Marilyna's Pizza",,1,,,Individual,1,UNIT,
20565021,,"Large No Chorizo, No Cry",,,,unit,1,27,GST,0.0000,GST,0,1,FOOD,MARILYNA'S,1,0,0,,"Marilyna's Pizza",,1,,,Individual,1,UNIT,
20565000,,"Regular Little Italy",,,,unit,1,19.5,GST,0.0000,GST,0,1,FOOD,MARILYNA'S,1,0,0,,"Marilyna's Pizza",,1,,,Individual,1,UNIT,
20565011,,"Regular New Yorker",,,,unit,1,19.5,GST,0.0000,GST,0,1,FOOD,MARILYNA'S,1,0,0,,"Marilyna's Pizza",,1,,,Individual,1,UNIT,
20565022,,"Regular No Chorizo, No Cry",,,,unit,1,19.5,GST,0.0000,GST,0,1,FOOD,MARILYNA'S,1,0,0,,"Marilyna's Pizza",,1,,,Individual,1,UNIT,
20565029,,"Gluten-free Sanchez VEGAN",,,,unit,1,25,GST,0.0000,GST,0,1,FOOD,MARILYNA'S,1,0,0,,"Marilyna's Pizza",,1,,,Individual,1,UNIT,
20565071,,"Gluten-free Truffalo Soldier",,,,unit,1,24,GST,0.0000,GST,0,1,FOOD,MARILYNA'S,1,0,0,,"Marilyna's Pizza",,1,,,Individual,1,UNIT,
20565075,,"Gluten-free Uber Margherita",,,,unit,1,24,GST,0.0000,GST,0,1,FOOD,MARILYNA'S,1,0,0,,"Marilyna's Pizza",,1,,,Individual,1,UNIT,
20565027,,"Large Sanchez VEGAN",,,,unit,1,27,GST,0.0000,GST,0,1,FOOD,MARILYNA'S,1,0,0,,"Marilyna's Pizza",,1,,,Individual,1,UNIT,
20565068,,"Large Truffalo Soldier",,,,unit,1,25,GST,0.0000,GST,0,1,FOOD,MARILYNA'S,1,0,0,,"Marilyna's Pizza",,1,,,Individual,1,UNIT,
20565077,,"Large Uber Margherita",,,,unit,1,25,GST,0.0000,GST,0,1,FOOD,MARILYNA'S,1,0,0,,"Marilyna's Pizza",,1,,,Individual,1,UNIT,
20565026,,"Regular Sanchez VEGAN",,,,unit,1,20,GST,0.0000,GST,0,1,FOOD,MARILYNA'S,1,0,0,,"Marilyna's Pizza",,1,,,Individual,1,UNIT,
20565067,,"Regular Truffalo Soldier",,,,unit,1,18.5,GST,0.0000,GST,0,1,FOOD,MARILYNA'S,1,0,0,,"Marilyna's Pizza",,1,,,Individual,1,UNIT,
20565074,,"Regular Uber Margherita",,,,unit,1,18.5,GST,0.0000,GST,0,1,FOOD,MARILYNA'S,1,0,0,,"Marilyna's Pizza",,1,,,Individual,1,UNIT,
20565099,,"Regular Little Italy [Dine-in]",,,,unit,1,26,GST,0.0000,GST,0,1,FOOD,"STOW PIZZAS",1,0,0,,"Dine-in Pizza",,1,,,Individual,1,UNIT,
20565103,,"Gluten-free Hail Africa [Dine-in]",,,,unit,1,32,GST,0.0000,GST,0,1,FOOD,"STOW PIZZAS",1,0,0,,"Dine-in Pizza",,1,,,Individual,1,UNIT,
20565100,,"Gluten-free Little Italy [Dine-in]",,,,unit,1,31,GST,0.0000,GST,0,1,FOOD,"STOW PIZZAS",1,0,0,,"Dine-in Pizza",,1,,,Individual,1,UNIT,
20565111,,"Gluten-free New Yorker [Dine-in]",,,,unit,1,29,GST,0.0000,GST,0,1,FOOD,"STOW PIZZAS",1,0,0,,"Dine-in Pizza",,1,,,Individual,1,UNIT,
20565114,,"Gluten-free Truffalo Soldier [Dine-in]",,,,unit,1,31,GST,0.0000,GST,0,1,FOOD,"STOW PIZZAS",1,0,0,,"Dine-in Pizza",,1,,,Individual,1,UNIT,
20565108,,"Gluten-free Uber Margherita [Dine-in]",,,,unit,1,28,GST,0.0000,GST,0,1,FOOD,"STOW PIZZAS",1,0,0,,"Dine-in Pizza",,1,,,Individual,1,UNIT,
20565102,,"Regular Hail Africa [Dine-in]",,,,unit,1,27,GST,0.0000,GST,0,1,FOOD,"STOW PIZZAS",1,,,,"Dine-in Pizza",,1,,,,,UNIT,
20565109,,"Regular New Yorker [Dine-in]",,,,unit,1,24,GST,0.0000,GST,0,1,FOOD,"STOW PIZZAS",1,0,0,,"Dine-in Pizza",,1,,,Individual,1,UNIT,
20565117,,"Regular Sanchez VEGAN [Dine-in]",,,,unit,1,26,GST,0.0000,GST,0,1,FOOD,"STOW PIZZAS",1,0,0,,"Dine-in Pizza",,1,,,Individual,1,UNIT,
20565113,,"Regular Truffalo Soldier [Dine-in]",,,,unit,1,26,GST,0.0000,GST,0,1,FOOD,"STOW PIZZAS",1,0,0,,"Dine-in Pizza",,1,,,Individual,1,UNIT,
20565106,,"Regular Uber Margherita [Dine-in]",,,,unit,1,23,GST,0.0000,GST,0,1,FOOD,"STOW PIZZAS",1,0,0,,"Dine-in Pizza",,1,,,Individual,1,UNIT,
20565151,,"Gluten-free BBQ Chicken Pizza [Dine-in]",,,,unit,1,31,GST,0.0000,GST,0,1,FOOD,"STOW PIZZAS",1,0,0,,"Dine-in Pizza",,1,,,Individual,1,UNIT,
20565154,,"Gluten-free Bubba Gump [Dine-in]",,,,unit,1,31,GST,0.0000,GST,0,1,FOOD,"STOW PIZZAS",1,0,0,,"Dine-in Pizza",,1,,,Individual,1,UNIT,
20565130,,"Gluten-free No Chorizo, No Cry [Dine-in]",,,,unit,1,31,GST,0.0000,GST,0,1,FOOD,"STOW PIZZAS",1,0,0,,"Dine-in Pizza",,1,,,Individual,1,UNIT,
20565120,,"Gluten-free Sanchez VEGAN [Dine-in]",,,,unit,1,31,GST,0.0000,GST,0,1,FOOD,"STOW PIZZAS",1,0,0,,"Dine-in Pizza",,1,,,Individual,1,UNIT,
20565128,,"Gluten-free Sanchez [Dine-in]",,,,unit,1,31,GST,0.0000,GST,0,1,,"STOW PIZZAS",1,0,0,,"Dine-in Pizza",,1,,,Individual,1,UNIT,
20565150,,"Regular BBQ Chicken Pizza [Dine-in]",,,,unit,1,26,GST,0.0000,GST,0,1,FOOD,"STOW PIZZAS",1,0,0,,"Dine-in Pizza",,1,,,Individual,1,UNIT,
20565153,,"Regular Bubba Gump [Dine-in]",,,,unit,1,26,GST,0.0000,GST,0,1,FOOD,"STOW PIZZAS",1,0,0,,"Dine-in Pizza",,1,,,Individual,1,UNIT,
20565155,,"Regular Cosmopolitan [Dine-in]",,,,unit,1,26,GST,0.0000,GST,0,1,FOOD,"STOW PIZZAS",1,0,0,,"Dine-in Pizza",,1,,,Individual,1,UNIT,
20565129,,"Regular No Chorizo, No Cry [Dine-in]",,,,unit,1,26,GST,0.0000,GST,0,1,FOOD,"STOW PIZZAS",1,0,0,,"Dine-in Pizza",,1,,,Individual,1,UNIT,
20565125,,"Regular Sanchez [Dine-in]",,,,unit,1,26,GST,0.0000,GST,0,1,,"STOW PIZZAS",1,0,0,,"Dine-in Pizza",,1,,,Individual,1,UNIT,
20565156,,"Gluten-free Cosmopolitan [Dine-in]",,,,unit,1,31,GST,0.0000,GST,0,1,FOOD,"STOW PIZZAS",1,0,0,,"Dine-in Pizza",,1,,,Individual,1,UNIT,
20565158,,"Gluten-free Hawaiian [Dine-in]",,,,unit,1,26,GST,0.0000,GST,0,1,FOOD,"STOW PIZZAS",1,0,0,,"Dine-in Pizza",,1,,,Individual,1,UNIT,
20565160,,"Gluten-free Meatlovers [Dine-in]",,,,unit,1,31,GST,0.0000,GST,0,1,FOOD,"STOW PIZZAS",1,0,0,,"Dine-in Pizza",,1,,,Individual,1,UNIT,
20565169,,"Gluten-free Pepperoni [Dine-in]",,,,unit,1,26,GST,0.0000,GST,0,1,FOOD,"STOW PIZZAS",1,0,0,,"Dine-in Pizza",,1,,,Individual,1,UNIT,
20565174,,"Gluten-free Prawn Hub [Dine-in]",,,,unit,1,32,GST,0.0000,GST,0,1,FOOD,"STOW PIZZAS",1,0,0,,"Dine-in Pizza",,1,,,Individual,1,UNIT,
20565157,,"Regular Hawaiian [Dine-in]",,,,unit,1,21,GST,0.0000,GST,0,1,FOOD,"STOW PIZZAS",1,0,0,,"Dine-in Pizza",,1,,,Individual,1,UNIT,
20565159,,"Regular Meatlovers [Dine-in]",,,,unit,1,26,GST,0.0000,GST,0,1,FOOD,"STOW PIZZAS",1,0,0,,"Dine-in Pizza",,1,,,Individual,1,UNIT,
20565168,,"Regular Pepperoni [Dine-in]",,,,unit,1,21,GST,0.0000,GST,0,1,FOOD,"STOW PIZZAS",1,0,0,,"Dine-in Pizza",,1,,,Individual,1,UNIT,
20565173,,"Regular Prawn Hub [Dine-in]",,,,unit,1,27,GST,0.0000,GST,0,1,FOOD,"STOW PIZZAS",1,0,0,,"Dine-in Pizza",,1,,,Individual,1,UNIT,
20565177,,"Regular Roma Special [Dine-in]",,,,unit,1,21,GST,0.0000,GST,0,1,FOOD,"STOW PIZZAS",1,0,0,,"Dine-in Pizza",,1,,,Individual,1,UNIT,
20565178,,"Gluten-free Roma Special [Dine-in]",,,,unit,1,26,GST,0.0000,GST,0,1,FOOD,"STOW PIZZAS",1,0,0,,"Dine-in Pizza",,1,,,Individual,1,UNIT,
20565181,,"Gluten-free Sorrento [Dine-in]",,,,unit,1,27,GST,0.0000,GST,0,1,FOOD,"STOW PIZZAS",1,0,0,,"Dine-in Pizza",,1,,,Individual,1,UNIT,
20565189,,"Gluten-free Super House Special [Dine-in]",,,,unit,1,31,GST,0.0000,GST,0,1,FOOD,"STOW PIZZAS",1,0,0,,"Dine-in Pizza",,1,,,Individual,1,UNIT,
20565195,,"Gluten-free Tandoori Chicken [Dine-in]",,,,unit,1,31,GST,0.0000,GST,0,1,FOOD,"STOW PIZZAS",1,0,0,,"Dine-in Pizza",,1,,,Individual,1,UNIT,
20565202,,"Gluten-free The Paddock [Dine-in]",,,,unit,1,31,GST,0.0000,GST,0,1,FOOD,"STOW PIZZAS",1,0,0,,"Dine-in Pizza",,1,,,Individual,1,UNIT,
20565180,,"Regular Sorrento [Dine-in]",,,,unit,1,26,GST,0.0000,GST,0,1,FOOD,"STOW PIZZAS",1,0,0,,"Dine-in Pizza",,1,,,Individual,1,UNIT,
20565188,,"Regular Super House Special [Dine-in]",,,,unit,1,26,GST,0.0000,GST,0,1,FOOD,"STOW PIZZAS",1,0,0,,"Dine-in Pizza",,1,,,Individual,1,UNIT,
20565194,,"Regular Tandoori Chicken [Dine-in]",,,,unit,1,26,GST,0.0000,GST,0,1,FOOD,"STOW PIZZAS",1,0,0,,"Dine-in Pizza",,1,,,Individual,1,UNIT,
20565201,,"Regular The Paddock [Dine-in]",,,,unit,1,26,GST,0.0000,GST,0,1,FOOD,"STOW PIZZAS",1,0,0,,"Dine-in Pizza",,1,,,Individual,1,UNIT,
20565205,,"Regular Vegetarian [Dine-in]",,,,unit,1,23,GST,0.0000,GST,0,1,"FOOD,VEGETARIAN","STOW PIZZAS",1,0,0,,"Dine-in Pizza",,1,,,Individual,1,UNIT,
20645869,,"Crankshaft IPA [Keg]",,,,ml,50000,0,GST,377.3000,GST,0,1,,,0,1,1,,,,1,,1,Individual,,UNIT,
20645867,,"Crankshaft IPA - Pint",,,,unit,1,17.5,GST,0.0000,GST,0,1,,"BEERS,STOW FAST",1,0,0,,"Tap Beer",,1,,,,,UNIT,
20645866,,"Crankshaft IPA - Schooner",,,,unit,1,13.5,GST,0.0000,GST,0,1,,"BEERS,STOW FAST",1,0,0,,"Tap Beer",,1,,,,,UNIT,
20645871,,"Casa Gheller Prosecco - Glass",,,,unit,1,16,GST,0.0000,GST,0,1,,"STOW FAST,WINE",1,0,0,,"Sparkling Wine",,1,,,,,UNIT,
20645846,,"$2 BBQ Wing",,,,unit,1,2,GST,0.0000,GST,0,1,,"STOW KITCHEN",1,,,,"Add-ons - Kitchen",,1,,,,,UNIT,
20645851,,"Cauliflower Cheese",,,,unit,1,6.5,GST,0.0000,GST,0,1,,"STOW KITCHEN",1,0,0,,"Kitchen Specials",,1,,,Individual,1,UNIT,
20645850,,"Nut Roast",,,,unit,1,30,GST,0.0000,GST,0,1,,"STOW KITCHEN",1,0,0,,"Kitchen Specials",,1,,,Individual,1,UNIT,
20565206,,"Gluten-free Vegetarian [Dine-in]",,,,unit,1,28,GST,0.0000,GST,0,1,"FOOD,VEGETARIAN","STOW PIZZAS",1,0,0,,"Dine-in Pizza",,1,,,Individual,1,UNIT,
20645881,,"Veuve Clicquot Yellow Label - Bottle",,,,ml,750,142,GST,78.6800,GST,0,1,ALCOHOL,WINE,1,1,1,,"Sparkling Wine",,1,,1,Boxes,6,UNIT,
20645882,,"Veuve Clicquot Yellow Label - Glass",,,,ml,750,36,GST,0.0000,GST,0,1,ALCOHOL,WINE,1,0,0,,"Sparkling Wine",,1,,,,,UNIT,
20645909,,"Dragonfly Grenache - Bottle",,,,ml,750,61,GST,17.3000,GST,0,1,,,0,1,1,,"Orange / Skins Wine",,1,,1,Crates,12,UNIT,
20645908,,"Dragonfly Grenache - Large",,,,unit,1,26,GST,0.0000,GST,0,1,,,1,0,0,,"Orange / Skins Wine",,1,,,,,UNIT,
20645907,,"Dragonfly Grenache - Regular",,,,unit,1,16,GST,0.0000,GST,0,1,,,1,0,0,,"Orange / Skins Wine",,1,,,,,UNIT,
20645891,,"Screaming Betty Vermentino [750ml]",,,,ml,750,0,GST,0.0000,GST,0,1,,,1,0,0,,,,1,,,Individual,,UNIT,
20645912,,"Travelling While Standing Still Gin [700ml]",,,,ml,700,0,GST,90.0000,GST,0,1,,,0,1,1,,,,1,,1,Individual,,UNIT,
20645918,,"Gosling's Black Rum",,,,unit,1,14,GST,0.0000,GST,0,1,,SPIRITS,1,0,0,,Rum,,1,,,,,UNIT,
20645910,,"Travelling While Standing Still Gin",,,,unit,1,16,GST,0.0000,GST,0,1,,SPIRITS,1,0,0,,Gin,,1,,,,,UNIT,
20645902,,"Unico Zelo Terra Cotta - Bottle",,,,ml,750,73,GST,17.9100,GST,0,1,,"STOW FAST,WINE",1,1,1,,"Orange / Skins Wine",,1,,1,Crates,12,UNIT,
20645900,,"Unico Zelo Terra Cotta - Large",,,,unit,1,28,GST,0.0000,GST,0,1,,"STOW FAST,WINE",1,0,0,,"Orange / Skins Wine",,1,,,,,UNIT,
20645899,,"Unico Zelo Terra Cotta - Regular",,,,unit,1,19,GST,0.0000,GST,0,1,,"STOW FAST,WINE",1,0,0,,"Orange / Skins Wine",,1,,,,,UNIT,
20654800,,"Extra Gravy",,,,unit,1,1.5,GST,0.0000,GST,1,1,,,1,0,0,,"Add-ons - Kitchen",,1,,,Individual,1,UNIT,
20654802,,"Extra Yorkshire Pudding",,,,unit,1,4,GST,0.0000,GST,1,1,,,1,0,0,,"Add-ons - Kitchen",,1,,,Individual,1,UNIT,
20645919,,"Gosling's Black Rum [700ml]",,,,ml,700,0,GST,63.4800,GST,0,1,,,0,1,1,,,,1,,1,Individual,,UNIT,
20645935,,"Bundaberg Ginger Beer D",,,,unit,1,8,GST,0.0000,GST,0,1,,"MARILYNA'S DRINKS",1,0,0,,"Marilyna's Soft Drinks",,1,,,,,UNIT,
20645932,,"Fellr Watermelon Seltzer Seltzer 4-pack D",,,,unit,1,19,GST,0.0000,GST,0,1,,"MARILYNA'S DRINKS",1,0,0,,"Delivery Alcohol",,1,,,,,UNIT,
20645931,,"Fellr Watermelon Seltzer Seltzer D",,,,unit,1,8,GST,0.0000,GST,0,1,,"MARILYNA'S DRINKS",1,0,0,,"Delivery Alcohol",,1,,,,,UNIT,
20645920,,"Kuku Sauvignon Blanc D",,,,unit,1,28,GST,0.0000,GST,0,1,,"MARILYNA'S DRINKS",1,0,0,,"Delivery Alcohol",,1,,,,,UNIT,
20645925,,"Petits Detours Rosé D",,,,unit,1,32,GST,0.0000,GST,0,1,,"MARILYNA'S DRINKS",1,0,0,,"Delivery Alcohol",,1,,,,,UNIT,
20645926,,"Trentham Estate Rosé D",,,,unit,1,25,GST,0.0000,GST,0,1,,"MARILYNA'S DRINKS",1,0,0,,"Delivery Alcohol",,1,,,,,UNIT,
20645922,,"Two Tonne Riesling D",,,,unit,1,48,GST,0.0000,GST,0,1,,"MARILYNA'S DRINKS",1,,,,"Delivery Alcohol",,1,,,,,UNIT,
20654810,,"Extra Veg",,,,unit,1,3,GST,0.0000,GST,1,1,,,1,0,0,,"Add-ons - Kitchen",,1,,,Individual,1,UNIT,
20654809,,"Gluten-free [remove Yorkshire]",,,,unit,1,0,GST,0.0000,GST,1,1,,,1,0,0,,,,1,,,Individual,1,UNIT,
20654969,,"Side Guac",,,,unit,1,1,GST,0.0000,GST,1,1,,,1,0,0,,"Add-ons - Kitchen",,1,,,Individual,1,UNIT,
20655263,,"$60 Soiree",,,,unit,1,60,GST,0.0000,GST,0,1,,"FUNCTIONS & MISC.",1,0,0,,"Functions & Misc.",,1,,,,,UNIT,
20655230,,"Casa Gheller Prosecco D",,,,unit,1,30,GST,0.0000,GST,0,1,,"MARILYNA'S DRINKS",1,0,0,,"Delivery Alcohol",,1,,,,,UNIT,
20655239,,"Geppetto Pinot Noir D",,,,unit,1,28,GST,0.0000,GST,0,1,,"MARILYNA'S DRINKS",1,0,0,,"Delivery Alcohol",,1,,,,,UNIT,
20655137,,"Unico Zelo Terra Cotta D",,,,unit,1,30,GST,0.0000,GST,0,1,,"MARILYNA'S DRINKS",1,0,0,,"Delivery Alcohol",,1,,,,,UNIT,
20655236,,"Geppetto Pinot Noir - Bottle",,,,ml,750,60,GST,17.5608,GST,0,1,,"STOW FAST,WINE",1,1,1,,"Red Wine",,1,,1,Crates,12,UNIT,
20655235,,"Geppetto Pinot Noir - Large Glass",,,,unit,1,24,GST,0.0000,GST,0,1,,"STOW FAST,WINE",1,0,0,,"Red Wine",,1,,,,,UNIT,
20655234,,"Geppetto Pinot Noir - Regular",,,,unit,1,15,GST,0.0000,GST,0,1,,"STOW FAST,WINE",1,0,0,,"Red Wine",,1,,,,,UNIT,
20655365,,"Add Garlic",,,,unit,1,1,GST,0.0000,GST,1,1,,,1,0,0,,"Add-ons - Pizza",,1,,,Individual,1,UNIT,
20655319,,"Remove Ham",,,,unit,1,0,GST,0.0000,GST,1,1,,,1,0,0,,,,1,,,Individual,1,UNIT,
20655372,,"De La Grosse Beaujolais D",,,,unit,1,68,GST,0.0000,GST,0,1,,"MARILYNA'S DRINKS",1,0,0,,"Delivery Alcohol",,1,,,,,UNIT,
20655373,,"Screaming Betty Vermentino D",,,,unit,1,32,GST,0.0000,GST,0,1,,"MARILYNA'S DRINKS",1,0,0,,"Delivery Alcohol",,1,,,,,UNIT,
20655371,,"Sibiliana Nero D'Avola D",,,,unit,1,34,GST,0.0000,GST,0,1,,"MARILYNA'S DRINKS",1,0,0,,"Delivery Alcohol",,1,,,,,UNIT,
20655376,,"De La Grosse Beaujolais - Bottle",,,,ml,750,110,GST,34.5800,GST,0,1,,WINE,1,0,0,,"Red Wine",,1,,1,Individual,1,BOTTLE,
20655375,,"De La Grosse Beaujolais - Large",,,,unit,1,42,GST,0.0000,GST,0,1,,WINE,1,0,0,,"Red Wine",,1,,,Individual,1,UNIT,
20655374,,"De La Grosse Beaujolais - Regular",,,,unit,1,28,GST,0.0000,GST,0,1,,WINE,1,0,0,,"Red Wine",,1,,,Individual,1,UNIT,
20655378,,"Sibiliana Nero D'Avola - Large",,,,unit,1,29,GST,0.0000,GST,0,1,,WINE,1,0,0,,"Red Wine",,1,,,Individual,1,UNIT,
20655377,,"Sibiliana Nero D'Avola - Regular",,,,unit,1,18,GST,0.0000,GST,0,1,,WINE,1,0,0,,"Red Wine",,1,,,,,UNIT,
20661905,,"Delivery Fee [Me&U]",,,,unit,1,7,GST,0.0000,GST,0,1,,,1,0,0,,"Marilyna's Pizza",,1,,,Individual,1,UNIT,
20662922,,"Beef Burrito D",,,,unit,1,25,GST,0.0000,GST,0,1,,MARILYNA'S,1,0,0,,"Delivery Kitchen",,1,,,Individual,1,UNIT,
20662926,,"Cauliflower Burrito D",,,,unit,1,25,GST,0.0000,GST,0,1,,MARILYNA'S,1,0,0,,"Delivery Kitchen",,1,,,Individual,1,UNIT,
20662921,,"Chicken Burrito D",,,,unit,1,25,GST,0.0000,GST,0,1,,MARILYNA'S,1,0,0,,"Delivery Kitchen",,1,,,Individual,1,UNIT,
20661991,,"Delivery Fee - Allambie / Cromer / Fairlight",,,,unit,1,8,GST,0.0000,GST,0,1,,MARILYNA'S,1,0,0,,"Marilyna's Pizza",,1,,,Individual,1,UNIT,
20661988,,"Delivery Fee - Curl Curl / Manly / Dee Why",,,,unit,1,6.5,GST,0.0000,GST,0,1,,MARILYNA'S,1,0,0,,"Marilyna's Pizza",,1,,,Individual,1,UNIT,
20662014,,"Delivery Fee - Freshwater / Queenscliff",,,,unit,1,5,GST,0.0000,GST,0,1,,MARILYNA'S,1,0,0,,"Marilyna's Pizza",,1,,,Individual,1,UNIT,
20662923,,"Fish Burrito D",,,,unit,1,25,GST,0.0000,GST,0,1,,MARILYNA'S,1,0,0,,"Delivery Kitchen",,1,,,Individual,1,UNIT,
20662753,,"Kids Nuggets D",,,,unit,1,13,GST,0.0000,GST,0,1,,MARILYNA'S,1,0,0,,"Delivery Kitchen",,1,,,Individual,1,UNIT,
20655381,,"Sea Foam Pet Nat D",,,,unit,1,28,GST,0.0000,GST,0,1,,"MARILYNA'S DRINKS",1,0,0,,"Delivery Alcohol",,1,,,,,UNIT,
20664041,,"No Artichoke",,,,unit,1,0,GST,0.0000,GST,1,1,,,1,0,0,,,,1,,,Individual,1,UNIT,
20664588,,"No Calabrese",,,,unit,1,0,GST,0.0000,GST,1,1,,,1,0,0,,,,1,,,Individual,1,UNIT,
20664591,,"No Capsicum]",,,,unit,1,0,GST,0.0000,GST,1,1,,,1,0,0,,,,1,,,Individual,1,UNIT,
20662927,,"Beef Burger D",,,,unit,1,24,GST,0.0000,GST,0,1,,MARILYNA'S,1,0,0,,"Delivery Kitchen",,1,,,Individual,1,UNIT,
20662928,,"Chicken Burger D",,,,unit,1,24,GST,0.0000,GST,0,1,,MARILYNA'S,1,0,0,,"Delivery Kitchen",,1,,,Individual,1,UNIT,
20662933,,"Chicken Parmy D",,,,unit,1,25,GST,0.0000,GST,0,1,,MARILYNA'S,1,0,0,,"Delivery Kitchen",,1,,,Individual,1,UNIT,
20662931,,"Chicken Schnitty D",,,,unit,1,22,GST,0.0000,GST,0,1,,MARILYNA'S,1,0,0,,"Delivery Kitchen",,1,,,Individual,1,UNIT,
20662936,,"Eggplant Parmy D",,,,unit,1,25,GST,0.0000,GST,0,1,,MARILYNA'S,1,0,0,,"Delivery Kitchen",,1,,,Individual,1,UNIT,
20662934,,"Eggplant Schnitty D",,,,unit,1,23,GST,0.0000,GST,0,1,,MARILYNA'S,1,0,0,,"Delivery Kitchen",,1,,,Individual,1,UNIT,
20663538,,"Fam - Cheesy Garlic Bread",,,,unit,1,1,GST,0.0000,GST,0,1,,MARILYNA'S,1,0,0,,"Marilyna's Pizza",,1,,,Individual,1,UNIT,
20665001,,"Corn Star D",,,,unit,1,16,GST,0.0000,GST,0,1,,,1,0,0,,"Delivery Kitchen",,1,,,Individual,1,UNIT,
20664941,,"Holy Guacamole D",,,,unit,1,16,GST,0.0000,GST,0,1,,,1,0,0,,"Delivery Kitchen",,1,,,Individual,1,UNIT,
20664598,,"No Coriander",,,,unit,1,0,GST,0.0000,GST,1,1,,,0,0,0,,,,1,,,Individual,1,UNIT,
20664605,,"No Garlic Base",,,,unit,1,0,GST,0.0000,GST,1,1,,,1,0,0,,,,1,,,Individual,1,UNIT,
20664612,,"No Pesto Base",,,,unit,1,0,GST,0.0000,GST,1,1,,,1,0,0,,,,1,,,Individual,1,UNIT,
20664613,,"No Prawns",,,,unit,1,0,GST,0.0000,GST,1,1,,,1,0,0,,,,1,,,Individual,1,UNIT,
20664614,,"No Pumpkin",,,,unit,1,0,GST,0.0000,GST,1,1,,,1,0,0,,,,1,,,Individual,1,UNIT,
20664619,,"No Spanish Onion",,,,unit,1,0,GST,0.0000,GST,1,1,,,1,0,0,,,,1,,,Individual,1,UNIT,
20665003,,"Bang Bang Cauli D",,,,unit,1,16,GST,0.0000,GST,0,1,,MARILYNA'S,1,0,0,,"Delivery Kitchen",,1,,,Individual,1,UNIT,
20664935,,"Sensei Calamari D",,,,unit,1,16,GST,0.0000,GST,0,1,,MARILYNA'S,1,0,0,,"Delivery Kitchen",,1,,,Individual,1,UNIT,
20681671,,"Add Baileys",,,,unit,1,4,GST,0.0000,GST,1,1,,,1,0,0,,"Add-ons - Bar",,1,,,,,UNIT,
20678375,,"Add Jalapenos",,,,unit,1,1,GST,0.0000,GST,1,1,,,1,0,0,,"Add-ons - Pizza",,1,,,Individual,1,UNIT,
20681670,,Baileys,,,,unit,1,0,GST,0.0000,GST,1,1,,,1,0,0,,,,1,,,,,UNIT,
20678859,,"Lettuce Cup [Gluten-free alt.]",,,,unit,1,0,GST,0.0000,GST,1,1,,,1,0,0,,,,1,,,Individual,1,UNIT,
20669819,,"Tommy's Margarita",,,,unit,1,23,GST,0.0000,GST,0,1,,COCKTAILS,1,0,0,,"Cocktails - Classic",,1,,,Individual,1,UNIT,
20665081,,"Cauliflower Tacos D",,,,unit,1,18,GST,0.0000,GST,0,1,,MARILYNA'S,1,0,0,,"Delivery Kitchen",,1,,,Individual,1,UNIT,
20668881,,"Delivery Fee - me&u",,,,unit,1,7,GST,0.0000,GST,0,1,,MARILYNA'S,1,0,0,,"Marilyna's Pizza",,1,,,Individual,1,UNIT,
20665076,,"Fish Tacos D",,,,unit,1,18,GST,0.0000,GST,0,1,,MARILYNA'S,1,0,0,,"Delivery Kitchen",,1,,,Individual,1,UNIT,
20665085,,"Fries D",,,,unit,1,12,GST,0.0000,GST,0,1,,MARILYNA'S,1,0,0,,"Delivery Kitchen",,1,,,Individual,1,UNIT,
20665090,,"Sweet Potato Fries D",,,,unit,1,13.9,GST,0.0000,GST,0,1,,MARILYNA'S,1,0,0,,"Delivery Kitchen",,1,,,Individual,1,UNIT,
20681673,,"Apple Juice [mixer]",,,,unit,1,0,GST,0.0000,GST,1,1,,,1,0,0,,,,1,,,Individual,1,UNIT,
20681685,,cranberry,,,,unit,1,0,GST,0.0000,GST,1,1,,,1,0,0,,,,1,,,Individual,1,UNIT,
20681674,,"Cranberry Juice [mixer]",,,,unit,1,0,GST,0.0000,GST,1,1,,,1,0,0,,,,1,,,Individual,1,UNIT,
20681676,,"Lemonade [mixer]",,,,unit,1,0,GST,0.8032,GST,1,1,,,1,0,0,,,,1,,,Individual,1,UNIT,
20681672,,"Orange Juice [mixer]",,,,unit,1,0,GST,0.0000,GST,1,1,,,1,0,0,,,,1,,,Individual,1,UNIT,
20681678,,"Pepsi Max [mixer]",,,,unit,1,0,GST,0.8032,GST,1,1,,,1,0,0,,,,1,,,Individual,1,UNIT,
20681677,,"Pepsi [mixer]",,,,unit,1,0,GST,0.8032,GST,1,1,,,1,0,0,,,,1,,,Individual,1,UNIT,
20681675,,"Pineapple Juice [mixer]",,,,unit,1,0,GST,0.0000,GST,1,1,,,1,0,0,,,,1,,,Individual,1,UNIT,
20681681,,"Pink Lemonade [mixer]",,,,unit,1,0,GST,0.8032,GST,1,1,,,1,0,0,,,,1,,,,,UNIT,
20709059,,"Open Price",,,,unit,1,0,GST,0.0000,GST,0,1,,"FUNCTIONS & MISC.",1,0,0,,"Functions & Misc.",,1,,,Individual,1,UNIT,
20709623,,"Add Side Salad",,,,unit,1,3,GST,0.0000,GST,1,1,,,1,0,0,,"Delivery Kitchen",,1,,,Individual,1,UNIT,
20709624,,"Add Side Salad",,,,unit,1,3,GST,0.0000,GST,1,1,,,1,0,0,,"Delivery Kitchen",,1,,,Individual,1,UNIT,
20710102,,"Canadian Club [Bottle]",,,,ml,700,0,GST,40.6300,GST,0,1,,,0,1,1,,,,1,,1,Individual,,UNIT,
20710041,,"Cherry Heering [Bottle]",,,,ml,750,0,GST,43.7100,GST,0,1,,,0,1,1,,,,1,,1,Individual,,UNIT,
20710023,,"Frangelico [Bottle]",,,,ml,750,0,GST,33.6700,GST,0,1,,,0,1,1,,,,1,,1,Individual,,UNIT,
20709997,,"Grey Goose [Bottle]",,,,ml,700,0,GST,60.0600,GST,0,1,,,0,1,1,,,,1,,1,Individual,1,UNIT,
20709625,,"Swap Fries for Sweet Potato Fries",,,,unit,1,2,GST,0.0000,GST,1,1,,,1,0,0,,"Add-ons - Kitchen",,1,,,Individual,1,UNIT,
20710099,,"Canadian Club",,,,unit,1,12,GST,0.0000,GST,0,1,,SPIRITS,1,0,0,,Whisky,,1,,,,,UNIT,
20710036,,"Cherry Heering",,,,unit,1,11,GST,0.0000,GST,0,1,,SPIRITS,1,0,0,,Liqueurs,,1,,,,,UNIT,
20710017,,Frangelico,,,,unit,1,11,GST,0.0000,GST,0,1,,SPIRITS,1,0,0,,Liqueurs,,1,,,,,UNIT,
20727770,,"Bickfords Raspberry Cordial [Bottle]",,,,ml,750,0,GST,4.6800,GST,0,1,,,0,1,1,,,,1,,1,Individual,1,UNIT,
20727774,,"Bittermen's Burlesque Bitters",,,,ml,146,0,GST,26.0300,GST,0,1,,,0,1,1,,,,1,,1,Individual,1,BOTTLE,
20710120,,"Fireball [Bottle]",,,,ml,700,0,GST,44.7600,GST,0,1,,,0,1,1,,,,1,,1,Individual,,UNIT,
20727759,,"Pierre Ferrand Dry Curacao [Bottle]",,,,ml,700,0,GST,57.6500,GST,0,1,,,0,1,1,,,,1,,1,Individual,1,BOTTLE,
20710158,,"Tempus Fugit Creme de Banane [Bottle]",,,,ml,700,0,GST,59.3400,GST,0,1,,,0,1,1,,,,1,,1,Individual,,UNIT,
20727588,,"Tonic [mixer]",,,,unit,1,0,GST,0.8032,GST,1,1,,,1,0,0,,,,1,,,Individual,1,UNIT,
20724497,,"Dragonfly Grenache D",,,,unit,1,34,GST,0.0000,GST,0,1,,"MARILYNA'S DRINKS",1,0,0,,"Orange / Skins Wine",,1,,,,,UNIT,
20724190,,"Mothers Milk Shiraz D",,,,unit,1,30,GST,0.0000,GST,0,1,,"MARILYNA'S DRINKS",1,0,0,,"Delivery Alcohol",,1,,,,,UNIT,
20710115,,Fireball,,,,unit,1,12,GST,0.0000,GST,0,1,,SPIRITS,1,0,0,,Whisky,,1,,,,,UNIT,
20710155,,"Tempus Fugit Creme de Banane",,,,unit,1,12,GST,0.0000,GST,0,1,,SPIRITS,1,0,0,,Liqueurs,,1,,,,,UNIT,
20727779,,"Bittermen's Tiki Bitters [Bottle]",,,,ml,120,0,GST,26.0300,GST,0,1,,,,1,1,,,,1,,1,Individual,1,UNIT,
20727954,,"De Kuyper Butterscotch Schnapps [Bottle]",,,,ml,700,0,GST,38.0800,GST,0,1,,,0,1,1,,,,1,,1,Individual,,UNIT,
20727968,,"De Kuyper Peach Schnapps [Bottle]",,,,ml,700,0,GST,38.1100,GST,0,1,,,0,1,1,,,,1,,1,Individual,,UNIT,
20727780,,"Peychaud's Bitters",,,,unit,1,0,GST,19.8200,GST,0,1,,,0,1,1,,,,1,,1,Individual,1,UNIT,
20727873,,"St. Felix Bitter Aperitivo [Bottle]",,,,unit,1,0,GST,37.2800,GST,0,1,,,,0,0,,,,1,,1,Individual,1,UNIT,
20727953,,"De Kuyper Butterscotch Schnapps",,,,unit,1,11,GST,0.0000,GST,0,1,,SPIRITS,1,0,0,,Liqueurs,,1,,,,,UNIT,
20727965,,"De Kuyper Peach Schnapps",,,,unit,1,11,GST,0.0000,GST,0,1,,SPIRITS,1,0,0,,Liqueurs,,1,,,,,UNIT,
20729541,,"Michter's Bourbon",,,,unit,1,16,GST,0.0000,GST,0,1,,SPIRITS,1,0,0,,Whisky,,1,,,,,UNIT,
20728902,,"Casa Gheller Prosecco - Bottle",,,,ml,750,64,GST,16.7300,GST,0,1,,"STOW FAST,WINE",1,1,1,,"Sparkling Wine",,1,,1,Crates,6,BOTTLE,
20728346,,"Sibiliana Nero D'Avola - Bottle",,,,ml,750,68,GST,16.3400,GST,0,1,,WINE,1,1,1,,"Red Wine",,1,,1,Boxes,6,UNIT,
20957721,,"Bickfords Lime Cordial [Bottle]",,,,ml,750,0,GST,0.0000,GST,0,1,,,,,,,,,1,,1,Individual,1,UNIT,
20729947,,"Clear Ice Cube",,,,unit,1,0,GST,0.6400,GST,0,1,,,1,1,1,,,,1,,1,Individual,1,UNIT,
20795077,,"Dainton Intergalactic IPA [Keg]",,,,ml,50000,0,GST,0.0000,GST,0,1,,,0,1,1,,,,1,,1,Individual,,UNIT,
20729561,,"Joseph Cartron Creme de Peche [700ml]",,,,ml,700,0,GST,41.6200,GST,0,1,,,0,1,1,,,,1,,1,Individual,1,BOTTLE,
20786711,,"Kirin [Keg]",,,,ml,50000,0,GST,444.6700,GST,0,1,,,,0,0,,,,1,,1,Individual,1,UNIT,
20729559,,"Massenez Framboise Raspberry [750ml]",,,,ml,750,0,GST,41.8200,GST,0,1,,,0,1,1,,,,1,,1,Individual,1,BOTTLE,
20729545,,"Michter's Bourbon [Bottle]",,,,ml,700,0,GST,104.2600,GST,0,1,,,0,1,1,,,,1,,1,Individual,1,UNIT,
20785968,,"Kirin - Pint",,,,unit,1,18.5,GST,0.0000,GST,0,1,,"BEERS,STOW FAST",1,0,0,,"Tap Beer",,1,,,,,UNIT,
20785966,,"Kirin - Schooner",,,,unit,1,14,GST,0.0000,GST,0,1,,"BEERS,STOW FAST",1,0,0,,"Tap Beer",,1,,,,,UNIT,
20764037,,"Open Food",,,,unit,1,0,GST,0.0000,GST,0,1,,"STOW KITCHEN",1,0,0,,"Add-ons - Kitchen",,1,,,Individual,1,UNIT,
20960775,,"Boujee Dressing",,,,unit,1,0,GST,0.0000,GST,1,1,,,,,,,,,1,,,Individual,1,UNIT,
20961451,,"Cocchi Chinato [Bottle]",,,,ml,750,0,FRE,59.7300,FRE,0,1,,,,,,,,,1,,1,Individual,,UNIT,
21020155,,"Coconut Oil Macro [Jar]",,,,g,900,0,GST,13.8000,GST,0,1,,,,,,,,,1,,1,Individual,,UNIT,
21019883,,"Dehydrated Jalapeño Garnish",,,,unit,1,0,GST,0.0500,GST,0,1,,,,,,,,,1,,1,Individual,,UNIT,
21019999,,"Dehydrated Lime Garnish",,,,g,3000,0,GST,274.4000,FRE,0,1,,,,,,,,,1,,,Individual,1,UNIT,
21020008,,"Flake Salt [6kg Box]",,,,g,6000,0,GST,71.5000,GST,0,1,,,,,,,,,1,,1,Individual,1,UNIT,
21019878,,"Jalapeños [Can]",,,,g,3000,0,FRE,9.5700,GST,0,1,,,,,,,,,1,,1,Individual,,UNIT,
20960025,,Natural,,,,unit,1,0,GST,0.0000,GST,1,1,,,,,,,,,1,,,Individual,1,UNIT,
21019858,,"Super Lime Juice [1L]",,,,ml,1000,0,FRE,2.0312,GST,0,1,,,,,,,,,1,,,,,UNIT,
20961450,,"Cocchi Chinato",,,,unit,1,12,GST,0.0000,GST,0,1,,SPIRITS,,,,,"Amaro / Aperitif / Fortified Wine",,1,,,,,UNIT,
21021960,,"Bordiga Vermouth Bianco [Bottle]",,,,ml,750,0,GST,0.0000,GST,0,1,,,,,,,,,1,,1,Individual,1,UNIT,
21020232,,"Coffee Beans [1kg]",,,,g,1000,0,FRE,24.0000,GST,0,1,,,,,,,,,1,,1,Individual,,UNIT,
21150832,,"Diplomatico Mantuano [Bottle]",,,,ml,700,0,GST,0.0000,FRE,0,1,,,,,,,,,1,,1,Individual,,UNIT,
21020204,,"Edible Flower [Punnet]",,,,g,35,0,FRE,11.0000,GST,0,1,,,,,,,,,1,,1,Individual,,UNIT,
21150705,,"Massenez Creme de Cassis [750ml]",,,,ml,750,0,GST,0.0000,FRE,0,1,,,,,,,,,1,,1,Individual,1,UNIT,
21150706,,"Massenez Creme de Mure [750ml]",,,,ml,750,0,GST,41.8200,GST,0,1,,,,,,,,,1,,1,Individual,1,UNIT,
21155661,,"Medium Rare",,,,unit,1,0,GST,0.0000,GST,1,1,,,,,,,,,1,,1,Individual,1,UNIT,
21020214,,"Organic Vanilla Extract [500ml]",,,,ml,500,0,FRE,29.7000,GST,0,1,,,,,,,,,1,,1,Individual,,UNIT,
21155656,,Rare,,,,unit,1,0,GST,0.0000,GST,1,1,,,,,,,,,1,,1,Individual,1,UNIT,
21020206,,"Super Lemon Juice [1L]",,,,ml,2000,0,FRE,2.3956,GST,0,1,,,,,,,,,1,,,,,UNIT,
21295096,,"Bad Bitch Martini",,,,unit,1,17,GST,0.0000,GST,0,1,,,,,,,"Cocktails - Signature",,1,,,,,UNIT,
21712396,,"Gluten-free Base",,,,unit,1,5,GST,4.1000,GST,1,1,,,,,,,"Marilyna's Pizza",,1,,1,Individual,1,UNIT,
21299460,,"Little Dragon - Pint",,,,unit,1,17.5,GST,0.0000,GST,0,1,,,,,,,"Tap Beer",,1,,,,1,UNIT,
21299457,,"Little Dragon - Schooner",,,,unit,1,13.5,GST,0.0000,GST,0,1,,,,,,,"Tap Beer",,1,,,,1,UNIT,
21299452,,"Little Dragon Ginger Beer [Keg]",,,,ml,50000,0,FRE,476.2010,GST,0,1,,,,,,,,,1,,1,Individual,1,UNIT,
21155666,,Medium,,,,unit,1,0,GST,0.0000,GST,1,1,,,,,,,,,1,,1,Individual,1,UNIT,
21155668,,"Medium Well",,,,unit,1,0,GST,0.0000,GST,1,1,,,,,,,,,1,,1,Individual,1,UNIT,
21331263,,Oceanside,,,,unit,1,15,GST,5.0000,GST,0,1,,,,,,,"Cocktails - Signature",,1,,,,,UNIT,
21155671,,"Well Done",,,,unit,1,0,GST,0.0000,GST,1,1,,,,,,,,,1,,1,Individual,1,UNIT,
21299384,,"Diplomatico Mantuano",,,,unit,1,13,GST,0.0000,GST,0,1,,SPIRITS,,,,,Rum,,1,,,,,UNIT,
21749660,,"Add Appleton Jamaican Rum",,,,unit,1,6,GST,0.0000,GST,1,1,,,,,,,"Add-ons - Bar",,1,,1,Individual,1,UNIT,
21749661,,"Add Kahlua Coffee Liqueur",,,,unit,1,0,GST,0.0000,GST,1,1,,,,,,,,,1,,1,Individual,1,UNIT,
21749658,,"Add Sailor Jerry",,,,unit,1,6,GST,0.0000,GST,1,1,,,,,,,"Add-ons - Bar",,1,,1,Individual,1,UNIT,
21749611,,"Fill w Ice",,,,unit,1,0,GST,0.0000,GST,1,1,,,,,,,,,1,,1,Individual,1,UNIT,
21717341,,"Lustau Amontillado Sherry [750ml]",,,,ml,750,0,FRE,0.0000,FRE,0,1,,,,,,,,,1,,1,Individual,,UNIT,
21716876,,"Philter Red - Pint",,,,unit,1,15,GST,0.0000,GST,0,1,,,,,,,"Tap Beer",,1,,,,,UNIT,
21716875,,"Philter Red - Schooner",,,,unit,1,11,GST,0.0000,GST,0,1,,,1,,,,"Tap Beer",,1,,,,,UNIT,
21749602,,"Whispering Angel Rosé - Bottle",,,,ml,750,108,GST,32.7500,GST,0,1,,"STOW FAST,WINE",,,,,"Rose Wine",,1,,1,Crates,6,UNIT,
21749444,,"Whispering Angel Rosé - Large",,,,unit,1,43,GST,0.0000,GST,0,1,,"STOW FAST,WINE",,,,,"Rose Wine",,1,,,Individual,1,UNIT,
21749443,,"Whispering Angel Rosé - Regular",,,,unit,1,28,GST,0.0000,GST,0,1,,"STOW FAST,WINE",,,,,"Rose Wine",,1,,,,,UNIT,
21749663,,"Add Baileys Irish Cream",,,,unit,1,6,GST,0.0000,GST,1,1,,,,,,,"Add-ons - Bar",,1,,1,Individual,1,UNIT,
21749866,,"Add Gin",,,,unit,1,5,GST,0.0000,GST,1,1,,,,,,,"Add-ons - Bar",,1,,1,Individual,1,UNIT,
21749865,,"Add Vodka",,,,unit,1,5,GST,0.0000,GST,1,1,,,,,,,"Add-ons - Bar",,1,,1,Individual,1,UNIT,
21897076,,"Belvedere Vodka Martini",,,,unit,1,25,GST,0.0000,GST,0,1,,COCKTAILS,,,,,"Cocktails - Classic",,1,,,,1,UNIT,
21897078,,"Bombay Sapphire Gin Martini",,,,unit,1,25,GST,0.0000,GST,0,1,,COCKTAILS,,,,,"Cocktails - Classic",,1,,,,1,UNIT,
21897080,,"Four Pillars Olive Leaf Martini",,,,unit,1,25,GST,0.0000,GST,0,1,,COCKTAILS,,,,,"Cocktails - Classic",,1,,,,1,UNIT,
21897081,,"Four Pillars Rare Dry Martini",,,,unit,1,26,GST,0.0000,GST,0,1,,COCKTAILS,,,,,"Cocktails - Classic",,1,,,,1,UNIT,
21897079,,"Grey Goose Vodka Martini",,,,unit,1,25,GST,0.0000,GST,0,1,,COCKTAILS,,,,,"Cocktails - Classic",,1,,,,1,UNIT,
21897083,,"Never Never Oyster Shell Gin Martini",,,,unit,1,27,GST,0.0000,GST,0,1,,COCKTAILS,,,,,"Cocktails - Classic",,1,,,,1,UNIT,
21897125,,"Ron Zacapa Old Fash.",,,,unit,1,32,GST,0.0000,GST,0,1,,COCKTAILS,,,,,"Cocktails - Classic",,1,,,,1,UNIT,
21999746,,"Havana 3yr [700ml]",,,,ml,700,0,GST,0.0000,GST,0,1,,,,,,,,,1,,1,Individual,1,UNIT,
21939293,,"Little Dragon Can",,,,unit,1,12.5,GST,3.4861,GST,0,1,,"BEERS,STOW FAST",,,,,"Bottles / Cans Alcoholic",,1,,1,Crates,24,UNIT,
21999769,,"Peroni 0%",,,,unit,1,9,GST,1.8463,GST,0,1,,"BEERS,STOW FAST,NON-ALC",,,,,Non-alcoholic,,1,,1,Crates,24,UNIT,
21897153,,"Angel's Envy Old Fash.",,,,unit,1,29,GST,0.0000,GST,0,1,,COCKTAILS,,,,,"Cocktails - Classic",,1,,,,1,UNIT,
21897138,,"Balvenie 14yr Old Fash.",,,,unit,1,37,GST,0.0000,GST,0,1,,COCKTAILS,,,,,"Cocktails - Classic",,1,,,,1,UNIT,
21897127,,"Hakushu Old Fash.",,,,unit,1,69,GST,0.0000,GST,0,1,,COCKTAILS,,,,,"Cocktails - Classic",,1,,,,1,UNIT,
21941381,,"Hanky Panky",,,,unit,1,21,GST,0.0000,GST,0,1,,COCKTAILS,,,,,"Cocktails - Classic",,1,,,,,UNIT,
21897133,,"Laphraoig 10yr Old Fash.",,,,unit,1,32,GST,0.0000,GST,0,1,,COCKTAILS,,,,,"Cocktails - Classic",,1,,,,1,UNIT,
21897129,,"Macallan Sherry Oak 12yr Old Fash.",,,,unit,1,42,GST,0.0000,GST,0,1,,COCKTAILS,,,,,"Cocktails - Classic",,1,,,,1,UNIT,
21897126,,"Yamazaki Old Fash.",,,,unit,1,79,GST,0.0000,GST,0,1,,COCKTAILS,,,,,"Cocktails - Classic",,1,,,,1,UNIT,
22038326,,"Beef Burger [no chips] Solo Combo",,,,unit,1,20,GST,0.0000,GST,0,1,,MARILYNA'S,,,,,"Marilyna's Pizza",,1,,,,1,UNIT,
22038327,,"Chicken Burger [no chips] Solo Combo",,,,unit,1,20,GST,0.0000,GST,0,1,,MARILYNA'S,,,,,"Marilyna's Pizza",,1,,,,1,UNIT,
22038331,,"Regular Little Italy Solo Combo",,,,unit,1,20,GST,0.0000,GST,0,1,,MARILYNA'S,,,,,"Marilyna's Pizza",,1,,,,1,UNIT,
22038332,,"Regular No Chorizo No Cry Solo Combo",,,,unit,1,20,GST,0.0000,GST,0,1,,MARILYNA'S,,,,,"Marilyna's Pizza",,1,,,,1,UNIT,
22038333,,"Regular Paddock Solo Combo",,,,unit,1,20,GST,0.0000,GST,0,1,,MARILYNA'S,,,,,"Marilyna's Pizza",,1,,,,1,UNIT,
22038334,,"Regular Sanchez Solo Combo",,,,unit,1,20,GST,0.0000,GST,0,1,,MARILYNA'S,,,,,"Marilyna's Pizza",,1,,,,1,UNIT,
22038330,,"Vegan Burger [no chips] Solo Combo",,,,unit,1,20,GST,0.0000,GST,0,1,,MARILYNA'S,,,,,"Marilyna's Pizza",,1,,,,1,UNIT,
22001021,,"Year Wines Fiano - Bottle",,,,ml,750,71,GST,16.5642,GST,0,1,,WINE,,,,,"White Wine",,1,,1,Crates,12,UNIT,
22001020,,"Year Wines Fiano - Large",,,,unit,1,27,GST,0.0000,GST,0,1,,WINE,,,,,"White Wine",,1,,,Individual,1,UNIT,
22001019,,"Year Wines Fiano - Regular",,,,unit,1,18,GST,0.0000,GST,0,1,,WINE,,,,,"White Wine",,1,,,,,UNIT,
22038343,,"Regular BBQ Chicken Solo Combo",,,,unit,1,20,GST,0.0000,GST,0,1,,MARILYNA'S,,,,,"Marilyna's Pizza",,1,,,,,UNIT,
22038341,,"Regular Bubba Gump Solo Combo",,,,unit,1,20,GST,0.0000,GST,0,1,,MARILYNA'S,,,,,"Marilyna's Pizza",,1,,,,1,UNIT,
22038345,,"Regular Cosmo Solo Combo",,,,unit,1,20,GST,0.0000,GST,0,1,,MARILYNA'S,,,,,"Marilyna's Pizza",,1,,,,1,UNIT,
22038337,,"Regular El Patron Solo Combo",,,,unit,1,20,GST,0.0000,GST,0,1,,MARILYNA'S,,,,,"Marilyna's Pizza",,1,,,,1,UNIT,
22038335,,"Regular Hail Africa Solo Combo",,,,unit,1,20,GST,0.0000,GST,0,1,,MARILYNA'S,,,,,"Marilyna's Pizza",,1,,,,1,UNIT,
22038336,,"Regular Jimmy Jury Solo Combo",,,,unit,1,20,GST,0.0000,GST,0,1,,MARILYNA'S,,,,,"Marilyna's Pizza",,1,,,,1,UNIT,
22038339,,"Regular New Yorker Solo Combo",,,,unit,1,20,GST,0.0000,GST,0,1,,MARILYNA'S,,,,,"Marilyna's Pizza",,1,,,,1,UNIT,
22038338,,"Regular Sorrento Solo Combo",,,,unit,1,20,GST,0.0000,GST,0,1,,MARILYNA'S,,,,,"Marilyna's Pizza",,1,,,,1,UNIT,
22038342,,"Regular Super House Special Solo Combo",,,,unit,1,20,GST,0.0000,GST,0,1,,MARILYNA'S,,,,,"Marilyna's Pizza",,1,,,,1,UNIT,
22038340,,"Regular Tandoori Chicken Solo Combo",,,,unit,1,20,GST,0.0000,GST,0,1,,MARILYNA'S,,,,,"Marilyna's Pizza",,1,,,,1,UNIT,
22038366,,".Coke Zero Can",,,,unit,1,0,FRE,0.0000,GST,0,1,,MARILYNA'S,,,,,"Marilyna's Pizza",,1,,,,1,UNIT,
22038365,,".Sprite Can",,,,unit,1,0,FRE,0.0000,GST,0,1,,MARILYNA'S,,,,,"Marilyna's Pizza",,1,,,,1,UNIT,
22038351,,"Regular Hawaiian Solo Combo",,,,unit,1,20,GST,0.0000,GST,0,1,,MARILYNA'S,,,,,"Marilyna's Pizza",,1,,,,1,UNIT,
22038350,,"Regular Margherita Solo Combo",,,,unit,1,20,GST,0.0000,GST,0,1,,MARILYNA'S,,,,,"Marilyna's Pizza",,1,,,,1,UNIT,
22038346,,"Regular Meatlovers Solo Combo",,,,unit,1,20,GST,0.0000,GST,0,1,,MARILYNA'S,,,,,"Marilyna's Pizza",,1,,,,1,UNIT,
22038353,,"Regular Pepperoni Solo Combo",,,,unit,1,20,GST,0.0000,GST,0,1,,MARILYNA'S,,,,,"Marilyna's Pizza",,1,,,,1,UNIT,
22038348,,"Regular Roma Special Solo Combo",,,,unit,1,20,GST,0.0000,GST,0,1,,MARILYNA'S,,,,,"Marilyna's Pizza",,1,,,,1,UNIT,
22038347,,"Regular Truffalo Soldier Solo Combo",,,,unit,1,20,GST,0.0000,GST,0,1,,MARILYNA'S,,,,,"Marilyna's Pizza",,1,,,,1,UNIT,
22038349,,"Regular Uber Margherita Solo Combo",,,,unit,1,20,GST,0.0000,GST,0,1,,MARILYNA'S,,,,,"Marilyna's Pizza",,1,,,,1,UNIT,
22038352,,"Regular Vegetarian Solo Combo",,,,unit,1,20,GST,0.0000,GST,0,1,,MARILYNA'S,,,,,"Marilyna's Pizza",,1,,,,1,UNIT,
22038367,,".Coke Can",,,,unit,1,0,FRE,0.0000,GST,0,1,,MARILYNA'S,,,,,"Marilyna's Pizza",,1,,,,1,UNIT,
22038539,,"Gluten-free El Patron",,,,unit,1,24,GST,0.0000,GST,0,1,,MARILYNA'S,,,,,"Marilyna's Pizza",,1,,,,1,UNIT,
22038550,,"Gluten-free Jimmy Jury",,,,unit,1,24,GST,0.0000,GST,0,1,,MARILYNA'S,,,,,"Marilyna's Pizza",,1,,,,1,UNIT,
22038540,,"Large El Patron",,,,unit,1,27,GST,0.0000,GST,0,1,,MARILYNA'S,,,,,"Marilyna's Pizza",,1,,,,1,UNIT,
22038549,,"Large Jimmy Jury",,,,unit,1,27,GST,0.0000,GST,0,1,,MARILYNA'S,,,,,"Marilyna's Pizza",,1,,,,1,UNIT,
22038538,,"Regular El Patron",,,,unit,1,19.5,GST,0.0000,GST,0,1,,MARILYNA'S,,,,,"Marilyna's Pizza",,1,,,,1,UNIT,
22038548,,"Regular Jimmy Jury",,,,unit,1,19.5,GST,0.0000,GST,0,1,,MARILYNA'S,,,,,"Marilyna's Pizza",,1,,,,1,UNIT,
22045943,,"Gluten-free Jimmy Jury [Dine-in]",,,,unit,1,32,GST,0.0000,GST,0,1,,"STOW PIZZAS",,,,,"Dine-in Pizza",,1,,,,1,UNIT,
22045974,,"Regular El Patron [Dine-in]",,,,unit,1,26,GST,0.0000,GST,0,1,,"STOW PIZZAS",,,,,"Dine-in Pizza",,1,,,,1,UNIT,
22045942,,"Regular Jimmy Jury [Dine-in]",,,,unit,1,27,GST,0.0000,GST,0,1,,"STOW PIZZAS",,,,,"Dine-in Pizza",,1,,,,1,UNIT,
22052107,,"Large Little Italy.",,,,unit,1,30,GST,0.0000,GST,0,1,,,,,,,"Marilyna's Pizza",,1,,,,1,UNIT,
22052108,,"Large No Chorizo No Cry.",,,,unit,1,30,GST,0.0000,GST,0,1,,,,,,,"Marilyna's Pizza",,1,,,,1,UNIT,
22046212,,"No Aioli",,,,unit,1,0,GST,0.0000,GST,1,1,,,,,,,,,1,,1,Individual,1,UNIT,
22046210,,"No cap",,,,unit,1,0,GST,0.0000,GST,1,1,,,,,,,,,1,,1,Individual,1,UNIT,
22046198,,"Remove Baby Spinach",,,,unit,1,0,GST,0.0000,GST,1,1,,,,,,,,,1,,1,Individual,1,UNIT,
22046201,,"Remove Capsicum",,,,unit,1,0,GST,0.0000,GST,1,1,,,,,,,,,1,,1,Individual,1,UNIT,
22046195,,"Remove Chicken",,,,unit,1,0,GST,0.0000,GST,1,1,,,,,,,,,1,,1,Individual,1,UNIT,
22046202,,"Remove Onion",,,,unit,1,0,GST,0.0000,GST,1,1,,,,,,,,,1,,1,Individual,1,UNIT,
22046204,,"Remove Sour Cream",,,,unit,1,0,GST,0.0000,GST,1,1,,,,,,,,,1,,1,Individual,1,UNIT,
22045975,,"Gluten-free El Patron [Dine-in]",,,,unit,1,31,GST,0.0000,GST,0,1,,"STOW PIZZAS",,,,,"Dine-in Pizza",,1,,,,1,UNIT,
22052119,,"Large Bubba Gump.",,,,unit,1,30,GST,0.0000,GST,0,1,,,,,,,"Marilyna's Pizza",,1,,,,1,UNIT,
22052113,,"Large El Patron.",,,,unit,1,30,GST,0.0000,GST,0,1,,,,,,,"Marilyna's Pizza",,1,,,,,UNIT,
22052111,,"Large Hail Africa.",,,,unit,1,30,GST,0.0000,GST,0,1,,,,,,,"Marilyna's Pizza",,1,,,,1,UNIT,
22052112,,"Large Jimmy Jury.",,,,unit,1,30,GST,0.0000,GST,0,1,,,,,,,"Marilyna's Pizza",,1,,,,1,UNIT,
22052116,,"Large New Yorker.",,,,unit,1,30,GST,0.0000,GST,0,1,,,,,,,"Marilyna's Pizza",,1,,,,1,UNIT,
22052109,,"Large Paddock.",,,,unit,1,30,GST,0.0000,GST,0,1,,,,,,,"Marilyna's Pizza",,1,,,,1,UNIT,
22052110,,"Large Sanchez.",,,,unit,1,30,GST,0.0000,GST,0,1,,,,,,,"Marilyna's Pizza",,1,,,,1,UNIT,
22052114,,"Large Sorrento.",,,,unit,1,30,GST,0.0000,GST,0,1,,,,,,,"Marilyna's Pizza",,1,,,,1,UNIT,
22052120,,"Large Super House Special.",,,,unit,1,30,GST,0.0000,GST,0,1,,,,,,,"Marilyna's Pizza",,1,,,,1,UNIT,
22052117,,"Large Tandoori Chicken.",,,,unit,1,30,GST,0.0000,GST,0,1,,,,,,,"Marilyna's Pizza",,1,,,,1,UNIT,
22052167,,"Garlic Bread.",,,,unit,1,0,GST,0.0000,GST,0,1,,,,,,,"Marilyna's Pizza",,1,,,,1,UNIT,
22052121,,"Large BBQ Chicken.",,,,unit,1,30,GST,0.0000,GST,0,1,,,,,,,"Marilyna's Pizza",,1,,,,1,UNIT,
22052123,,"Large Cosmopolitan.",,,,unit,1,30,GST,0.0000,GST,0,1,,,,,,,"Marilyna's Pizza",,1,,,,1,UNIT,
22052142,,"Large Hawaiian.",,,,unit,1,30,GST,0.0000,GST,0,1,,,,,,,"Marilyna's Pizza",,1,,,,1,UNIT,
22052140,,"Large Margherita.",,,,unit,1,30,GST,0.0000,GST,0,1,,,,,,,"Marilyna's Pizza",,1,,,,1,UNIT,
22052124,,"Large Meatlovers.",,,,unit,1,30,GST,0.0000,GST,0,1,,,,,,,"Marilyna's Pizza",,1,,,,1,UNIT,
22052137,,"Large Roma Special.",,,,unit,1,30,GST,0.0000,GST,0,1,,,,,,,"Marilyna's Pizza",,1,,,,1,UNIT,
22052136,,"Large Truffalo Soldier.",,,,unit,1,30,GST,0.0000,GST,0,1,,,,,,,"Marilyna's Pizza",,1,,,,1,UNIT,
22052138,,"Large Uber Margherita.",,,,unit,1,30,GST,0.0000,GST,0,1,,,,,,,"Marilyna's Pizza",,1,,,,1,UNIT,
22052163,,"Large Vegetarian.",,,,unit,1,30,GST,0.0000,GST,0,1,,,,,,,"Marilyna's Pizza",,1,,,,1,UNIT,
22052173,,"1.25L Coke Zero.",,,,unit,1,0,GST,0.0000,GST,0,1,,,,,,,"Marilyna's Pizza",,1,,,,1,UNIT,
22052172,,"1.25L Coke.",,,,unit,1,0,GST,0.0000,GST,0,1,,,,,,,"Marilyna's Pizza",,1,,,,1,UNIT,
22052176,,"1.25L Solo.",,,,unit,1,0,GST,0.0000,GST,0,1,,,,,,,"Marilyna's Pizza",,1,,,,1,UNIT,
22052174,,"1.25L Sprite.",,,,unit,1,0,GST,0.0000,GST,0,1,,,,,,,"Marilyna's Pizza",,1,,,,1,UNIT,
22052175,,"1.25L Sunkist.",,,,unit,1,0,GST,0.0000,GST,0,1,,,,,,,"Marilyna's Pizza",,1,,,,1,UNIT,
22052170,,"Choc Brownie.",,,,unit,1,0,GST,0.0000,GST,0,1,,,,,,,"Marilyna's Pizza",,1,,,,1,UNIT,
22054086,,Hawaiian.,,,,unit,1,0,GST,0.0000,GST,1,1,,,,,,,,,1,,1,Individual,1,UNIT,
22054085,,Margherita.,,,,unit,1,0,GST,0.0000,GST,1,1,,,,,,,,,1,,1,Individual,1,UNIT,
22054088,,Pepperoni.,,,,unit,1,0,GST,0.0000,GST,1,1,,,,,,,,,1,,1,Individual,1,UNIT,
22054087,,Vegetarian.,,,,unit,1,0,GST,0.0000,GST,1,1,,,,,,,,,1,,1,Individual,1,UNIT,
22054095,,"BBQ Chicken.",,,,unit,1,30,GST,0.0000,GST,1,1,,,,,,,"Marilyna's Pizza",,1,,1,Individual,1,UNIT,
22054093,,"Bubba Gump.",,,,unit,1,0,GST,0.0000,GST,1,1,,,,,,,,,1,,1,Individual,1,UNIT,
22054096,,Cosmopolitan.,,,,unit,1,0,GST,0.0000,GST,1,1,,,,,,,,,1,,1,Individual,1,UNIT,
22054099,,"Little Italy.",,,,unit,1,0,GST,0.0000,GST,1,1,,,,,,,,,1,,1,Individual,1,UNIT,
22054097,,Meatlovers.,,,,unit,1,0,GST,0.0000,GST,1,1,,,,,,,,,1,,1,Individual,1,UNIT,
22054090,,"Roma Special.",,,,unit,1,0,GST,0.0000,GST,1,1,,,,,,,,,1,,1,Individual,1,UNIT,
22054094,,"Super House Special.",,,,unit,1,0,GST,0.0000,GST,1,1,,,,,,,,,1,,1,Individual,1,UNIT,
22054092,,"Tandoori Chicken.",,,,unit,1,0,GST,0.0000,GST,1,1,,,,,,,,,1,,1,Individual,1,UNIT,
22054091,,"Truffalo Soldier.",,,,unit,1,0,GST,0.0000,GST,1,1,,,,,,,,,1,,1,Individual,1,UNIT,
22054089,,"Uber Margherita.",,,,unit,1,0,GST,0.0000,GST,1,1,,,,,,,,,1,,1,Individual,1,UNIT,
22054107,,"El Patron.",,,,unit,1,0,GST,0.0000,GST,1,1,,,,,,,,,1,,1,Individual,1,UNIT,
22054105,,"Hail Africa.",,,,unit,1,0,GST,0.0000,GST,1,1,,,,,,,,,1,,1,Individual,1,UNIT,
22054106,,"Jimmy Jury.",,,,unit,1,0,GST,0.0000,GST,1,1,,,,,,,,,1,,1,Individual,1,UNIT,
22054109,,"New Yorker.",,,,unit,1,0,GST,0.0000,GST,1,1,,,,,,,,,1,,1,Individual,1,UNIT,
22054100,,"No Chorizo, No Cry.",,,,unit,1,0,GST,0.0000,GST,1,1,,,,,,,,,1,,1,Individual,1,UNIT,
22054103,,"Sanchez [Vegan].",,,,unit,1,0,GST,0.0000,GST,1,1,,,,,,,,,1,,1,Individual,1,UNIT,
22054102,,Sanchez.,,,,unit,1,0,GST,0.0000,GST,1,1,,,,,,,,,1,,1,Individual,1,UNIT,
22054108,,Sorrento.,,,,unit,1,0,GST,0.0000,GST,1,1,,,,,,,,,1,,1,Individual,1,UNIT,
22054101,,"The Paddock.",,,,unit,1,0,GST,0.0000,GST,1,1,,,,,,,,,1,,1,Individual,1,UNIT,
22054661,,"Banquet Deal Pizzas",,,,unit,1,60,GST,0.0000,GST,0,1,,MARILYNA'S,,,,,"Marilyna's Pizza",,1,,,,1,UNIT,
22054746,,"Solo Combo",,,,unit,1,20,GST,0.0000,GST,0,1,,,,,,,"Marilyna's Pizza",,1,,,,,UNIT,
22054663,,".1.25L Coke",,,,unit,1,0,GST,0.0000,GST,0,1,,MARILYNA'S,,,,,"Marilyna's Pizza",,1,,,,1,UNIT,
22054665,,".1.25L Coke Zero",,,,unit,1,0,GST,0.0000,GST,0,1,,MARILYNA'S,,,,,"Marilyna's Pizza",,1,,,,1,UNIT,
22054667,,".1.25L Solo",,,,unit,1,0,GST,0.0000,GST,0,1,,MARILYNA'S,,,,,"Marilyna's Pizza",,1,,,,1,UNIT,
22054666,,".1.25L Sprite",,,,unit,1,0,GST,0.0000,GST,0,1,,MARILYNA'S,,,,,"Marilyna's Pizza",,1,,,,1,UNIT,
22054668,,".1.25L Sunkist",,,,unit,1,0,GST,0.0000,GST,0,1,,MARILYNA'S,,,,,"Marilyna's Pizza",,1,,,,1,UNIT,
22054662,,".Garlic Bread",,,,unit,1,0,GST,0.0000,GST,0,1,,MARILYNA'S,,,,,"Marilyna's Pizza",,1,,,,1,UNIT,
22054713,,"Choc  Brownie",,,,g,3000,0,GST,0.0000,GST,0,1,,MARILYNA'S,,,,,"Marilyna's Pizza",,1,,,Individual,1,UNIT,
22054711,,"Feast Deal Pizzas",,,,unit,1,45,GST,0.0000,GST,0,1,,MARILYNA'S,,,,,"Marilyna's Pizza",,1,,,,,UNIT,
22054712,,"Garlic  Bread",,,,unit,1,0,GST,0.0000,GST,0,1,,MARILYNA'S,,,,,"Marilyna's Pizza",,1,,,,,UNIT,
22078006,,"Side of Fries",,,,unit,1,5,GST,0.0000,GST,1,1,,,,,,,"Add-ons - Kitchen",,1,,1,Individual,1,UNIT,
22078046,,"Side of Sweet Potato Fries",,,,unit,1,6,GST,0.0000,GST,1,1,,,,,,,"Add-ons - Kitchen",,1,,1,Individual,1,UNIT,
22066247,,"VB Can 4-pack",,,,unit,1,20,GST,0.0000,GST,0,1,,,,,,,"Delivery Alcohol",,1,,,,,UNIT,
22078462,,"Large Hawaiian Wings Deal",,,,unit,1,30,GST,0.0000,GST,0,1,,MARILYNA'S,,,,,"Marilyna's Pizza",,1,,,,1,UNIT,
22078460,,"Large Margherita Wings Deal",,,,unit,1,30,GST,0.0000,GST,0,1,,MARILYNA'S,,,,,"Marilyna's Pizza",,1,,,,1,UNIT,
22078463,,"Large Pepperoni Wings Deal","Large Pepperoni",,,unit,1,30,GST,0.0000,GST,0,1,,MARILYNA'S,,,,,"Marilyna's Pizza",,1,,,,,UNIT,
22078468,,"Large Roma Special Wings Deal",,,,unit,1,30,GST,0.0000,GST,0,1,,MARILYNA'S,,,,,"Marilyna's Pizza",,1,,,,1,UNIT,
22078466,,"Large Uber Margherita Wings Deal",,,,unit,1,30,GST,0.0000,GST,0,1,,MARILYNA'S,,,,,"Marilyna's Pizza",,1,,,,1,UNIT,
22078464,,"Large Vegetarian Wings Deal",,,,unit,1,30,GST,0.0000,GST,0,1,,MARILYNA'S,,,,,"Marilyna's Pizza",,1,,,,1,UNIT,
22054776,,"Regular Sanchez [Vegan] Solo Combo",,,,unit,1,20,GST,0.0000,GST,0,1,,MARILYNA'S,,,,,"Marilyna's Pizza",,1,,,,1,UNIT,
22078473,,"Large BBQ Chicken Wings Deal",,,,unit,1,30,GST,0.0000,GST,0,1,,MARILYNA'S,,,,,"Marilyna's Pizza",,1,,,,1,UNIT,
22078471,,"Large Bubba Gump Wings Deal",,,,unit,1,30,GST,0.0000,GST,0,1,,MARILYNA'S,,,,,"Marilyna's Pizza",,1,,,,1,UNIT,
22078474,,"Large Cosmopolitan Wings Deal",,,,unit,1,30,GST,0.0000,GST,0,1,,MARILYNA'S,,,,,"Marilyna's Pizza",,1,,,,1,UNIT,
22078477,,"Large Little Italy Wings Deal",,,,unit,1,30,GST,0.0000,GST,0,1,,MARILYNA'S,,,,,"Marilyna's Pizza",,1,,,,1,UNIT,
22078475,,"Large Meatlovers Wings Deal",,,,unit,1,30,GST,0.0000,GST,0,1,,MARILYNA'S,,,,,"Marilyna's Pizza",,1,,,,,UNIT,
22078476,,"Large New Yorker Wings Deal",,,,unit,1,30,GST,0.0000,GST,0,1,,MARILYNA'S,,,,,"Marilyna's Pizza",,1,,,,1,UNIT,
22078478,,"Large No Chorizo No Cry Wings Deal",,,,unit,1,30,GST,0.0000,GST,0,1,,MARILYNA'S,,,,,"Marilyna's Pizza",,1,,,,1,UNIT,
22078472,,"Large Super House Special Wings Deal",,,,unit,1,30,GST,0.0000,GST,0,1,,MARILYNA'S,,,,,"Marilyna's Pizza",,1,,,,1,UNIT,
22078470,,"Large Tandoori Chicken Wings Deal",,,,unit,1,30,GST,0.0000,GST,0,1,,MARILYNA'S,,,,,"Marilyna's Pizza",,1,,,,1,UNIT,
22078469,,"Large Truffalo Soldier Wings Deal",,,,unit,1,30,GST,0.0000,GST,0,1,,MARILYNA'S,,,,,"Marilyna's Pizza",,1,,,,1,UNIT,
22078538,,"$30 Deal",,,,unit,1,30,GST,0.0000,GST,0,1,,,,,,,"Marilyna's Pizza",,1,,1,Individual,1,UNIT,
22078499,,"Gluten-free Base.",,,,unit,1,0,GST,0.0000,GST,1,1,,,,,,,,,1,,1,Individual,1,UNIT,
22078488,,"Garlic  Bread.",,,,unit,1,0,GST,0.0000,GST,0,1,,MARILYNA'S,,,,,"Marilyna's Pizza",,1,,,,1,UNIT,
22078483,,"Large El Patron Wings Deal",,,,unit,1,30,GST,0.0000,GST,0,1,,MARILYNA'S,,,,,"Marilyna's Pizza",,1,,,,1,UNIT,
22078482,,"Large Hail Africa Wings Deal",,,,unit,1,30,GST,0.0000,GST,0,1,,MARILYNA'S,,,,,"Marilyna's Pizza",,1,,,,1,UNIT,
22078484,,"Large Jimmy Jury Wings Deal",,,,unit,1,30,GST,0.0000,GST,0,1,,MARILYNA'S,,,,,"Marilyna's Pizza",,1,,,,1,UNIT,
22078479,,"Large Paddock Wings Deal",,,,unit,1,30,GST,0.0000,GST,0,1,,MARILYNA'S,,,,,"Marilyna's Pizza",,1,,,,1,UNIT,
22078480,,"Large Sanchez Wings Deal",,,,unit,1,30,GST,0.0000,GST,0,1,,MARILYNA'S,,,,,"Marilyna's Pizza",,1,,,,1,UNIT,
22078481,,"Large Sanchez [Vegan] Wings Deal",,,,unit,1,30,GST,0.0000,GST,0,1,,MARILYNA'S,,,,,"Marilyna's Pizza",,1,,,,1,UNIT,
22078485,,"Large Sorrento Wings Deal",,,,unit,1,30,GST,0.0000,GST,0,1,,MARILYNA'S,,,,,"Marilyna's Pizza",,1,,,,1,UNIT,
22082019,,"Ancho Reyes Verde [700ml]",,,,unit,1,0,GST,0.0000,GST,0,1,,,,,,,,,1,,1,Individual,1,UNIT,
22081691,,"Grifter Serpents Kiss [Keg]",,,,ml,50000,0,GST,0.0000,GST,0,1,,,,,,,,,1,,1,Individual,1,KEG,
22157516,,"House Sangria Glass",,,,unit,1,14,GST,0.0000,GST,0,1,,,,,,,"Cocktails - Classic",,1,,,,,UNIT,
22081756,,"Serpents Kiss - Pint",,,,unit,1,14,GST,0.0000,GST,0,1,,,,,,,"Tap Beer",,1,,,,,UNIT,
22081755,,"Serpents Kiss - Schooner",,,,unit,1,10.5,GST,0.0000,GST,0,1,,,,,,,"Tap Beer",,1,,,,1,UNIT,
22082100,,"San Pellegrino Bottle",,,,unit,1,1,GST,0.0000,GST,0,1,,MARILYNA'S,,,,,"Marilyna's Pizza",,1,,,,1,UNIT,
22082132,,"San Pellegrino Bottle.",,,,unit,1,0,GST,0.0000,GST,0,1,,MARILYNA'S,,,,,"Marilyna's Pizza",,1,,,,1,UNIT,
22082316,,"Havana Club 3yr",,,,unit,1,14,GST,0.0000,GST,0,1,,SPIRITS,,,,,Rum,,1,,,,,UNIT,
22169755,,"Hine Rare VSOP Cognac",,,,unit,1,17,GST,0.0000,GST,0,1,,SPIRITS,,,,,"Amaro / Aperitif / Fortified Wine",,1,,,,,UNIT,
22169473,,"R de Ruinart Brut Champagne",,,,unit,1,175,GST,0.0000,GST,0,1,,WINE,,,,,"Sparkling Wine",,1,,1,Individual,1,UNIT,
22256996,,"Carnaval Gypsy",,,,unit,1,23,GST,0.0000,GST,0,1,,,,,,,"Cocktails - Signature",,1,,,,,UNIT,
22267085,,"Hills Cider - Pint",,,,unit,1,14,GST,0.0000,GST,0,1,,,,,,,"Tap Beer",,1,,,,1,UNIT,
22267084,,"Hills Cider - Schooner",,,,unit,1,10.5,GST,0.0000,GST,0,1,,,,,,,"Tap Beer",,1,,,,,UNIT,
22267080,,"Hills Cider [Keg]",,,,ml,50000,0,FRE,0.0000,FRE,0,1,,,,,,,,,1,,1,Individual,1,UNIT,
22169779,,"Hine Rare VSOP Cognac [700ml]",,,,ml,700,0,FRE,118.9400,GST,0,1,,,,,,,,,1,,1,Individual,,UNIT,
22296519,,"Hyoketsu Lemon - Pint",,,,unit,1,15,GST,0.0000,GST,0,1,,,,,,,"Tap Beer",,1,,,,,UNIT,
22296517,,"Hyoketsu Lemon - Schooner",,,,unit,1,11.5,GST,0.0000,GST,0,1,,,,,,,"Tap Beer",,1,,,Individual,1,UNIT,
22296521,,Ice?,,,,unit,1,0,GST,0.0000,GST,1,1,,,,,,,,,1,,1,Individual,1,UNIT,
22252288,,"4 Pines Kolsch Bottle",,,,unit,1,11,GST,0.0000,GST,0,1,,BEERS,,,,,"Bottles / Cans Alcoholic",,1,,,,,UNIT,
22257033,,"Lemon Meringue Martini",,,,unit,1,24,GST,0.0000,GST,0,1,,COCKTAILS,,,,,"Cocktails - Signature",,1,,,,,UNIT,
22442211,,"Café Patron [Bottle]",,,,ml,700,0,FRE,0.0000,FRE,0,1,,,,,,,,,1,,1,Individual,,UNIT,
22442023,,"Dolin Rouge Vermouth [Bottle]",,,,ml,750,0,GST,26.1250,GST,0,1,,,,,,,,,1,,1,Individual,,UNIT,
22296524,,"Hyoketsu Lemon [Keg]",,,,ml,50000,0,FRE,0.0000,FRE,0,1,,,,,,,,,1,,1,Individual,,UNIT,
22297332,,"Mayo/Sour Cream on the Side",,,,unit,1,0,GST,0.0000,GST,1,1,,,,,,,,,1,,1,Individual,1,UNIT,
22397355,,"Samba Ramba",,,,unit,1,14,GST,0.0000,GST,0,1,,,,,,,Non-alcoholic,,1,,1,Individual,1,UNIT,
22422282,,"Sapporo - Pint",,,,unit,1,15,GST,0.0000,GST,0,1,,,,,,,"Tap Beer",,1,,,,1,UNIT,
22422280,,"Sapporo - Schooner",,,,unit,1,11.5,GST,0.0000,GST,0,1,,,,,,,"Tap Beer",,1,,,,1,UNIT,
22360657,,"Scorched As",,,,unit,1,22,GST,0.0000,GST,0,1,,COCKTAILS,,,,,"Cocktails - Signature",,1,,,Individual,1,UNIT,
22442200,,"Café Patron",,,,unit,1,17,GST,0.0000,GST,0,1,,SPIRITS,,,,,Liqueurs,,1,,,,,UNIT,
22442475,,"Plantation Original Dark",,,,unit,1,14,GST,59.1910,GST,0,1,,SPIRITS,,,,,Rum,,1,,,,,UNIT,
22479979,,"Big Cheese - Shredded Mozzarella [2kg]",,,,g,2000,0,FRE,21.0000,FRE,0,1,,,,,,,,,1,,1,Individual,,UNIT,
22442595,,"Jalapeños Inside Burrito",,,,unit,1,1,GST,0.0000,GST,1,1,,,,,,,"Add-ons - Kitchen",,1,,1,Individual,1,UNIT,
22442594,,"Jalapeños on Side",,,,unit,1,1,GST,0.0000,GST,1,1,,,,,,,"Add-ons - Kitchen",,1,,1,Individual,1,UNIT,
22479994,,"Pepperoni [3kg]",,,,g,3000,0,FRE,49.0000,FRE,0,1,,,,,,,,,1,,1,Individual,,UNIT,
22479953,,"Pizza Dough",,,,g,10000,0,FRE,0.0000,FRE,0,1,,,,,,,,,1,,1,Individual,,UNIT,
22442482,,"Plantation Original Dark [Bottle]",,,,ml,700,0,GST,59.1910,GST,0,1,,,,,,,,,1,,1,Individual,1,UNIT,
22480042,,"Sundried Tomato [1Kg]",,,,g,1000,0,FRE,15.1600,FRE,0,1,,,,,,,,,1,,1,Individual,,UNIT,
22479972,,"Tomato Base",,,,g,10000,0,FRE,0.0000,FRE,0,1,,,,,,,,,1,,1,Individual,,UNIT,
22479818,,"Philter Pale - Pint",,,,unit,1,14,GST,0.0000,GST,0,1,,"BEERS,STOW FAST",,,,,"Tap Beer",,1,,,Individual,1,UNIT,
22479817,,"Philter Pale - Schooner",,,,unit,1,10.5,GST,0.0000,GST,0,1,,"BEERS,STOW FAST",,,,,"Tap Beer",,1,,,Individual,1,UNIT,
22480081,,"Baby Spinach [1.5Kg]",,,,g,1500,0,FRE,17.5000,FRE,0,1,,,,,,,,,1,,1,Individual,,UNIT,
22480103,,"Basil Pesto [1.9Kg]",,,,g,1900,0,FRE,28.8600,FRE,0,1,,,,,,,,,1,,1,Individual,,UNIT,
22480067,,"Bocconcini [1Kg]",,,,g,1000,0,FRE,17.4000,FRE,0,1,,,,,,,,,1,,1,Individual,,UNIT,
22480105,,"Chicken [5Kg] [BBQ Chicken Pizza]",,,,g,5000,0,FRE,61.0000,FRE,0,1,,,,,,,,,1,,1,Individual,,UNIT,
22480095,,"Chorizo [1Kg]",,,,g,1000,0,FRE,13.7000,FRE,0,1,,,,,,,,,1,,1,Individual,,UNIT,
22480104,,"Fetta [2Kg]",,,,g,2000,0,FRE,26.2500,FRE,0,1,,,,,,,,,1,,1,Individual,,UNIT,
22480112,,"Jalapenos [3Kg]",,,,g,3000,0,FRE,9.2200,FRE,0,1,,,,,,,,,1,,1,Individual,,UNIT,
22480046,,"Prosciutto Sliced [500g]",,,,g,500,0,FRE,12.0000,FRE,0,1,,,,,,,,,1,,1,Individual,,UNIT,
22480102,,"Pumpkin [1kg]",,,,g,1000,0,FRE,4.2000,FRE,0,1,,,,,,,,,1,,1,Individual,,UNIT,
22480063,,"Spanish Onion [10Kg]",,,,g,10000,0,FRE,26.0000,FRE,0,1,,,,,,,,,1,,1,Individual,1,UNIT,
22488995,,Avocado,,,,g,5000,0,FRE,0.0000,FRE,0,1,,,,,,,,,1,,1,Individual,,UNIT,
22480144,,"Char-grilled Caps [4.1Kg]",,,,g,4100,0,FRE,15.9100,FRE,0,1,,,,,,,,,1,,1,Individual,,UNIT,
22480140,,"Char-grilled Caps [Tin]",,,,unit,1,0,FRE,0.0000,FRE,0,1,,,,,,,,,1,,1,Individual,,UNIT,
22480117,,"Corn [2Kg]",,,,g,2000,0,FRE,10.8400,FRE,0,1,,,,,,,,,1,,1,Individual,,UNIT,
22480169,,"Harissa Prawns [7Kg]",,,,g,7000,0,FRE,175.0000,FRE,0,1,,,,,,,,,1,,1,Individual,,UNIT,
22491319,,"J.J. Beef [Top Side Kg]",,,,g,1000,0,FRE,19.0000,FRE,0,1,,,,,,,,,1,,1,Individual,,UNIT,
22488947,,"lime juice",,,,ml,1,0,FRE,0.0000,FRE,0,1,,,,,,,,,1,,1,Individual,,UNIT,
22488943,,"Pineapple Cut Squid [5kg]",,,,g,5000,0,FRE,70.0000,FRE,0,1,,,,1,1,,,,1,,1,Individual,,UNIT,
22480120,,"S.S.C [Small Bottle]",,,,g,100,0,FRE,0.0000,FRE,0,1,,,,,,,,,1,,1,Individual,,UNIT,
22480147,,"Zucchini [1Kg]",,,,g,1000,0,FRE,2.8000,FRE,0,1,,,,,,,,,1,,1,Individual,,UNIT,
22491666,,"Brown Onions [20kg]",,,,g,20000,0,FRE,34.0000,FRE,0,1,,,,,,,,,1,,1,Individual,,UNIT,
22491544,,"Calabrese [1Kg]",,,,g,1000,0,FRE,24.9800,FRE,0,1,,,,,,,,,1,,1,Individual,,UNIT,
22491658,,"Capsicum [1Kg]",,,,g,1000,0,FRE,8.6000,FRE,0,1,,,,,,,,,1,,1,Individual,,UNIT,
22491356,,"Cherry Tom [250g/Punnet]",,,,g,250,0,FRE,2.1000,FRE,0,1,,,,,,,,,1,,1,Individual,,UNIT,
22491471,,"Grilled Chicken [Kg]",,,,g,5000,0,FRE,81.5000,FRE,0,1,,,,,,,,,1,,1,Individual,,UNIT,
22491688,,"Mixed Olives [6Kg]",,,,g,6000,0,FRE,59.7200,FRE,0,1,,,,,,,,,1,,1,Individual,,UNIT,
22491619,,"Mushrooms [4Kg box]",,,,g,4000,0,FRE,36.0000,FRE,0,1,,,,,,,,,1,,1,Individual,,UNIT,
22491679,,"Pineapple pizza [9Kg]",,,,g,9000,0,FRE,53.9000,FRE,0,1,,,,,,,,,1,,1,Individual,,UNIT,
22491570,,"Shallots [Bunch]",,,,g,300,0,FRE,1.7000,FRE,0,1,,,,,,,,,1,,1,Individual,,UNIT,
22491577,,"Tandoori Chicken [2Kg]",,,,g,2000,0,FRE,35.7500,FRE,0,1,,,,,,,,,1,,,,,UNIT,
22491793,,"Anchovies [Tin 690g]",,,,g,690,0,FRE,19.5000,FRE,0,1,,,,,,,,,1,,1,Individual,,UNIT,
22491689,,"Bacon pizza [5Kg]",,,,g,5000,0,FRE,50.0000,FRE,0,1,,,,,,,,,1,,1,Individual,,UNIT,
22491767,,"BBQ Sauce [Bottle 946ml]",,,,g,946,0,FRE,9.2900,FRE,0,1,,,,,,,,,1,,1,Individual,,UNIT,
22493925,,"cauli flower",,,,g,500,0,FRE,0.0000,FRE,0,1,,,,,,,,,1,,1,Individual,,UNIT,
22493928,,chickpeas,,,,g,300,0,FRE,0.0000,FRE,0,1,,,,,,,,,1,,1,Individual,,UNIT,
22493903,,chives,,,,g,700,0,FRE,0.0000,FRE,0,1,,,,,,,,,1,,1,Individual,,UNIT,
22493908,,parmesan,,,,kg,5,0,FRE,0.0000,FRE,0,1,,,,,,,,,1,,1,Individual,,UNIT,
22493876,,"Pico de Gallo [2.5kg]",,,,g,2500,0,FRE,0.0000,FRE,0,1,,,,,,,,,1,,,,,CONTAINER,
22491831,,"Pizza Beef Brisket [Kg]",,,,g,1000,0,FRE,25.0000,FRE,0,1,,,,,,,,,1,,1,Individual,,UNIT,
22491710,,"Roma Tomato [box]",,,,g,10000,0,FRE,47.5000,FRE,0,1,,,,,,,,,1,,1,Individual,,UNIT,
22494013,,barramundi,,,,g,5000,0,FRE,0.0000,FRE,0,1,,,,,,,,,1,,1,Individual,,UNIT,
22507831,,"buffalo sauce",,,,ml,100,0,FRE,0.0000,FRE,0,1,,,,,,,,,1,,1,Individual,,UNIT,
22507818,,"Chicken Wing [5kg bag]",,,,g,5000,0,FRE,24.0000,FRE,0,1,,,,,,,,,1,,1,Individual,1,BAG,
22494008,,"Flour Tortillas",,,,unit,1,0,FRE,0.0000,FRE,0,1,,,,,,,,,1,,1,Individual,,UNIT,
22493970,,"jalapeno salt",,,,g,750,0,FRE,0.0000,FRE,0,1,,,,,,,,,1,,1,Individual,,UNIT,
22507943,,mint,,,,g,200,0,FRE,0.0000,FRE,0,1,,,,,,,,,1,,1,Individual,,UNIT,
22493931,,"Salsa Rosa Prep",,,,g,3000,0,FRE,0.0000,FRE,0,1,,,,,,,,,1,,,,,UNIT,
22507889,,"shredded carrot",,,,g,1000,0,FRE,0.0000,FRE,0,1,,,,,,,,,1,,1,Individual,,UNIT,
22507915,,"snake beans",,,,g,200,0,FRE,0.0000,FRE,0,1,,,,,,,,,1,,1,Individual,,UNIT,
22494030,,"truffle oil",,,,ml,1500,0,FRE,0.0000,FRE,0,1,,,,,,,,,1,,1,Individual,,UNIT,
22509675,,"Balsamic Dressing House [4.9L]",,,,ml,4900,0,FRE,0.0000,FRE,0,1,,,,,,,,,1,,,,,UNIT,
22509600,,chilli,,,,g,250,0,FRE,0.0000,FRE,0,1,,,,,,,,,1,,1,Individual,,UNIT,
22509613,,"crispy garlic",,,,g,1000,0,FRE,0.0000,FRE,0,1,,,,,,,,,1,,1,Individual,,UNIT,
22509609,,"crispy onion",,,,g,1000,0,FRE,0.0000,FRE,0,1,,,,,,,,,1,,1,Individual,,UNIT,
22508452,,"Liquid Nitrogen [10L]",,,,ml,10000,0,FRE,66.4500,GST,0,1,,,,,,,,,1,,1,Individual,,UNIT,
22508321,,"Nitro Sorbet Espresso",,,,unit,1,21,GST,0.0000,GST,0,1,,,,,,,"Cocktails - Signature",,1,,,Individual,1,UNIT,
22509663,,pear,,,,g,800,0,FRE,0.0000,FRE,0,1,,,,,,,,,1,,1,Individual,,UNIT,
22509639,,"shaved parmesan",,,,g,1000,0,FRE,0.0000,FRE,0,1,,,,,,,,,1,,1,Individual,,UNIT,
22509779,,"side salad",,,,g,1500,0,FRE,0.0000,FRE,0,1,,,,,,,,,1,,1,Individual,,UNIT,
22509659,,walnut,,,,g,1000,0,FRE,0.0000,FRE,0,1,,,,,,,,,1,,1,Individual,,UNIT,
22510083,,"beef pattie",,,,g,150,0,FRE,0.0000,FRE,0,1,,,,,,,,,1,,1,Individual,,UNIT,
22510081,,"burger bun",,,,unit,1,0,FRE,0.0000,FRE,0,1,,,,,,,,,1,,1,Individual,,UNIT,
22510147,,"burger sauce",,,,ml,1000,0,FRE,0.0000,FRE,0,1,,,,,,,,,1,,1,Individual,,UNIT,
22509806,,"Chicken Breast Schnitzel [6kg]",,,,g,6000,0,FRE,87.0000,FRE,0,1,,,,,,,,,1,,1,Individual,1,PACKET,
22510116,,lettuce,,,,g,300,0,FRE,0.0000,FRE,0,1,,,,,,,,,1,,1,Individual,,UNIT,
22510141,,pickle,,,,g,2000,0,FRE,0.0000,FRE,0,1,,,,,,,,,1,,1,Individual,,UNIT,
22510097,,"sliced cheddar",,,,g,2250,0,FRE,0.0000,FRE,0,1,,,,,,,,,1,,1,Individual,,UNIT,
22509786,,"tartar sauce",,,,ml,1000,0,FRE,0.0000,FRE,0,1,,,,,,,,,1,,1,Individual,,UNIT,
22509939,,Tempeh,,,,g,1250,0,FRE,0.0000,FRE,0,1,,,,,,,,,1,,1,Individual,,UNIT,
22510175,,"vegan pattie",,,,g,1000,0,FRE,0.0000,FRE,0,1,,,,,,,,,1,,1,Individual,,UNIT,
22510332,,bolognese,,,,g,5000,0,FRE,0.0000,FRE,0,1,,,,,,,,,1,,1,Individual,,UNIT,
22510269,,"chicken thigh",,,,g,15000,0,FRE,0.0000,FRE,0,1,,,,,,,,,1,,1,Individual,,UNIT,
22510209,,"Dairy free bun",,,,g,1500,0,FRE,0.0000,FRE,0,1,,,,,,,,,1,,1,Individual,,UNIT,
22514063,,"Garlic Sauce Base",,,,g,90,0,FRE,0.0000,FRE,0,1,,,,,,,,,1,,1,Individual,,UNIT,
22514068,,"Mushrooms Ragu",,,,g,4000,0,FRE,36.0000,FRE,0,1,,,,,,,,,1,,1,Individual,,UNIT,
22514072,,"Pizza Mushroom",,,,g,62,0,FRE,0.0000,FRE,0,1,,,,,,,,,1,,1,Individual,,UNIT,
22510301,,"Salted Caramel Sauce",,,,ml,1500,0,FRE,0.0000,FRE,0,1,,,,,,,,,1,,,,,UNIT,
22510270,,Slaw,,,,g,4000,0,FRE,22.4000,FRE,0,1,,,,,,,,,1,,1,Individual,,UNIT,
22510297,,"vanilla ice cream",,,,g,4000,0,FRE,0.0000,FRE,0,1,,,,,,,,,1,,1,Individual,,UNIT,
22513513,,"Hugo Spritz",,,,unit,1,21,GST,0.0000,GST,0,1,ALCOHOL,COCKTAILS,1,,,,"Cocktails - Classic",,1,,,,,UNIT,
22514094,,"Baby Rocket",,,,g,1500,0,FRE,20.0000,FRE,0,1,,,,,,,,,1,,1,Individual,,UNIT,
22514145,,"Basil [Bunch/$2.50]",,,,g,200,0,FRE,2.5000,FRE,0,1,,,,,,,,,1,,1,Individual,,UNIT,
22514075,,"Caramelised Onion",,,,g,32000,0,FRE,32.5000,FRE,0,1,,,,,,,,,1,,1,Individual,,UNIT,
22514219,,"Pizza Dough [Recipe]",,,,g,10000,0,FRE,0.0000,FRE,0,1,,,,,,,,,1,,,,,UNIT,
22514113,,"Pizza Eggplant",,,,g,2000,0,FRE,21.9000,FRE,0,1,,,,,,,,,1,,1,Individual,,UNIT,
22514230,,"Pizza Flour",,,,g,12500,0,FRE,15.2300,FRE,0,1,,,,,,,,,1,,1,Individual,,UNIT,
22514091,,"Truffole Oil [250ml]",,,,ml,250,0,FRE,18.5000,FRE,0,1,,,,,,,,,1,,1,Individual,,UNIT,
22514089,,"Vegan Shredded Cheese [500g]",,,,g,500,0,FRE,11.0000,FRE,0,1,,,,,,,,,1,,1,Individual,,UNIT,
22514234,,"Vegetable Oil",,,,ml,20000,0,FRE,51.9000,FRE,0,1,,,,,,,,,1,,1,Individual,,UNIT,
22514090,,"Walnuts [1kg]",,,,g,1000,0,FRE,16.5000,FRE,0,1,,,,,,,,,1,,1,Individual,,UNIT,
22523805,,"Chilli Flakes",,,,g,1000,0,FRE,22.0000,FRE,0,1,,,,,,,,,1,,1,Individual,,UNIT,
22523808,,"Garlic Oil [Batch]",,,,g,1000,0,FRE,0.0000,FRE,0,1,,,,,,,,,1,,,,,UNIT,
22514326,,"Oregano Leaves Rubbed - Torino",,,,g,500,0,FRE,10.0000,FRE,0,1,,,,,,,,,1,,1,Individual,,UNIT,
22514324,,Parsley,,,,g,1000,0,FRE,28.8600,FRE,0,1,,,,,,,,,1,,1,Individual,,UNIT,
22514308,,"Pizza Sauce [Recipe]",,,,g,11000,0,FRE,0.0000,FRE,0,1,,,,,,,,,1,,,,,UNIT,
22514322,,"Pizza Tomato Sauce ",,,,g,10000,0,FRE,0.0000,FRE,0,1,,,,,,,,,1,,1,Individual,,UNIT,
22514239,,"Pizza Yeast",,,,g,1000,0,FRE,5.5000,FRE,0,1,,,,,,,,,1,,1,Individual,,UNIT,
22517693,,"Prawns [Box 7kg]",,,,g,7000,0,FRE,159.0000,FRE,0,1,,,,,,,,,1,,1,Individual,,UNIT,
22514330,,"Tomato Paste",,,,g,2500,0,FRE,15.0000,FRE,0,1,,,,,,,,,1,,1,Individual,,UNIT,
22514345,,"Tomato Sauce [10kg]",,,,g,10000,0,FRE,28.9500,FRE,0,1,,,,,,,,,1,,1,Individual,,UNIT,
22524104,,"Balsamic Vinegar [5L]",,,,ml,5000,0,FRE,19.9000,FRE,0,1,,,,,,,,,1,,1,Individual,,UNIT,
22524072,,Chimichurri,,,,g,570,0,FRE,8.0700,FRE,0,1,,,,,,,,,1,,,,,UNIT,
22524075,,"Fresh Parsley [Bunch]",,,,unit,1,0,FRE,1.5000,FRE,0,1,,,,,,,,,1,,1,Individual,,UNIT,
22523868,,"J.J. Aioli [Batch]",,,,g,570,0,FRE,0.0000,FRE,0,1,,,,,,,,,1,,,,,UNIT,
22524073,,"Mayo [plain]",,,,g,20000,0,FRE,130.0000,FRE,0,1,,,,,,,,,1,,1,Individual,,UNIT,
22524105,,"Olive Oil [4L]",,,,ml,4000,0,FRE,38.5000,FRE,0,1,,,,,,,,,1,,1,Individual,,UNIT,
22524134,,"Peeled Garlic [1Kg]",,,,g,1000,0,FRE,4.4000,FRE,0,1,,,,,,,,,1,,1,Individual,,UNIT,
22524108,,"Red Chilli [$10/Kg]",,,,g,10000,0,FRE,10.0000,FRE,0,1,,,,,,,,,1,,1,Individual,,UNIT,
22524158,,"Spiced Sour Cream [Batch]",,,,g,1000,0,FRE,0.0000,FRE,0,1,,,,,,,,,1,,1,Individual,,UNIT,
22523874,,Zaat'ar,,,,g,500,0,FRE,0.0000,FRE,0,1,,,,,,,,,1,,1,Individual,,UNIT,
22525536,,"Grifter Lager - Pint",,,,unit,1,13,GST,0.0000,GST,0,1,,,,,,,"Tap Beer",,1,,,Individual,1,UNIT,
22525534,,"Grifter Lager - Schooner",,,,unit,1,9.5,GST,0.0000,GST,0,1,,,,,,,"Tap Beer",,1,,,Individual,1,UNIT,
22539078,,"Lemon [Sliced]",,,,g,1000,0,FRE,5.4600,FRE,0,1,,,,,,,,,1,,1,Individual,,UNIT,
22533121,,"Lime Juice [2Lt]",,,,ml,2000,0,FRE,16.5000,FRE,0,1,,,,,,,,,1,,1,Individual,,UNIT,
22533090,,"Mint Yoghurt [Batch]",,,,g,1000,0,FRE,10.7800,FRE,0,1,,,,,,,,,1,,,,,UNIT,
22533101,,"Mint [bunch]",,,,unit,1,0,FRE,1.3000,FRE,0,1,,,,,,,,,1,,1,Individual,,UNIT,
22533151,,"Tandoori Paste [1.25Kg]",,,,g,1250,0,FRE,29.8200,FRE,0,1,,,,,,,,,1,,1,Individual,,UNIT,
22533140,,"Tandoori Sauce [Batch]",,,,g,1000,0,FRE,0.0000,FRE,0,1,,,,,,,,,1,,,,,UNIT,
22533097,,"Yoghurt Greek Style [1Kg]",,,,g,1000,0,FRE,7.3500,FRE,0,1,,,,,,,,,1,,1,Individual,,UNIT,
22542259,,"Patron Silver Margarita",,,,unit,1,24,GST,0.0000,GST,0,1,,COCKTAILS,,,,,"Cocktails - Classic",,1,,,,,UNIT,
22542264,,"400 Conejos Margarita",,,,unit,1,22,GST,0.0000,GST,0,1,,COCKTAILS,,,,,"Cocktails - Classic",,1,,,,,UNIT,
22542274,,"Casamigos Reposado Margarita",,,,unit,1,26,GST,0.0000,GST,0,1,,COCKTAILS,,,,,"Cocktails - Classic",,1,,,Individual,1,UNIT,
22542263,,"Don Julio 1942 Anejo Margarita",,,,unit,1,45,GST,0.0000,GST,0,1,,COCKTAILS,,,,,"Cocktails - Classic",,1,,,,,UNIT,
22542368,,"Flor de Caña 12yr Dark & Stormy",,,,unit,1,25,GST,0.0000,GST,0,1,,COCKTAILS,,,,,"Cocktails - Classic",,1,,,Individual,1,UNIT,
22542351,,"Gosling's Black Dark & Stormy",,,,unit,1,22,GST,0.0000,GST,0,1,,COCKTAILS,,,,,"Cocktails - Classic",,1,,,Individual,1,UNIT,
22542260,,"Herradura Silver Margarita",,,,unit,1,24,GST,0.0000,GST,0,1,,COCKTAILS,,,,,"Cocktails - Classic",,1,,,,,UNIT,
22542352,,"Kraken Dark & Stormy",,,,unit,1,22,GST,0.0000,GST,0,1,,COCKTAILS,,,,,"Cocktails - Classic",,1,,,,,UNIT,
22542369,,"Myer's Dark & Stormy",,,,unit,1,22,GST,0.0000,GST,0,1,,COCKTAILS,,,,,"Cocktails - Classic",,1,,,Individual,1,UNIT,
22542265,,"Patron Reposodo Margarita",,,,unit,1,24,GST,0.0000,GST,0,1,,COCKTAILS,,,,,"Cocktails - Classic",,1,,,,,UNIT,
22542267,,"Quiquiquiri Mezcal Margarita",,,,unit,1,24,GST,0.0000,GST,0,1,,COCKTAILS,,,,,"Cocktails - Classic",,1,,,,,UNIT,
22551160,,"Coco Salt",,,,unit,1,0,FRE,0.0000,FRE,1,1,,,,,,,,,1,,1,Individual,1,UNIT,
22551161,,"Tajin Salt",,,,unit,1,0,FRE,0.0000,FRE,1,1,,,,,,,,,1,,1,Individual,1,UNIT,
22542375,,"Appleton Estate Dark & Stormy",,,,unit,1,22,GST,0.0000,GST,0,1,,COCKTAILS,,,,,"Cocktails - Classic",,1,,,Individual,1,UNIT,
22551176,,"Caffé Crema",,,,unit,1,21,GST,0.0000,GST,0,1,,COCKTAILS,,,,,"Cocktails - Signature",,1,,,,,UNIT,
22542373,,"Plantation Original Dark & Stormy",,,,unit,1,22,GST,0.0000,GST,0,1,,COCKTAILS,,,,,"Cocktails - Classic",,1,,,Individual,1,UNIT,
22542371,,"Ron Zacapa Dark & Stormy",,,,unit,1,26,GST,0.0000,GST,0,1,,COCKTAILS,,,,,"Cocktails - Classic",,1,,,Individual,1,UNIT,
22562625,,"BBQ Pork Buns",,,,unit,1,15,GST,0.0000,GST,0,1,,HARRYS,,,,,"Harry Gatos Food",,1,,1,Individual,1,UNIT,
22562622,,"Outback Prawn Toast",,,,unit,1,16,GST,0.0000,GST,0,1,,HARRYS,,,,,"Harry Gatos Food",,1,,1,Individual,1,UNIT,
22562637,,"Popcorn Cauliflower",,,,unit,1,14,GST,0.0000,GST,0,1,,HARRYS,,,,,"Harry Gatos Food",,1,,1,Individual,1,UNIT,
22562499,,"Unlimited Dumplings",,,,unit,1,24,GST,0.0000,GST,0,0,,HARRYS,,,,,"Harry Gatos Food",,1,,1,Individual,1,UNIT,
22562638,,"Duck Spring Rolls",,,,unit,1,16,GST,0.0000,GST,0,1,,HARRYS,,,,,"Harry Gatos Food",,1,,1,Individual,1,UNIT,
22562640,,Edamame,,,,unit,1,11,GST,0.0000,GST,0,1,,HARRYS,,,,,"Harry Gatos Food",,1,,1,Individual,1,UNIT,
22562648,,"Fried Rice",,,,unit,1,23,GST,0.0000,GST,0,1,,HARRYS,,,,,"Harry Gatos Food",,1,,1,Individual,1,UNIT,
22562653,,"Jasmine Rice",,,,unit,1,4,GST,0.0000,GST,0,1,,HARRYS,,,,,"Harry Gatos Food",,1,,1,Individual,1,UNIT,
22562651,,"Katsu Curry",,,,unit,1,27,GST,0.0000,GST,0,1,,HARRYS,,,,,"Harry Gatos Food",,1,,1,Individual,1,UNIT,
22562650,,"Mie Goreng",,,,unit,1,23,GST,0.0000,GST,0,1,,HARRYS,,,,,"Harry Gatos Food",,1,,1,Individual,1,UNIT,
22562656,,"Mochi Trio",,,,unit,1,13,GST,0.0000,GST,0,1,,HARRYS,,,,,"Harry Gatos Food",,1,,1,Individual,1,UNIT,
22562641,,"Shredded Beef",,,,unit,1,26,GST,0.0000,GST,0,1,,HARRYS,,,,,"Harry Gatos Food",,1,,1,Individual,1,UNIT,
22562639,,"Veg Spring Rolls",,,,unit,1,15,GST,0.0000,GST,0,1,,HARRYS,,,,,"Harry Gatos Food",,1,,1,Individual,1,UNIT,
22562657,,"Kids Fried Rice",,,,unit,1,13,GST,0.0000,GST,0,1,,"STOW KITCHEN",,,,,"Harry Gatos Food",,1,,1,Individual,1,UNIT,
22562772,,"1x Soft-boiled Egg",,,,unit,1,2.5,GST,0.0000,GST,1,1,,,,,,,"Harry Gatos Food",,1,,1,Individual,1,UNIT,
22562773,,"2x Soft-boiled Eggs",,,,unit,1,4,GST,0.0000,GST,1,1,,,,,,,"Harry Gatos Food",,1,,1,Individual,1,UNIT,
22562757,,"Chashu Pork Belly",,,,unit,1,0,GST,0.0000,GST,1,1,,,,,,,,,1,,1,Individual,1,UNIT,
22562774,,"Extra Chashu Pork",,,,unit,1,2.5,GST,0.0000,GST,1,1,,,,,,,"Harry Gatos Food",,1,,1,Individual,1,UNIT,
22562770,,"Gluten-free [Rice Noodles]",,,,unit,1,0,GST,0.0000,GST,1,1,,,,,,,,,1,,1,Individual,1,UNIT,
22562760,,"Marinated Tofu",,,,unit,1,0,GST,0.0000,GST,1,1,,,,,,,,,1,,1,Individual,1,UNIT,
22562761,,"No Protein",,,,unit,1,0,GST,0.0000,GST,1,1,,,,,,,,,1,,1,Individual,1,UNIT,
22562659,,"Kids Mie Goreng",,,,unit,1,13,GST,0.0000,GST,0,1,,HARRYS,,,,,"Harry Gatos Food",,1,,1,Individual,1,UNIT,
22562748,,Shoyu,,,,unit,1,29,GST,0.0000,GST,0,1,,HARRYS,,,,,"Harry Gatos Food",,1,,1,Individual,1,UNIT,
22562747,,Tonkotsu,,,,unit,1,29,GST,0.0000,GST,0,1,,HARRYS,,,,,"Harry Gatos Food",,1,,1,Individual,1,UNIT,
22562812,,Chicken.,,,,unit,1,2,GST,0.0000,GST,1,1,,,,,,,"Add-ons - Pizza",,1,,1,Individual,1,UNIT,
22562775,,"Extra Marinated Tofu",,,,unit,1,2.5,GST,0.0000,GST,1,1,,,,,,,"Harry Gatos Food",,1,,1,Individual,1,UNIT,
22562776,,"Extra Noodles",,,,unit,1,0,GST,0.0000,GST,1,1,,,,,,,,,1,,1,Individual,1,UNIT,
22562799,,"Fried Egg",,,,unit,1,4,GST,0.0000,GST,1,1,,,,,,,"Harry Gatos Food",,1,,1,Individual,1,UNIT,
22562803,,Gluten-free,,,,unit,1,0,GST,0.0000,GST,1,1,,,,,,,,,1,,1,Individual,1,UNIT,
22562797,,Tofu,,,,unit,1,4,GST,0.0000,GST,1,1,,,,,,,"Harry Gatos Food",,1,,1,Individual,1,UNIT,
22562783,,"Vegan & Gluten-free [Rice Noodles]",,,,unit,1,0,GST,0.0000,GST,1,1,,,,,,,,,1,,1,Individual,1,UNIT,
22562808,,"Vegetarian Option",,,,unit,1,0,GST,0.0000,GST,1,1,,,,,,,,,1,,1,Individual,1,UNIT,
22562791,,"Kids Shoyu",,,,unit,1,13,GST,0.0000,GST,0,1,,HARRYS,,,,,"Harry Gatos Food",,1,,1,Individual,1,UNIT,
22562789,,"Kids Tonkotsu",,,,unit,1,13,GST,0.0000,GST,0,1,,HARRYS,,,,,"Harry Gatos Food",,1,,1,Individual,1,UNIT,
22562813,,"Fried Egg.",,,,unit,1,2,GST,0.0000,GST,1,1,,,,,,,"Harry Gatos Food",,1,,1,Individual,1,UNIT,
22562814,,Tofu.,,,,unit,1,2,GST,0.0000,GST,1,1,,,,,,,"Harry Gatos Food",,1,,1,Individual,1,UNIT,
22571251,,❄️Frozen❄️,,,,unit,1,0,FRE,0.0000,FRE,1,1,,,,,,,,,1,,1,Individual,1,UNIT,
22563781,,"Dumplings - Beef & Cabbage",,,,unit,1,13,GST,0.0000,GST,0,1,,HARRYS,,,,,"Harry Gatos Food",,1,,1,Individual,1,UNIT,
22563778,,"Dumplings - Prawn Har Gow [GF]",,,,unit,1,18,GST,0.0000,GST,0,1,,HARRYS,,,,,"Harry Gatos Food",,1,,1,Individual,1,UNIT,
22563779,,"Dumplings - Veg Gyoza",,,,unit,1,13,GST,0.0000,GST,0,1,,HARRYS,,,,,"Harry Gatos Food",,1,,1,Individual,1,UNIT,
22562826,,"Kids Dumplings - Beef",,,,unit,1,8,GST,0.0000,GST,0,1,,HARRYS,,,,,"Harry Gatos Food",,1,,,Individual,1,UNIT,
22562828,,"Kids Dumplings - Veg",,,,unit,1,8,GST,0.0000,GST,0,1,,HARRYS,,,,,"Harry Gatos Food",,1,,,Individual,1,UNIT,
22575946,,"818 Tequila Blanco",,,,unit,1,16,GST,0.0000,GST,0,1,,SPIRITS,,,,,Tequila,,1,,,,,UNIT,
22575954,,"Don Julio Blanco",,,,unit,1,16,GST,0.0000,GST,0,1,,SPIRITS,,,,,Tequila,,1,,,,,UNIT,
22575956,,"818 Tequila Blanco [700ml]",,,,ml,700,0,GST,78.3300,GST,0,1,,,,,,,,,1,,1,Individual,,UNIT,
22606097,,"Add Side Guac",,,,unit,1,1,GST,0.0000,GST,1,1,,,,,,,"Add-ons - Kitchen",,1,,1,Individual,1,UNIT,
22606100,,"Add Side Queso Dip",,,,unit,1,1,GST,0.0000,GST,1,1,,,,,,,"Add-ons - Kitchen",,1,,1,Individual,1,UNIT,
22606095,,"Add Side Spicy Salsa",,,,unit,1,1,GST,0.0000,GST,1,1,,,,,,,"Add-ons - Kitchen",,1,,1,Individual,1,UNIT,
22575957,,"Don Julio Blanco [Bottle]",,,,ml,700,0,FRE,74.4800,GST,0,1,,,,,,,,,1,,1,Individual,,UNIT,
22606257,,"Extra Chicken",,,,unit,1,6,GST,0.0000,GST,1,1,,,,,,,,,1,,1,Individual,1,UNIT,
22578483,,"Rocket Queen Crudo Pizza",,,,unit,1,26,GST,0.0000,FRE,0,1,,,,,,,"Dine-in Pizza",,1,,,,,UNIT,
22578529,,"Smashed Meatballs",,,,g,150,0,FRE,2.2000,FRE,0,1,,,,,,,,,1,,1,Individual,,UNIT,
22604996,,"Hyoketsu Lemon Can",,,,unit,1,14,GST,0.0000,GST,0,1,,"BEERS,STOW FAST",,,,,"Bottles / Cans Alcoholic",,1,,1,Crates,24,UNIT,
22578471,,"Under the Bridge Pizza",,,,unit,1,26,GST,0.0000,FRE,0,1,,"STOW PIZZAS",,,,,"Dine-in Pizza",,1,,,,,UNIT,
22622930,,"Devil Wears Nada",,,,unit,1,21,GST,0.0000,GST,0,1,,,,,,,"Cocktails - Signature",,1,,,,,UNIT,
22614115,,"Fortaleza Añejo [Bottle]",,,,ml,750,0,FRE,182.6700,GST,0,1,,,,,,,,,1,,1,Individual,,UNIT,
22614595,,"Hard Rated Can",,,,unit,1,14,GST,3.9600,GST,0,1,,BEERS,,,,,"Bottles / Cans Alcoholic",,1,,1,Individual,1,UNIT,
22617141,,"Limoncello Bottle - 250ml",,,,unit,1,20,GST,0.0000,GST,0,1,,"MARILYNA'S DRINKS",,,,,"Delivery Cocktails",,1,,,Individual,1,UNIT,
22617142,,"Limoncello Bottle - 700ml",,,,unit,1,45,GST,0.0000,GST,0,1,,"MARILYNA'S DRINKS",,,,,"Delivery Cocktails",,1,,,Individual,1,UNIT,
22614106,,"Fortaleza Añejo",,,,unit,1,28,GST,0.0000,GST,0,1,,SPIRITS,,,,,Tequila,,1,,,,,UNIT,
22626734,,"Oyster Shell Gin Tonica",,,,unit,1,22,GST,0.0000,GST,0,1,,SPIRITS,,,,,Gin,,1,,,,,UNIT,
22624864,,"Axl Rose Pizza",,,,unit,1,26,GST,0.0000,GST,0,1,,"STOW PIZZAS",,,,,"Marilyna's Pizza",,1,,,,,UNIT,
22669674,,"Gluten-free Margherita [Dine-in]",,,,unit,1,26,GST,0.0000,GST,0,1,,"STOW PIZZAS",,,,,"Dine-in Pizza",,1,,,Individual,1,UNIT,
22669672,,"Regular Margherita [Dine-in]",,,,unit,1,21,GST,0.0000,GST,0,1,,"STOW PIZZAS",,,,,"Dine-in Pizza",,1,,,Individual,1,UNIT,
22796313,,"Black Beans [7.8kg]",,,,g,7800,0,FRE,30.0000,FRE,0,1,,,,,,,,,1,,1,Individual,1,UNIT,
22684315,,"Massenez Elderflower [5L]",,,,ml,50000,0,GST,253.0000,GST,0,1,,,,,,,,,1,,1,Individual,1,UNIT,
22772372,,"Online Delivery Fee",,,,unit,1,1,FRE,0.0000,FRE,0,1,bitebusiness_delivery,,,,,,"Add-ons - Pizza",,1,,1,Individual,,UNIT,
22772371,,"Online Discount",,,,unit,1,1,FRE,0.0000,FRE,0,1,bitebusiness_discount,,,,,,"Add-ons - Pizza",,1,,1,Individual,,UNIT,
22772374,,"Online Rounding",,,,unit,1,1,FRE,0.0000,FRE,0,1,bitebusiness_rounding,,,,,,"Add-ons - Pizza",,1,,1,Individual,,UNIT,
22772373,,"Online Surcharge",,,,unit,1,1,FRE,0.0000,FRE,0,1,bitebusiness_surcharge,,,,,,"Add-ons - Pizza",,1,,1,Individual,,UNIT,
22680286,,Lagerita,,,,unit,1,23,GST,0.0000,GST,0,1,,COCKTAILS,,,,,"Cocktails - Classic",,1,,,,,UNIT,
22735434,,"Quiet Riot Negroni",,,,unit,1,23,GST,0.0000,GST,0,1,,COCKTAILS,,,,,"Cocktails - Signature",,1,,,,,UNIT,
22832130,,"Gift Voucher",,,,unit,1,0,GST,0.0000,GST,0,1,,"FUNCTIONS & MISC.",,,,,"Gift Vouchers [Stow]",,1,,,Individual,1,UNIT,
22720493,,"Mini Pretzels [bar]",,,,unit,1,4.5,GST,0.0000,GST,0,1,,"STOW KITCHEN",,,,,"Small Plates",,1,,1,Packs,1,UNIT,
22843677,,"Passionfruit Syrup",,,,ml,1600,0,GST,0.0000,GST,0,1,,,,,,,,,1,,,,,UNIT,
22832313,,"$5 Fresh Is Best Schooner",,,,unit,1,5,GST,0.0000,GST,0,1,,"FBI PERKS",,,,,"Tap Beer",,1,,,,,UNIT,
22832320,,"$5 House Red",,,,unit,1,5,GST,0.0000,GST,0,1,,"FBI PERKS",,,,,"Red Wine",,1,,,Individual,1,UNIT,
22832325,,"$5 House Rose",,,,unit,1,5,GST,0.0000,GST,0,1,,"FBI PERKS",,,,,"Rose Wine",,1,,,,,UNIT,
22832329,,"$5 House Sparkling",,,,unit,1,5,GST,0.0000,GST,0,1,,"FBI PERKS",,,,,"Sparkling Wine",,1,,,,,UNIT,
22832321,,"$5 House White",,,,unit,1,5,GST,0.0000,GST,0,1,,"FBI PERKS",,,,,"White Wine",,1,,,,,UNIT,
22832333,,"$5 Stow Soda",,,,unit,1,5,GST,0.0000,GST,0,1,,"FBI PERKS",,,,,Non-alcoholic,,1,,,Individual,1,UNIT,
22832316,,"$5 Summer Lager Schooner",,,,unit,1,5,GST,0.0000,GST,0,1,,"FBI PERKS",,,,,"Tap Beer",,1,,,,,UNIT,
22832342,,"Free Garlic Cheese Regular",,,,unit,1,0,GST,0.0000,GST,0,1,,"FBI PERKS",,,,,"Marilyna's Pizza",,1,,,,,UNIT,
22832346,,"Margarita PartyJar [FBI Perk]",,,,unit,1,42.5,GST,0.0000,GST,0,1,,"FBI PERKS",,,,,"Delivery Cocktails",,1,,,,,UNIT,
22843745,,"Bundaberg White Sugar [25kg]",,,,g,25000,0,GST,63.8000,GST,0,1,,,,,,,,,1,,1,Individual,1,UNIT,
22843874,,"Coconut-washed Rooster Blanco [1L]",,,,ml,1000,0,FRE,0.0000,FRE,0,1,,,,,,,,,1,,,,,UNIT,
22843720,,"East Coast Grapefruit [2L]",,,,ml,2000,0,FRE,5.9400,GST,0,1,,,,,,,,,1,,1,Individual,1,UNIT,
22843702,,"Grapefruit Sherbert",,,,ml,1000,0,GST,0.0000,GST,0,1,,,,,,,,,1,,,,,UNIT,
22843881,,"Jalapeño Tequila [1L]",,,,ml,1000,0,GST,0.0000,GST,0,1,,,,,,,,,1,,,,,UNIT,
22843854,,"Lime [ea]",,,,unit,1,0,GST,0.5000,GST,0,1,,,,,,,,,1,,,,,UNIT,
22843747,,"Lime [Tray]",,,,unit,1,0,GST,30.0000,GST,0,1,,,,,,,,,1,,1,Individual,1,UNIT,
22843971,,"Malic Acid [1kg]",,,,g,1000,0,GST,15.2050,GST,0,1,,,,,,,,,1,,,Individual,1,BAG,
22843691,,"Passionfruit Puree Seedless [1kg]",,,,g,1000,0,FRE,9.6500,FRE,0,1,,,,,,,,,1,,1,Individual,,CONTAINER,
22843872,,"Sugar Syrup",,,,ml,1000,0,GST,0.0000,GST,0,1,,,,,,,,,1,,,,,BOTTLE,
22843972,,"Citric Acid [20kg]",,,,g,20000,0,GST,111.0000,GST,0,1,,,,,,,,,1,,,Individual,1,BAG,
22843990,,"Coco Lopez [Can]",,,,ml,425,0,FRE,12.0000,FRE,0,1,,,,,,,,,1,,1,Individual,1,CAN,
22844065,,"East Coast Apple Juice [2L]",,,,ml,2000,0,GST,6.6000,GST,0,1,,,,,,,,,1,,1,Individual,1,BOTTLE,
22844068,,"East Coast Cranberry Juice [2L]",,,,ml,2000,0,GST,8.1400,GST,0,1,,,,,,,,,1,,1,Individual,1,UNIT,
22844123,,"East Coast Orange Juice [2L]",,,,ml,2000,0,FRE,5.6000,GST,0,1,,,,,,,,,1,,1,Individual,,UNIT,
22844058,,"East Coast Pineapple Juice [2L]",,,,ml,2000,0,GST,6.9300,GST,0,1,,,,,,,,,1,,,Individual,1,UNIT,
22843999,,"Jalapeño Juice [1L]",,,,ml,1000,0,FRE,0.0000,FRE,0,1,,,,,,,,,1,,1,Individual,,UNIT,
22843981,,"Frozen Marg - Classic",,,,unit,1,20,GST,0.0000,GST,0,1,,COCKTAILS,,,,,"Cocktails - Classic",,1,,,,,UNIT,
22843983,,"Frozen Marg - Coconut",,,,unit,1,23,GST,0.0000,GST,0,1,,COCKTAILS,,,,,"Cocktails - Classic",,1,,,,1,UNIT,
22843982,,"Frozen Marg - Jalapeño",,,,unit,1,23,GST,0.0000,GST,0,1,,COCKTAILS,,,,,"Cocktails - Classic",,1,,,,1,UNIT,
22844147,,"Adjusted Orange Juice [1L]",,,,unit,1,0,GST,0.0000,GST,0,1,,,,,,,,,1,,1,Individual,1,UNIT,
22861758,,"Side Aioli",,,,unit,1,0.5,GST,0.0000,GST,1,1,,,,,,,"Add-ons - Kitchen",,1,,1,Individual,1,UNIT,
22861766,,"Side BBQ Sauce",,,,unit,1,0.5,GST,0.0000,GST,1,1,,,,,,,"Add-ons - Kitchen",,1,,1,Individual,1,UNIT,
22861755,,"Side Blue Cheese Dip",,,,unit,1,1,GST,0.0000,GST,1,1,,,,,,,"Add-ons - Kitchen",,1,,1,Individual,1,UNIT,
22861757,,"Side Chipotle Mayo",,,,unit,1,1,GST,0.0000,GST,1,1,,,,,,,"Add-ons - Kitchen",,1,,1,Individual,1,UNIT,
22861761,,"Side Guacamole",,,,unit,1,1.5,GST,0.0000,GST,1,1,,,,,,,"Add-ons - Kitchen",,1,,1,Individual,1,UNIT,
22861754,,"Side Queso Dip",,,,unit,1,1,GST,0.0000,GST,1,1,,,,,,,"Add-ons - Kitchen",,1,,1,Individual,1,UNIT,
22861767,,"Side Tomato Sauce",,,,unit,1,0.5,GST,0.0000,GST,1,1,,,,,,,,,1,,1,Individual,1,UNIT,
22845320,,"Fancy Pants Parmy - Classic","Chicken Parmy",,,unit,1,29,GST,0.0000,GST,0,1,FOOD,"STOW KITCHEN",1,0,0,,"Big Plates",,1,,,Individual,1,UNIT,
22845327,,"Fancy Pants Parmy - Mexicali","Chicken Parmy - Mexicali",,,unit,1,34,GST,0.0000,GST,0,1,FOOD,"STOW KITCHEN",1,0,0,,"Big Plates",,1,,,Individual,1,UNIT,
22873145,,"2x Aioli",,,,unit,1,1,GST,0.0000,GST,1,1,,,,,,,"Add-ons - Kitchen",,1,,1,Individual,1,UNIT,
22865362,,"Ancho Reyes Chilli Liqueur [Bottle]",,,,ml,750,0,FRE,68.6700,GST,0,1,,,,,,,,,1,,1,Individual,,UNIT,
22873851,,"Large Pizza Box 13""",,,,unit,1,0,GST,29.2000,FRE,0,1,,,,,,,,,1,,1,Individual,1,UNIT,
22865367,,"Lime Leaf [ea]",,,,unit,1,0,FRE,0.0500,FRE,0,1,,,,,,,,,1,,1,Individual,,UNIT,
22865351,,"Luxardo Bianco [Bottle]",,,,ml,700,0,FRE,99.9900,GST,0,1,,,,,,,,,1,,1,Individual,,UNIT,
22873696,,"Massenez Mango Liqueur [5L Cask]",,,,ml,5000,0,GST,320.9900,GST,0,1,,,,,,,,,1,,1,Individual,1,CONTAINER,
22873876,,"Pizza Box Inserts",,,,unit,1,0,GST,10.0400,FRE,0,1,,,,,,,,,1,,1,Individual,1,UNIT,
22873831,,"Regular Pizza Box 11""",,,,unit,1,0,GST,0.4300,GST,0,1,,,,,,,,,1,,1,Individual,1,UNIT,
22874432,,"Sriracha Chilli Sauce [435ml]",,,,unit,1,0,FRE,0.0000,FRE,0,1,,,,,,,,,1,,1,Individual,1,UNIT,
22873134,,"$2 Buffalo Wing",,,,unit,1,2,GST,0.0000,GST,0,1,,"STOW KITCHEN",,,,,"Add-ons - Kitchen",,1,,,,,UNIT,
22888605,,"Beef Diced 2cm-2.5cm",,,,g,1000,0,FRE,230.6900,FRE,0,1,,,0,1,1,,,,,,1,Individual,1,UNIT,
22888606,,"Beef Topside Wagyu MB8+",,,,kg,1,0,FRE,25.0000,FRE,0,1,,,,,,,,,,,1,Individual,1,UNIT,
22888607,,"Chicken Breast Skinless Flattened 200g (5kg)",,,,kg,5,0,FRE,114.3900,FRE,0,1,,,0,1,1,,,,,,1,Individual,1,UNIT,
22874438,,"Garlic Bread [9"" x40]",,,,unit,1,0,FRE,0.0000,FRE,0,1,,,,,,,,,1,,1,Individual,1,UNIT,
22874439,,"GF Pizza Base [11"" x15]",,,,unit,1,0,FRE,0.0000,FRE,0,1,,,,,,,,,1,,1,Individual,1,UNIT,
22874505,,"Pineapple Pieces [A10 x3]",,,,unit,1,0,FRE,0.0000,FRE,0,1,,,,,,,,,1,,1,Individual,1,UNIT,
22874436,,"Roasted Red Peppers [A12]",,,,unit,1,0,FRE,14.0000,FRE,0,1,,,,1,1,,,,1,,1,Individual,1,UNIT,
22874444,,"Standard Delivery",,,,unit,1,0,GST,0.0000,GST,0,1,,,,,,,,,1,,1,Individual,1,UNIT,
22874441,,"Tomato Pulp [2x5kg]",,,,unit,1,0,FRE,0.0000,FRE,0,1,,,,,,,,,1,,1,Individual,1,UNIT,
22887255,,"Kids Unlimited Dumplings",,,,unit,1,12,GST,0.0000,GST,0,1,,HARRYS,,,,,"Harry Gatos Food",,1,,,Individual,1,UNIT,
22888614,,"Achiote Paste 1kg El Yucateco",,,,kg,1,0,FRE,13.9000,FRE,0,1,,,0,1,1,,,,,,1,Individual,1,UNIT,
22888615,,"Aioli Garlic Mayonnaise 10kg Birch & Waite",,,,kg,10,0,FRE,129.0000,FRE,0,1,,,0,1,1,,,,,,1,Individual,1,UNIT,
22888616,,"Almond Meal 1kg Natures Secret",,,,kg,1,0,FRE,14.6000,FRE,0,1,,,0,1,1,,,,,,1,Individual,1,UNIT,
22888618,,"Barramundi Fillets Imp 200/300 S/Off 5kg Trading",,,,kg,5,0,FRE,83.0000,FRE,0,1,,,1,0,0,,,,1,,,Individual,1,UNIT,
22888619,,"Beans Edamame Soy 350g Frozen ( No Shell )",,,,unit,1,0,FRE,9.0000,FRE,0,1,,,1,0,0,,,,1,,,Individual,1,UNIT,
22888608,,"Chicken Schnitzel Breast Crumbed 150g (6kg/Ctn)",,,,kg,6,0,FRE,122.4000,FRE,0,1,,,0,1,1,,,,,,1,Individual,1,UNIT,
22888609,,"Chorizo Smoked Rodriguez",,,,unit,1,0,FRE,85.3100,FRE,0,1,,,0,1,1,,,,,,1,Individual,1,UNIT,
22888610,,"Pork Bones Frozen (15-20kg Ctn)",,,,kg,1,0,FRE,2.5000,FRE,0,1,,,,,,,,,,,1,Individual,1,UNIT,
22888611,,"Pork Cantonese Neck",,,,unit,1,0,FRE,43.3400,FRE,0,1,,,0,1,1,,,,,,1,Individual,1,UNIT,
22888612,,"Pork Shoulder Boned & Rolled Netted",,,,unit,1,0,FRE,132.8300,FRE,0,1,,,0,1,1,,,,,,1,Individual,1,UNIT,
22888620,,"Bocconcini Traditional 1kg Paesanella",,,,unit,1,0,FRE,54.0000,FRE,0,1,,,1,0,0,,,,1,,,Individual,1,UNIT,
22888621,,"Breadcrumbs Japanese Panko White 10kg John Bull",,,,kg,10,0,FRE,52.0000,FRE,0,1,,,0,1,1,,,,,,1,Individual,1,UNIT,
22888622,,"Breadcrumbs Japanese Panko Yellow 10kg John Bull",,,,kg,10,0,FRE,34.0000,FRE,0,1,,,0,1,1,,,,,,1,Individual,1,UNIT,
22888623,,"Butter Girgar 1.5kg Mainland",,,,kg,1.5,0,FRE,40.5000,FRE,0,1,,,0,1,1,,,,,,1,Individual,1,UNIT,
22888624,,"Calamari Hawkesbury S/On R/W Fresh",,,,unit,1,0,FRE,33.0000,FRE,0,1,,,0,1,1,,,,,,1,Individual,1,UNIT,
22888625,,"Cheese Parmesan Block Grana 1/4 Avg 4.4kg R/W Emilgrana",,,,kg,4.4,0,FRE,113.1600,FRE,0,1,,,0,1,1,,,,,,1,Individual,1,UNIT,
22888626,,"Cheese Sauce Anita Style Yellow Liquid 5kg Mexex",,,,kg,5,0,FRE,70.0000,FRE,0,1,,,0,1,1,,,,,,1,Individual,1,UNIT,
22888627,,"Cheese Swiss Sliced 1kg Kebia",,,,kg,1,0,FRE,25.0000,FRE,0,1,,,0,1,1,,,,,,1,Individual,1,UNIT,
22888628,,"Chick Peas Tin A9 Trading",,,,unit,1,0,FRE,21.0000,FRE,0,1,,,0,1,1,,,,,,1,Individual,1,UNIT,
22888629,,"Chicken Salt Flavon 800g Krio Krush",,,,g,800,0,FRE,8.5000,FRE,0,1,,,0,1,1,,,,,,1,Individual,1,UNIT,
22888631,,"Cling Wrap 45Cmx600M Capri",,,,unit,1,0,FRE,24.0000,FRE,0,1,,,0,1,1,,,,,,1,Individual,1,UNIT,
22888632,,"Coriander Ground 400g Chefs Choice",,,,g,400,0,FRE,6.0000,FRE,0,1,,,0,1,1,,,,,,1,Individual,1,UNIT,
22888633,,"Dressing Green Goddess 1L Birch & Waite",,,,l,1,0,FRE,17.3000,FRE,0,1,,,0,1,1,,,,,,1,Individual,1,UNIT,
22888634,,"Dressing Roasted Sesame 1L Nippon Shokken",,,,l,1,0,FRE,15.5000,FRE,0,1,,,0,1,1,,,,,,1,Individual,1,UNIT,
22888635,,"Easy Bake Paper Roll 30Cmx120M Capri",,,,unit,1,0,FRE,23.0000,FRE,0,1,,,0,1,1,,,,,,1,Individual,1,UNIT,
22888636,,"Easy Bake Paper Roll 40Cmx120M Capri",,,,unit,1,0,FRE,28.0000,FRE,0,1,,,0,1,1,,,,,,1,Individual,1,UNIT,
22888637,,"Egg Whole Pulp Frozen 10kg Trading",,,,kg,10,0,FRE,95.0000,FRE,0,1,,,0,1,1,,,,,,1,Individual,1,UNIT,
22888630,,"Farm Frites Crispy Coated 10mm [2.5kg]",,,,g,2500,0,FRE,13.2500,FRE,0,1,,,,,,,,,,,1,Individual,1,UNIT,
22888638,,"Fish Sauce Vegan 375ml",,,,ml,375,0,FRE,11.5000,FRE,0,1,,,0,1,1,,,,,,1,Individual,1,UNIT,
22888639,,"Ginger Pickled Sliced Japanese 1.5kg Welpac",,,,kg,1.5,0,FRE,7.0400,FRE,0,1,,,0,1,1,,,,,,1,Individual,1,UNIT,
22888640,,"Green Peppercorn 800g Sandhurst",,,,g,800,0,FRE,10.2000,FRE,0,1,,,0,1,1,,,,,,1,Individual,1,UNIT,
22888641,,"Hoi Sin Sauce 5Lb 2.27kg LKK",,,,kg,2.27,0,FRE,42.2000,FRE,0,1,,,0,1,1,,,,,,1,Individual,1,UNIT,
22888642,,"Honey Pure 3kg Wild Flower",,,,kg,3,0,FRE,63.0000,FRE,0,1,,,0,1,1,,,,,,1,Individual,1,UNIT,
22888643,,"Kimchi 5kg",,,,kg,5,0,FRE,29.0000,FRE,0,1,,,0,1,1,,,,,,1,Individual,1,UNIT,
22888644,,"Lychees In Syrup 567g Osha",,,,g,567,0,FRE,11.7000,FRE,0,1,,,0,1,1,,,,,,1,Individual,1,UNIT,
22888645,,"Maple Syrup 189ml HBC",,,,ml,189,0,FRE,7.5000,FRE,0,1,,,0,1,1,,,,,,1,Individual,1,UNIT,
22888646,,"Masking Tape 18mm X 50M Hystick",,,,unit,1,0,FRE,15.0000,FRE,0,1,,,0,1,1,,,,,,1,Individual,1,UNIT,
22888647,,"Mayonnaise Mild Japanese 1kg Kewpie",,,,unit,1,0,FRE,10.9000,FRE,0,1,,,1,0,0,,,,1,,,Individual,1,UNIT,
22888648,,"Mayonnaise Plant Based (Vegan) 10kg Birch & Waite",,,,kg,10,0,FRE,106.8000,FRE,0,1,,,0,1,1,,,,,,1,Individual,1,UNIT,
22888649,,"Mayonnaise Whole Egg 20kg Plate & Platter",,,,kg,20,0,FRE,130.0000,FRE,0,1,,,0,1,1,,,,,,1,Individual,1,UNIT,
22888650,,"Milk Fresh Full Cream 2L Norco",,,,l,2,0,FRE,3.4000,FRE,0,1,,,0,1,1,,,,,,1,Individual,1,UNIT,
22888651,,"Mizkan Seasoning Ponzu 1.8L",,,,unit,1,0,FRE,30.0000,FRE,0,1,,,1,0,0,,,,1,,,Individual,1,UNIT,
22888652,,"Monotarium Glutamat 1kg MSG Sasa",,,,kg,1,0,FRE,8.9000,FRE,0,1,,,0,1,1,,,,,,1,Individual,1,UNIT,
22888653,,"Mop Head 450g Size 24",,,,g,450,0,FRE,29.7000,FRE,0,1,,,0,1,1,,,,,,1,Individual,1,UNIT,
22888654,,"Noodles Pad Thai 375g 10mm Aroy-D",,,,g,375,0,FRE,10.5000,FRE,0,1,,,0,1,1,,,,,,1,Individual,1,UNIT,
22888655,,"Oil Sesame 2L Heaven Dragon",,,,unit,1,0,FRE,19.0000,FRE,0,1,,,1,0,0,,,,1,,,Individual,1,UNIT,
22888656,,"Olives Pitted Green 2kg Riviana",,,,kg,2,0,FRE,20.3600,FRE,0,1,,,0,1,1,,,,,,1,Individual,1,UNIT,
22888657,,"Olives Pitted Kalamata 2kg Trading",,,,kg,2,0,FRE,19.0000,FRE,0,1,,,0,1,1,,,,,,1,Individual,1,UNIT,
22888658,,"Pepper White Ground 500g Galaxy",,,,g,500,0,FRE,19.0000,FRE,0,1,,,0,1,1,,,,,,1,Individual,1,UNIT,
22888659,,"Prawn Meat Raw Vannamei 31/40 700g Trading",,,,g,700,0,FRE,61.5000,FRE,0,1,,,0,1,1,,,,,,1,Individual,1,UNIT,
22888660,,"Preserved Lemon 350g Chefs Choice",,,,g,350,0,FRE,5.5000,FRE,0,1,,,0,1,1,,,,,,1,Individual,1,UNIT,
22888661,,"Rinse Aid 5L Reliance Chemicals",,,,l,5,0,FRE,13.0000,FRE,0,1,,,0,1,1,,,,,,1,Individual,1,UNIT,
22888662,,"Sauce Bottle Empty Plastic 1L Trenton",,,,l,1,0,FRE,44.0000,FRE,0,1,,,0,1,1,,,,,,1,Individual,1,UNIT,
22888663,,"Sea Salt Flakes 250g Sandhurst",,,,g,250,0,FRE,6.0000,FRE,0,1,,,0,1,1,,,,,,1,Individual,1,UNIT,
22888664,,"Sponge Scourer Green Yellow Finest Quality",,,,unit,1,0,FRE,10.0000,FRE,0,1,,,0,1,1,,,,,,1,Individual,1,UNIT,
22888665,,"Stainless Steel Scour Finest",,,,unit,1,0,FRE,11.4000,FRE,0,1,,,0,1,1,,,,,,1,Individual,1,UNIT,
22888666,,"Stock Powder Vegetable Tin 2.5kg Massel",,,,kg,2.5,0,FRE,38.0000,FRE,0,1,,,0,1,1,,,,,,1,Individual,1,UNIT,
22888667,,"Sugar Brown 1kg CSR",,,,kg,1,0,FRE,8.4000,FRE,0,1,,,0,1,1,,,,,,1,Individual,1,UNIT,
22888668,,"Sugar Caster 1kg CSR",,,,kg,1,0,FRE,3.5000,FRE,0,1,,,0,1,1,,,,,,1,Individual,1,UNIT,
22888669,,"Tahini 900g Trading",,,,g,900,0,FRE,14.0000,FRE,0,1,,,0,1,1,,,,,,1,Individual,1,UNIT,
22888678,,"Bonsoy Soy Long Life Milk UHT 1L",,,,l,1,0,FRE,22.5000,FRE,0,1,,,0,1,1,,,,,,1,Individual,1,UNIT,
22888679,,"Ceres Organics Gherkins 670g",,,,g,670,0,FRE,8.0000,FRE,0,1,,,0,1,1,,,,,,1,Individual,1,UNIT,
22888670,,"Tempeh 250g Nutrisoy",,,,g,250,0,FRE,4.0000,FRE,0,1,,,0,1,1,,,,,,1,Individual,1,UNIT,
22888671,,"Tofu Hard 600g Soya King",,,,unit,1,0,FRE,13.5000,FRE,0,1,,,1,0,0,,,,1,,,Individual,1,UNIT,
22888672,,"Tomato Crushed Chunky A10 SPC",,,,unit,1,0,FRE,38.7000,FRE,0,1,,,0,1,1,,,,,,1,Individual,1,UNIT,
22888673,,"Truffle Paste Black 500g Mazza",,,,g,500,0,FRE,20.0000,FRE,0,1,,,0,1,1,,,,,,1,Individual,1,UNIT,
22888674,,"Tuna Loins Albacore NSW R/W Fresh",,,,unit,1,0,FRE,24.1500,FRE,0,1,,,0,1,1,,,,,,1,Individual,1,UNIT,
22888675,,"Uchibori Dashi Ponzu Vinegar 360ml",,,,ml,360,0,FRE,132.0000,FRE,0,1,,,0,1,1,,,,,,1,Individual,1,UNIT,
22888676,,"Walnuts 1kg Natures Secret",,,,kg,1,0,FRE,16.5000,FRE,0,1,,,0,1,1,,,,,,1,Individual,1,UNIT,
22888677,,"Wipes Blue Roll H/D Pak",,,,unit,1,0,FRE,33.0000,FRE,0,1,,,0,1,1,,,,,,1,Individual,1,UNIT,
22888688,,"Bacon Rindless Streaky",,,,unit,1,0,FRE,41.2500,FRE,0,1,,,0,1,1,,,,,,1,Individual,1,UNIT,
22888689,,"Beef Blade Boned & Rolled",,,,unit,1,0,FRE,262.3300,FRE,0,1,,,,1,1,,,,,,1,Individual,1,UNIT,
22888680,,"Ceres Organics Maple Syrup 250ml",,,,ml,250,0,FRE,14.0000,FRE,0,1,,,0,1,1,,,,,,1,Individual,1,UNIT,
22888681,,"Ceres Organics Seaweed Nori Original Snack 5g",,,,unit,1,0,FRE,19.0000,FRE,0,1,,,0,1,1,,,,,,1,Individual,1,UNIT,
22888682,,"Macro Organic Australian Almond Meal 200g",,,,g,200,0,FRE,12.7000,FRE,0,1,,,0,1,1,,,,,,1,Individual,1,UNIT,
22888683,,"Macro Organic Coconut Milk 400ml",,,,ml,400,0,FRE,4.2000,FRE,0,1,,,0,1,1,,,,,,1,Individual,1,UNIT,
22888684,,"Macro Organic Olives Whole Greek Kalamata 350g",,,,g,350,0,FRE,6.6000,FRE,0,1,,,0,1,1,,,,,,1,Individual,1,UNIT,
22888685,,"Mutti Polpa Chopped Tomatoes Organic 400g",,,,g,400,0,FRE,2.9500,FRE,0,1,,,0,1,1,,,,,,1,Individual,1,UNIT,
22888686,,"Only Organic Yohurt Rice Cakes With Wholegrains 60g",,,,g,60,0,FRE,15.0000,FRE,0,1,,,0,1,1,,,,,,1,Individual,1,UNIT,
22888687,,"Pureharvest Coco Quench Organic Coconut Unsweetened Long Life Milk UHT 1L",,,,l,1,0,FRE,5.3000,FRE,0,1,,,0,1,1,,,,,,1,Individual,1,UNIT,
22888698,,"650ml Kraft Bioboard Takeaway Base",,,,ml,650,0,FRE,171.0500,GST,0,1,,,0,1,1,,,,,,1,Individual,1,UNIT,
22888700,,"650ml White Bioboard Takeaway Base - Fsc Mix - 300/ Carton",,,,ml,650,0,FRE,171.0500,GST,0,1,,,0,1,1,,,,,,1,Individual,1,UNIT,
22888690,,"Beef Mince 80% Hamburger",,,,unit,1,0,FRE,26.1300,FRE,0,1,,,0,1,1,,,,,,1,Individual,1,UNIT,
22888691,,"Beef Mince 80% Hamburger Coarse",,,,unit,1,0,FRE,32.0000,FRE,0,1,,,0,1,1,,,,,,1,Individual,1,UNIT,
22888692,,"Beef Topside C/Off",,,,unit,1,0,FRE,294.0000,FRE,0,1,,,0,1,1,,,,,,1,Individual,1,UNIT,
22888693,,"Duck Peking BBQ Frozen",,,,unit,1,0,FRE,41.7000,FRE,0,1,,,0,1,1,,,,,,1,Individual,1,UNIT,
22888694,,"Kangaroo Loin Fillet Malleeroo Frozen",,,,unit,1,0,FRE,33.9000,FRE,0,1,,,0,1,1,,,,,,1,Individual,1,UNIT,
22888695,,"Lamb Leg Boned & Rolled Netted [1kg]",,,,g,1000,0,FRE,19.5000,FRE,0,1,,,,1,1,,,,,,1,Individual,1,UNIT,
22888696,,"Patties Plant Based Buds 125g Frozen",,,,g,125,0,FRE,117.0000,FRE,0,1,,,0,1,1,,,,,,1,Individual,1,UNIT,
22888697,,"Pork Cantonese Leg",,,,unit,1,0,FRE,14.8500,FRE,0,1,,,0,1,1,,,,,,1,Individual,1,UNIT,
22888702,,"Agar Agar 7Gm",,,,unit,1,0,FRE,7.5000,FRE,0,1,,,0,1,1,,,,,,1,Individual,1,UNIT,
22888703,,"Almond Slivered 1kg Natures Secret",,,,kg,1,0,FRE,22.0000,FRE,0,1,,,0,1,1,,,,,,1,Individual,1,UNIT,
22888704,,"Anchovy Fillets 690Gm Selesta",,,,unit,1,0,FRE,19.5000,FRE,0,1,,,0,1,1,,,,,,1,Individual,1,UNIT,
22888705,,"Apricot Dried 1kg Natures Secret",,,,kg,1,0,FRE,16.0000,FRE,0,1,,,0,1,1,,,,,,1,Individual,1,UNIT,
22888707,,"Baking Powder 500Gm Mckenzies",,,,unit,1,0,FRE,5.3000,FRE,0,1,,,0,1,1,,,,,,1,Individual,1,UNIT,
22888708,,"Bamboo Shoot Sliced A10 Chefs World",,,,unit,1,0,FRE,16.3000,FRE,0,1,,,0,1,1,,,,,,1,Individual,1,UNIT,
22888709,,"Bao Buns White 30X30Gm Rj",,,,unit,1,0,FRE,27.0000,FRE,0,1,,,0,1,1,,,,,,1,Individual,1,UNIT,
22888712,,"Beans Edamame Soy 350Gm Frozen ( No Shell )",,,,unit,1,0,FRE,30.0000,FRE,0,1,,,0,1,1,,,,,,1,Individual,1,UNIT,
22888713,,"Beans Edamame Soy 350Gm Frozen (With Shell)",,,,unit,1,0,FRE,12.5000,FRE,0,1,,,0,1,1,,,,,,1,Individual,1,UNIT,
22888714,,"Bicarb Soda 1kg Krio Krush",,,,kg,1,0,FRE,6.9000,FRE,0,1,,,0,1,1,,,,,,1,Individual,1,UNIT,
22888715,,"Blue Eye Cod Pc S/On 200Gm Block Cut R/W NZ Fresh",,,,unit,1,0,FRE,27.9600,FRE,0,1,,,0,1,1,,,,,,1,Individual,1,UNIT,
22888716,,"Bonito Flakes 454Gm HBC",,,,unit,1,0,FRE,38.5000,FRE,0,1,,,0,1,1,,,,,,1,Individual,1,UNIT,
22888717,,"Breadcrumbs Japanese Panko Yellow 10kg Newly Weds",,,,kg,10,0,FRE,52.0000,FRE,0,1,,,0,1,1,,,,,,1,Individual,1,UNIT,
22888719,,"Butter Unsalted 500Gm Devondale",,,,g,500,0,FRE,10.5000,FRE,0,1,,,0,1,1,,,,,,1,Individual,1,UNIT,
22888720,,"Cajun Spice 500Gm Windsor Farm",,,,unit,1,0,FRE,9.0000,FRE,0,1,,,0,1,1,,,,,,1,Individual,1,UNIT,
22888721,,"Cashews Salted 1kg Natures Secret",,,,kg,1,0,FRE,23.0000,FRE,0,1,,,0,1,1,,,,,,1,Individual,1,UNIT,
22888722,,"Celery Seed 500Gm Krio Krush",,,,unit,1,0,FRE,10.0000,FRE,0,1,,,0,1,1,,,,,,1,Individual,1,UNIT,
22888723,,"Charcoal 10kg Brazilian Style",,,,kg,10,0,FRE,36.0000,FRE,0,1,,,0,1,1,,,,,,1,Individual,1,UNIT,
22888724,,"Cheese Brie 125Gm Prestige",,,,unit,1,0,FRE,16.0000,FRE,0,1,,,0,1,1,,,,,,1,Individual,1,UNIT,
22888725,,"Cheese Goats Ash 150Gm Meredith",,,,unit,1,0,FRE,10.4000,FRE,0,1,,,0,1,1,,,,,,1,Individual,1,UNIT,
22888726,,"Chick Peas Tin 400Gm Sandhurst",,,,unit,1,0,FRE,10.8000,FRE,0,1,,,0,1,1,,,,,,1,Individual,1,UNIT,
22888727,,"Chick Peas Tin 400Gm Trading",,,,unit,1,0,FRE,2.8000,FRE,0,1,,,0,1,1,,,,,,1,Individual,1,UNIT,
22888728,,"Chicken Nuggets Dinosnacks 6X1Kg Steggles",,,,kg,6,0,FRE,88.0000,FRE,0,1,,,0,1,1,,,,,,1,Individual,1,UNIT,
22888729,,"Chicken Salt Flavon 800Gm Krio Krush",,,,unit,1,0,FRE,8.5000,FRE,0,1,,,0,1,1,,,,,,1,Individual,1,UNIT,
22888730,,"Chilli Angel Hair 50Gm Chefs Choice",,,,unit,1,0,FRE,8.5000,FRE,0,1,,,0,1,1,,,,,,1,Individual,1,UNIT,
22888731,,"Chilli Powder 400Gm Tajin Mix",,,,unit,1,0,FRE,10.2000,FRE,0,1,,,0,1,1,,,,,,1,Individual,1,UNIT,
22888732,,"Chipotle Chillis A10 In Adobe Sce 3kg Faro",,,,kg,3,0,FRE,18.0000,FRE,0,1,,,0,1,1,,,,,,1,Individual,1,UNIT,
22888733,,"Chocolate Dark 1kg Natures Secret",,,,g,1000,0,FRE,14.5000,FRE,0,1,,,1,0,0,,,,1,,,Individual,1,UNIT,
22888735,,"Cinnamon Quill 200Gm Chefs Choice",,,,unit,1,0,FRE,10.0000,FRE,0,1,,,0,1,1,,,,,,1,Individual,1,UNIT,
22888736,,"Coconut Cream 1L Kara",,,,l,1,0,FRE,21.6000,FRE,0,1,,,0,1,1,,,,,,1,Individual,1,UNIT,
22888737,,"Coconut Desicated 500Gm Natures Secret",,,,unit,1,0,FRE,4.5000,FRE,0,1,,,0,1,1,,,,,,1,Individual,1,UNIT,
22888738,,"Coconut Meat In Syrup 415Gm Chefs Choice",,,,unit,1,0,FRE,7.8000,FRE,0,1,,,0,1,1,,,,,,1,Individual,1,UNIT,
22888739,,"Coconut Milk 1L Kara",,,,l,1,0,FRE,15.0000,FRE,0,1,,,0,1,1,,,,,,1,Individual,1,UNIT,
22888740,,"Coconut Milk 1L Milklab",,,,l,1,0,FRE,19.2000,FRE,0,1,,,0,1,1,,,,,,1,Individual,1,UNIT,
22888741,,"Coconut Water 1L Tipco",,,,l,1,0,FRE,7.9000,FRE,0,1,,,0,1,1,,,,,,1,Individual,1,UNIT,
22888742,,"Container Rect 750ml 10X50 Freezer BBC",,,,ml,750,0,FRE,63.1500,FRE,0,1,,,0,1,1,,,,,,1,Individual,1,UNIT,
22888743,,"Cooking Wine Sake 1L Tanaka",,,,l,1,0,FRE,34.8800,FRE,0,1,,,0,1,1,,,,,,1,Individual,1,UNIT,
22888744,,"Coriander Ground 400Gm Chefs Choice",,,,unit,1,0,FRE,6.0000,FRE,0,1,,,0,1,1,,,,,,1,Individual,1,UNIT,
22888745,,"Cracker Prawn 2kg Double Phoenix",,,,kg,2,0,FRE,10.5000,FRE,0,1,,,0,1,1,,,,,,1,Individual,1,UNIT,
22888746,,"Cranberries Dried 1kg Natures Secret",,,,kg,1,0,FRE,12.0000,FRE,0,1,,,0,1,1,,,,,,1,Individual,1,UNIT,
22888747,,"Cream Pure Fresh 2L Norco",,,,l,2,0,FRE,14.9000,FRE,0,1,,,0,1,1,,,,,,1,Individual,1,UNIT,
22888748,,"Cumin Ground 450Gm Chefs Choice",,,,g,450,0,FRE,6.5000,FRE,0,1,,,0,1,1,,,,,,1,Individual,1,UNIT,
22888749,,"Curry Golden Medium Hot 1kg S&B",,,,kg,1,0,FRE,18.5000,FRE,0,1,,,0,1,1,,,,,,1,Individual,1,UNIT,
22888750,,"Curry Paste Yellow 1kg Mae Ploy",,,,kg,1,0,FRE,8.5000,FRE,0,1,,,0,1,1,,,,,,1,Individual,1,UNIT,
22888751,,"Curry Powder 3kg Clive Of India",,,,kg,3,0,FRE,53.0000,FRE,0,1,,,0,1,1,,,,,,1,Individual,1,UNIT,
22888752,,"Curry Powder Hot Madras 500Gm Krio Krush",,,,unit,1,0,FRE,11.0000,FRE,0,1,,,0,1,1,,,,,,1,Individual,1,UNIT,
22888753,,"Dishwashing Liquid 20L Reliance Chemicals",,,,l,20,0,FRE,25.0000,FRE,0,1,,,0,1,1,,,,,,1,Individual,1,UNIT,
22888754,,"Dishwashing Liquid 5L Global Chemicals",,,,l,5,0,FRE,9.9000,GST,0,1,,,0,1,1,,,,,,1,Individual,1,UNIT,
22888755,,"Fenugreek Ground 550Gm Galaxy",,,,unit,1,0,FRE,7.5000,FRE,0,1,,,0,1,1,,,,,,1,Individual,1,UNIT,
22888756,,"Fish Sauce Thai 725ml Squid Brand",,,,ml,725,0,FRE,3.5000,FRE,0,1,,,0,1,1,,,,,,1,Individual,1,UNIT,
22888757,,"Floor Cleaner 20Ltr Reliance Chemicals",,,,unit,1,0,FRE,35.0000,FRE,0,1,,,0,1,1,,,,,,1,Individual,1,UNIT,
22888758,,"Flying Fish Roe Green Wasabi 500Gm Trading",,,,unit,1,0,FRE,55.0000,FRE,0,1,,,0,1,1,,,,,,1,Individual,1,UNIT,
22888759,,"Foil 44X150 Alfresco",,,,unit,1,0,FRE,24.0000,FRE,0,1,,,0,1,1,,,,,,1,Individual,1,UNIT,
22888760,,"Frank's Hot Sauce 1Galln 3.8L Franks",,,,unit,1,0,FRE,35.0000,FRE,0,1,,,1,0,0,,,,1,,,Individual,1,UNIT,
22888761,,"Garlic Fried 500Gm Doree",,,,unit,1,0,FRE,14.5000,FRE,0,1,,,0,1,1,,,,,,1,Individual,1,UNIT,
22888762,,"Garlic Powder 5kg Galaxy",,,,kg,5,0,FRE,44.0000,FRE,0,1,,,0,1,1,,,,,,1,Individual,1,UNIT,
22888763,,"Gas Butane Cartridge 250Gm (4 Pack) Gasmate",,,,unit,1,0,FRE,25.6000,FRE,0,1,,,0,1,1,,,,,,1,Individual,1,UNIT,
22888764,,"Gasmate Torch Head With Cartridge Gasmate",,,,unit,1,0,FRE,49.0000,FRE,0,1,,,0,1,1,,,,,,1,Individual,1,UNIT,
22888765,,"Gloves Rubber No 9 Safetycare",,,,unit,1,0,FRE,3.9000,FRE,0,1,,,0,1,1,,,,,,1,Individual,1,UNIT,
22888766,,"Gloves Rubber Pink No 10 Bastion",,,,unit,1,0,FRE,1.9500,FRE,0,1,,,0,1,1,,,,,,1,Individual,1,UNIT,
22888767,,"Go Between 50Mx33Cm Glad",,,,unit,1,0,FRE,7.7000,FRE,0,1,,,0,1,1,,,,,,1,Individual,1,UNIT,
22888768,,"Gravy Mix Rich Brown G/Free 7kg Executive Chef",,,,kg,7,0,FRE,55.0000,FRE,0,1,,,0,1,1,,,,,,1,Individual,1,UNIT,
22888769,,"Gravy Mix Rich Instant G/Free 7kg Maggi",,,,kg,7,0,FRE,117.0000,FRE,0,1,,,0,1,1,,,,,,1,Individual,1,UNIT,
22888770,,"Green Peppercorn 800Gm Sandhurst",,,,unit,1,0,FRE,10.2000,FRE,0,1,,,0,1,1,,,,,,1,Individual,1,UNIT,
22888771,,"Grill & Oven Cleaner 15L Global Chemicals",,,,l,15,0,FRE,34.5000,FRE,0,1,,,0,1,1,,,,,,1,Individual,1,UNIT,
22888772,,"Grill & Oven Cleaner 5L Global Chemicals",,,,l,5,0,FRE,12.9900,FRE,0,1,,,0,1,1,,,,,,1,Individual,1,UNIT,
22888773,,"Guar Gum 600Gm Krio Krush",,,,unit,1,0,FRE,18.5000,FRE,0,1,,,0,1,1,,,,,,1,Individual,1,UNIT,
22888774,,"Handwash Soap 5L Global Chemicals",,,,l,5,0,FRE,9.2000,FRE,0,1,,,0,1,1,,,,,,1,Individual,1,UNIT,
22888775,,"Harissa Paste 70Gm House Food",,,,unit,1,0,FRE,5.6000,FRE,0,1,,,0,1,1,,,,,,1,Individual,1,UNIT,
22888776,,"Hoi Sin Sauce 5Lb 2.27kg LKK 250Gm (4 Pack) Gasmate",,,,kg,2.27,0,FRE,42.2000,FRE,0,1,,,0,1,1,,,,,,1,Individual,1,UNIT,
22888777,,"Horseradish 175Gm Masterfoods",,,,unit,1,0,FRE,9.8000,FRE,0,1,,,0,1,1,,,,,,1,Individual,1,UNIT,
22888778,,"Ichimi Togarashi Chilli Pepper 300Gm Best",,,,g,300,0,FRE,11.1600,FRE,0,1,,,,1,1,,,,,,1,Individual,1,UNIT,
22888779,,"Jalapeno Slice A10 Sandhurst",,,,unit,1,0,FRE,10.5000,FRE,0,1,,,0,1,1,,,,,,1,Individual,1,UNIT,
22888780,,"Jam Fig Caramelised 300Gm Beerenberg",,,,unit,1,0,FRE,4.1000,FRE,0,1,,,0,1,1,,,,,,1,Individual,1,UNIT,
22888781,,"Jam Thai Sweet Chilli 920Gm Knorr",,,,unit,1,0,FRE,53.0000,FRE,0,1,,,1,0,0,,,,1,,,Individual,1,UNIT,
22888782,,"Kimchi Base 1.2kg",,,,kg,1.2,0,FRE,18.0000,FRE,0,1,,,0,1,1,,,,,,1,Individual,1,UNIT,
22888783,,"Kingfish Fillet S/On Sashimi Grade 1kg + R/W Sa Hiramasa",,,,kg,1,0,FRE,134.8200,FRE,0,1,,,0,1,1,,,,,,1,Individual,1,UNIT,
22888784,,"Korean Chilli Powder Coarse 1kg Bong Chef",,,,kg,1,0,FRE,16.0000,FRE,0,1,,,0,1,1,,,,,,1,Individual,1,UNIT,
22888785,,"Korean Chilli Powder Fine 1kg Bong Chef",,,,kg,1,0,FRE,35.0000,FRE,0,1,,,0,1,1,,,,,,1,Individual,1,UNIT,
22888786,,"Korean Hot Pepper Paste (Gochujang) 1kg Sempio",,,,kg,1,0,FRE,10.1500,FRE,0,1,,,0,1,1,,,,,,1,Individual,1,UNIT,
22888787,,"Lavosh Bread 200Gm Kurrajong Kitchen",,,,unit,1,0,FRE,15.1800,GST,0,1,,,0,1,1,,,,,,1,Individual,1,UNIT,
22888788,,"Linseed ( Flaxseed ) 1kg Natures Secret",,,,kg,1,0,FRE,6.5000,FRE,0,1,,,0,1,1,,,,,,1,Individual,1,UNIT,
22888789,,"Lychees In Syrup 567Gm Osha",,,,unit,1,0,FRE,19.5000,FRE,0,1,,,0,1,1,,,,,,1,Individual,1,UNIT,
22888790,,"Macadamia Nuts Raw 1kg Natures Secret",,,,kg,1,0,FRE,28.0000,FRE,0,1,,,0,1,1,,,,,,1,Individual,1,UNIT,
22888791,,"Mandarin Segments A10 Riviana",,,,unit,1,0,FRE,14.5000,FRE,0,1,,,0,1,1,,,,,,1,Individual,1,UNIT,
22888792,,"Mayonnaise Whole Egg 10kg Birch & Waite",,,,kg,10,0,FRE,105.0000,FRE,0,1,,,0,1,1,,,,,,1,Individual,1,UNIT,
22888793,,"Mayonnaise Whole Egg 15kg Birch & Waite",,,,kg,15,0,FRE,142.0000,FRE,0,1,,,0,1,1,,,,,,1,Individual,1,UNIT,
22888794,,"Medjool Dates 1kg Natures Secret",,,,kg,1,0,FRE,28.0000,FRE,0,1,,,0,1,1,,,,,,1,Individual,1,UNIT,
22888795,,"Milk Bun Sesame Seed 80X80Gm Fb 14933 Bakers Maison",,,,unit,1,0,FRE,86.0000,FRE,0,1,,,0,1,1,,,,,,1,Individual,1,UNIT,
22888796,,"Mint Jelly 3L Masterfoods",,,,l,3,0,FRE,28.3000,FRE,0,1,,,0,1,1,,,,,,1,Individual,1,UNIT,
22888797,,"Miso Paste White (Shiro Miso) 1kg Shinshuichi",,,,kg,1,0,FRE,7.2000,FRE,0,1,,,0,1,1,,,,,,1,Individual,1,UNIT,
22888798,,"Miso Paste White 500Gm Yamagen",,,,unit,1,0,FRE,22.4800,FRE,0,1,,,0,1,1,,,,,,1,Individual,1,UNIT,
22888799,,"Mixed Nuts/Peanut Salted 1kg Galaxy",,,,kg,1,0,FRE,42.0000,FRE,0,1,,,0,1,1,,,,,,1,Individual,1,UNIT,
22888800,,"Mop Handle",,,,unit,1,0,FRE,8.2000,FRE,0,1,,,0,1,1,,,,,,1,Individual,1,UNIT,
22888801,,"Mop Head 450Gm Size 24",,,,unit,1,0,FRE,29.7000,FRE,0,1,,,0,1,1,,,,,,1,Individual,1,UNIT,
22888802,,"Mousse Chocolate 1.9kg Nestle",,,,kg,1.9,0,FRE,59.0000,FRE,0,1,,,0,1,1,,,,,,1,Individual,1,UNIT,
22888803,,"Mustard Dijon 2.5kg Masterfoods",,,,kg,2.5,0,FRE,19.8000,FRE,0,1,,,0,1,1,,,,,,1,Individual,1,UNIT,
22888804,,"Mustard Powder 500Gm Natures Grocer",,,,unit,1,0,FRE,6.9500,FRE,0,1,,,0,1,1,,,,,,1,Individual,1,UNIT,
22888805,,"Nectar Agave Organic 4L Chefs Choice",,,,l,4,0,FRE,55.0000,FRE,0,1,,,0,1,1,,,,,,1,Individual,1,UNIT,
22888806,,"Noodles Pad Thai 375g 5mm Erawan",,,,g,375,0,FRE,5.7000,FRE,0,1,,,0,1,1,,,,,,1,Individual,1,UNIT,
22888808,,"Oats Traditional 1kg Uncle Tobys",,,,kg,1,0,FRE,8.0000,FRE,0,1,,,0,1,1,,,,,,1,Individual,1,UNIT,
22888809,,"Olives Black Whole Spanish 1.9kg Sandhurst",,,,kg,1.9,0,FRE,31.6000,FRE,0,1,,,0,1,1,,,,,,1,Individual,1,UNIT,
22888810,,"Olives Pitted Queen Green 2kg Sandhurst",,,,kg,2,0,FRE,15.0000,FRE,0,1,,,0,1,1,,,,,,1,Individual,1,UNIT,
22888811,,"Onion Fried 1kg Heaven Dragon",,,,kg,1,0,FRE,8.7000,FRE,0,1,,,0,1,1,,,,,,1,Individual,1,UNIT,
22888812,,"Onion Powder 5kg Galaxy",,,,kg,5,0,FRE,40.0000,FRE,0,1,,,0,1,1,,,,,,1,Individual,1,UNIT,
22888813,,"Oregano Leaves 500Gm Natures Secret",,,,unit,1,0,FRE,8.0000,FRE,0,1,,,0,1,1,,,,,,1,Individual,1,UNIT,
22888814,,"Oyster Sauce Premium 5.4kg Megachef",,,,kg,5.4,0,FRE,37.0000,FRE,0,1,,,0,1,1,,,,,,1,Individual,1,UNIT,
22888815,,"Oysters Syd Rock Unopen Live X/Large Nambucca",,,,unit,1,0,FRE,48.0000,FRE,0,1,,,0,1,1,,,,,,1,Individual,1,UNIT,
22888816,,"Paper Towel Kitchen Roll Basic H/Duty 80Mx16 Trading",,,,unit,1,0,FRE,42.8000,FRE,0,1,,,0,1,1,,,,,,1,Individual,1,UNIT,
22888817,,"Pappadoms 200Gm Guddus",,,,unit,1,0,FRE,3.0000,FRE,0,1,,,0,1,1,,,,,,1,Individual,1,UNIT,
22888818,,"Paprika Hungarian 500Gm Galaxy",,,,g,500,0,FRE,10.0000,FRE,0,1,,,0,1,1,,,,,,1,Individual,1,UNIT,
22888819,,"Paprika Smoked Bulk 25kg Galaxy",,,,kg,25,0,FRE,330.0000,FRE,0,1,,,0,1,1,,,,,,1,Individual,1,UNIT,
22888820,,"Paprika Sweet 5kg Galaxy",,,,kg,5,0,FRE,64.0000,FRE,0,1,,,0,1,1,,,,,,1,Individual,1,UNIT,
22888821,,"Pasta Fettuccine 2X5Kg San Remo",,,,kg,10,0,FRE,28.0000,FRE,0,1,,,0,1,1,,,,,,1,Individual,1,UNIT,
22888822,,"Pasta Spaghetti #5 2X5Kg San Remo",,,,kg,10,0,FRE,31.0000,FRE,0,1,,,0,1,1,,,,,,1,Individual,1,UNIT,
22888823,,"Pasta Spaghetti 5kg Barilla",,,,kg,5,0,FRE,22.0000,FRE,0,1,,,0,1,1,,,,,,1,Individual,1,UNIT,
22888824,,"Peanuts Roasted Salted 1kg Galaxy",,,,kg,1,0,FRE,6.0000,FRE,0,1,,,0,1,1,,,,,,1,Individual,1,UNIT,
22888825,,"Peanuts Roasted Unsalted 1kg Galaxy",,,,kg,1,0,FRE,6.5000,FRE,0,1,,,0,1,1,,,,,,1,Individual,1,UNIT,
22888826,,"Pepper Corns Black Whole 500Gm Windsor Farm",,,,unit,1,0,FRE,12.5000,FRE,0,1,,,0,1,1,,,,,,1,Individual,1,UNIT,
22888827,,"Pepper White Ground 500Gm Galaxy",,,,unit,1,0,FRE,19.0000,FRE,0,1,,,0,1,1,,,,,,1,Individual,1,UNIT,
22888828,,"Pickles Whole Dill 20kg Westmont",,,,kg,20,0,FRE,115.0000,FRE,0,1,,,0,1,1,,,,,,1,Individual,1,UNIT,
22888829,,"Plum Pudding Pc 30X80Gm Menu Master",,,,unit,1,0,FRE,168.0000,FRE,0,1,,,0,1,1,,,,,,1,Individual,1,UNIT,
22888830,,"Prawn Meat Raw Vannamei 31/40 700Gm Trading",,,,unit,1,0,FRE,123.0000,FRE,0,1,,,0,1,1,,,,,,1,Individual,1,UNIT,
22888831,,"Preserved Lemon 350Gm Chefs Choice",,,,unit,1,0,FRE,5.5000,FRE,0,1,,,0,1,1,,,,,,1,Individual,1,UNIT,
22888832,,"Quince Paste 240Gm Mayers",,,,unit,1,0,FRE,8.4000,FRE,0,1,,,0,1,1,,,,,,1,Individual,1,UNIT,
22888833,,"Quinoa Seeds Mix 1kg Galaxy",,,,kg,1,0,FRE,7.6000,FRE,0,1,,,0,1,1,,,,,,1,Individual,1,UNIT,
22888834,,"Salmon Fillet S/On Tasi Sashimi 1.5-2kg Huon",,,,kg,2,0,FRE,127.6800,FRE,0,1,,,0,1,1,,,,,,1,Individual,1,UNIT,
22888835,,"Salmon Fillets S/Off Tasi Sashimi 1.5-2kg R/W Huon",,,,kg,2,0,FRE,137.9500,FRE,0,1,,,0,1,1,,,,,,1,Individual,1,UNIT,
22888836,,"Salt Cooking 10kg Olssons",,,,kg,10,0,FRE,7.8000,FRE,0,1,,,0,1,1,,,,,,1,Individual,1,UNIT,
22888837,,"Salt Cooking 1kg Olssons",,,,kg,1,0,FRE,5.6000,FRE,0,1,,,0,1,1,,,,,,1,Individual,1,UNIT,
22888838,,"Salt Table 14kg Olssons",,,,kg,14,0,FRE,14.5000,FRE,0,1,,,0,1,1,,,,,,1,Individual,1,UNIT,
22888839,,"Sanitiser 5L Global Chemicals",,,,l,5,0,FRE,14.5000,FRE,0,1,,,0,1,1,,,,,,1,Individual,1,UNIT,
22888840,,"Schnitzel Plant Protein Vegan 24X150Gm 100% Not",,,,unit,1,0,FRE,85.0000,FRE,0,1,,,0,1,1,,,,,,1,Individual,1,UNIT,
22888841,,"Sea Salt Flakes 1.5kg Sandhurst",,,,kg,1.5,0,FRE,30.0000,FRE,0,1,,,0,1,1,,,,,,1,Individual,1,UNIT,
22888842,,"Sea Salt Flakes 1kg Chefs Choice",,,,kg,1,0,FRE,12.5000,FRE,0,1,,,0,1,1,,,,,,1,Individual,1,UNIT,
22888843,,"Sea Salt Flakes 240Gm Maldon",,,,unit,1,0,FRE,9.0000,FRE,0,1,,,0,1,1,,,,,,1,Individual,1,UNIT,
22888844,,"Sea Salt Flakes 250Gm Sandhurst",,,,unit,1,0,FRE,6.0000,FRE,0,1,,,0,1,1,,,,,,1,Individual,1,UNIT,
22888845,,"Sea Salt Flakes 2kg Pyramid",,,,kg,2,0,FRE,82.5000,FRE,0,1,,,0,1,1,,,,,,1,Individual,1,UNIT,
22888846,,"Sesame Seed Black 500Gm Chefs Choice",,,,unit,1,0,FRE,8.0000,FRE,0,1,,,0,1,1,,,,,,1,Individual,1,UNIT,
22888847,,"Sesame Seed Roasted White kg Jun Pacific",,,,unit,1,0,FRE,12.5000,FRE,0,1,,,0,1,1,,,,,,1,Individual,1,UNIT,
22888848,,"Snapper Fillet S/On Lrg Pink NZ 600-800Gm Sashimi Fresh",,,,unit,1,0,FRE,98.0000,FRE,0,1,,,0,1,1,,,,,,1,Individual,1,UNIT,
22888849,,"Snapper Whole Large 2-3kg NZ Longline Sashimi R/W Fresh",,,,kg,3,0,FRE,68.7000,FRE,0,1,,,0,1,1,,,,,,1,Individual,1,UNIT,
22888850,,"Soy Sauce Dark Superior 600ml Pearl River",,,,ml,600,0,FRE,4.4000,FRE,0,1,,,0,1,1,,,,,,1,Individual,1,UNIT,
22888851,,"Soy Sauce Tamari Genuine 10L Spiral",,,,l,10,0,FRE,140.0000,FRE,0,1,,,0,1,1,,,,,,1,Individual,1,UNIT,
22888852,,"Spring Roll Medium Vegetable 36X50Gm Hakka",,,,unit,1,0,FRE,23.0000,FRE,0,1,,,0,1,1,,,,,,1,Individual,1,UNIT,
22888853,,"Spring Roll Medium Vegetable 36X50Gm Hakka 2 X Portions",,,,unit,1,0,FRE,22.0000,FRE,0,1,,,0,1,1,,,,,,1,Individual,1,UNIT,
22888854,,"Spring Roll Pastry 275Gm Hakka",,,,unit,1,0,FRE,3.7000,FRE,0,1,,,0,1,1,,,,,,1,Individual,1,UNIT,
22888855,,"Spring Roll Vegetable Jumbo 16X140Gm Hakka",,,,unit,1,0,FRE,20.5000,FRE,0,1,,,0,1,1,,,,,,1,Individual,1,UNIT,
22888856,,"Sugar Demerera 375Gm CSR",,,,g,375,0,FRE,8.6000,FRE,0,1,,,0,1,1,,,,,,1,Individual,1,UNIT,
22888857,,"Szechuan Seasoning 500Gm Krio Krush",,,,unit,1,0,FRE,14.5000,FRE,0,1,,,0,1,1,,,,,,1,Individual,1,UNIT,
22888858,,"Tahini 900Gm Trading",,,,unit,1,0,FRE,14.0000,FRE,0,1,,,0,1,1,,,,,,1,Individual,1,UNIT,
22888859,,"Tahini Sesame Paste 400Gm Chefs Choice",,,,unit,1,0,FRE,7.6800,FRE,0,1,,,0,1,1,,,,,,1,Individual,1,UNIT,
22888860,,"Tamarind Paste 227Gm Por Kwan",,,,unit,1,0,FRE,3.0000,FRE,0,1,,,0,1,1,,,,,,1,Individual,1,UNIT,
22888862,,"Tofu Hard 600Gm Soya King",,,,unit,1,0,FRE,9.0000,FRE,0,1,,,0,1,1,,,,,,1,Individual,1,UNIT,
22888863,,"Tofu Silken Fried 300Gm Trading",,,,unit,1,0,FRE,5.4000,FRE,0,1,,,0,1,1,,,,,,1,Individual,1,UNIT,
22888864,,"Tomato Ketchup 4L Heinz",,,,l,4,0,FRE,14.5000,FRE,0,1,,,0,1,1,,,,,,1,Individual,1,UNIT,
22888866,,"Tuna Loin Bluefin Sashimi Grade Sth Coast NSW R/W Fresh",,,,unit,1,0,FRE,51.2000,FRE,0,1,,,0,1,1,,,,,,1,Individual,1,UNIT,
22888867,,"Tuna Loins Sashimi Grade Sth Coast NSW R/W Fresh",,,,unit,1,0,FRE,58.5000,FRE,0,1,,,0,1,1,,,,,,1,Individual,1,UNIT,
22888868,,"Turmeric Ground 500Gm Chefs Choice",,,,g,500,0,FRE,8.1000,FRE,0,1,,,0,1,1,,,,,,1,Individual,1,UNIT,
22888869,,"Vanilla Custard UHT 1L Foster Clarks",,,,l,1,0,FRE,52.5000,FRE,0,1,,,0,1,1,,,,,,1,Individual,1,UNIT,
22888870,,"Vinegar Black Chin 600Gm Chin Kiang",,,,unit,1,0,FRE,5.6000,FRE,0,1,,,0,1,1,,,,,,1,Individual,1,UNIT,
22888871,,"Vinegar Mirin 1.8L Hindode",,,,l,1.8,0,FRE,12.0000,FRE,0,1,,,0,1,1,,,,,,1,Individual,1,UNIT,
22888872,,"Vinegar Mirin 880ml Hindode",,,,ml,880,0,FRE,11.0000,FRE,0,1,,,0,1,1,,,,,,1,Individual,1,UNIT,
22888873,,"Vinegar Rice Chinese 630ml Heaven Dragon",,,,ml,630,0,FRE,2.5000,FRE,0,1,,,0,1,1,,,,,,1,Individual,1,UNIT,
22888874,,"Vinegar Rice Pro 20L Uchibori",,,,l,20,0,FRE,48.0000,FRE,0,1,,,0,1,1,,,,,,1,Individual,1,UNIT,
22888875,,"Vinegar White 20L Edlyn",,,,l,20,0,FRE,20.0000,FRE,0,1,,,0,1,1,,,,,,1,Individual,1,UNIT,
22888876,,"Vinegar White 5L Menu Master",,,,l,5,0,FRE,8.5000,FRE,0,1,,,0,1,1,,,,,,1,Individual,1,UNIT,
22888877,,"Wonton Egg Wrapper 300Gm Mc Yee Noodles",,,,unit,1,0,FRE,4.0500,FRE,0,1,,,0,1,1,,,,,,1,Individual,1,UNIT,
22888878,,"Wonton Seafood 30X15Gm 450Gm Hakka",,,,unit,1,0,FRE,15.9000,FRE,0,1,,,0,1,1,,,,,,1,Individual,1,UNIT,
22888879,,"Yoghurt Natural 10kg Sahara",,,,kg,10,0,FRE,36.5000,FRE,0,1,,,0,1,1,,,,,,1,Individual,1,UNIT,
22888881,,"Blood Oranges",,,,unit,1,0,FRE,5.9000,FRE,0,1,,,0,1,1,,,,,,1,Individual,1,UNIT,
22888884,,"Bonsoy Soy Long Life Milk UHT 11",,,,unit,1,0,FRE,18.0000,FRE,0,1,,,0,1,1,,,,,,1,Individual,1,UNIT,
22888885,,"Earth Choice Dishwashing Liquid 11",,,,unit,1,0,FRE,2.5500,FRE,0,1,,,0,1,1,,,,,,1,Individual,1,UNIT,
22888883,,"Earth Choice Dishwashing Liquid 1L",,,,l,1,0,FRE,2.5500,FRE,0,1,,,0,1,1,,,,,,1,Individual,1,UNIT,
22888886,,"Earth Choice Floor Cleaner Wooden Surface 750ml",,,,ml,750,0,FRE,5.0000,FRE,0,1,,,0,1,1,,,,,,1,Individual,1,UNIT,
22888887,,"Good Bones Organic Bone Broth Chicken 500ml",,,,ml,500,0,FRE,21.0000,FRE,0,1,,,0,1,1,,,,,,1,Individual,1,UNIT,
22888882,,"Macro Almond Meal 400g",,,,g,400,0,FRE,12.7000,FRE,0,1,,,0,1,1,,,,,,1,Individual,1,UNIT,
22888888,,"Macro Unrefined Coconut Sugar 250g",,,,g,250,0,FRE,7.5000,FRE,0,1,,,0,1,1,,,,,,1,Individual,1,UNIT,
22888889,,"Masterfoods Spread Lemon Butter 280g",,,,g,280,0,FRE,7.5000,FRE,0,1,,,0,1,1,,,,,,1,Individual,1,UNIT,
22888880,,"Yuzu Kosho 150Gm Tonami",,,,unit,1,0,FRE,19.0000,FRE,0,1,,,0,1,1,,,,,,1,Individual,1,UNIT,
22888899,,"Bags Carry Medium Brown Kraft W/Twist Handle 250's War On Waste",,,,unit,1,0,FRE,68.0000,FRE,0,1,,,0,1,1,,,,,,1,Individual,1,UNIT,
22888900,,"Bamboo Picks Black Ball 100'S",,,,unit,1,0,FRE,20.8000,FRE,0,1,,,0,1,1,,,,,,1,Individual,1,UNIT,
22888901,,"Bamboo Skewers 100Pc 15cm 6Inch Trading",,,,unit,1,0,FRE,9.2400,FRE,0,1,,,0,1,1,,,,,,1,Individual,1,UNIT,
22888902,,"Bamboo Wooden Boats 210X120Mm 50's Pak Imports",,,,unit,1,0,FRE,75.0000,FRE,0,1,,,0,1,1,,,,,,1,Individual,1,UNIT,
22888897,,"Beef Rump Wagyu Tajima MB6+ 220g (5Pk)",,,,g,1100,0,FRE,47.4600,FRE,0,1,,,0,1,1,,,,,,1,Individual,1,PACKET,
22888890,,"Mutti Passata Tomato Puree Organic 560g",,,,g,560,0,FRE,13.8000,FRE,0,1,,,0,1,1,,,,,,1,Individual,1,UNIT,
22888891,,"Nestle Condensed Milk Sweetened 395g",,,,g,395,0,FRE,7.6000,FRE,0,1,,,0,1,1,,,,,,1,Individual,1,UNIT,
22888898,,"Patties Wagyu Tajima Classic 150g Fresh (20/Pk)",,,,g,3000,0,FRE,44.0000,FRE,0,1,,,0,1,1,,,,,,1,Individual,1,PACKET,
22888892,,"Table Of Plenty Mini Rice Cakes Berry Yoghurt 60g",,,,g,60,0,FRE,25.0000,FRE,0,1,,,0,1,1,,,,,,1,Individual,1,UNIT,
22888893,,"Vegemite Spread 560g",,,,g,560,0,FRE,9.9000,FRE,0,1,,,0,1,1,,,,,,1,Individual,1,UNIT,
22888903,,"Container Rectangle 500X1000Ml Freezer BBC",,,,unit,1,0,FRE,72.2500,FRE,0,1,,,0,1,1,,,,,,1,Individual,1,UNIT,
22888904,,"Garbage Bags Bin Liner 120L 100's Tailored",,,,unit,1,0,FRE,23.5000,FRE,0,1,,,0,1,1,,,,,,1,Individual,1,UNIT,
22888905,,"Gloves Vinyl Blue Powder Free X/Large 100's Tailored",,,,unit,1,0,FRE,20.0000,FRE,0,1,,,0,1,1,,,,,,1,Individual,1,UNIT,
22888906,,"Lids Rectangle 10X50 Freezer BBC",,,,unit,1,0,FRE,36.0000,FRE,0,1,,,0,1,1,,,,,,1,Individual,1,UNIT,
22888907,,"Napkin Dinner Brown Gt/Fold Quilted 1000's Trading",,,,unit,1,0,FRE,34.0000,FRE,0,1,,,0,1,1,,,,,,1,Individual,1,UNIT,
22888908,,"Napkin Dinner White Gt/Fold Quilted 1000's Alfresco",,,,unit,1,0,FRE,40.0000,FRE,0,1,,,0,1,1,,,,,,1,Individual,1,UNIT,
22888909,,"Paper Newsprint 1/4 Cut 1000's Anchor",,,,unit,1,0,FRE,47.0000,FRE,0,1,,,0,1,1,,,,,,1,Individual,1,UNIT,
22888910,,"Paper Towel Interleaf Slim Fold 23X8Cm 4000's Pure Washroom",,,,unit,1,0,FRE,43.0000,FRE,0,1,,,0,1,1,,,,,,1,Individual,1,UNIT,
22888911,,"Piping Bag Disp 18 Inch 46cm 100'S",,,,unit,1,0,FRE,22.5000,FRE,0,1,,,0,1,1,,,,,,1,Individual,1,UNIT,
22888912,,"Schnitzel Plant Protein 16X150G V2 Food",,,,g,2400,0,FRE,56.0000,FRE,0,1,,,0,1,1,,,,,,1,Individual,1,PACKET,
22888916,,"500-1,000ml Kraft Paper Bioboard Takeaway Lid",,,,unit,1,0,FRE,205.8100,GST,0,1,,,0,1,1,,,,,,1,Individual,1,UNIT,
22888917,,"500-1,000ml Kraft Paper Bioboard Takeaway Lid - Fsc Mix - 300/Carton",,,,unit,1,0,FRE,102.9100,GST,0,1,,,0,1,1,,,,,,1,Individual,1,UNIT,
22888918,,"500-1,000ml Kraft Paper Bioboard Takeaway Lid - Fsc Mix - Bb-Lbl-Paper-N 300/Carton",,,,unit,1,0,FRE,205.8100,GST,0,1,,,0,1,1,,,,,,1,Individual,1,UNIT,
22888919,,"500-1,000ml White Paper Bioboard Takeaway Lid - Fsc Mix - 300/Carton",,,,unit,1,0,FRE,205.8100,GST,0,1,,,0,1,1,,,,,,1,Individual,1,UNIT,
22888920,,"Bags Carry Medium Brown Kraft W/Twist Handle 250's 300X310X180 War On Waste",,,,unit,1,0,FRE,68.0000,FRE,0,1,,,0,1,1,,,,,,1,Individual,1,UNIT,
22888921,,"Bamboo Skewers 100Pc 20cm 8Inch Trading",,,,unit,1,0,FRE,9.0000,FRE,0,1,,,0,1,1,,,,,,1,Individual,1,UNIT,
22888922,,"Burger Box Clam Brown Kraft 250's 105X105X85 Trading",,,,unit,1,0,FRE,40.0000,FRE,0,1,,,0,1,1,,,,,,1,Individual,1,UNIT,
22888915,,"Viva White Paper Towel 6 X 60 Pack",,,,unit,1,0,FRE,8.0000,FRE,0,1,,,0,1,1,,,,,,1,Individual,1,UNIT,
22888913,,"Wooden Cutlery Knife 100's Future Friendly",,,,unit,1,0,FRE,5.0000,FRE,0,1,,,0,1,1,,,,,,1,Individual,1,UNIT,
22888914,,"Wooden Cutlery Sporks 100's Future Friendly",,,,unit,1,0,FRE,4.0000,FRE,0,1,,,0,1,1,,,,,,1,Individual,1,UNIT,
22888923,,"Container Round 280ml 100's BBC",,,,unit,1,0,FRE,7.2000,FRE,0,1,,,0,1,1,,,,,,1,Individual,1,UNIT,
22888924,,"Container Round Sauce 60ml 2500's Capri",,,,unit,1,0,FRE,62.0000,FRE,0,1,,,0,1,1,,,,,,1,Individual,1,UNIT,
22888925,,"Cream Bulb 10's Mosa",,,,unit,1,0,FRE,12.9000,FRE,0,1,,,1,0,0,,,,1,,,Individual,1,UNIT,
22888926,,"Food Bowl Brown Kraft 16Oz 473ml 300's S&W",,,,unit,1,0,FRE,54.0000,FRE,0,1,,,0,1,1,,,,,,1,Individual,1,UNIT,
22888927,,"Gloves Vinyl Blue Powder Free Large 100's Tailored",,,,unit,1,0,FRE,11.0000,FRE,0,1,,,0,1,1,,,,,,1,Individual,1,UNIT,
22888928,,"Gloves Vinyl Blue Powder Free Medium 100's Tailored",,,,unit,1,0,FRE,22.0000,FRE,0,1,,,0,1,1,,,,,,1,Individual,1,UNIT,
22888929,,"Gloves Vinyl Clr Powder Free Large 100's Tailored",,,,unit,1,0,FRE,16.0000,FRE,0,1,,,0,1,1,,,,,,1,Individual,1,UNIT,
22888930,,"Lid Round To Suit 60ml Sauce Cup 2500's Capri",,,,unit,1,0,FRE,58.9600,GST,0,1,,,0,1,1,,,,,,1,Individual,1,UNIT,
22888931,,"Lids Clear Pet To Suit Kraft Bowl 16,25,32Oz 300's S&W",,,,unit,1,0,FRE,60.0000,FRE,0,1,,,0,1,1,,,,,,1,Individual,1,UNIT,
22888932,,"Lids Round 50's BBC",,,,unit,1,0,FRE,2.4000,FRE,0,1,,,0,1,1,,,,,,1,Individual,1,UNIT,
22888933,,"Napkin Cocktail Black Qt/Fold 2Ply 2000's 240Mmx240Mm",,,,unit,1,0,FRE,67.0000,FRE,0,1,,,0,1,1,,,,,,1,Individual,1,UNIT,
22888934,,"Napkin Dinner Brown Gt/Fold Quilted 1000's 400Mmx400Mm Trading",,,,unit,1,0,FRE,34.0000,FRE,0,1,,,0,1,1,,,,,,1,Individual,1,UNIT,
22888935,,"Napkin Dinner White Gt/Fold 2Ply 1000's 400Mmx400Mm Alfresco",,,,unit,1,0,FRE,44.0000,FRE,0,1,,,0,1,1,,,,,,1,Individual,1,UNIT,
22888936,,"Oil Filter 10X50's The Original",,,,unit,1,0,FRE,16.5000,FRE,0,1,,,0,1,1,,,,,,1,Individual,1,UNIT,
22888937,,"Paper Gingham 1/4 Cut Red 1000's 200Mmx330Mm Anchor",,,,unit,1,0,FRE,45.0000,FRE,0,1,,,0,1,1,,,,,,1,Individual,1,UNIT,
22888938,,"Paper Newsprint 1/4 Cut 1000's 200Mmx300Mm Anchor",,,,unit,1,0,FRE,44.0000,FRE,0,1,,,0,1,1,,,,,,1,Individual,1,UNIT,
22888939,,"Paper Towel Interleaf Slim Fold 23X23Cm 4000's Plus Pak",,,,unit,1,0,FRE,43.0000,FRE,0,1,,,0,1,1,,,,,,1,Individual,1,UNIT,
22888940,,"Spring Roll Cocktail 15Gm 96's Pacific West",,,,g,1440,0,FRE,13.8000,FRE,0,1,,,0,1,1,,,,,,1,Individual,1,PACKET,
22888941,,"Tooth Picks 1000's Pak Imports",,,,unit,1,0,FRE,2.5000,FRE,0,1,,,0,1,1,,,,,,1,Individual,1,UNIT,
22888942,,"Wooden Cutlery Forks 100's Future Friendly",,,,unit,1,0,FRE,7.0000,FRE,0,1,,,0,1,1,,,,,,1,Individual,1,UNIT,
22893714,,"Acai Berry Man Tub [1kg]",,,,g,1000,0,FRE,15.5900,FRE,0,1,,,,,,,,,1,,1,Individual,1,BUCKET,
22893390,,"Babys Breath [bunch]",,,,g,20,0,GST,16.0000,GST,0,1,,,,,,,,,1,,1,Individual,1,PACKET,
22893737,,"Carnaval Fruit Mix",,,,g,3435,0,FRE,0.0000,FRE,0,1,,,,,,,,,1,,,,,TUB,
22893756,,"Demerara Syrup",,,,ml,1,0,GST,0.0000,GST,0,1,,,,,,,,,1,,,,,UNIT,
22893718,,"Dragon Soda [1L]",,,,ml,1000,0,GST,0.0000,GST,0,1,,,,,,,,,1,,,,,CONTAINER,
22893724,,"Dragonfruit Puree [10kg]",,,,g,10000,0,FRE,86.3600,FRE,0,1,,,,,,,,,1,,1,Individual,1,BAG,
22893341,,"Lemon [ea]",,,,unit,1,0,FRE,0.4000,GST,0,1,,,,,,,,,1,,1,Individual,,UNIT,
22893699,,"Mango Frozen [1kg]",,,,g,1000,0,FRE,8.0500,FRE,0,1,,,,,,,,,1,,1,Individual,1,BAG,
22893698,,"Pineapple Frozen [1kg]",,,,g,1000,0,FRE,7.0300,FRE,0,1,,,,,,,,,1,,1,Individual,1,BAG,
22931792,,"Hahn Super Dry GF",,,,unit,1,10.5,GST,2.6250,GST,0,1,,BEERS,1,0,,,"Bottles / Cans Alcoholic",,1,,1,Crates,24,UNIT,
22931829,,"Bush Tomato [100g]",,,,unit,1,0,FRE,56.0000,FRE,0,1,,,0,1,1,,,,,,1,Individual,1,UNIT,
22931826,,"Cauliflower [ea]",,,,unit,1,0,FRE,3.2000,FRE,0,1,,,0,1,1,,,,,,1,Individual,1,UNIT,
22931832,,"Corn Chips [bag]",,,,g,1000,0,GST,5.5000,GST,0,1,,,,1,1,,,,,,1,Individual,1,UNIT,
22931835,,"Ginger [kg]",,,,kg,1,0,FRE,13.2000,FRE,0,1,,,,,,,,,,,1,Individual,1,UNIT,
22931828,,"Jasmine Rice [kg]",,,,kg,1,0,FRE,2.1000,FRE,0,1,,,0,1,1,,,,,,1,Individual,1,UNIT,
22931827,,"Noodles Instant Ayam [700g]",,,,unit,1,0,FRE,14.9000,FRE,0,1,,,0,1,1,,,,,,1,Individual,1,UNIT,
22931831,,"Panko Bread Crumbs [kg]",,,,kg,1,0,FRE,8.0000,FRE,0,1,,,0,1,1,,,,,,1,Individual,1,UNIT,
22931833,,"Pork Bones [kg]",,,,kg,1,0,FRE,2.5000,FRE,0,1,,,0,1,1,,,,,,1,Individual,1,UNIT,
22931834,,"Pork Skin [kg]",,,,kg,1,0,FRE,4.0000,FRE,0,1,,,0,1,1,,,,,,1,Individual,1,UNIT,
22931830,,"Turkish Bread [ea]",,,,unit,1,0,FRE,1.5000,FRE,0,1,,,0,1,1,,,,,,1,Individual,1,UNIT,
22974798,,"Avocado [Tray]","Avocado [Tray]",,,unit,1,0,FRE,25.0000,FRE,0,1,,,,,,,,,1,,1,Individual,1,UNIT,
22975178,,"Black Beans [2.5kg Tin]",,,,g,2500,0,FRE,8.7000,FRE,0,1,,,,,,,,,1,,1,Individual,1,UNIT,
22975167,,"Coriander [bunch]",,,,unit,1,0,FRE,2.5000,FRE,0,1,,,,,,,,,1,,1,Individual,1,UNIT,
22971324,,"Fish Cajun Marination",,,,kg,1,0,GST,0.0000,GST,0,1,,,,,,,,,1,,,,,UNIT,
22971321,,"Kewpie Lemon",,,,kg,1,0,GST,0.0000,GST,0,1,,,,,,,,,1,,,,,UNIT,
22973178,,"Mango-Chilli Puree [1L]",,,,ml,1,0,FRE,0.0000,FRE,0,1,,,,,,,,,1,,,,,UNIT,
22975143,,"Roma Tomatoes [kg]",,,,g,1000,0,FRE,4.0000,FRE,0,1,,,,,,,,,1,,1,Individual,1,UNIT,
22971312,,"Togarashi Salt",,,,kg,1,0,GST,0.0000,GST,0,1,,,,,,,,,1,,,,,UNIT,
22973861,,"Kids Meat Roast",,,,unit,1,20,GST,0.0000,GST,0,1,,"STOW KITCHEN",,,,,"Kids Meals",,1,,,Individual,1,UNIT,
22973864,,"Kids Nut Roast",,,,unit,1,20,GST,0.0000,GST,0,1,,"STOW KITCHEN",,,,,"Kids Meals",,1,,,Individual,1,UNIT,
22975378,,"Achiote Chicken [15Kg]",,,,g,1000,0,FRE,0.0000,FRE,0,1,,,,,,,,,1,,,,,UNIT,
22975205,,"Black Beans Prep",,,,g,1000,0,FRE,0.0000,FRE,0,1,,,,,,,,,1,,,,,UNIT,
22988218,,"Cheese Mexican Blend Shredded [2kg]",,,,g,2000,0,FRE,30.0000,FRE,0,1,,,,,,,,,1,,1,Individual,1,UNIT,
22975375,,"Chicken Thigh Flt S/Off [Kg]",,,,g,1000,0,FRE,16.3000,FRE,0,1,,,,,,,,,1,,1,Individual,1,UNIT,
22975377,,"Cooked Beef Brisket [1Kg]",,,,g,1000,0,FRE,0.0000,FRE,0,1,,,,,,,,,1,,,,,UNIT,
22975376,,"Coriander Ground 500Gm Chefs Choice",,,,g,500,0,FRE,7.5000,FRE,0,1,,,,,,,,,1,,1,Individual,1,UNIT,
22975185,,"Corn Kernels [Tin]",,,,unit,1,0,FRE,2.0000,FRE,0,1,,,,,,,,,1,,1,Individual,1,UNIT,
22975201,,"Guacamole [4kg]",,,,g,1,0,FRE,0.0000,FRE,0,1,,,,,,,,,1,,,,,UNIT,
22975380,,"Pulled Mushroom [1Kg]",,,,g,1000,0,FRE,0.0000,FRE,0,1,,,,,,,,,1,,,,,UNIT,
22975203,,Rice,,,,g,1000,0,FRE,0.0000,FRE,0,1,,,,,,,,,1,,,,,UNIT,
22992693,,"BBQ Sauce Smokey Hickory [3L]",,,,unit,1,0,FRE,0.0000,FRE,0,1,,,,,,,,,1,,1,Individual,1,UNIT,
22989452,,"Blue Cheese Dip [5.5kg]",,,,g,5500,0,GST,0.0000,GST,0,1,,,,,,,,,1,,,,,BUCKET,
22992690,,"Chicken Stock Concentrated [1KG]",,,,unit,1,0,FRE,18.0000,FRE,0,1,,,,1,1,,,,1,,1,Individual,1,UNIT,
22992669,,"Chicken Whole Bird [No.8]",,,,unit,1,0,FRE,6.1000,FRE,0,1,,,,1,1,,,,1,,1,Individual,1,UNIT,
22992692,,"Chips Crispy Coated [2.5KG]",,,,unit,1,0,FRE,0.0000,FRE,0,1,,,,,,,,,1,,1,Individual,1,UNIT,
22992697,,"Corn Kernels IQF [2KG]",,,,unit,1,0,FRE,10.3000,FRE,0,1,,,,1,1,,,,1,,1,Individual,1,UNIT,
22989447,,"Heinz BBQ Sauce [4L]",,,,ml,4000,0,FRE,15.2900,GST,0,1,,,,,,,,,1,,1,Individual,1,BOTTLE,
22992677,,"Pork Leg Roast [1KG]",,,,g,1000,0,FRE,10.0000,FRE,0,1,,,,1,1,,,,1,,1,Individual,1,UNIT,
22992688,,"Sour Cream [2L]",,,,unit,1,0,FRE,19.0000,FRE,0,1,,,,,,,,,1,,1,Individual,1,UNIT,
22989451,,"Sunshine Smokey BBQ Sauce [3L]",,,,ml,3000,0,GST,13.7500,GST,0,1,,,,,,,,,1,,1,Individual,1,BOTTLE,
22995316,,"Avocado Hass [Tray]",,,AH20T,unit,1,0,FRE,22.0000,FRE,0,0,,,0,1,1,,,,,,1,Individual,1,UNIT,
22995317,,"Beef Brisket Diced 3x3cm [5kg]",,,28294,kg,1,0,FRE,16.5000,FRE,0,1,,,,,,,,,,,1,Individual,1,UNIT,
22995318,,"Beef Brisket Diced 4x4cm [5kg]",,,17027,kg,1,0,FRE,16.5000,FRE,0,1,,,,,,,,,,,1,Individual,1,UNIT,
22995162,,"Cheese Blue Danish 10X100GM",,,,g,1000,0,FRE,31.5000,FRE,0,1,,,,,,,,,1,,1,Individual,1,CONTAINER,
22993645,,"Chicken Breast Slice [5KG]",,,,unit,1,0,FRE,59.5000,FRE,0,1,,,,1,1,,,,1,,1,Individual,1,UNIT,
22993659,,"Cooking Cream [5L]",,,,unit,1,0,FRE,0.0000,FRE,0,1,,,,,,,,,1,,1,Individual,1,UNIT,
22992789,,"House BBQ Sauce [11L]",,,,ml,11000,0,GST,0.0000,GST,0,1,,,,,,,,,1,,,Individual,1,TUB,
22993668,,"Squid [5KG]",,,,g,5000,0,FRE,0.0000,FRE,0,1,,,,,,,,,1,,1,Individual,1,UNIT,
22993651,,"Sweet Potato Chips [1.5KG]",,,,g,1500,0,FRE,10.8333,FRE,0,1,,,,1,1,,,,1,,1,Individual,1,UNIT,
22992702,,"Yoghurt Greek [2KG]",,,,unit,1,0,FRE,14.5000,FRE,0,1,,,,1,1,,,,1,,1,Individual,1,UNIT,
22995319,,"Bocconcini Alba [1kg]",,,19491,unit,1,0,FRE,17.4000,FRE,0,0,,,0,1,1,,,,,,1,Individual,1,UNIT,
22995320,,"Broccolini [Bunch]",,,BROCE,unit,1,0,FRE,4.6100,FRE,0,0,,,0,1,1,,,,,,1,Individual,1,UNIT,
22995321,,"Cabbage Red Shredded [kg]",,,KITCRSKG,unit,1,0,FRE,7.9000,FRE,0,0,,,0,1,1,,,,,,1,Individual,1,UNIT,
22995322,,"Cabbage Shredded [kg]",,,KITCSHKG,unit,1,0,FRE,6.9000,FRE,0,0,,,0,1,1,,,,,,1,Individual,1,UNIT,
22995323,,"Canola Oil Simply [20L]",,,13903,unit,1,0,FRE,64.0000,FRE,0,1,,,1,0,0,,,,1,,,Individual,1,UNIT,
22995324,,"Carrot Large [kg]",,,CLKG,g,1000,0,FRE,1.6500,FRE,0,0,,,0,1,1,,,,,,1,Individual,1,UNIT,
22995325,,"Carrot Shredded [kg]",,,KITCARSHKG,g,1000,0,FRE,3.9000,FRE,0,0,,,0,1,1,,,,,,1,Individual,1,UNIT,
22995326,,"Chicken Maryland Diced 3x3cm [5kg]",,,20152,kg,1,0,FRE,12.6000,FRE,0,1,,,,,,,,,,,1,Individual,1,UNIT,
22995327,,"Chicken Thigh Strip 2cm [5kg]",,,10595,kg,1,0,FRE,14.8000,FRE,0,1,,,,,,,,,,,1,Individual,1,UNIT,
22995328,,"Chicken Wing Nibble [15kg]",,,10737,kg,1,0,FRE,6.0000,FRE,0,1,,,,,,,,,,,1,Individual,1,UNIT,
22995329,,"Chilli Flakes [1kg]",,,28087,unit,1,0,FRE,13.7000,FRE,0,0,,,0,1,1,,,,,,1,Individual,1,UNIT,
22995330,,"Cooking Cream Dairy Farmers [5L]",,,14132,unit,1,0,FRE,31.6200,FRE,0,0,,,0,1,1,,,,,,1,Individual,1,UNIT,
22995331,,"Corn Baby Sweet [Pack]",,,CBSPACK,unit,1,0,FRE,3.3000,FRE,0,0,,,0,1,1,,,,,,1,Individual,1,UNIT,
22995332,,"Corn Sweet [Each]",,,CSCB,unit,1,0,FRE,1.3200,FRE,0,0,,,0,1,1,,,,,,1,Individual,1,UNIT,
22995333,,"Cottonseed Oil Simply [20L]",,,14239,unit,1,0,FRE,59.0000,FRE,0,0,,,0,1,1,,,,,,1,Individual,1,UNIT,
22995335,,"Eggs 700 Grams [12x]",,,EGL7BX,unit,1,0,FRE,6.0000,FRE,0,0,,,0,1,1,,,,,,1,Individual,1,UNIT,
22995336,,"Flour Tortillas 12"" Plain Mission [72's]",,,13315,unit,1,0,FRE,34.0000,FRE,0,0,,,0,1,1,,,,,,1,Individual,1,UNIT,
22995337,,"Flour Tortillas 6"" Plain Mission [24x12]",,,30741,unit,1,0,FRE,65.0000,FRE,0,0,,,0,1,1,,,,,,1,Individual,1,UNIT,
22995338,,"Fried Garlic [1kg]",,,14867,unit,1,0,FRE,10.5000,FRE,0,0,,,0,1,1,,,,,,1,Individual,1,UNIT,
22995334,,"Thai Eggplant [kg]",,,ETKG,g,1000,0,FRE,11.5200,FRE,0,0,,,0,1,1,,,,,,1,Individual,1,UNIT,
22995339,,"Greek Oregano Windsor Farm [1kg]",,,17483,unit,1,0,FRE,21.8000,FRE,0,0,,,0,1,1,,,,,,1,Individual,1,UNIT,
22995340,,"Halal Pepperoni Slice Fettayleh [1kg]",,,14048,unit,1,0,FRE,13.8000,FRE,0,0,,,0,1,1,,,,,,1,Individual,1,UNIT,
22995341,,"Ham Soccerball Sliced Pendle [1kg]",,,27544,g,1000,0,FRE,12.7000,FRE,0,0,,,0,1,1,,,,,,1,Individual,1,UNIT,
22995342,,"Herb Basil [Bunch]",,,HBGQBCH,unit,1,0,FRE,3.8500,FRE,0,0,,,0,1,1,,,,,,1,Individual,1,UNIT,
22995343,,"Herb Chives [Market]",,,HCMB,unit,1,0,FRE,9.9000,FRE,0,0,,,0,1,1,,,,,,1,Individual,1,UNIT,
22995344,,"Herb Coriander [Bunch]",,,HCB,unit,1,0,FRE,2.6400,FRE,0,0,,,0,1,1,,,,,,1,Individual,1,UNIT,
22995345,,"Herb Thyme [Bunch]",,,HTBCH,unit,1,0,FRE,1.6500,FRE,0,0,,,0,1,1,,,,,,1,Individual,1,UNIT,
22995346,,"Kimchi Sliced Bibigo [900g]",,,14141,unit,1,0,FRE,10.5000,FRE,0,0,,,0,1,1,,,,,,1,Individual,1,UNIT,
22995347,,"Kimchi Whole Pogi CJ Foods [5kg]",,,14303,unit,1,0,FRE,21.4000,FRE,0,0,,,0,1,1,,,,,,1,Individual,1,UNIT,
22995348,,"Lettuce Cos Baby Twin Pack [Each]",,,LCBTPEA,unit,1,0,FRE,2.7500,FRE,0,0,,,0,1,1,,,,,,1,Individual,1,UNIT,
22995349,,"Lettuce Mesculin [1.5kg]",,,LMM15BX,g,1500,0,FRE,17.4000,FRE,0,0,,,0,1,1,,,,,,1,Individual,1,UNIT,
22995350,,"Lettuce Rocket Wild [Box]",,,LRW15BG,g,1500,0,FRE,21.0000,FRE,0,0,,,0,1,1,,,,,,1,Individual,1,UNIT,
22995351,,"MSG [1kg]",,,12874,unit,1,0,FRE,6.9000,FRE,0,0,,,0,1,1,,,,,,1,Individual,1,UNIT,
22995352,,"Onion Brown [kg]",,,ONBRKG,unit,1,0,FRE,1.5400,FRE,0,0,,,0,1,1,,,,,,1,Individual,1,UNIT,
22995353,,"Pears Green [kg]",,,PGKG,unit,1,0,FRE,0.6500,FRE,0,0,,,0,1,1,,,,,,1,Individual,1,UNIT,
22995354,,"Pineapple Pizza Cut A10 Twin Pine [3kg]",,,18310,g,3000,0,FRE,8.4000,FRE,0,0,,,0,1,1,,,,,,1,Individual,1,UNIT,
22995356,,"Potato Desiree [10kg]",,,PDES10BG,g,10000,0,FRE,36.0000,FRE,0,0,,,0,1,1,,,,,,1,Individual,1,UNIT,
22995357,,"Potato Peeled [kg]",,,KITPPKG,unit,1,0,FRE,3.6000,FRE,0,0,,,0,1,1,,,,,,1,Individual,1,UNIT,
22995358,,"Radish Red [Bunch]",,,RRBCH,unit,1,0,FRE,2.8800,FRE,0,0,,,0,1,1,,,,,,1,Individual,1,UNIT,
22995359,,"Radish White (Stick) [Each]",,,RWSTK,unit,1,0,FRE,7.2000,FRE,0,0,,,0,1,1,,,,,,1,Individual,1,UNIT,
22995934,,"7 Star Beef Lasagne [2.6kg]",,,7STAR_71023-UC5,kg,1,0,GST,36.5800,GST,0,0,,,0,1,1,,,,,,1,Individual,1,UNIT,
22995590,,"Buffalo Aioli [1L]",,,,g,1000,0,GST,0.0000,GST,0,1,,,,,,,,,1,,,,,BUCKET,
22995360,,"Sesame Oil Blended Haday [5L]",,,10896,unit,1,0,FRE,25.5000,FRE,0,0,,,0,1,1,,,,,,1,Individual,1,UNIT,
22995361,,"Sour Cream Dairy Farmers [2L]",,,16357,ml,2000,0,FRE,20.0000,FRE,0,0,,,0,1,1,,,,,,1,Individual,1,UNIT,
22995362,,"Spanish Chorizo Mild Pendle [1kg]",,,19626,unit,1,0,FRE,13.7000,FRE,0,0,,,0,1,1,,,,,,1,Individual,1,UNIT,
22995363,,"Sundried Tomato Strips Mezzat [2kg]",,,11602,kg,2,0,FRE,25.6000,FRE,0,0,,,0,1,1,,,,,,1,Individual,1,UNIT,
22995364,,"Tomato Sauce Fountain [4L]",,,13998,unit,1,0,FRE,10.7000,FRE,0,0,,,0,1,1,,,,,,1,Individual,1,UNIT,
22995365,,"Tomatoes Roma [Box]",,,TR10BX,unit,1,0,FRE,49.5000,FRE,0,0,,,0,1,1,,,,,,1,Individual,1,UNIT,
22995366,,"Vegetable Oil Simply [20L]",,,28366,unit,1,0,FRE,58.0000,FRE,0,1,,,1,0,0,,,,1,,,Individual,1,UNIT,
22995367,,"White Truffle Oil Sandhurst [250ml]",,,14127,unit,1,0,FRE,11.4000,FRE,0,0,,,0,1,1,,,,,,1,Individual,1,UNIT,
22995941,,"Calabrese Mild Salami Sliced KRC [1kg]",,,CALABRESE/CASTLE-UC4,kg,1,0,FRE,26.0500,FRE,0,0,,,0,1,1,,,,,,1,Individual,1,UNIT,
22995936,,"Cauliflower Florets [kg]",,,KITCFKG,kg,1,0,FRE,7.9000,FRE,0,0,,,0,1,1,,,,,,1,Individual,1,UNIT,
22995935,,"Cauliflower [Each]",,,cauli-ea,unit,1,0,FRE,3.8500,FRE,0,0,,,0,1,1,,,,,,1,Individual,1,UNIT,
22995942,,"Danish Fetta Kebia [2kg]",,,KEBDANFET2-UC4,kg,1,0,FRE,18.2000,FRE,0,0,,,0,1,1,,,,,,1,Individual,1,UNIT,
22995937,,"Dry Slaw [kg]",,,KITDSKG,kg,1,0,FRE,7.9000,FRE,0,0,,,0,1,1,,,,,,1,Individual,1,UNIT,
22995939,,"Garlic Peeled [kg]",,,GPKG,kg,1,0,FRE,4.1800,FRE,0,0,,,0,1,1,,,,,,1,Individual,1,UNIT,
22995944,,"Mushroom Button B Grade [Box]",,,MSHB2,unit,1,0,FRE,33.0000,FRE,0,0,,,0,1,1,,,,,,1,Individual,1,UNIT,
22995945,,"Onion Spanish [10kg]",,,OS10BG,kg,1,0,FRE,24.2000,FRE,0,0,,,0,1,1,,,,,,1,Individual,1,UNIT,
22995943,,"Pizza Flour Gem West Manildra [12.5kg]",,,MANFLOPIZ-U,kg,12.5,0,FRE,13.8000,FRE,0,0,,,0,1,1,,,,,,1,Individual,1,UNIT,
22995938,,"Rice Cake Strawberry Mousse Frozen [50g]",,,UZ8141305,g,1,0,GST,16.5000,GST,0,0,,,0,1,1,,,,,,1,Individual,1,UNIT,
22996080,,"Beef Sirloin Grainge Silver MSA [kg]",,,1896K,kg,1,0,FRE,41.0000,FRE,0,0,,,0,1,1,,,,,,1,Individual,1,UNIT,
22995951,,"Cafe Bacon Zammit [5kg]",,,ZAMBACCAF5-B,kg,1,0,FRE,52.1500,FRE,0,0,,,0,1,1,,,,,,1,Individual,1,UNIT,
22995952,,"Pepperoni Salami Sliced Zammit [3kg]",,,ZAMSALPEPSLI-UC5,kg,1,0,FRE,49.0000,FRE,0,0,,,0,1,1,,,,,,1,Individual,1,UNIT,
22995946,,"Pickled Red Cucumber",,,PD8517979,unit,1,0,FRE,4.5000,FRE,0,0,,,0,1,1,,,,,,1,Individual,1,UNIT,
22996079,,"Sugar Caster Bundaberg [15kg]",,,100463,unit,1,0,FRE,32.0000,FRE,0,0,,,0,1,1,,,,,,1,Individual,1,UNIT,
22995947,,"T2 Milk Bun Sliced White Sesame [85g]",,,ST285-WS,g,1,0,FRE,0.9800,FRE,0,0,,,0,1,1,,,,,,1,Individual,1,UNIT,
22995949,,"Tomatoes Cherry [Punnet]",,,TCPUN,unit,1,0,FRE,3.0800,FRE,0,0,,,0,1,1,,,,,,1,Individual,1,UNIT,
22995950,,"Turkish/Focaccia Bread [120g]",,,TFB120,g,1,0,FRE,0.9800,FRE,0,0,,,0,1,1,,,,,,1,Individual,1,UNIT,
22995948,,"Vegan Bun Sliced",,,SVE90,unit,1,0,FRE,1.3800,FRE,0,0,,,0,1,1,,,,,,1,Individual,1,UNIT,
22996081,,"Yeast Fresh [1kg]",,,103153,unit,1,0,FRE,5.5000,FRE,0,0,,,0,1,1,,,,,,1,Individual,1,UNIT,
22996465,,"Acai Tubs 6x1kg [Tub]",,,ACT1,unit,1,0,FRE,17.0500,GST,0,1,,,1,0,0,,,,1,,,Individual,1,UNIT,
22996487,,"Burger Patties Vegan 20x115gm V2 Food",,,,g,2300,0,FRE,55.0000,FRE,0,1,,,1,0,0,,,,1,,,Individual,1,UNIT,
22996434,,"Burrito Rice Sauce",,,,g,1000,0,FRE,0.0000,FRE,0,1,,,,,,,,,1,,,,,UNIT,
22996486,,"Corn Flour Maize Gluten Free 5kg Edlyn",,,,g,5000,0,FRE,23.0000,FRE,0,1,,,1,0,0,,,,1,,,Individual,1,UNIT,
22996488,,"Garlic Chilli Sauce 1.05kg Lee Kum Kee",,,,unit,1,0,FRE,14.5000,FRE,0,1,,,1,0,0,,,,1,,,Individual,1,UNIT,
22996463,,"Mango Chunks 10x1kg [Bag]",,,MAD1,unit,1,0,FRE,8.0000,FRE,0,1,,,1,0,0,,,,1,,,Individual,1,UNIT,
22996466,,"Passionfruit Puree Seedless 12x1kg [Tub]",,,PJ1,unit,1,0,FRE,9.5000,FRE,0,1,,,1,0,0,,,,1,,,Individual,1,UNIT,
22996464,,"Pineapple Diced 10x1kg [Bag]",,,PIB,unit,1,0,FRE,7.0000,FRE,0,1,,,1,0,0,,,,1,,,Individual,1,UNIT,
22996485,,"Sea Salt Flakes 6kg Olssons",,,,unit,1,0,FRE,65.0000,FRE,0,1,,,1,0,0,,,,1,,,Individual,1,UNIT,
22996489,,"Soy Sauce Light PRB Superior 600ml Pearl River",,,,unit,1,0,FRE,7.0000,FRE,0,1,,,1,0,0,,,,1,,,Individual,1,UNIT,
22996496,,"Chilli Bean Sauce Toban 368gm LKK",,,,unit,1,0,FRE,8.0000,FRE,0,1,,,1,0,0,,,,1,,,Individual,1,UNIT,
22996495,,"Chillis Whole Dried 150gm Chefs Choice",,,,unit,1,0,FRE,5.5000,FRE,0,1,,,1,0,0,,,,1,,,Individual,1,UNIT,
22996491,,"Gelatine Sheets 1kg Gelita",,,,unit,1,0,FRE,46.5000,FRE,0,1,,,1,0,0,,,,1,,,Individual,1,UNIT,
22996498,,"Oil Truffle Black 250ml La Tourangelle",,,,unit,1,0,FRE,18.5000,FRE,0,1,,,1,0,0,,,,1,,,Individual,1,UNIT,
22996497,,"Rice Vermicelli Noodles 500gm Osha",,,,unit,1,0,FRE,5.0000,FRE,0,1,,,1,0,0,,,,1,,,Individual,1,UNIT,
22996492,,"Star Anise Whole 200gm Chefs Choice",,,,unit,1,0,FRE,10.0000,FRE,0,1,,,1,0,0,,,,1,,,Individual,1,UNIT,
22996493,,"Stock Liquid Beef 1LT Campbells",,,,unit,1,0,FRE,15.6000,FRE,0,1,,,1,0,0,,,,1,,,Individual,1,UNIT,
22996494,,"Sugar Yellow Rock 400gm Osha",,,,unit,1,0,FRE,5.8000,FRE,0,1,,,1,0,0,,,,1,,,Individual,1,UNIT,
22996499,,"Tofu Puff Deep Fried 200gm Soya King",,,,unit,1,0,FRE,16.5000,FRE,0,1,,,1,0,0,,,,1,,,Individual,1,UNIT,
22996490,,"Vanilla Bean Paste Organic 320gm Queen",,,,unit,1,0,FRE,35.0000,FRE,0,1,,,1,0,0,,,,1,,,Individual,1,UNIT,
22996504,,"Beef Cantonese [kg]",,,,kg,1,0,FRE,0.0000,FRE,0,1,,,1,0,0,,,,1,,,Individual,1,UNIT,
22996505,,"Cheese Burger Sliced Hi Melt Thick [2.25kg] Pure Dairy",,,103899,g,2250,0,FRE,31.0000,FRE,0,1,,,1,0,0,,,,1,,,Individual,1,UNIT,
22996502,,"Chilli Sauce Original Sambal Asli 335ml ABC",,,,unit,1,0,FRE,18.0000,FRE,0,1,,,1,0,0,,,,1,,,Individual,1,UNIT,
22996508,,"Choy Sum [Bunch]",,,CSB,unit,1,0,FRE,2.2000,FRE,0,1,,,1,0,0,,,,1,,,Individual,1,UNIT,
22996503,,"Cooking Wine Chinese Shaoxing 640ml Hua Tiao",,,,unit,1,0,FRE,2.5000,FRE,0,1,,,1,0,0,,,,1,,,Individual,1,UNIT,
22996506,,"Mayonnaise Smokey Chipotle 1L Birch & Waite",,,103508,ml,1000,0,FRE,18.4000,FRE,0,1,,,1,0,0,,,,1,,,Individual,1,UNIT,
22996507,,"Mayonnaise Smokey Chipotle Plant Based Vegan 1LT Birch & Waite",,,107147,unit,1,0,FRE,18.0000,FRE,0,1,,,1,0,0,,,,1,,,Individual,1,UNIT,
22996509,,"Shallot [Bunch]",,,SBCH,unit,1,0,FRE,1.9300,FRE,0,1,,,1,0,0,,,,1,,,Individual,1,UNIT,
22996500,,"Szechuan Pepper Whole 250gm Krio Krush",,,,unit,1,0,FRE,24.0000,FRE,0,1,,,1,0,0,,,,1,,,Individual,1,UNIT,
22996501,,"Vegemite Spread 380gm",,,,unit,1,0,FRE,10.0000,FRE,0,1,,,1,0,0,,,,1,,,Individual,1,UNIT,
23007639,,"Beef Brisket YG Point End [1kg]",,,,g,1000,0,FRE,13.5000,FRE,0,1,,,,,,,,,1,,1,Individual,1,PACKET,
23007804,,"Burger Sauce Birch & Waite [1L]",,,,ml,1000,0,GST,15.0000,FRE,0,1,,,,,,,,,1,,1,Individual,1,UNIT,
23007515,,"Burrito Rice [3kg]",,,,g,3000,0,FRE,0.0000,FRE,0,1,,,,,,,,,1,,,,,UNIT,
23007584,,"Chipotle Mayo [1.1kg]",,,,g,1100,0,FRE,0.0000,FRE,0,1,,,,,,,,,1,,,,,UNIT,
22996510,,"Lettuce Mesclun [Big Box]",,,LMB15BG,unit,1,0,FRE,17.6000,FRE,0,1,,,1,0,0,,,,1,,,Individual,1,UNIT,
23012350,,"Mexican Fish Prep",,,,kg,5,0,FRE,0.0000,FRE,0,1,,,,,,,,,1,,,,,UNIT,
22996511,,"Pizza Base Gluten Free 11in [10x2 CTN] Letizza",,,,unit,1,0,FRE,88.7500,FRE,0,1,,,1,0,0,,,,1,,,Individual,1,UNIT,
22996512,,"Squid Whole Cleaned Loligo [kg]",,,,unit,1,0,FRE,33.6000,FRE,0,1,,,1,0,0,,,,1,,,Individual,1,UNIT,
23007782,,"Garlic Bread [Deal]",,,,unit,1,0,GST,0.0000,GST,0,1,,MARILYNA'S,,,,,"Marilyna's Pizza",,1,,,Individual,1,UNIT,
22996967,,"Chicken Roast",,,,unit,1,30,GST,0.0000,GST,0,1,,"STOW KITCHEN",,,,,"Kitchen Specials",,1,,,,,UNIT,
23035273,,"Celery Diced [1kg]",,,,g,1000,0,FRE,5.9000,FRE,0,1,,,,,,,,,1,,1,Individual,1,UNIT,
23013739,,"Dairy Farmers Shaved Parmesan [1kg]",,,,g,1000,0,FRE,20.0000,FRE,0,1,,,,,,,,,1,,1,Individual,1,UNIT,
23036620,,"Garlic Minced [kg]",,,,g,1000,0,FRE,4.4000,FRE,0,1,,,,,,,,,1,,1,Individual,1,UNIT,
23032101,,"Mission Corn Tortilla 6"" [12x36]",,,,unit,1,0,FRE,5.5000,FRE,0,1,,,,,,,,,1,,1,Individual,1,UNIT,
23035261,,"Nut Roast Prep",,,,unit,1,0,FRE,0.0000,FRE,0,1,,,,,,,,,1,,,Individual,1,UNIT,
23032243,,"Yorkshire Pudding Prep [110 units]",,,,unit,1,0,FRE,0.0000,FRE,0,1,,,,,,,,,1,,,Individual,1,UNIT,
23029484,,"BBQ Corn Nuts [Bar}",,,,unit,1,4.5,GST,0.0000,GST,0,1,,"STOW KITCHEN",,,,,,,1,,1,Individual,1,UNIT,
23032127,,"Beef Roast",,,,unit,1,30,GST,0.0000,GST,0,1,,"STOW KITCHEN",,,,,"Kitchen Specials",,1,,,Individual,1,UNIT,
23032129,,"Lamb Roast",,,,unit,1,30,GST,0.0000,GST,0,1,,"STOW KITCHEN",,,,,"Kitchen Specials",,1,,,Individual,1,UNIT,
23032130,,"Pork Roast",,,,unit,1,30,GST,0.0000,GST,0,1,,"STOW KITCHEN",,,,,"Kitchen Specials",,1,,,Individual,1,UNIT,
23038892,,"Brownie Prep [24 pcs]",,,,unit,1,0,FRE,0.0000,FRE,0,1,,,,,,,,,1,,,,,UNIT,
23036881,,"Cauliflower Cheese Prep",,,,unit,1,0,FRE,0.0000,FRE,0,1,,,,,,,,,1,,,,,UNIT,
23036632,,"Chia Seeds Chefs Choice [1kg]",,,,g,1000,0,FRE,15.5000,FRE,0,1,,,,,,,,,1,,1,Individual,1,UNIT,
23036845,,"Gravy Prep",,,,g,2200,0,FRE,0.0000,FRE,0,1,,,,,,,,,1,,,,,UNIT,
23036892,,"Nacho Cheese A10 [3kg]",,,,g,3000,0,FRE,34.0000,FRE,0,1,,,,,,,,,1,,1,Individual,1,UNIT,
23038908,,"Patron XO Cafe [Bottle]",,,,unit,1,0,GST,79.5400,GST,0,1,,,0,1,1,,,,,,1,Individual,1,UNIT,
23036889,,"Queso Dip Prep",,,,g,5100,0,GST,0.0000,GST,0,1,,,,,,,,,1,,,,,UNIT,
23038938,,"The Biscuit Tin",,,,unit,1,22,GST,0.0000,GST,0,1,,,,,,,"Cocktails - Signature",,1,,,,,UNIT,
23040843,,"Truffle Oil Prep",,,,g,1500,0,FRE,0.0000,FRE,0,1,,,,,,,,,1,,,,,UNIT,
23038907,,"Wonderfoam [Bottle]",,,,unit,1,0,GST,47.5000,GST,0,1,,,0,1,1,,,,,,1,Individual,1,UNIT,
23114865,,"Aether Vodka [Bottle]",,,3302606,ml,700,0,GST,58.7900,GST,0,1,,,,0,,,,,1,,1,Individual,1,BOTTLE,
23040879,,"Ice Cream Gold Label Vanilla [4L]",,,,ml,4000,0,FRE,12.5000,FRE,0,1,,,,,,,,,1,,1,Individual,1,UNIT,
23068467,,"Lemongrass [ea]",,,,unit,1,0,FRE,0.7600,FRE,0,1,,,,,,,,,1,,1,Individual,1,UNIT,
23102996,,"Omen Stout Nitro [Keg]",,,,ml,50000,0,GST,341.5500,GST,0,1,,,,,,,,,1,,1,Individual,1,UNIT,
23068435,,"Paw Paw Shredded [kg]",,,,g,1000,0,FRE,9.9000,FRE,0,1,,,,,,,,,1,,1,Individual,1,UNIT,
23114903,,"Aether Vodka",,,,unit,1,11.5,GST,0.0000,GST,0,1,,SPIRITS,1,,,,Vodka,,1,,,Individual,1,UNIT,
23120129,,"La Petite Mort Albarino 2025 - Bottle",,,,ml,750,98,GST,22.8900,GST,0,1,,"STOW FAST,WINE",1,0,,,"White Wine",,1,,1,Individual,1,UNIT,
23120123,,"La Petite Mort Albarino 2025 - Large",,,,unit,1,30.5,GST,22.8900,GST,0,1,,"STOW FAST,WINE",1,0,,,"White Wine",,1,,,,,UNIT,
23120119,,"La Petite Mort Albarino 2025 - Regular",,,,unit,1,17.5,GST,22.8900,GST,0,1,,"STOW FAST,WINE",1,0,,,"White Wine",,1,,,,,UNIT,
23042290,,"Beef Cheek",,,,unit,1,39.9,GST,0.0000,GST,0,1,,"STOW KITCHEN",,,,,"Kitchen Specials",,1,,1,Individual,1,UNIT,
23199124,,"Add Side Guac.",,,,unit,1,3,GST,0.0000,GST,1,1,,,,,,,,,1,,1,Individual,1,UNIT,
23126568,,"Caramel Cheesecake",,,,unit,1,18,GST,0.0000,GST,0,1,,,,,,,Desserts,,1,,1,Individual,1,UNIT,
23177312,,"No Side Sauce",,,,unit,1,0,GST,0.0000,GST,1,1,,,,,,,,,1,,1,Individual,1,UNIT,
23124792,,"Grifter - ""Omen"" Nitro Stout - Pint",,,,unit,1,16,GST,0.0000,GST,0,1,,BEERS,,,,,"Tap Beer",,1,,,,,UNIT,
23124788,,"Grifter - ""Omen"" Nitro Stout - Schooner",,,,unit,1,12,GST,0.0000,GST,0,1,,BEERS,,,,,"Tap Beer",,1,,,,,UNIT,
23172046,,"Blind Winos Ticket",,,,unit,1,29,GST,0.0000,GST,0,1,,"FUNCTIONS & MISC.",,,,,"Functions & Misc.",,1,,,Individual,1,UNIT,
23177299,,"BBQ Wings [Wings Deal]",,,,unit,1,0,GST,0.0000,GST,0,1,,MARILYNA'S,,,,,"Marilyna's Pizza",,1,,,,1,UNIT,
23120216,,"La Petite Mort Rosso 2025 - Bottle",,,,ml,750,98,GST,22.8900,GST,0,1,,"STOW FAST,WINE",1,0,,,"Red Wine",,1,,1,Individual,1,UNIT,
23120214,,"La Petite Mort Rosso 2025 - Large",,,,unit,1,30.5,GST,22.8900,GST,0,1,,"STOW FAST,WINE",1,0,,,"Red Wine",,1,,,,,UNIT,
23120210,,"La Petite Mort Rosso 2025 - Regular",,,,unit,1,17.5,GST,22.8900,GST,0,1,,"STOW FAST,WINE",1,0,,,"Red Wine",,1,,,,,UNIT,
23201584,,"Add Lepinja Bread",,,,unit,1,6,GST,0.0000,GST,1,1,,,,,,,"Add-ons - Kitchen",,1,,1,Individual,1,UNIT,
23201586,,"Add Roasted Tomato Coulis",,,,unit,1,3,GST,0.0000,GST,1,1,,,,,,,,,1,,1,Individual,1,UNIT,
23201625,,"Extra Arancini Ball",,,,unit,1,4,GST,0.0000,GST,1,1,,,,,,,"Add-ons - Kitchen",,1,,1,Individual,1,UNIT,
23201606,,"GF Flatbread",,,,unit,1,4,GST,0.0000,GST,1,1,,,,,,,"Add-ons - Kitchen",,1,,1,Individual,1,UNIT,
23201501,,"Karaage Chicken",,,,unit,1,16,GST,0.0000,GST,0,1,,HARRYS,,,,,"Harry Gatos Food",,1,,1,Individual,1,UNIT,
23201505,,"Miso Ramen",,,,unit,1,29,GST,0.0000,GST,0,1,,HARRYS,,,,,"Harry Gatos Food",,1,,1,Individual,1,UNIT,
23201582,,"Amalfi Olives",,,,unit,1,11.5,GST,0.0000,GST,0,1,,"STOW KITCHEN",,,,,"Small Plates",,1,,,,,UNIT,
23201617,,"Arancini Balls [5pc]",,,,unit,1,21.9,GST,0.0000,GST,0,1,,"STOW KITCHEN",,,,,"Small Plates",,1,,,,,UNIT,
23201601,,"Baked Camembert",,,,unit,1,24.9,GST,0.0000,GST,0,1,,"STOW KITCHEN",,,,,"Small Plates",,1,,,,,UNIT,
23201579,,"Eggplant Parmy",,,,unit,1,29,GST,0.0000,GST,0,1,,"STOW KITCHEN",,,,,"Big Plates",,1,,,,,UNIT,
23201674,,"Add Onion Rings",,,,unit,1,4,GST,0.0000,GST,1,1,,,,,,,"Add-ons - Kitchen",,1,,1,Individual,1,UNIT,
23201714,,"Caramelised Onion Jam",,,,unit,1,3,GST,0.0000,GST,1,1,,,,,,,"Add-ons - Kitchen",,1,,1,Individual,1,UNIT,
23201713,,"Hot Honey",,,,unit,1,3,GST,0.0000,GST,1,1,,,,,,,"Add-ons - Kitchen",,1,,1,Individual,1,UNIT,
23201677,,"Make it Vegan [patty + cheese + bun]",,,,unit,1,5,GST,0.0000,GST,1,1,,,,,,,"Add-ons - Kitchen",,1,,1,Individual,1,UNIT,
23201712,,"Roasted Tomato Coulis",,,,unit,1,3,GST,0.0000,GST,1,1,,,,,,,"Add-ons - Kitchen",,1,,1,Individual,1,UNIT,
23201634,,"Farmhouse Salad",,,,unit,1,24.9,GST,0.0000,GST,0,1,,"STOW KITCHEN",,,,,Salads,,1,,,,,UNIT,
23201695,,"Lepinja Bread",,,,unit,1,10,GST,0.0000,GST,0,1,,"STOW KITCHEN",,,,,Sides,,1,,1,Individual,1,UNIT,
23201707,,"Onion Rings",,,,unit,1,12,GST,0.0000,GST,0,1,,"STOW KITCHEN",,,,,Sides,,1,,,,,UNIT,
23201653,,Pie,,,,unit,1,32.9,GST,0.0000,GST,0,1,,"STOW KITCHEN",,,,,"Big Plates",,1,,,,,UNIT,
23201966,,"Southern Squid",,,,unit,1,25.5,GST,0.0000,GST,0,1,,"STOW KITCHEN",,,,,"Small Plates",,1,,,,,UNIT,
23205892,,"Make it Vegetarian [plant-based patty]",,,,unit,1,4,GST,0.0000,GST,1,1,,,,,,,,,1,,1,Individual,1,UNIT,
23212728,,"Side Dijon Mustard",,,,unit,1,0,GST,0.0000,GST,1,1,,,,,,,,,1,,1,Individual,1,UNIT,
23212731,,"Side English Mustard",,,,unit,1,1,GST,0.0000,GST,1,1,,,,,,,,,1,,1,Individual,1,UNIT,
23212726,,"Side Horseradish",,,,unit,1,1,GST,0.0000,GST,1,1,,,,,,,,,1,,1,Individual,1,UNIT,
23212755,,"Swap Fries for BBQ Wings",,,,unit,1,4,GST,0.0000,GST,1,1,,,,,,,,,1,,1,Individual,1,UNIT,
23212759,,"Swap Fries for Buffalo Wings & Blue Cheese Dip",,,,unit,1,5,GST,0.0000,GST,1,1,,,,,,,,,1,,1,Individual,1,UNIT,
23202448,,"Philter Old Ale Can",,,,unit,1,10,GST,0.0000,GST,0,1,,BEERS,,,,,,,1,,,Individual,1,UNIT,
23202127,,"Gluten-free Under The Bridge",,,,unit,1,24,GST,0.0000,GST,0,1,,MARILYNA'S,,,,,"Marilyna's Pizza",,1,,,,1,UNIT,
23202125,,"Large Under The Bridge",,,,unit,1,27,GST,0.0000,GST,0,1,,MARILYNA'S,,,,,"Marilyna's Pizza",,1,,,,1,UNIT,
23202124,,"Regular Under The Bridge",,,,unit,1,19.5,GST,0.0000,GST,0,1,,MARILYNA'S,,,,,"Marilyna's Pizza",,1,,,,1,UNIT,
23213102,,"Extra Red Wine Jus",,,,unit,1,4,GST,0.0000,GST,1,1,,,,,,,,,1,,1,Individual,1,UNIT,
23216243,,"Guinness [Keg]",,,,ml,50000,0,GST,416.5800,GST,0,1,,,,0,,,,,1,,1,Individual,1,UNIT,
23213088,,"Arancini Balls 5pcs D",,,,unit,1,17.5,GST,0.0000,GST,0,1,,MARILYNA'S,,,,,"Delivery Kitchen",,1,,,,,UNIT,
23213097,,"Baked Camembert D",,,,unit,1,21,GST,0.0000,GST,0,1,,MARILYNA'S,,,,,"Delivery Kitchen",,1,,,,,UNIT,
23213099,,"Beef Cheek D",,,,unit,1,35,GST,0.0000,GST,0,1,,MARILYNA'S,,,,,"Delivery Kitchen",,1,,,,,UNIT,
23213104,,"Farmhouse Salad D",,,,unit,1,21,GST,0.0000,GST,0,1,,MARILYNA'S,,,,,"Delivery Kitchen",,1,,,,,UNIT,
23213120,,"Lepinja Bread D",,,,unit,1,9,GST,0.0000,GST,0,1,,MARILYNA'S,,,,,"Delivery Kitchen",,1,,,,,UNIT,
23213092,,"Olives D",,,,unit,1,10,GST,0.0000,GST,0,1,,MARILYNA'S,,,,,"Delivery Kitchen",,1,,,,,UNIT,
23213111,,"Pie D",,,,unit,1,28,GST,0.0000,GST,0,1,,MARILYNA'S,,,,,"Delivery Kitchen",,1,,,Individual,1,UNIT,
23213082,,"Southern Squid D",,,,unit,1,23,GST,0.0000,GST,0,1,,MARILYNA'S,,,,,"Delivery Kitchen",,1,,,,,UNIT,
23244215,,"400 Conejos Mezcal [Bottle]",,,,ml,700,0,GST,78.0300,GST,0,1,,,,0,,,,,1,,1,Individual,1,UNIT,
23217497,,"Seppeltsfield Para Grand 10yo Tawny [Bottle]",,,43786,ml,750,0,GST,31.3700,GST,0,1,,,,0,,,,,1,,1,Individual,1,UNIT,
23216271,,"Guinness Draught - Pint",,,,unit,1,17.5,GST,0.0000,GST,0,1,,"BEERS,STOW FAST",1,,,,"Tap Beer",,1,,,Individual,1,UNIT,
23216269,,"Guinness Draught - Schooner",,,,unit,1,13.5,GST,0.0000,GST,0,1,,"BEERS,STOW FAST",1,,,,"Tap Beer",,1,,,Individual,1,UNIT,
23253520,,"Flower Child",,,,unit,1,22,GST,0.0000,GST,0,1,,COCKTAILS,,,,,"Cocktails - Signature",,1,,,,,UNIT,
23253522,,"Island Time",,,,unit,1,24,GST,0.0000,GST,0,1,,COCKTAILS,,,,,"Cocktails - Signature",,1,,,,,UNIT,
23244314,,"Kids Fried Rice D",,,,unit,1,13,GST,0.0000,GST,0,1,,MARILYNA'S,,,,,"Harry Gatos Food",,1,,,,,UNIT,
23217674,,"Onion Rings D",,,,unit,1,10,GST,0.0000,GST,0,1,,MARILYNA'S,,,,,"Delivery Kitchen",,1,,,,,UNIT,
23244268,,"400 Conejos Mezcal",,,,unit,1,14,GST,0.0000,GST,0,1,,SPIRITS,1,,,,Mezcal,,1,,,Individual,1,UNIT,
23217504,,"Seppeltsfield Para Grand 10yo Tawny",,,,unit,1,14,GST,0.0000,GST,0,1,,WINE,,,,,,,1,,,,,UNIT,
23253571,,"Extra Olives",,,,unit,1,0,GST,0.0000,GST,1,1,,,,,,,,,1,,1,Individual,1,UNIT,
23253570,,Filthy,,,,unit,1,0,GST,0.0000,GST,1,1,,,,,,,,,1,,1,Individual,1,UNIT,
23253784,,"House Coconut Foam [Batch]",,,,unit,1,0,GST,0.0000,GST,0,1,,,,,,,,,1,,,,,UNIT,
23253690,,"Xocolatl Mole Bitters [Bottle]",,,,ml,146,0,FRE,0.0000,FRE,0,1,,,,,,,,,1,,1,Individual,,UNIT,
23253530,,"Biscoff Espresso",,,,unit,1,23,GST,0.0000,GST,0,1,,COCKTAILS,,,,,"Cocktails - Signature",,1,,,,,UNIT,
23253527,,"Davy's Old Fashioned",,,,unit,1,24,GST,0.0000,GST,0,1,,COCKTAILS,,,,,"Cocktails - Signature",,1,,,,,UNIT,
23266275,,"Mezcal Paloma",,,,unit,1,24,GST,0.0000,GST,0,1,,COCKTAILS,,,,,"Cocktails - Signature",,1,,,,,UNIT,
23268705,,"WINGS DEAL",,,,unit,1,30,GST,0.0000,GST,0,1,,MARILYNA'S,,,,,"Marilyna's Pizza",,1,,1,Individual,1,UNIT,
23268529,,Disaronno,,,,unit,1,12,GST,0.0000,GST,0,1,,SPIRITS,,,,,Liqueurs,,1,,,,,UNIT,
23253551,,"Hot Chocolate","Hot Choc [Microwave 2 mins]",,,unit,1,15,GST,0.0000,GST,0,1,,"STOW KITCHEN,NON-ALC",,,,,Non-alcoholic,,1,,,,,UNIT,
23268950,,"large new",,,,unit,1,0,GST,0.0000,GST,1,1,,,,,,,,,1,,1,Individual,1,UNIT,
23268947,,"regular ube",,,,unit,1,0,GST,0.0000,GST,1,1,,,,,,,,,1,,1,Individual,1,UNIT,
23268819,,Spicy,,,,unit,1,1,GST,0.0000,GST,1,1,,,,,,,,,1,,1,Individual,1,UNIT,
23268906,,"Hahn GF D - 6pack",,,,unit,1,25,GST,0.0000,GST,0,1,,MARILYNA'S,,,,,"Delivery Alcohol",,1,,1,Individual,1,UNIT,
23268899,,"Hahn GF D - Bottle",,,,unit,1,6,GST,0.0000,GST,0,1,,MARILYNA'S,,,,,"Delivery Alcohol",,1,,1,Individual,1,UNIT,
23269510,,"Jala Marg Duo [2 serves]",,,,unit,1,26,GST,0.0000,GST,0,1,,"MARILYNA'S DRINKS",1,0,0,,"Delivery Cocktails",,1,,,Individual,1,UNIT,
23269511,,"Jala Marg PartyJar [6 serves]",,,,unit,1,55,GST,0.0000,GST,0,1,,"MARILYNA'S DRINKS",1,,,,"Delivery Cocktails",,1,,,,,UNIT,
23269507,,"Margy Duo [2 serves]",,,,unit,1,23,GST,0.0000,GST,0,1,,"MARILYNA'S DRINKS",1,0,0,,"Delivery Cocktails",,1,,,,1,UNIT,
23269509,,"Margy PartyJar [6 serves]",,,,unit,1,50,GST,0.0000,GST,0,1,,"MARILYNA'S DRINKS",1,0,0,,"Delivery Cocktails",,1,,,,1,UNIT,
23269005,,Snapper,,,,unit,1,39.9,GST,0.0000,GST,0,1,,"STOW KITCHEN",,,,,"Kitchen Specials",,1,,1,Individual,1,UNIT,
23280953,,"$45 FEAST",,,,unit,1,45,GST,0.0000,GST,0,1,,MARILYNA'S,,,,,"Marilyna's Pizza",,1,,1,Individual,1,UNIT,
23280961,,"$60 BANQUET",,,,unit,1,60,GST,0.0000,GST,0,1,,MARILYNA'S,,,,,"Marilyna's Pizza",,1,,1,Individual,1,UNIT,
23270775,,"Big Sur IPA - 4-Pack",,,,unit,1,25,GST,0.0000,GST,0,1,Size,"MARILYNA'S DRINKS",1,,,,"Delivery Alcohol",,1,,,Individual,1,UNIT,
23270767,,"Big Sur IPA - Single",,,,unit,1,8,GST,0.0000,GST,0,1,Size,"MARILYNA'S DRINKS",1,,,,"Delivery Alcohol",,1,,,Individual,1,UNIT,
23270840,,"Grifter Pale Ale - 4-Pack",,,,unit,1,20,GST,0.0000,GST,0,1,,"MARILYNA'S DRINKS",1,,,,"Delivery Alcohol",,1,,,Individual,1,UNIT,
23270839,,"Grifter Pale Ale - Single",,,,unit,1,7,GST,0.0000,GST,0,1,,"MARILYNA'S DRINKS",1,,,,"Delivery Alcohol",,1,,,Individual,1,UNIT,
23270858,,"Heaps Normal XPA - 4-Pack",,,,unit,1,20,GST,0.0000,GST,0,1,,"MARILYNA'S DRINKS",1,,,,"Delivery Alcohol",,1,,,Individual,1,UNIT,
23270856,,"Heaps Normal XPA - Single",,,,unit,1,7,GST,0.0000,GST,0,1,,"MARILYNA'S DRINKS",1,,,,"Delivery Alcohol",,1,,,Individual,1,UNIT,
23269512,,"Mulled Wine Duo [2 serves]",,,,unit,1,22,GST,0.0000,GST,0,1,,"MARILYNA'S DRINKS",1,0,0,,"Delivery Cocktails",,1,,,Individual,1,UNIT,
23269513,,"Mulled Wine PartyJar [6 serves]",,,,unit,1,42,GST,0.0000,GST,0,1,,"MARILYNA'S DRINKS",1,0,0,,"Delivery Cocktails",,1,,,Individual,1,UNIT,
23289474,,"Add Chorizo",,,,unit,1,5,GST,0.0000,GST,1,1,,,,,,,,,1,,1,Individual,1,UNIT,
23358617,,"Boronia Marsala [Bottle]",,,,unit,1,0,GST,9.4600,GST,0,1,,,,0,,,,,1,,1,Individual,1,UNIT,
23304368,,"Monin Coconut Syrup [700ml]",,,,ml,700,0,GST,0.0000,GST,0,1,,,,,,,,,1,,1,Individual,1,UNIT,
23288342,,"$90 PIZZA PARTY",,,,unit,1,90,GST,0.0000,GST,0,1,,MARILYNA'S,1,,,,"Marilyna's Pizza",,1,,1,Individual,1,UNIT,
23358932,,"San Giorgio Ciampoleto Rosso di Montalcino 2023 - Bottle","San Giorgio Rosso 2023",,,unit,1,116,GST,40.7000,GST,0,1,,"STOW FAST,WINE",1,,,,"Red Wine",,1,,1,Individual,1,UNIT,
23358931,,"San Giorgio Ciampoleto Rosso di Montalcino 2023 - Large Glass","San Giorgio Rosso 2023",,,unit,1,48,GST,8.1400,GST,0,1,,"STOW FAST,WINE",1,,,,"Red Wine",,1,,,,,UNIT,
23358927,,"San Giorgio Ciampoleto Rosso di Montalcino 2023 - Regular Glass","San Giorgio Rosso 2023",,,unit,1,29,GST,8.1400,GST,0,1,,"STOW FAST,WINE",1,,,,"Red Wine",,1,,,Individual,1,UNIT,
23358952,,"Tiziano Grasso Barolo Briccolina 2019 - Bottle","Barolo Briccolina 2019",,,unit,1,244,GST,154.0000,GST,0,1,,"STOW FAST,WINE",1,,,,"Red Wine",,1,,1,Individual,1,UNIT,
23358951,,"Tiziano Grasso Barolo Briccolina 2019 - Large Glass","Barolo Briccolina 2019",,,unit,1,96,GST,30.8000,GST,0,1,,"STOW FAST,WINE",1,,,,"Red Wine",,1,,,Individual,1,UNIT,
23358946,,"Tiziano Grasso Barolo Briccolina 2019 - Regular Glass","Barolo Briccolina 2019",,,unit,1,58,GST,30.8000,GST,0,1,,"STOW FAST,WINE",1,,,,"Red Wine",,1,,,Individual,1,UNIT,
23405665,,Bombardino,,,,unit,1,18,GST,0.0000,GST,0,1,,,,,,,"Cocktails - Signature",,1,,,,,UNIT,
23430532,,"Piña Colada",,,,unit,1,23,GST,0.0000,FRE,0,1,,COCKTAILS,,,,,"Cocktails - Classic",,1,,,,,UNIT,
23400769,,"Apple Crumble",,,,unit,1,16,GST,0.0000,GST,0,1,,"STOW KITCHEN",,,,,Desserts,,1,,,Individual,1,UNIT,
23400489,,"BBQ Ribs",,,,unit,1,44,GST,0.0000,GST,0,1,,"STOW KITCHEN",,,,,"Big Plates",,1,,,,,UNIT,
23430690,,"Bread & Butter Pud",,,,unit,1,16,GST,0.0000,GST,0,1,,"STOW KITCHEN",,,,,Desserts,,1,,1,Individual,1,UNIT,
23397132,,"Creme Brulee",,,,unit,1,18,GST,0.0000,GST,0,1,,"STOW KITCHEN",,,,,,,1,,1,Individual,1,UNIT,
23407387,,"Roast Turkey",,,,unit,1,30,GST,0.0000,GST,0,1,,"STOW KITCHEN",,,,,"Kitchen Specials",,1,,,,,UNIT,
23400866,,"The Full Monty [Roast + Dessert + Wine + Tawny]",,,,unit,1,70,GST,0.0000,GST,0,1,,"STOW KITCHEN",,,,,"Kitchen Specials",,1,,,Individual,1,UNIT,
23407412,,"A. Rodda Chardonnay - Regular.",,,,unit,1,0,GST,0.0000,GST,0,1,,WINE,,,,,,,1,,1,Individual,1,UNIT,
23407411,,"Cri De Couer Pinot Noir - Regular.",,,,unit,1,0,GST,0.0000,GST,0,1,,WINE,,,,,,,1,,1,Individual,1,UNIT,
